-- phpMyAdmin SQL Dump
-- version 4.1.14
-- http://www.phpmyadmin.net
--
-- Host: localhost
-- Generation Time: 2015-02-10 09:54:18
-- 服务器版本： 5.6.17
-- PHP Version: 5.5.12

SET SQL_MODE = "NO_AUTO_VALUE_ON_ZERO";
SET time_zone = "+00:00";


/*!40101 SET @OLD_CHARACTER_SET_CLIENT=@@CHARACTER_SET_CLIENT */;
/*!40101 SET @OLD_CHARACTER_SET_RESULTS=@@CHARACTER_SET_RESULTS */;
/*!40101 SET @OLD_COLLATION_CONNECTION=@@COLLATION_CONNECTION */;
/*!40101 SET NAMES utf8 */;

--
-- Database: `cbd`
--

-- --------------------------------------------------------

--
-- 表的结构 `cbd_accessory`
--

CREATE TABLE IF NOT EXISTS `cbd_accessory` (
  `id` int(11) NOT NULL AUTO_INCREMENT,
  `land_id` int(11) NOT NULL COMMENT '地块编码',
  `category` varchar(10) NOT NULL COMMENT '类别',
  `law_name` varchar(20) NOT NULL COMMENT '控规名称',
  `detail_name` varchar(20) NOT NULL COMMENT '控规具体名称',
  `square` int(11) NOT NULL COMMENT '面积',
  `demand_from` varchar(20) NOT NULL COMMENT '需求单位',
  PRIMARY KEY (`id`),
  KEY `land_id` (`land_id`)
) ENGINE=InnoDB  DEFAULT CHARSET=utf8 COMMENT='小配套表' AUTO_INCREMENT=162 ;

--
-- 转存表中的数据 `cbd_accessory`
--

INSERT INTO `cbd_accessory` (`id`, `land_id`, `category`, `law_name`, `detail_name`, `square`, `demand_from`) VALUES
(1, 2, '常规配套设施', '垃圾分类收集点', '垃圾分类收集点', 100, '区城管局'),
(2, 2, '微利型商业配套设施', '商业服务设施', '平价午餐区', 3000, '天河CBD管委会'),
(3, 4, '常规配套设施', '公共厕所', '公共厕所', 60, '区城管局'),
(4, 4, '常规配套设施', '噪声自动监测站', '噪声自动监测站', 300, '区环保局'),
(5, 4, '常规配套设施', '环卫工具房', '环卫工具房', 60, '区城管局'),
(6, 4, '微利型商业配套设施', '商业服务设施', '24小时便利店', 100, '天河CBD管委会'),
(7, 8, '常规配套设施', '垃圾分类收集点', '垃圾分类收集点', 100, '区城管局'),
(8, 13, '常规配套设施', '公共厕所', '公共厕所', 60, '区城管局'),
(9, 13, '常规配套设施', '环卫工具房', '环卫工具房', 60, '区城管局'),
(10, 13, '常规配套设施', '垃圾分类收集点', '垃圾分类收集点', 100, '区城管局'),
(11, 15, '微利型商业配套设施', '商业服务设施', '24小时便利店', 100, '天河CBD管委会'),
(12, 18, '常规配套设施', '垃圾分类收集点', '垃圾分类收集点', 100, '区城管局'),
(13, 18, '微利型商业配套设施', '商业服务设施', '24小时便利店', 100, '天河CBD管委会'),
(14, 23, '常规配套设施', '公共厕所', '公共厕所', 60, '区城管局'),
(15, 23, '常规配套设施', '环卫工具房', '环卫工具房', 60, '区城管局'),
(16, 23, '常规配套设施', '垃圾分类收集点', '垃圾分类收集点', 100, '区城管局'),
(17, 23, '微利型商业配套设施', '商业服务设施', '24小时便利店', 100, '天河CBD管委会'),
(18, 24, '常规配套设施', '幼儿园', '幼儿园', 3500, '区教育局'),
(19, 24, '常规配套设施', '垃圾分类收集点', '垃圾分类收集点', 100, '区城管局'),
(20, 24, '常规配套设施', '群众性体育运动场地、居民健身场所', '健身操房', 100, '区体育局'),
(21, 24, '常规配套设施', '群众性体育运动场地、居民健身场所', '器械健身室', 300, '区体育局'),
(22, 24, '常规配套设施', '群众性体育运动场地、居民健身场所', '室内灯光乒乓球场（10片）', 450, '区体育局'),
(23, 24, '常规配套设施', '群众性体育运动场地、居民健身场所', '室内灯光台球桌（10片）', 300, '区体育局'),
(24, 24, '常规配套设施', '群众性体育运动场地、居民健身场所', '室内灯光羽毛球场（6片）', 864, '区体育局'),
(25, 27, '常规配套设施', '公共厕所', '公共厕所', 60, '区城管局'),
(26, 27, '常规配套设施', '环卫工具房', '环卫工具房', 60, '区城管局'),
(27, 27, '常规配套设施', '垃圾分类收集点', '垃圾分类收集点', 100, '区城管局'),
(28, 27, '行政配套设施', '行政办公设施', '省金融办', 4000, '天河CBD管委会'),
(29, 27, '行政配套设施', '行政办公设施', '市金融办', 4000, '天河CBD管委会'),
(30, 27, '行政配套设施', '行政办公设施', '税务所', 600, '天河CBD管委会'),
(31, 27, '行政配套设施', '行政办公设施', '同业工会', 300, '天河CBD管委会'),
(32, 27, '行政配套设施', '行政办公设施', '外国人管理中心', 300, '天河CBD管委会'),
(33, 27, '行政配套设施', '行政办公设施', '行业协会', 300, '天河CBD管委会'),
(34, 27, '微利型商业配套设施', '商业服务设施', '24小时便利店', 100, '天河CBD管委会'),
(35, 27, '微利型商业配套设施', '商业服务设施', '画廊', 300, '天河CBD管委会'),
(36, 27, '微利型商业配套设施', '商业服务设施', '书店', 400, '天河CBD管委会'),
(37, 28, '常规配套设施', '文化娱乐设施', '多功能文化广场', 10000, '员村街道办事处、区文广新局\n'),
(38, 31, '常规配套设施', '垃圾分类收集点', '垃圾分类收集点', 100, '区城管局'),
(39, 31, '微利型商业配套设施', '商业服务设施', '24小时便利店', 100, '天河CBD管委会'),
(40, 31, '常规配套设施', '垃圾分类收集点', '垃圾分类收集点', 100, '区城管局'),
(41, 34, '常规配套设施', '群众性体育运动场地、居民健身场所', '健身操房', 100, '区体育局'),
(42, 38, '常规配套设施', '公共厕所', '公共厕所', 60, '区城管局'),
(43, 38, '常规配套设施', '环卫工具房', '环卫工具房', 60, '区城管局'),
(44, 38, '常规配套设施', '垃圾分类收集点', '垃圾分类收集点', 100, '区城管局'),
(45, 39, '常规配套设施', '垃圾分类收集点', '垃圾分类收集点', 100, '区城管局'),
(46, 39, '常规配套设施', '群众性体育运动场地、居民健身场所', '器械健身室', 300, '区体育局'),
(47, 39, '常规配套设施', '群众性体育运动场地、居民健身场所', '室内灯光乒乓球场（10片）', 450, '区体育局'),
(48, 39, '常规配套设施', '群众性体育运动场地、居民健身场所', '室内灯光台球桌（10片）', 300, '区体育局'),
(49, 39, '常规配套设施', '群众性体育运动场地、居民健身场所', '室内灯光羽毛球场（6片）', 864, '区体育局'),
(50, 40, '常规配套设施', '街道办事处', '街道办事处', 2000, '员村街道办事处\n'),
(51, 40, '常规配套设施', '派出所', '派出所', 2500, '区公安分局、员村街道办事处\n'),
(52, 40, '常规配套设施', '综合管理用房', '综合监控中心', 800, '员村街道办事处\n'),
(53, 40, '常规配套设施', '综合管理用房', '城管执法办公用房', 1000, '员村街道办事处\n'),
(54, 40, '常规配套设施', '垃圾分类收集点', '垃圾分类收集点', 100, '区城管局'),
(55, 41, '常规配套设施', '垃圾分类收集点', '垃圾分类收集点', 100, '区城管局'),
(56, 41, '微利型商业配套设施', '商业服务设施', '24小时便利店', 100, '天河CBD管委会'),
(57, 41, '微利型商业配套设施', '商业服务设施', '画廊', 300, '天河CBD管委会'),
(58, 41, '微利型商业配套设施', '商业服务设施', '书店', 400, '天河CBD管委会'),
(59, 42, '常规配套设施', '社区卫生服务中心', '社区卫生服务中心', 3000, '员村街道办事处\n'),
(60, 42, '常规配套设施', '文化活动中心', '综合文化活动中心', 7500, '员村街道办事处\n'),
(61, 42, '常规配套设施', '垃圾分类收集点', '垃圾分类收集点', 100, '区城管局'),
(62, 43, '常规配套设施', '社区服务中心', '社区政务服务中心', 2000, '员村街道办事处'),
(63, 43, '常规配套设施', '社区服务中心', '家庭综合服务中心', 1000, '员村街道办事处、区民政局'),
(64, 43, '常规配套设施', '老年人服务中心', '老年人服务中心', 350, '区民政局'),
(65, 43, '常规配套设施', '垃圾分类收集点', '垃圾分类收集点', 100, '区城管局'),
(66, 43, '微利型商业配套设施', '商业服务设施', '平价午餐区', 3500, '天河CBD管委会'),
(67, 45, '常规配套设施', '垃圾分类收集点', '垃圾分类收集点', 100, '区城管局'),
(68, 48, '常规配套设施', '环卫加水站', '环卫加水站', 500, '员村街道办事处\n'),
(69, 48, '常规配套设施', '垃圾分类收集点', '垃圾分类收集点', 100, '区城管局'),
(70, 49, '常规配套设施', '垃圾分类收集点', '垃圾分类收集点', 100, '区城管局'),
(71, 50, '常规配套设施', '公共厕所', '公共厕所', 60, '区城管局'),
(72, 50, '常规配套设施', '空气自动监测站', '空气自动监测站', 500, '区环保局'),
(73, 50, '常规配套设施', '园林绿化工作站', '园林绿化工作站', 300, '区农园局'),
(74, 50, '常规配套设施', '环卫工具房', '环卫工具房', 60, '区城管局'),
(75, 50, '微利型商业配套设施', '商业服务设施', '24小时便利店', 100, '天河CBD管委会'),
(76, 50, '微利型商业配套设施', '商业服务设施', '平价午餐区', 3500, '天河CBD管委会'),
(77, 54, '常规配套设施', '垃圾分类收集点', '垃圾分类收集点', 100, '区城管局'),
(78, 55, '常规配套设施', '垃圾分类收集点', '垃圾分类收集点', 100, '区城管局'),
(79, 55, '行政配套设施', '行政办公设施', '税务所', 600, '天河CBD管委会'),
(80, 55, '行政配套设施', '行政办公设施', '工商所', 600, '天河CBD管委会'),
(81, 55, '行政配套设施', '行政办公设施', '金融城管委会', 5000, '天河CBD管委会'),
(82, 55, '行政配套设施', '行政办公设施', '政务中心', 10000, '区府办'),
(83, 56, '常规配套设施', '垃圾分类收集点', '垃圾分类收集点', 100, '区城管局'),
(84, 57, '常规配套设施', '垃圾分类收集点', '垃圾分类收集点', 100, '区城管局'),
(85, 58, '常规配套设施', '垃圾分类收集点', '垃圾分类收集点', 100, '区城管局'),
(86, 59, '常规配套设施', '垃圾分类收集点', '垃圾分类收集点', 100, '区城管局'),
(87, 60, '常规配套设施', '公共厕所', '公共厕所', 60, '区城管局'),
(88, 60, '常规配套设施', '环卫工具房', '环卫工具房', 60, '区城管局'),
(89, 60, '常规配套设施', '垃圾分类收集点', '垃圾分类收集点', 100, '区城管局'),
(90, 61, '常规配套设施', '垃圾分类收集点', '垃圾分类收集点', 100, '区城管局'),
(91, 62, '常规配套设施', '垃圾分类收集点', '垃圾分类收集点', 100, '区城管局'),
(92, 62, '微利型商业配套设施', '商业服务设施', '24小时便利店', 100, '天河CBD管委会'),
(93, 67, '常规配套设施', '群众性体育运动场地、居民健身场所', '室外灯光篮球场（4片）', 2376, '区体育局'),
(94, 67, '常规配套设施', '群众性体育运动场地、居民健身场所', '室外小型游泳池', 500, '区体育局'),
(95, 67, '常规配套设施', '群众性体育运动场地、居民健身场所', '其他运动场所', 100, '区体育局'),
(96, 69, '常规配套设施', '群众性体育运动场地、居民健身场所', '室外灯光篮球场（6片）', 3564, '区体育局'),
(97, 69, '常规配套设施', '群众性体育运动场地、居民健身场所', '室外小型游泳池', 1000, '区体育局'),
(98, 69, '常规配套设施', '群众性体育运动场地、居民健身场所', '其他运动场所', 100, '区体育局'),
(99, 72, '常规配套设施', '垃圾分类收集点', '垃圾分类收集点', 100, '区城管局'),
(100, 73, '常规配套设施', '环卫站及消毒站', '环卫站及消毒站', 500, '员村街道办事处'),
(101, 73, '常规配套设施', '环卫加水站', '环卫加水站', 500, '员村街道办事处'),
(102, 75, '常规配套设施', '垃圾分类收集点', '垃圾分类收集点', 100, '区城管局'),
(103, 77, '常规配套设施', '公共厕所', '公共厕所', 60, '区城管局'),
(104, 77, '常规配套设施', '环卫工具房', '环卫工具房', 60, '区城管局'),
(105, 77, '微利型商业配套设施', '商业服务设施', '24小时便利店', 100, '天河CBD管委会'),
(106, 77, '微利型商业配套设施', '商业服务设施', '画廊', 300, '天河CBD管委会'),
(107, 78, '常规配套设施', '群众性体育运动场地、居民健身场所', '健身操房', 100, '区体育局'),
(108, 78, '常规配套设施', '群众性体育运动场地、居民健身场所', '器械健身室', 300, '区体育局'),
(109, 78, '常规配套设施', '群众性体育运动场地、居民健身场所', '室内灯光乒乓球场（6片）', 270, '区体育局'),
(110, 78, '常规配套设施', '群众性体育运动场地、居民健身场所', '室内灯光台球桌（6片）', 180, '区体育局'),
(111, 78, '常规配套设施', '群众性体育运动场地、居民健身场所', '室内灯光羽毛球场（4片）', 576, '区体育局'),
(112, 78, '常规配套设施', '群众性体育运动场地、居民健身场所', '其他运动场所', 100, '区体育局'),
(113, 78, '微利型商业配套设施', '商业服务设施', '24小时便利店', 100, '天河CBD管委会'),
(114, 80, '常规配套设施', '社区居委会', '居委会', 300, '员村街道办事处、区民政局'),
(115, 80, '常规配套设施', '社区居委会', '社区警务室', 200, '员村街道办事处'),
(116, 80, '常规配套设施', '社区居委会', '社区服务站', 200, '员村街道办事处'),
(117, 80, '常规配套设施', '幼儿园', '幼儿园', 2160, '区教育局'),
(118, 80, '常规配套设施', '残疾人康复服务中心', '残疾人康复服务中心', 1000, '员村街道办事处'),
(120, 80, '常规配套设施', '公共厕所', '公共厕所', 60, '区城管局'),
(121, 80, '常规配套设施', '商业服务设施', '肉菜市场', 2000, '区经贸局'),
(122, 80, '常规配套设施', '社区卫生站', '卫生站', 300, '员村街道办事处'),
(123, 80, '常规配套设施', '文化室', '文化活动站', 600, '区文广新局'),
(124, 80, '常规配套设施', '环卫工具房', '环卫工具房', 60, '区城管局'),
(125, 80, '常规配套设施', '垃圾分类收集点', '垃圾分类收集点', 100, '区城管局'),
(126, 80, '常规配套设施', '群众性体育运动场地、居民健身场所', '健身操房', 100, '区体育局'),
(127, 80, '常规配套设施', '群众性体育运动场地、居民健身场所', '器械健身室', 300, '区体育局'),
(128, 80, '常规配套设施', '群众性体育运动场地、居民健身场所', '室内灯光乒乓球场（6片）', 270, '区体育局'),
(129, 80, '常规配套设施', '群众性体育运动场地、居民健身场所', '室内灯光台球桌（6片）', 180, '区体育局'),
(130, 80, '常规配套设施', '群众性体育运动场地、居民健身场所', '室外灯光羽毛球场（4片）', 576, '区体育局'),
(131, 80, '常规配套设施', '群众性体育运动场地、居民健身场所', '室外灯光篮球场（2片）', 1188, '区体育局'),
(132, 80, '常规配套设施', '群众性体育运动场地、居民健身场所', '室外小型游泳池', 500, '区体育局'),
(133, 80, '常规配套设施', '群众性体育运动场地、居民健身场所', '其他运动场所', 100, '区体育局'),
(134, 80, '微利型商业配套设施', '商业服务设施', '24小时便利店', 100, '天河CBD管委会'),
(135, 80, '文物设施', '文物设施', '华光庙', 80, '棠下村'),
(136, 82, '常规配套设施', '社区居委会', '居委会', 100, '员村街道办事处、区民政局'),
(137, 82, '常规配套设施', '幼儿园', '幼儿园', 1500, '区教育局'),
(138, 82, '常规配套设施', '公共厕所', '公共厕所', 60, '区城管局'),
(139, 82, '常规配套设施', '商业服务设施', '肉菜市场', 2003, '区经贸局'),
(140, 82, '常规配套设施', '邮政所', '邮政所', 301, '邮局'),
(141, 82, '常规配套设施', '社区卫生站', '卫生站', 300, '员村街道办事处'),
(142, 82, '常规配套设施', '文化室', '文化活动站', 600, '区文广新局'),
(143, 82, '常规配套设施', '环卫工具房', '环卫工具房', 60, '区城管局'),
(144, 82, '微利型商业配套设施', '商业服务设施', '书店', 137, '天河CBD管委会'),
(145, 87, '常规配套设施', '垃圾分类收集点', '垃圾分类收集点', 100, '区城管局'),
(146, 2, '商业配套设施', '商业服务设施', '咖啡厅', 300, '市编研中心'),
(147, 2, '商业配套设施', '商业服务设施', '茶室', 300, '市编研中心'),
(148, 2, '商业服务设施', '商业服务设施', '酒吧', 300, '市编研中心'),
(149, 8, '商业服务设施', '商业服务设施', '电影院', 2000, '市编研中心'),
(150, 20, '商业服务设施', '商业服务设施', '咖啡厅', 300, '市编研中心'),
(151, 20, '商业服务设施', '商业服务设施', '茶室', 300, '市编研中心'),
(152, 20, '商业服务设施', '商业服务设施', '酒吧', 300, '市编研中心'),
(153, 31, '商业服务设施', '商业服务设施', '酒吧', 300, '市编研中心'),
(154, 50, '商业服务设施', '商业服务设施', '咖啡厅', 300, '市编研中心'),
(155, 50, '商业服务设施', '商业服务设施', '茶室', 300, '市编研中心'),
(156, 50, '商业服务设施', '商业服务设施', '酒吧', 300, '市编研中心'),
(157, 54, '商业服务设施', '商业服务设施', '咖啡厅', 300, '市编研中心'),
(158, 54, '商业服务设施', '商业服务设施', '茶室', 300, '市编研中心'),
(159, 78, '商业服务设施', '商业服务设施', '咖啡厅', 300, '市编研中心'),
(160, 78, '商业服务设施', '商业服务设施', '茶室', 300, '市编研中心'),
(161, 78, '商业服务设施', '商业服务设施', '酒吧', 300, '市编研中心');

-- --------------------------------------------------------

--
-- 表的结构 `cbd_auth_group`
--

CREATE TABLE IF NOT EXISTS `cbd_auth_group` (
  `id` mediumint(8) unsigned NOT NULL AUTO_INCREMENT,
  `title` char(100) NOT NULL DEFAULT '',
  `status` tinyint(1) NOT NULL DEFAULT '1',
  `rules` char(80) NOT NULL DEFAULT '',
  `description` varchar(30) NOT NULL COMMENT '备注',
  PRIMARY KEY (`id`)
) ENGINE=InnoDB  DEFAULT CHARSET=utf8 AUTO_INCREMENT=4 ;

--
-- 转存表中的数据 `cbd_auth_group`
--

INSERT INTO `cbd_auth_group` (`id`, `title`, `status`, `rules`, `description`) VALUES
(1, '默认用户组', 1, '1,2,3,4,5,6,10', '处室内部人员'),
(2, '处室综合岗', 1, '1,2,3,4,5,6,7,8,9,10,11,12,13', ''),
(3, '访客组', 1, '2', '访客');

-- --------------------------------------------------------

--
-- 表的结构 `cbd_auth_group_access`
--

CREATE TABLE IF NOT EXISTS `cbd_auth_group_access` (
  `uid` mediumint(8) unsigned NOT NULL,
  `group_id` mediumint(8) unsigned NOT NULL,
  UNIQUE KEY `uid_group_id` (`uid`,`group_id`),
  KEY `uid` (`uid`),
  KEY `group_id` (`group_id`)
) ENGINE=InnoDB DEFAULT CHARSET=utf8;

--
-- 转存表中的数据 `cbd_auth_group_access`
--

INSERT INTO `cbd_auth_group_access` (`uid`, `group_id`) VALUES
(3, 1),
(4, 1),
(5, 1),
(6, 1),
(7, 1),
(8, 1),
(9, 2),
(10, 3);

-- --------------------------------------------------------

--
-- 表的结构 `cbd_auth_rule`
--

CREATE TABLE IF NOT EXISTS `cbd_auth_rule` (
  `id` mediumint(8) unsigned NOT NULL AUTO_INCREMENT,
  `name` char(80) NOT NULL DEFAULT '',
  `title` char(20) NOT NULL DEFAULT '',
  `type` tinyint(1) NOT NULL DEFAULT '1',
  `status` tinyint(1) NOT NULL DEFAULT '1',
  `condition` char(100) NOT NULL DEFAULT '',
  PRIMARY KEY (`id`),
  UNIQUE KEY `name` (`name`)
) ENGINE=InnoDB  DEFAULT CHARSET=utf8 AUTO_INCREMENT=14 ;

--
-- 转存表中的数据 `cbd_auth_rule`
--

INSERT INTO `cbd_auth_rule` (`id`, `name`, `title`, `type`, `status`, `condition`) VALUES
(1, 'FileMenu', '档案管理菜单', 1, 1, ''),
(2, 'PlanMenu', '规划设计菜单', 1, 1, ''),
(3, 'ServeMenu', '投资服务菜单', 1, 1, ''),
(4, 'ShareMenu', '共享空间菜单', 1, 1, ''),
(5, 'WorkMenu', '个人工作菜单', 1, 1, ''),
(6, 'BuildMenu', '征拆复建菜单', 1, 1, ''),
(7, 'Home/File/addRec', '收文登记', 1, 1, '显示收文登记'),
(8, 'Home/Index/changeRight', '权限授予', 1, 1, ''),
(9, 'Home/Work/createWeekReport', '生成周报', 1, 1, ''),
(10, 'MainContent', '首页内容', 1, 1, ''),
(11, 'AdminTable', '综合岗表格', 1, 1, ''),
(12, 'DecideCharger', '指定任务跟进人', 1, 1, ''),
(13, 'BookAdmin', '书籍管理', 1, 1, '');

-- --------------------------------------------------------

--
-- 表的结构 `cbd_bigcase`
--

CREATE TABLE IF NOT EXISTS `cbd_bigcase` (
  `id` int(11) NOT NULL AUTO_INCREMENT,
  `big_case` varchar(500) NOT NULL COMMENT '大事件',
  `big_moment` date NOT NULL COMMENT '大时刻',
  `key_case` tinyint(1) NOT NULL DEFAULT '0' COMMENT '重大关键性事件',
  `record_person` int(11) NOT NULL COMMENT '记录人员',
  `create_time` datetime NOT NULL DEFAULT CURRENT_TIMESTAMP COMMENT '记录生成日期',
  `update_time` datetime NOT NULL DEFAULT CURRENT_TIMESTAMP COMMENT '记录更新日期',
  PRIMARY KEY (`id`),
  KEY `record_person` (`record_person`)
) ENGINE=InnoDB  DEFAULT CHARSET=utf8 COMMENT='金融城大事记' AUTO_INCREMENT=88 ;

--
-- 转存表中的数据 `cbd_bigcase`
--

INSERT INTO `cbd_bigcase` (`id`, `big_case`, `big_moment`, `key_case`, `record_person`, `create_time`, `update_time`) VALUES
(1, '时任广州市市长的万庆良同志在广州区域金融中心领导小组第一次会议上提出，在原规划的员村金融商务区基础上向东、向西扩展，规划建设总面积8平方公里的广州国际金融城。', '2011-11-04', 1, 5, '2014-03-11 13:48:21', '2014-03-11 13:48:21'),
(2, '欧阳卫民副市长到天河区开展广州国际金融城规划建设工作调研，提出以区为主、市有关部门协助的开发建设思路。', '2011-12-01', 0, 5, '2014-03-11 13:49:38', '2014-03-11 13:49:38'),
(3, '欧阳卫民副市长召开拟进驻广州国际金融城的金融机构座谈会。', '2011-12-15', 0, 5, '2014-03-11 13:50:28', '2014-03-11 13:50:28'),
(4, '我区组织市规划局、市金融办赴上海、北京开展金融城规划首次专题调研，为期3天。', '2012-01-10', 0, 5, '2014-03-11 13:51:40', '2014-03-11 13:51:40'),
(5, '陈建华市长到天河区调研广州国际金融城规划建设工作，确定将科韵路以东、黄埔大道以南、车陂路以西、珠江以北的1.32平方公里区域作为金融城起步区，并再次明确以区为主、以市为辅的开发建设思路。', '2012-02-10', 1, 5, '2014-03-11 13:51:40', '2014-03-11 13:51:40'),
(6, '陈建华市长召开工作会议，会上听取天河区委石奇珠书记广州国际金融城开发建设推进情况的汇报。（备注：会议议定①土地收储和整理:原属于企业的土地收储和整理工作以市土地开发中心为主，城中村土地的收储和整理以天河区政府为主，所需资金由市土地开发中心安排；②村民安置：同意对棠下新墟村民实行在起步区内就地或就近安置的模式。③资金筹措：起步区土地收储和整理所需资金由市土地开发中心负责、市财政局等部门配合统一筹措、集中投入，完成土地收储和整理后以招拍挂的方式公开出让。④开发主体：由越秀集团或城投集团等市属有实力的国有企业与天河区合作组建开发企业，参与开发建设项目的竞投。）', '2012-03-14', 0, 5, '2014-03-11 13:54:20', '2014-03-11 13:54:20'),
(7, '陈建华市长主持召开市政府常务会议原则同意《广州国际金融城起步区开发建设工作方案》。此外，会议议定土地出让收益测算中，将广州国际金融城区域综合楼面地价的高收益方案调整为12000元/平方米，并通过地下空间开发的收益平衡周边基础设施建设。', '2012-04-06', 0, 5, '2014-03-11 13:54:20', '2014-03-11 13:54:20'),
(8, '市委常委会议通过了《广州国际金融城起步区开发建设工作方案》，确定了科韵路以东片区作为金融城起步区先予启动，成立了由市长任组长、多位副市长分工合作的广州国际金融城开发建设工作领导小组；领导小组下设办公室，办公室设在市建委。明确广州国际金融城开发建设按照“统一规划、成片储备、滚动开发”的方式进行；村民拆迁安置采用就地或就近安置模式；由市土地开发中心作为整个起步区土地收储主体，对起步区土地进行统一储备和出让，并负责该区域国有土地的征收；我区负责起步区内村集体土地的征地、拆迁和安置，起步区的征拆安置资金由市土地开发中心负责统筹解决。', '2012-04-26', 1, 5, '2014-03-11 13:56:04', '2014-03-11 13:56:04'),
(9, '万庆良书记带队视察金融城。', '2012-04-28', 0, 5, '2014-03-11 13:56:04', '2014-03-11 13:56:04'),
(10, '陈建华市长召开会议，研究部署加快推进广州国际金融城有关工作。（备注：天河区委、区政府，政治大局观念强，工作积极性高，想方设法，多措并举，开展一系列前期工作，目标越来越接近，思路越来越清晰，路径也基本确定，应予以肯定。会议议定，尽快研究确定广州国际金融城地块村民安置用地和留用地的规划选址，及时出具选址意见书或者确认函并对外公布。留用地的功能设置等要纳入广州国际金融城的总体规划统筹考虑，并科学确定建筑容积率。）', '2012-05-12', 0, 5, '2014-03-11 13:57:03', '2014-03-11 13:57:03'),
(11, '市规划局编研中心召开广州国际金融城城市设计国际竞赛技术审查委员会第一次会议，征求对《广州国际金融城城市设计国际竞赛技术文件》的修改意见，并对参加竞赛的123家全球知名规划设计单位进行了资格审查，投票选出了竞赛参赛单位建议名单，最终确定了11家参赛单位。', '2012-05-16', 1, 5, '2014-03-11 13:57:03', '2014-03-11 13:57:03'),
(12, '市金融办组织召开广州国际金融城产业规划研究机构评选工作会议，选定中国人民银行金融研究所作为广州国际金融城产业规划研究机构。', '2012-05-17', 0, 5, '2014-03-11 14:03:50', '2014-03-11 14:03:50'),
(13, '市编研中心召开广州国际金融城城市设计国际竞赛技术文件发布会。', '2012-05-23', 0, 5, '2014-03-11 14:03:50', '2014-03-11 14:03:50'),
(14, '市领导批复同意起步区村民住宅和集体物业复建安置用地的选址意见。（天河区政府5月14日向市政府上报《关于尽快确定广州国际金融城起步区村民住宅及集体物业复建安置用房选址方案的请示》穗天府报【2012】9号）', '2012-05-25', 0, 5, '2014-03-11 14:04:50', '2014-03-11 14:04:50'),
(15, '林道平区长主持召开金融城工作会议，原则通过《天河区推进广州国际金融城起步区开发建设工作总体方案（讨论稿）》。', '2012-05-28', 0, 5, '2014-03-11 14:04:50', '2014-03-11 14:04:50'),
(16, '市领导批复同意起步区村民住宅和集体物业复建安置用地的选址意见。（天河区政府5月14日向市政府上报《关于尽快确定广州国际金融城起步区村民住宅及集体物业复建安置用房选址方案的请示》穗天府报【2012】9号）', '2012-05-25', 0, 5, '2014-03-11 14:05:54', '2014-03-11 14:05:54'),
(17, '天河区制定并印发了《天河区推进广州国际金融城起步区开发建设工作总体方案》，成立广州国际金融城起步区开发建设天河区指挥部，由石奇珠书记任总指挥，林道平区长任第一副总指挥。指挥部下设综合、建设、招商和保障等4个工作组。', '2012-06-22', 1, 5, '2014-03-11 14:05:54', '2014-03-11 14:05:54'),
(18, '林道平区长主持召开研究广州国际金融城起步区内棠下新墟地块征拆建设工作会议，会议原则通过《广州国际金融城起步区内棠下新墟地块征拆建设实施方案(征求意见稿)》，明确征拆建设工作的明确工作任务、责任单位、责任人和完成时限.', '2012-06-25', 0, 5, '2014-03-11 14:06:59', '2014-03-11 14:06:59'),
(19, '陈建华市长在天河区召开现场办公会，指出金融城作为战略性发展平台，规划建设进展良好。', '2012-07-18', 0, 5, '2014-03-11 14:06:59', '2014-03-11 14:06:59'),
(20, '召开广州国际金融城城市设计国际竞赛成果技术审查会。', '2012-08-06', 0, 5, '2014-03-11 14:08:20', '2014-03-11 14:08:20'),
(21, '开展规划竞赛成果专家评审会，为期3天。8月10日，市委书记、市长陈建华出席了竞赛成果汇报会，万庆良书记提出要以“大智慧、大视野、大思路”来谋划广州国际金融城的城市设计。8月11日圆满完成专家评审会，从11家参赛作品中选出了3个优胜方案，最终选出由上海同济城市规划研究设计院与广州亚城规划设计研究院联合体作为深化设计单位，并邀请了何镜堂院士作为深化设计总顾问。', '2012-08-09', 1, 5, '2014-03-11 14:08:20', '2014-03-11 14:08:20'),
(22, '天河区举办“总部天河、智慧天河、幸福天河”香港招商推介会，专题推介了金融城规划的建设情况。', '2012-08-09', 0, 5, '2014-03-11 14:09:09', '2014-03-11 14:09:09'),
(23, '《广州国际金融城产业发展规划》最终成果经专家评审通过并予以印发。', '2012-09-05', 1, 5, '2014-03-11 14:09:09', '2014-03-11 14:09:09'),
(24, '丘卫青常委主持召开广州国际金融城起步区城市设计深化天河区“小配套”公共服务设施工作会议，原则通过了《广州国际金融城起步区城市设计深化天河区“小配套”公共服务设施专责工作小组工作方案》。组建了天河区“小配套”公共服务设施专责工作小组。', '2012-09-28', 1, 5, '2014-03-11 14:10:08', '2014-03-11 14:10:08'),
(25, '市政府14届40次常务会议通过了《广州国际金融城起步区城市设计》、《广州国际金融城起步区土地出让方案》和《广州国际金融城起步区村民住宅、集体物业征拆补偿安置方案》。', '2012-10-22', 1, 5, '2014-03-11 14:10:08', '2014-03-11 14:10:08'),
(26, '林道平区长主持召开天河区金融城起步区征拆工作会议，确定了下一步工作开展的重要内容。', '2012-10-23', 0, 5, '2014-03-11 14:10:58', '2014-03-11 14:10:58'),
(27, '林道平区长主持召开我区金融城起步区征地拆迁工作会议，研究布置起步区范围内三条村的征地拆迁、复建安置等具体工作事项，并对工作进行了部署，加快推进金融城起步区集体土地征收工作。', '2012-11-12', 0, 5, '2014-03-11 14:10:58', '2014-03-11 14:10:58'),
(28, '天河区土地开发中心与车陂村签订了集体物业征拆补偿安置协议，补偿总金额8015.88万元。', '2012-11-29', 1, 5, '2014-03-11 14:11:51', '2014-03-11 14:11:51'),
(29, '天河区土地开发中心与石东村签订了集体物业征拆补偿安置协议，补偿总金额23652.27万元。', '2012-11-29', 1, 5, '2014-03-11 14:11:51', '2014-03-11 14:11:51'),
(30, '市政府在琶洲组织召开广州国际金融城起步区招商推介会，会议由副市长欧阳卫民主持，市委副书记、市长陈建华出席会议并致辞，市委常委、常务副市长陈如桂，副市长王东出席会议，近200家金融企业、总部企业和房地产开发企业参会。', '2012-12-13', 1, 5, '2014-03-11 14:12:39', '2014-03-11 14:12:39'),
(31, '天河区土地开发中心与棠下村签订了集体土地、集体物业、村民住宅等三个征拆补偿安置协议，补偿总金额284044.34万元。', '2012-12-18', 1, 5, '2014-03-11 14:12:39', '2014-03-11 14:12:39'),
(32, '广东省委书记胡春华到广州调研考察，并听取了区委石奇珠书记对广州国际金融城建设开发工作的汇报。', '2012-12-27', 1, 5, '2014-03-11 14:13:43', '2014-03-11 14:13:43'),
(33, '广州国际金融城起步区城市设计及控制性详细规划开始在广州市规划局网站进行批前公示。', '2013-01-08', 0, 5, '2014-03-11 14:13:43', '2014-03-11 14:13:43'),
(36, '市国土房管局发布了广州国际金融城起步区A001、A003和A005、A007等首批3宗地块的公开出让公告。', '2013-01-09', 0, 5, '2014-03-11 14:16:16', '2014-03-11 14:16:16'),
(37, '在虎头电池厂棠下村村民住宅复建安置房用地现场组织举行了广州国际金融城起步区棠下村村民住宅复建安置房用地国有土地部分移交仪式。', '2013-01-12', 0, 5, '2014-03-11 14:16:16', '2014-03-11 14:16:16'),
(38, '八届40次区政府常务会议上审议并原则通过《广州国际金融城起步区村民住宅、集体物业征拆补偿安置方案》（修改版），并上报市金融城开发建设工作领导小组办公室备案。', '2013-01-28', 0, 5, '2014-03-11 14:17:09', '2014-03-11 14:17:09'),
(39, '金融城首批3宗地块以129.9亿的总价成功出让，广州联鸿实业投资有限公司，广州绿地房地产开发有限公司-广州市邦杰置业有限公司-广州穗荣房地产开发有限公司联合体，广东省铁路建设投资集团有限公司-守鸿有限公司联合体取得土地使用权。', '2013-02-07', 1, 5, '2014-03-11 14:17:09', '2014-03-11 14:17:09'),
(40, '核发棠下村、石东村、车陂村集体物业复建项目《建设项目选址意见书》。', '2013-02-20', 0, 5, '2014-03-11 14:17:51', '2014-03-11 14:17:51'),
(41, '天河区举办广州国际金融城起步区棠下村村民物业征拆工作奖励协议签约仪式。', '2013-02-23', 0, 5, '2014-03-11 14:17:51', '2014-03-11 14:17:51'),
(42, '核发金融城起步区棠下新墟村民住宅复建项目《建设项目选址意见书》。', '2013-03-06', 0, 5, '2014-03-11 14:18:42', '2014-03-11 14:18:42'),
(43, '万庆良书记到天河区督导经济工作时提出“在土地出让条件中明确受地企业在广州国际金融城注册、受地项目在天河区成立项目法人企业，形成产业集聚和功能集中，以有利于提供及时的服务”；于今年6月28日前编制完成广州国际金融城总体规划，9月28日前编制完成金融城西区核心区（科韵路以西、规划的花城大道以南、华南快速干线以东、珠江以北，土地面积1.32平方公里）的控制性详细规划。', '2013-03-15', 1, 5, '2014-03-11 14:18:42', '2014-03-11 14:18:42'),
(44, '省委第十巡视组到广州国际金融城现场（蓝思广场、金融城起步区现场指挥部、石东村拆迁现场）进行实地调研，天河区汇报了金融城现状概况、土地征拆以及规划建设等情况。', '2013-03-15', 0, 5, '2014-03-11 14:19:30', '2014-03-11 14:19:30'),
(45, '区委书记石奇珠同志至金融城起步区指挥部现场，了解棠下村民签约情况并对下一步工作作出部署。', '2013-03-18', 0, 5, '2014-03-11 14:19:30', '2014-03-11 14:19:30'),
(46, '广东省开展实施《珠三角规划纲要》“四年大发展”验收考核组工至广州国际金融城进行实地考核，区领导作了金融城建设情况汇报。', '2013-03-21', 0, 5, '2014-03-11 14:20:19', '2014-03-11 14:20:19'),
(47, '陈建华市长主持召开广州国际金融城开发建设工作领导小组会议，会议提出加快推进金融城规划设计工作，聘请何镜堂院士作为金融城规划总顾问，于2013年6月30日前完成金融城8平方公里的总体规划；由天河区政府负责，确保2013年6月30日前完成棠下新墟村民住宅和棠下村、石东村、车陂村集体物业的拆迁工作，向市土地开发中心移交土地；由市国土局牵头，天河区政府配合，加快推进金融城整体8平方公里的土地收储工作，市土地开发中心负责国有用地的征拆，天河区政府负责集体土地的征拆。（备注：会议对金融城规划工作、起步区村民住宅和集体物业征拆工作、起步区第二批土地出让和二期土地储备开发工作、起步区开发建设组织工作，以及2013年金融城建设实施计划等工作进行了研究和部署。）', '2013-03-27', 1, 5, '2014-03-11 14:20:19', '2014-03-11 14:20:19'),
(48, '举行“新广州•新商机”2013年重大项目投资推介会。广州市委书记万庆良、市长陈建华、市人大常委会主任张桂芳、市政协主席苏志佳会见出席推介会的部分知名企业家代表，省、市领导参观广州国际金融城沙盘，区委书记石奇珠现场讲解。推介活动助推天河区政府与上海绿地、中国人寿、省铁投等大型企业签署合作协议。', '2013-03-28', 1, 5, '2014-03-11 14:21:12', '2014-03-11 14:21:12'),
(49, '车陂村已全部拆卸完毕并向区土发中心移交土地。', '2013-03-31', 1, 5, '2014-03-11 14:21:12', '2014-03-11 14:21:12'),
(50, '市政府常务会议原则通过《关于支持广州区域金融中心建设的若干规定》。', '2013-04-01', 0, 5, '2014-03-11 14:22:25', '2014-03-11 14:22:25'),
(51, '金融城首批地块受让企业之一的绿地集团在天河区注册项目公司（“广州绿地天河置业有限公司”），顺利领取工商营业执照。', '2013-04-11', 0, 5, '2014-03-11 14:22:25', '2014-03-11 14:22:25'),
(52, '陈建华市长主持召开第二届广州市城市规划委员会主任委员会第六次会议。（备注：天河区提出了关于落实“小配套”公服配套设施条件，以及金融城受地企业须在地注册等有关意见。)', '2013-04-12', 0, 5, '2014-03-11 14:24:43', '2014-03-11 14:24:43'),
(53, '天河区联合市金融城开发建设工作领导小组办公室、市国土房管局、市土地开发中心等十多家政府部门，召开广州国际金融城起步区金融机构座谈会暨第二批出让土地答疑会，并邀请了近40家有用地意向的金融机构和金融企业参会。', '2013-05-20', 1, 5, '2014-03-11 14:24:43', '2014-03-11 14:24:43'),
(54, '石东村已向区土发中心交地。', '2013-06-01', 0, 5, '2014-03-11 14:25:37', '2014-03-11 14:25:37'),
(55, '市规划局组织召开金融城起步区控规终审评审会，对成果进行终审技术审查。', '2013-06-07', 0, 5, '2014-03-11 14:25:37', '2014-03-11 14:25:37'),
(56, '何镜堂院士在广州大厦主持召开广州国际金融城起步区城市设计及控规协调专题工作会议。', '2013-06-15', 0, 5, '2014-03-11 14:26:31', '2014-03-11 14:26:31'),
(57, '广州国际金融城二期城市设计及控制性详细规划及顾问咨询国内公开招标结果完成公示。由广州亚城规划设计研究院有限公司、上海同济城市规划设计研究院和华南理工大学建筑设计研究院中标，负责金融城二期规划设计工作；由华南理工大学建筑设计研究院中标，担任金融城二期规划总顾问。', '2013-06-20', 1, 5, '2014-03-11 14:26:31', '2014-03-11 14:26:31'),
(58, '举行广州国际金融城建设动员大会。省委常委、广州市委书记万庆良宣布广州国际金融城动工，副省长陈云贤、市长陈建华分别在会上致辞。会议由副市长欧阳卫民主持，市领导陈如桂、陈国，市政府秘书长周亚伟，省、市金融监管机构负责人，以及相关区、项目施工单位等代表为广州国际金融城奠基。', '2013-06-21', 1, 5, '2014-03-11 14:27:15', '2014-03-11 14:27:15'),
(59, '举行了金融城起步区控规进行上规委会前预审会。', '2013-07-12', 0, 5, '2014-03-11 14:27:15', '2014-03-11 14:27:15'),
(60, '陈建华市长召开会议，听取广州国际金融城起步区专项研究及地下空间竖向设计相关成果汇报。', '2013-07-22', 0, 5, '2014-03-11 14:28:34', '2014-03-11 14:28:34'),
(61, '陈建华市长至金融城起步区现场视察。', '2013-08-18', 0, 5, '2014-03-11 14:28:34', '2014-03-11 14:28:34'),
(62, '广州国际金融城起步区第二批4宗地块成功出让，成交总价56.7785亿元人民币。广东南粤银行股份有限公司广州分行、广州国际控股集团有限公司及万联证券有限责任公司联合体、深圳平安不动产有限公司、新华人寿保险股份有限公司竞得地块。', '2013-08-26', 1, 5, '2014-03-11 14:29:11', '2014-03-11 14:29:11'),
(63, '万庆良书记到广州国际金融城起步区察看拆迁和规划建设情况，并现场指挥最后一户的拆迁。', '2013-08-31', 1, 5, '2014-03-11 14:29:11', '2014-03-11 14:29:11'),
(64, '广州金融城起步区村民住宅与集体物业征拆工作圆满完成，实现零上访、零投诉、零强拆、零事故。起步区征拆房屋面积44.3万平方米，其中村集体物业约19万平方米，村民住宅382栋约25万平方米。（备注：今年3月10日正式启动村民房屋签约工作，仅用5个多月即完成签约及征拆工作）', '2013-08-31', 1, 5, '2014-03-11 14:29:57', '2014-03-11 14:29:57'),
(65, '欧阳卫民副市长带队到天河区调研金融城集体土地征拆工作并听取第一、二批土地受让单位工作汇报。', '2013-09-03', 0, 5, '2014-03-11 14:29:57', '2014-03-11 14:29:57'),
(66, '陈如桂常务副市长主持会议，听取金融城二期规划成果首次汇报。', '2013-09-03', 0, 5, '2014-03-11 14:30:13', '2014-03-11 14:30:13'),
(68, '陈如桂常务副市长召开金融城复建工作会议，全面协调解决金融城起步区村民复建问题。会议对金融城村民复建工作进行了全面梳理并提出解决意见。', '2014-01-16', 1, 3, '2014-03-19 17:15:59', '2014-03-19 17:15:59'),
(69, '陈如桂常务副市长带队前往广州国际金融城开展实地调研，分别视察了位于员村二横路的小产权房现场和员村五横路的污水管迁改施工现场，并在金融城推介展示中心会议室召开协调座谈会，会上，陈如桂常务副市长听取了相关单位负责人关于金融城开发建设过程中存在问题的汇报，并提出了解决意见和指示。', '2014-06-11', 0, 9, '2014-07-23 15:19:03', '2014-07-23 15:19:03'),
(70, '市金融城建设开发工作领导小组办公室召开会议，就起步区第二批受地企业项目推进及成立项目公司问题进行了讨论协调。会议议定由市金融办进一步完善第二批受地企业成立项目公司实施方案，报市金融城建设开发工作领导小组审定。', '2014-07-18', 0, 9, '2014-07-23 15:20:48', '2014-07-23 15:20:48'),
(71, '市规划编制研究中心吕传廷主任主持召开广州国际金融城二期城市设计及控制性详细规划成果专家评审会。', '2014-05-20', 0, 9, '2014-07-23 15:21:44', '2014-07-23 15:21:44'),
(72, '龚海杰副秘书长主持召开会议研究协调金融城起步区国企用地征地补偿款财政评审工作，要求市财政局协调市财政评审中心尽快完成收储成本的结算审核工作。', '2014-05-05', 0, 9, '2014-07-23 15:31:00', '2014-07-23 15:31:00'),
(73, '市金融城办召开工作例会，研究金融城起步区路牌设置工作。会议议定由市重点办负责组织实施，区政府做好配合工作。', '2014-03-05', 0, 9, '2014-07-23 15:35:15', '2014-07-23 15:35:15'),
(74, '广州市城市规划编制研究中心吕传廷主任在广东迎宾馆白云厅主持召开广州国际金融城二期控制性详细规划成果终审专家审查会，规划编制团队对金融城二期规划的编制情况作了汇报，与会专家进行了研讨并提出了评审意见。', '2014-07-25', 0, 9, '2014-07-25 17:02:38', '2014-07-25 17:02:38'),
(75, '《广州国际金融城起步区控制性详细规划》完成规划技术审查、批前公示等程序，并经广州市城市规划委员会审议通过后获广州市人民政府批准。', '2013-11-15', 1, 9, '2014-08-27 17:06:54', '2014-08-27 17:06:54'),
(78, '市国土房管局发出公告，宣布出让金融城起步区AT091002地块，竞买人须为金融机构。受让人按规划要求，负责建设地块红线范围内的公建配套，建成并验收合格后按规定移交相关部门。本次国有土地使用权挂牌活动将于2014年11月3日在广州公共资源交易中心进行。', '2014-09-29', 1, 9, '2014-10-08 09:43:53', '2014-10-08 09:43:53'),
(79, '市国土房管局发出公告，宣布出让金融城起步区AT091007地块，竞买人须为金融机构或投融资类企业。受让人按规划要求，负责建设地块红线范围内的公建配套，建成并验收合格后按规定移交相关部门；受让人须配建4250平方米建筑面积的安置房，作为金融城自来水加压站办公用房安置房或其他统筹安置的房源。配建安置房建成后无偿移交给市土地开发中心。本次国有土地使用权挂牌活动将于2014年11月10日在广州公共资源交易中心进行。', '2014-10-10', 1, 9, '2014-10-13 15:41:17', '2014-10-13 15:41:17'),
(80, '陈建华市长调研棠下村民住宅复建项目，明确指示加快复建进度，尽早开工。市建委、市规划局主要领导表示将予以大力支持配合。', '2014-10-21', 1, 3, '2014-10-21 17:12:45', '2014-10-21 17:12:45'),
(81, '市规划局批复金融城起步区石东村复建项目（AT090923）建设用地规划许可证。', '2014-05-06', 0, 3, '2014-10-21 17:14:55', '2014-10-21 17:14:55'),
(82, '丘卫青常委与市规划局林隽总工程、市金融城办黄家添常务副主任召开会议，就棠下村民复建项目12米规划路调整问题进行协调。会议明确由市规划局根据复建需求，调整并重新出具复建地块（AT091010）规划条件，大力支持棠下村民复建工作。棠下可据此开展修建性详细规划报审及后续报建工作。至此，12米规划路调整问题得以全面解决。', '2014-10-09', 1, 3, '2014-10-21 17:19:01', '2014-10-21 17:19:01'),
(83, '市国土房管局发布AT091007地块补充公告，（因参与竞拍机构数量未达到三家及以上）将交纳竞买保证金的截止时间为11月21日12时，11月27日17时前确认其竞买资格，挂牌出让现场竞价及成交仪式由11月10日改为12月2日15时。', '2014-10-29', 0, 9, '2014-11-07 16:19:03', '2014-11-07 16:22:22'),
(84, '市国土房管局发布AT091002地块中止挂牌出让公告，原定于2014年11月3日公开出让金融城起步区AT091002地块的国有土地使用权，因故（参与竞拍机构数量未达到三家及以上）中止挂牌出让程序。', '2014-10-30', 0, 9, '2014-11-07 16:25:29', '2014-11-07 16:25:29'),
(85, '市国土房管局重新发出公告，宣布出让金融城起步区AT091002地块，竞买人须为金融机构。受让人按规划要求，负责建设地块红线范围内的公建配套，建成并验收合格后按规定移交相关部门。交纳竞买保证金的截止时间为11月21日12时，11月27日17时前确认其竞买资格。本次国有土地使用权挂牌活动将于12月2日14时30分在广州公共资源交易中心进行。', '2014-10-31', 1, 9, '2014-11-07 16:34:56', '2014-11-07 16:34:56'),
(86, '陈如桂常务副市长带队调研金融城开发建设工作，并在起步区施工现场主持召开会议，研究协调金融城、琶洲西区建设有关问题。', '2014-10-23', 0, 9, '2014-11-27 17:12:48', '2014-11-27 17:12:48'),
(87, '市国土房管局发布AT091002地块及AT091007地块中止挂牌出让公告，原定于2014年12月2日公开出让金融城起步区AT091002地块及AT091007地块的国有土地使用权，因故中止挂牌出让程序。', '2014-12-01', 0, 9, '2014-12-01 14:07:39', '2014-12-01 14:07:39');

-- --------------------------------------------------------

--
-- 表的结构 `cbd_book`
--

CREATE TABLE IF NOT EXISTS `cbd_book` (
  `id` int(11) NOT NULL AUTO_INCREMENT,
  `book_no` varchar(12) NOT NULL,
  `title` varchar(50) NOT NULL,
  `isbn` varchar(17) NOT NULL,
  `publisher` varchar(20) NOT NULL,
  `price` smallint(6) NOT NULL,
  `author` varchar(20) NOT NULL,
  `summary` varchar(200) NOT NULL,
  `page` smallint(6) NOT NULL,
  `buy_price` smallint(6) NOT NULL,
  `buy_date` date NOT NULL,
  `buy_from` varchar(30) NOT NULL,
  `buyer` int(11) NOT NULL,
  `is_borrow` tinyint(1) NOT NULL DEFAULT '0',
  `create_time` datetime NOT NULL DEFAULT CURRENT_TIMESTAMP,
  `update_time` datetime NOT NULL DEFAULT CURRENT_TIMESTAMP,
  PRIMARY KEY (`id`)
) ENGINE=InnoDB  DEFAULT CHARSET=utf8 AUTO_INCREMENT=70 ;

--
-- 转存表中的数据 `cbd_book`
--

INSERT INTO `cbd_book` (`id`, `book_no`, `title`, `isbn`, `publisher`, `price`, `author`, `summary`, `page`, `buy_price`, `buy_date`, `buy_from`, `buyer`, `is_borrow`, `create_time`, `update_time`) VALUES
(1, 'JB201409-001', '救灾物资储备库标准设计样图', '978-7-80242-874-4', '中国计划出版社', 38, '中国建筑标准设计研究院', '本图集适用于建设规模为中央级（区域性）大、中、小型、省级以及市、县级救灾物资储备库的建筑设计，并针对救灾物资的储备和应急状态下物资转运的基本需求，为相关设施的建设单位、管理单位等直接选用。', 53, 33, '2014-09-10', '京东', 9, 0, '2014-09-15 11:30:11', '2014-09-15 11:30:11'),
(2, 'JB201409-002', '美国大城市的死与生', '978-7-5447-0121-1', '译林出版社', 34, '简·雅各布斯', '作者以纽约、芝加哥等美国大城市为例，深入考察了都市结构的基本元素以及它们在城市生活中发挥功能的方式，对城市的复杂性和城市应有的发展取向加深了理解，也为评估城市的活力提供了一个基本框架。', 424, 25, '2014-09-10', '京东', 9, 0, '2014-09-15 11:37:42', '2014-09-15 11:37:42'),
(3, 'JB201409-003', '凯恩斯大战哈耶克', '978-7-111-41051-5', '机械工业出版社', 59, '尼古拉斯·韦普肖特', '针对政府是否应当干预市场，凯恩斯及哈耶克同时从一战的废墟之上研究商业繁荣和萧条的周期，却得出截然不同的结论。本书作者详细梳理了两人之间的这场论战，为了解当代经济学的必读之书。', 305, 39, '2014-09-10', '京东', 9, 0, '2014-09-15 11:53:06', '2014-09-15 11:53:06'),
(4, 'JB201409-004', '沃顿管理精要：领导者的备忘录', '978-7-5086-3902-4', '中信出版社', 32, '迈克尔·尤西姆', '本书详细介绍了领导者的备忘录的定制方法、内容和维护手段，并提炼出主导备忘录内容的15项原则，旨在帮助人们培养自己的领导力，从而让自己在不可预知和充满压力的环境下作出明智而正确的决策。', 132, 24, '2014-09-10', '京东', 9, 0, '2014-09-15 11:57:15', '2014-09-15 11:57:15'),
(5, 'JB201409-005', '城市发展史——起源、演变和前景', '978-7-112-06973-6', '中国建筑工业出版社', 98, '刘易斯·芒福德', '本书作者从政治、经济、文化、宗教、社会、城市规划等多方面综合地研究了城市发展史，并对今后城市发展提出了战略性意见。', 662, 80, '2014-09-10', '京东', 9, 0, '2014-09-15 12:01:15', '2014-09-15 12:01:15'),
(6, 'JB201409-006', '思维魔方：让哲学家和数学家纠结的悖论', '978-7-301-24190-5', '北京大学出版社', 48, '陈波', '作者将从古至今五花八门的悖论分成十二类，详细介绍每一类悖论的历史原型、各种变体、逻辑学家的解决方案、与日常生活的关系等等。', 322, 37, '2014-09-10', '京东', 9, 0, '2014-09-15 13:52:18', '2014-09-15 13:52:18'),
(7, 'JB201409-007', '应对机遇与挑战：中国城镇化战略研究主要问题与对策', '978-7-112-10515-1', '中国建筑工业出版社', 68, '仇保兴', '本书内容涉及城市化模式的国际比较、城市规划、发展战略、城市化理论、城市经济、市政设施建设和市场化改革、历史文化遗产和自然遗产保护等领域。', 493, 57, '2014-09-10', '京东', 9, 0, '2014-09-15 14:17:18', '2014-09-15 14:17:18'),
(8, 'JB201409-008', '致穷：1720年南海金融泡沫', '978-7-5044-7872-6', '中国商业出版社', 35, '孙骁骥', '本书以1720年英国伦敦的南海金融危机为中心，讲述英国南海公司与法国密西西比公司成立、繁荣和崩溃的故事，并对隐藏在股市泡沫背后的国家金融和政治的联手合谋作出了细致分析。', 283, 21, '2014-09-10', '京东', 9, 0, '2014-09-15 14:28:37', '2014-09-15 14:28:37'),
(9, 'JB201409-009', '城市居住区规划设计规范（2002年版）', '1511217237', '中国建筑工业出版社', 17, '中华人民共和国建设部', '本规范在城市居住区的用地与建筑、规划布局与空间环境、住宅、公共服务设施、绿地、道路、竖向、管线综合、综合技术经济指标等方面进行了修订和规范。', 100, 14, '2014-09-10', '京东', 9, 0, '2014-09-15 14:44:00', '2014-09-15 14:44:00'),
(10, 'JB201409-010', '建筑工程概论', '978-7-114-07140-9', '人民交通出版社', 28, '颜高峰', '本书分为绪论、建筑材料、建筑构造、建筑识图、建筑施工技术五部分。主要介绍建筑工程的基本常识、常用建筑材料的基本性能和用途、建筑构造和建筑识的基础知识和相关规定、建筑施工当中各主要部分工程的施工方法。', 240, 24, '2014-09-10', '京东', 9, 0, '2014-09-15 14:57:29', '2014-09-15 14:57:29'),
(11, 'JB201409-011', '死亡之手：超级大国冷战军备竞赛及苏联解体后的核生化武器失控危', '978-7-5495-5019-7', '广西师范大学出版社', 59, '戴维·霍夫曼', '', 464, 47, '2014-09-10', '京东', 9, 0, '2014-09-15 15:11:14', '2014-09-15 15:11:14'),
(12, 'JB201409-012', '社区卫生服务中心和服务站', '978-7-80242-173-8', '中国计划出版社', 26, '中国建筑标准设计研究院', '', 45, 22, '2014-09-10', '京东', 9, 0, '2014-09-15 15:50:21', '2014-09-15 15:50:21'),
(13, 'JB201409-013', '老年养护院标准设计样图', '978-7-80242-883-6', '中国计划出版社', 42, '中国建筑标准设计研究院', '本图集针对服务于失能老年人的养护院建设工程的基本功能需求。', 60, 37, '2014-09-10', '京东', 9, 0, '2014-09-15 16:00:17', '2014-09-15 16:00:17'),
(14, 'JB201409-014', '城市用地分类与规划建设用地标准', '1511220702', '中国建筑工业出版社', 10, '中华人民共和国住房和城乡建设部', '城市用地分类与规划建设用地标准', 37, 10, '2014-09-10', '京东', 9, 0, '2014-09-15 16:02:25', '2014-09-15 16:02:25'),
(15, 'JB201409-015', '经济发展理论的十位大师', '978-7-5136-2116-8', '中国经济出版社', 58, '吉拉德·M·米耶  都德莱·西尔斯', '本书将国际发展经济学这门学科中的十位大师公正地反映自己开创性工作的文章以及他们年轻同行们富于洞察力的评论进行集结，有助于了解此领域内这些开拓者的观点。', 376, 45, '2014-09-10', '京东', 9, 0, '2014-09-15 16:07:19', '2014-09-15 16:07:19'),
(16, 'JB201409-016', '追求繁荣与舒适：中国典型城市规划、建设与管理的策略', '978-7-112-09636-7', '中国建筑工业出版社', 68, '仇保兴', '本书着眼于总结国内外城市化的经验尤其是失败的教训，着重强调在城市化过程中亟待解决之后的理性和幼稚的法治；城市规划体质和编制方法的创新；无法回避的城市竞争力；繁荣城市经济的钥匙等。', 501, 56, '2014-09-10', '京东', 9, 0, '2014-09-15 16:15:35', '2014-09-15 16:15:35'),
(17, 'JB201409-017', '孤独的大多数', '978-7-5068-2714-0', '中国书籍出版社', 32, '朱大可', '', 207, 17, '2014-09-10', '京东', 9, 0, '2014-09-15 16:17:30', '2014-09-15 16:17:30'),
(18, 'JB201409-018', '笃行借鉴与变革：国内外城市化主要经验教训与中国城市规划变革', '978-7-112-14380-1', '中国建筑工业出版社', 68, '仇保兴', '本书着眼于构建各级政府对城市化和城市开发的规划调控机制、区域发展均衡机制、规划行政管理内部制约和社会监督机制等三方面的新体制，并通过多学科的综合分析研究来探索我国城市规划体系的改革。', 457, 57, '2014-09-10', '京东', 9, 0, '2014-09-15 16:20:46', '2014-09-15 16:20:46'),
(19, 'JB201409-019', '货币战争（升级版）', '978-7-5086-3031-1', '中信出版社', 39, '宋鸿兵', '', 306, 25, '2014-09-10', '京东', 9, 1, '2014-09-15 16:23:12', '2014-09-15 16:23:12'),
(20, 'JB201409-020', '货币战争2金权天下', '978-7-5084-3579-8', '中信出版社', 45, '宋鸿兵', '', 348, 30, '2014-09-10', '京东', 9, 0, '2014-09-15 16:25:03', '2014-09-15 16:25:03'),
(21, 'JB201409-021', '货币战争3金融高边疆', '978-7-5354-5219-1', '长江文艺出版社', 46, '宋鸿兵', '本书以近现代中国味焦点，从货币的角度观察中国近代的沉沦与抗争，论述了近代中国货币怎样突破各国金融及战争的干涉，一步步艰难建立自己的体系，创造奇迹的过程。', 311, 33, '2014-09-10', '京东', 9, 0, '2014-09-15 16:30:17', '2014-09-15 16:30:17'),
(22, 'JB201409-022', '货币战争4战国时代', '978-7-5354-5423-2', '长江文艺出版社', 39, '宋鸿兵', '本书以国际储备货币的战略价值为中心，以美国、欧洲、亚洲三者之间的货币博弈为半径，用经济发展的内在逻辑为线索，把各国的历史经验和现实困境，有机地缝合成一张大国崛起的全景线路图。', 306, 26, '2014-09-10', '京东', 9, 0, '2014-09-15 16:33:39', '2014-09-15 16:33:39'),
(23, 'JB201409-023', '货币战争5山雨欲来', '978-7-5354-7137-6', '长江文艺出版社', 46, '宋鸿兵', '', 354, 30, '2014-09-10', '京东', 9, 0, '2014-09-15 16:34:50', '2014-09-15 16:34:50'),
(24, 'JB201409-024', '理想空间62：金融商务区规划设计', '978-7-5608-5527-1', '同济大学出版社', 55, '管娟', '本书选取各城市金融商务区的规划设计方案，研究梳理近几年金融商务区的规划及开发建设的经验，主要分为专题案例、他山之石两大板块。', 134, 44, '2014-09-10', '京东', 9, 0, '2014-09-15 16:39:55', '2014-09-15 16:39:55'),
(25, 'JB201409-025', '《中小学校设计规范》图示', '978-7-80242-778-5', '中国计划出版社', 56, '中国建筑标准设计研究院', '本图集适用于全国城镇和农村中小学校（含非完全小学）的新建、改建和扩建项目的规划和工程设计，将部分条文以图示、表格等形式直观的表达，使条文规定的内容更为形象、明细，易于准确理解。', 84, 49, '2014-09-10', '京东', 9, 0, '2014-09-16 11:36:23', '2014-09-16 11:36:23'),
(26, 'JB201409-026', '中小学校场地与用房', '978-7-80242-783-9', '中国计划出版社', 49, '中国建筑标准设计研究院', '本图集共分为五部分：体育场地、主要教学用房、行政办公用房、生活服务用房和疏散关键部位，适用于城镇和农村中小学（含非完全小学）的新建、改建和扩建项目的规划和工程设计。', 90, 43, '2014-09-10', '京东', 9, 0, '2014-09-16 11:39:28', '2014-09-16 11:39:28'),
(27, 'JB201409-027', '体育场地与设施（一）', '978-7-80242-520-0', '中国计划出版社', 68, '中国建筑标准设计研究院', '本图集中各类场地与设施按不同使用目的与要求进行分类，分为比赛场地、训练场地、休闲健身场地，按照不用类别提出相应的场地尺寸、技术要求与构造做法。适用于新建、改建、扩建的用于比赛、训练、休闲健身的体育场地', 140, 59, '2014-09-10', '京东', 9, 0, '2014-09-16 11:43:04', '2014-09-16 11:43:04'),
(28, 'JB201409-028', '楼梯栏杆栏板（一）', '7-80177-648-8', '中国计划出版社', 53, '中国建筑标准设计研究院', '本图集适用于一般工业与民用建筑及大型公共建筑，主要分为楼梯栏杆、栏板和平台栏杆、栏板两部分，另外还包括选用索引图、平立剖面图及构造详图。', 162, 48, '2014-09-10', '京东', 9, 0, '2014-09-16 11:45:58', '2014-09-16 11:45:58'),
(29, 'JB201409-029', '《高层民用建筑设计防火规范》图示', '7-80177-646-1', '中国计划出版社', 40, '中国建筑标准设计研究院', '本图集将《高层民用建筑设计防火规范》的部分条文通过图示、表格等形式表现出来，可供全国建设单位、规划和建筑设计、施工、监理、验收等相关人员以及消防监督人员配合规范使用。', 103, 33, '2014-09-10', '京东', 9, 0, '2014-09-16 11:48:23', '2014-09-16 11:48:23'),
(30, 'JB201409-030', '《住宅设计规范》图示', '978-7-80242-918-5', '中国计划出版社', 47, '中国建筑标准设计研究院', '本图集按《住宅设计规范》的条文顺序进行编制，并针对住宅楼的层数计算、住宅最小套型设计、住宅厨房、凸窗的防护、可容纳单价的电梯和采光系数这算方法等普遍认为较难理解的条文进行了深入阐述。', 75, 41, '2014-09-10', '京东', 9, 0, '2014-09-16 11:50:35', '2014-09-16 11:50:35'),
(31, 'JB201409-031', '工程做法（2008年建筑结构合订本）', '978-7-80242-169-1', '中国计划出版社', 125, '中国建筑标准设计研究院', '', 418, 110, '2014-09-10', '京东', 9, 0, '2014-09-16 11:52:04', '2014-09-16 11:52:04'),
(32, 'JB201409-032', '医疗建筑固定设施', '978-7-80242-146-2', '中国计划出版社', 42, '中国建筑标准设计研究院', '本图集主要内容包括医疗建筑中常用的态床、站台、出轨、床头医疗带装置、医用防撞带、墙体护角；医用隔帘导轨、医用输液导轨、婴儿打理台、医用书写板以及标示等。', 100, 37, '2014-09-10', '京东', 9, 0, '2014-09-16 11:57:03', '2014-09-16 11:57:03'),
(33, 'JB201409-033', '《民用建筑设计通则》图示', '7-80177-586-4', '中国计划出版社', 33, '中国建筑标准设计研究院', '选择《民用建筑设计通则》的部分条文，用图示和表格的形式表达条文的具体内容，本图集适用于全国建设单位、规划设计和建筑设计、施工、监理验收等相关人员以及相关专业设计、设施、设备厂商的有关人员使用。', 98, 28, '2014-09-10', '京东', 9, 0, '2014-09-16 14:01:27', '2014-09-16 14:01:27'),
(34, 'JB201409-034', '机械式汽车库建筑构造', '978-7-80242-185-1', '中国计划出版社', 32, '中国建筑标准设计研究院', '本图集介绍了九种机械停车设备及停车库的概念、运行原理、使用形式，将特点及使用单位逐一注明，并用图示、表格等表述相关尺寸、布置形式及土建设计的要求。', 64, 28, '2014-09-10', '京东', 9, 0, '2014-09-16 14:04:30', '2014-09-16 14:04:30'),
(35, 'JB201409-035', '幼儿园建筑构造与设施', '978-7-80242-695-5', '中国计划出版社', 46, '中国建筑标准设计研究院', '本图集主要由室内构造、室外构造、相关设施和主要工程做法四部分组成，适用于全国城镇、农村幼儿园的新建、改建、扩建的建筑设计与施工。', 49, 40, '2014-09-10', '京东', 9, 0, '2014-09-16 14:06:47', '2014-09-16 14:06:47'),
(36, 'JB201409-036', '无障碍设计', '978-7-80242-907-9', '中国计划出版社', 66, '中国建筑标准设计研究院', '本图集适用于新建、改建和扩建的城市道路、城市广场、城市绿地、居住区、居住建筑、公共建筑及历史文物保护建筑等的无障碍设计。', 121, 58, '2014-09-10', '京东', 9, 0, '2014-09-16 14:08:56', '2014-09-16 14:08:56'),
(37, 'JB201409-037', '汽车库（坡道式）建筑构造', '978-7-80177-854-3', '中国计划出版社', 21, '中国建筑标准设计研究院', '本图集适用于一般标准的微型及小型的汽车库、地下汽车库及复式汽车库。', 64, 18, '2014-09-10', '京东', 9, 0, '2014-09-16 14:11:41', '2014-09-16 14:11:41'),
(38, 'JB201409-038', '工程建设标准强制性条文：房屋建筑部分（2013年版）', '978-7-112-15599-6', '中国建筑工业出版社', 98, '住房和城乡建设部强制性条文协调委员会', '', 385, 77, '2014-09-10', '京东', 9, 0, '2014-09-16 14:20:40', '2014-09-16 14:20:40'),
(39, 'JB201409-039', '混凝土结构施工图平面整体表示方法制图规则和构造详图（现浇混凝土框架、剪力墙、梁、板）', '978-7-80242-659-7', '中国计划出版社', 69, '中国建筑标准设计研究院', '本图集包括基础顶面以上的现浇混凝土柱、墙、梁、楼面与屋面板（有梁楼盖及无梁楼盖）等构件的平面整体表示方法制图规则和标准构造详图两部分内容。', 106, 60, '2014-09-10', '京东', 9, 0, '2014-09-18 17:01:31', '2014-09-18 17:01:31'),
(40, 'JB201409-040', '混凝土结构施工图平面整体表示方法制图规则和构造详图（现浇混凝土板式楼梯）', '978-7-80242-681-8', '中国计划出版社', 39, '中国建筑标准设计研究院', '本图集中现浇混凝土板式楼梯包括11种类型，其中AT~HT用于非抗震设计及不参与主体结构抗震设计的楼梯，ATa、ATb用于采取滑动措施减轻楼梯对主体（框架）影响的楼梯，ATc用于框架中参与主体结构抗震设', 56, 34, '2014-09-10', '京东', 9, 0, '2014-09-18 17:06:29', '2014-09-18 17:06:29'),
(41, 'JB201409-041', '混凝土结构施工图平面整体表示方法制图规则和构造详图（独立基础、条形基础、筏形基础及桩基承台）', '978-7-80242-676-4', '中国计划出版社', 65, '中国建筑标准设计研究院', '本图集中包括现浇混凝土独立基础、条形基础、筏形基础（分为梁板式和平板式）、桩基承台的平面整体表示方法制图规则和标准构造详图两部分内容。', 98, 57, '2014-09-10', '京东', 9, 0, '2014-09-18 17:14:08', '2014-09-18 17:14:08'),
(42, 'JB201409-042', '《公共建筑节能设计标准》广东省实施细则', '1550740085', '中国城市出版社', 28, '广东省建设厅', '在本细则编制中，编制组对《公共建筑节能设计标准》GB50189-2005进行了细化，补充了具体的规定', 176, 23, '2014-09-19', '广州卓信建联图书有限公司', 9, 0, '2014-09-22 17:03:55', '2014-09-22 17:03:55'),
(43, 'JB201409-043', '建筑施工手册（第五版）缩印本', '978-7-112-15470-8', '中国建筑工业出版社', 328, '《建筑施工手册》（第五版）编委会', '本版内容紧密结合国家和行业现行规范技术要求，囊括了近年来我国在建筑安装工程领域中的最新成果，总结了最先进的建筑安装施工技术以及在建筑工程管理方面的新成果，反应了目前我国最新的施工技术水平，充分体现了权威性、科学性、先进性、实用性、便捷性。', 2258, 278, '2014-09-19', '广州卓信建联图书有限公司', 9, 0, '2014-09-23 14:49:59', '2014-09-23 14:49:59'),
(44, 'JB201409-044', '建筑工程质量通病防治手册（第四版）', '978-7-112-15963-5', '中国建筑工业出版社', 260, '彭圣浩', '本书第四版仍以采用传统施工技术的一般工业与民用建筑工程为主，同时包括应用日益广泛的新技术、新工艺、新材料的施工。', 1857, 220, '2014-09-19', '广州卓信建联图书有限公司', 9, 0, '2014-09-23 14:56:38', '2014-09-23 14:56:38'),
(45, 'JB201409-045', '建筑工程质量通病防治手册（土建部分）', '978-7-112-13225-6', '中国建筑工业出版社', 80, '广州市建筑联合协会/广州市建设工程质量监', '本手册按照现行施工技术标准及质量验收规范要求，以房屋建筑工程为分析对象，汇集个施工、监理单位及有关专家近年来治理质量通病的经验和措施；以正面典型、规范施工工艺为模板；全面列举质量通病现象，分析产生原因，介绍工艺要求和预防措施，并以图文并茂的形式展现了质量通病治理的效果，使质量通病治理和防治更加标准化、形象化、具体化。', 211, 67, '2014-09-19', '广州卓信建联图书有限公司', 9, 0, '2014-09-23 15:05:44', '2014-09-23 15:05:44'),
(46, 'JB201409-046', '建筑工程质量通病防治手册（市政部分）', '978-7-112-15115-8', '中国建筑工业出版社', 75, '广州市市政集团有限公司/广州市建设工程质', '本手册按照现行施工技术标准及质量验收规范要求，以市政工程为分析对象，会纪了各施工、监理单位及有关专家近年来质量质量通病的经验和措施，公分为道路工程、排水工程、城市轨道交通工程、桥梁工程、', 251, 63, '2014-09-19', '广州卓信建联图书有限公司', 9, 0, '2014-09-23 15:26:04', '2014-09-23 15:26:04'),
(47, 'JB201409-047', '工程建设标准强制性条文（城乡规划部分）2013年版', '978-7-112-15585-9', '中国建筑工业出版社', 26, '住房和城乡建设部强制性条文协调委员会', '本版在2000年版基础上，纳入了2013年5月31日前新发布的城乡规划国家标准和行业标准中涉及人民生命财产安全、人身健康、节能、节地、节水、节材、环境保护和公众利益方面的强制性条文。', 0, 22, '2014-09-19', '广州卓信建联图书有限公司', 9, 0, '2014-09-25 09:28:04', '2014-09-25 09:28:04'),
(48, 'JB201409-048', '城市规划设计分析的方法与表达', '978-7-214-09163-5', '江苏人民出版社', 59, '赵亮', '本书通过体会、图解、剖析、展现和回味五部分对规划分析图的表达内容、表达死路及展现技法进行了系统表述，并基于实践经验进行深入总结，从多方面、多角度、多层次进行探讨，希望对设计者分析能力的进阶，创造性思维的拓展，审美修养、展现与表达能力的提高方面起到一定的关注作用。', 164, 50, '2014-09-19', '广州卓信建联图书有限公司', 9, 0, '2014-09-25 09:45:12', '2014-09-25 09:45:12'),
(49, 'JB201409-049', '2014现行建筑设计规范大全第一册（通用标准·民用建筑）', '978-7-112-15963-5', '中国建筑工业出版社', 235, '出版社编', '', 0, 199, '2014-09-19', '广州卓信建联图书有限公司', 9, 0, '2014-09-26 15:12:50', '2014-09-26 15:12:50'),
(50, 'JB201409-050', '2014现行建筑设计规范大全第二册（建筑防火·建筑环境）', '978-7-112-16130-0', '中国建筑工业出版社', 235, '出版社编', '', 0, 199, '2014-09-19', '广州卓信建联图书有限公司', 9, 0, '2014-09-26 15:15:55', '2014-09-26 15:15:55'),
(51, 'JB201409-051', '2014现行建筑设计规范大全第三册（建筑设备·建筑节能）', '978-7-112-16131-7', '中国建筑工业出版社', 235, '出版社编', '', 0, 199, '2014-09-19', '广州卓信建联图书有限公司', 9, 0, '2014-09-26 15:17:00', '2014-09-26 15:17:00'),
(52, 'JB201409-052', '2014现行建筑设计规范大全第四册（工业建筑）', '978-7-112-16107-2', '中国建筑工业出版社', 293, '出版社编', '', 0, 248, '2014-09-19', '广州卓信建联图书有限公司', 9, 0, '2014-09-26 15:20:57', '2014-09-26 15:20:57'),
(53, 'JB201409-053', '2014现行建筑施工规范大全第一册（地基与建筑·施工技术）', '978-7-112-16107-2', '中国建筑工业出版社', 288, '出版社编', '', 0, 244, '2014-09-19', '广州卓信建联图书有限公司', 9, 0, '2014-09-26 15:22:35', '2014-09-26 15:22:35'),
(54, 'JB201409-054', '2014现行建筑施工规范大全第二册（主体结构）', '978-7-112-16108-9', '中国建筑工业出版社', 282, '出版社编', '', 0, 239, '2014-09-19', '广州卓信建联图书有限公司', 9, 0, '2014-09-26 15:23:25', '2014-09-26 15:23:25'),
(55, 'JB201409-055', '2014现行建筑施工规范大全第三册（装饰装修·专业工程·施工管理）', '978-7-112-16109-6', '中国建筑工业出版社', 275, '出版社编', '', 0, 233, '2014-09-19', '广州卓信建联图书有限公司', 9, 0, '2014-09-26 15:27:37', '2014-09-26 15:27:37'),
(56, 'JB201409-056', '2014现行建筑施工规范大全第四册（材料及应用·检测技术）', '978-7-112-16110-2', '中国建筑工业出版社', 282, '出版社编', '', 0, 239, '2014-09-19', '广州卓信建联图书有限公司', 9, 0, '2014-09-26 15:29:33', '2014-09-26 15:29:33'),
(57, 'JB201409-057', '2014现行建筑施工规范大全第五册（质量验收·安全卫生）', '978-7-112-16111-9', '中国建筑工业出版社', 298, '出版社编', '', 0, 253, '2014-09-19', '广州卓信建联图书有限公司', 9, 0, '2014-09-26 15:31:38', '2014-09-26 15:31:38'),
(58, 'JB201409-058', '工程建设标准强制性条文：房屋建筑部分（2013年版）', '978-7-112-15599-6', '中国建筑工业出版社', 98, '住房和城乡建设部强制性条文协调委员会', '', 385, 83, '2014-09-19', '广州卓信建联图书有限公司', 9, 0, '2014-09-26 16:19:41', '2014-09-26 16:19:41'),
(59, 'JB201501-001', '环球（2015年第一期）', '9771002716008', '环球杂志社', 10, '瞭望周刊社', '', 80, 0, '2015-01-15', '综合处', 9, 0, '2015-01-15 14:43:34', '2015-01-15 14:43:34'),
(60, 'JB201501-002', '看天下（2015年第一期）', '9771673245159', '《看天下》杂志社', 10, '宁夏日报报业集团', '看天下（2015年第一期）', 112, 5, '2014-09-12', '杂志铺', 5, 1, '2015-01-16 16:27:27', '2015-01-16 16:27:27'),
(61, 'JB201501-003', '孤独星球（2015年1月号）', '956843623460', '海峡书局出版社', 20, '海峡出版发行集团', '孤独星球（2015年1月号）', 176, 10, '2015-01-16', '杂志铺', 5, 0, '2015-01-16 16:30:25', '2015-01-16 16:30:25'),
(62, 'JB201501-004', '看天下（2015年第二期）', '9771673245159', '《看天下》杂志社', 10, '宁夏日报报业集团', '看天下（2015年第二期）', 112, 5, '2014-09-12', '杂志铺', 5, 0, '2015-01-27 11:19:31', '2015-01-27 11:19:31'),
(63, 'JB201501-005', '地产（2015年1月号）', '9771673602112', '哈尔滨日报报业集团', 20, '哈尔滨日报报业集团', '地产（2015年1月号）', 160, 10, '2014-09-12', '杂志铺', 5, 0, '2015-01-27 11:24:03', '2015-01-27 11:24:03'),
(64, 'JB201501-006', '中国国家地理（2015年第一期）', '9771009633001', '《中国国家地理》杂志社', 20, '中科院地理科学与资源研究所·中国地理学会', '中国国家地理（2015年第一期）+甘州副刊', 174, 10, '2014-09-12', '杂志铺', 5, 1, '2015-01-27 11:29:47', '2015-01-27 11:29:47'),
(65, 'JB201501-007', '新发现（2015年第一期）', '9771673337144', '上海世纪出版集团', 15, '上海世纪出版集团', '新发现（2015年第一期）', 127, 12, '2014-09-12', '杂志铺', 5, 0, '2015-01-27 11:33:13', '2015-01-27 11:33:13'),
(66, 'JB201501-008', '金融世界（2015年第一期）', '9771674958157', '大有时代文化传媒（北京）有限公司', 50, '新华通讯社', '金融世界（2015年第一期）', 128, 38, '2014-09-12', '杂志铺', 5, 0, '2015-01-27 11:35:10', '2015-01-27 11:35:10'),
(67, 'JB201501-009', '环球（2015年第二期）', '9771002716008', '环球杂志社', 10, '瞭望周刊社', '环球（2015年第二期）', 80, 0, '2015-01-29', '综合处', 9, 0, '2015-01-29 09:48:02', '2015-01-29 09:48:02'),
(68, 'JB201502-001', '看天下（2015年第三期）', '9771673245159', '《看天下》杂志社', 10, '宁夏日报报业集团', '看天下（2015年第三期）', 112, 5, '2014-09-12', '杂志铺', 5, 0, '2015-02-02 14:05:22', '2015-02-02 14:05:22'),
(69, 'JB201502-002', '环球（2015年第三期）', '9771002716008', '环球杂志社', 10, '瞭望周刊社', '环球（2015年第三期）', 80, 0, '2015-02-09', '综合处', 9, 0, '2015-02-09 17:06:04', '2015-02-09 17:06:04');

-- --------------------------------------------------------

--
-- 表的结构 `cbd_book_borrow`
--

CREATE TABLE IF NOT EXISTS `cbd_book_borrow` (
  `id` int(11) NOT NULL AUTO_INCREMENT,
  `book_id` int(11) NOT NULL,
  `borrower` int(11) NOT NULL,
  `borrow_time` datetime NOT NULL DEFAULT CURRENT_TIMESTAMP,
  `return_time` datetime DEFAULT NULL,
  `create_time` datetime NOT NULL DEFAULT CURRENT_TIMESTAMP,
  `update_time` datetime NOT NULL DEFAULT CURRENT_TIMESTAMP,
  PRIMARY KEY (`id`)
) ENGINE=InnoDB  DEFAULT CHARSET=utf8 AUTO_INCREMENT=24 ;

--
-- 转存表中的数据 `cbd_book_borrow`
--

INSERT INTO `cbd_book_borrow` (`id`, `book_id`, `borrower`, `borrow_time`, `return_time`, `create_time`, `update_time`) VALUES
(1, 2, 6, '2014-09-15 11:38:16', '2015-01-07 11:12:58', '2014-09-15 11:38:16', '2014-09-15 11:38:16'),
(2, 2, 6, '2014-09-15 11:38:45', '2015-01-07 11:12:58', '2014-09-15 11:38:45', '2014-09-15 11:38:45'),
(3, 17, 9, '2014-09-17 10:30:26', '2014-11-24 17:23:20', '2014-09-17 10:30:26', '2014-09-17 10:30:26'),
(4, 6, 4, '2014-09-19 11:17:39', '2014-09-19 18:11:45', '2014-09-19 11:17:39', '2014-09-19 11:17:39'),
(5, 2, 6, '2014-09-19 11:25:31', '2015-01-07 11:12:58', '2014-09-19 11:25:31', '2014-09-19 11:25:31'),
(6, 17, 9, '2014-09-19 11:39:59', '2014-11-24 17:23:20', '2014-09-19 11:39:59', '2014-09-19 11:39:59'),
(7, 2, 6, '2014-09-28 12:45:24', '2015-01-07 11:12:58', '2014-09-28 12:45:24', '2014-09-28 12:45:24'),
(8, 24, 9, '2014-09-30 15:02:38', '2015-01-20 10:16:38', '2014-09-30 15:02:38', '2014-09-30 15:02:38'),
(9, 19, 9, '2014-10-14 16:20:11', '2014-12-02 16:22:38', '2014-10-14 16:20:11', '2014-10-14 16:20:11'),
(10, 29, 7, '2014-11-07 10:30:51', '2014-12-03 09:00:35', '2014-11-07 10:30:51', '2014-11-07 10:30:51'),
(11, 10, 7, '2014-11-11 15:12:06', '2014-12-01 15:13:42', '2014-11-11 15:12:06', '2014-11-11 15:12:06'),
(12, 29, 7, '2014-12-01 15:28:03', '2014-12-03 09:00:35', '2014-12-01 15:28:03', '2014-12-01 15:28:03'),
(13, 50, 7, '2014-12-05 10:36:58', '2015-02-09 11:16:32', '2014-12-05 10:36:58', '2014-12-05 10:36:58'),
(14, 14, 7, '2015-01-04 11:37:15', '2015-01-04 15:37:03', '2015-01-04 11:37:15', '2015-01-04 11:37:15'),
(15, 47, 7, '2015-01-04 11:38:25', '2015-01-06 10:34:44', '2015-01-04 11:38:25', '2015-01-04 11:38:25'),
(16, 49, 7, '2015-01-06 10:36:42', '2015-02-09 11:16:36', '2015-01-06 10:36:42', '2015-01-06 10:36:42'),
(17, 24, 9, '2015-01-09 16:30:22', '2015-01-20 10:16:38', '2015-01-09 16:30:22', '2015-01-09 16:30:22'),
(18, 61, 6, '2015-01-21 11:44:48', '2015-01-29 10:18:20', '2015-01-21 11:44:48', '2015-01-21 11:44:48'),
(19, 64, 9, '2015-01-27 13:57:48', NULL, '2015-01-27 13:57:48', '2015-01-27 13:57:48'),
(20, 59, 7, '2015-01-28 10:37:44', '2015-02-09 09:03:25', '2015-01-28 10:37:44', '2015-01-28 10:37:44'),
(21, 63, 6, '2015-02-04 09:01:04', '2015-02-04 14:37:09', '2015-02-04 09:01:04', '2015-02-04 09:01:04'),
(22, 19, 4, '2015-02-09 17:10:02', NULL, '2015-02-09 17:10:02', '2015-02-09 17:10:02'),
(23, 60, 7, '2015-02-10 16:08:07', NULL, '2015-02-10 16:08:07', '2015-02-10 16:08:07');

-- --------------------------------------------------------

--
-- 表的结构 `cbd_borrow`
--

CREATE TABLE IF NOT EXISTS `cbd_borrow` (
  `id` int(11) NOT NULL AUTO_INCREMENT,
  `file_id` int(11) NOT NULL,
  `usr_id` int(11) NOT NULL COMMENT '借档案人ID',
  `borrow_time` datetime NOT NULL DEFAULT CURRENT_TIMESTAMP COMMENT '借出时间',
  `return_time` datetime DEFAULT NULL COMMENT '归还时间',
  `create_time` datetime NOT NULL DEFAULT CURRENT_TIMESTAMP COMMENT '记录生成时间',
  PRIMARY KEY (`id`),
  KEY `usr_id` (`usr_id`),
  KEY `file_id` (`file_id`)
) ENGINE=InnoDB  DEFAULT CHARSET=utf8 COMMENT='档案借出归还表' AUTO_INCREMENT=12 ;

--
-- 转存表中的数据 `cbd_borrow`
--

INSERT INTO `cbd_borrow` (`id`, `file_id`, `usr_id`, `borrow_time`, `return_time`, `create_time`) VALUES
(1, 20, 4, '2014-01-14 16:01:42', '2014-01-26 11:01:02', '2014-01-14 16:57:42'),
(2, 6, 5, '2014-04-16 15:04:47', '2014-04-16 15:04:33', '2014-04-16 15:05:47'),
(3, 127, 5, '2014-05-09 09:05:50', NULL, '2014-05-09 09:23:50'),
(4, 180, 4, '2014-05-21 17:05:42', '2014-05-21 17:05:54', '2014-05-21 17:23:42'),
(5, 180, 3, '2014-05-21 17:05:34', '2014-05-22 09:05:29', '2014-05-21 17:27:34'),
(6, 149, 5, '2014-06-12 14:06:02', '2014-06-25 10:06:48', '2014-06-12 14:19:02'),
(7, 8, 3, '2014-07-30 15:07:30', '2014-07-30 15:07:39', '2014-07-30 15:17:30'),
(8, 8, 3, '2014-07-30 15:07:54', '2014-07-30 16:07:39', '2014-07-30 15:37:54'),
(9, 236, 7, '2014-09-12 14:33:58', '2014-09-15 14:35:53', '2014-09-12 14:33:58'),
(10, 293, 9, '2014-09-18 10:21:06', '2014-09-19 14:35:08', '2014-09-18 10:21:06'),
(11, 535, 9, '2015-01-29 18:50:37', '2015-01-30 17:01:34', '2015-01-29 18:50:37');

-- --------------------------------------------------------

--
-- 表的结构 `cbd_contact`
--

CREATE TABLE IF NOT EXISTS `cbd_contact` (
  `id` int(11) NOT NULL AUTO_INCREMENT,
  `org_id` int(11) NOT NULL COMMENT '组织机构的ID',
  `name` varchar(5) NOT NULL COMMENT '姓名',
  `depart` varchar(15) NOT NULL COMMENT '部门/科室/处室',
  `duty` varchar(10) DEFAULT NULL COMMENT '职务/等级',
  `mobile` char(11) NOT NULL COMMENT '手机',
  `phone` varchar(15) DEFAULT NULL COMMENT '固定电话',
  `tax` varchar(15) DEFAULT NULL COMMENT '传真',
  `email` varchar(50) DEFAULT NULL COMMENT 'email',
  PRIMARY KEY (`id`),
  KEY `org_id` (`org_id`)
) ENGINE=InnoDB  DEFAULT CHARSET=utf8 COMMENT='联系人' AUTO_INCREMENT=139 ;

--
-- 转存表中的数据 `cbd_contact`
--

INSERT INTO `cbd_contact` (`id`, `org_id`, `name`, `depart`, `duty`, `mobile`, `phone`, `tax`, `email`) VALUES
(2, 2, '潘树伟', '土地建设', '', '13802762233', '', '', ''),
(3, 2, '彭仕勤', '土地建设', '', '13710337193', '', '', ''),
(4, 3, '袁皞', '', '副科长', '13632330770', '18923098399', '', '53226511@qq.com'),
(5, 3, '黄家添', '', '常务副主任', '13802779210', '83061575', '', ''),
(6, 3, '龙海辉', '市建委', '科长', '13556056720', '', '', ''),
(7, 4, '徐秀彬', '银行处', '处长', '13560426778', '83171676', '', 'xnxb@gz.gov.cn'),
(8, 4, '刘海林', '银行处', '科员', '13609792582', '83171673', '', 'liu_hai_lin@yahoo.com.cn'),
(9, 5, '黄智', '地规处', '科长', '13688862142', '83194240', '', '248440467@qq.com'),
(10, 6, '刘名瑞', '重点项目规划部', '部长', '13500020666', '83198065', '', 'liumr2006@126.com'),
(11, 6, '吕萌丽', '重点项目规划部', '副部长', '13929518820', '', '', ''),
(12, 7, '刁尚在', '', '总工程师', '13602798479', '', '', ''),
(13, 7, '王萌', '综合部', '部长', '13928880885', '', '', ''),
(14, 7, '陈嘉乐', '工程管理部', '部长', '13600041772', '', '', ''),
(15, 7, '袁浩', '工程管理部', '', '13570710910', '', '', ''),
(16, 8, '李晓娟', '', '副主任', '13711456007', '', '', ''),
(17, 8, '吴洁莹', '土地出让部', '部长', '18664680043', '83908032', '', ''),
(18, 8, '贾莉莉', '土地出让部', '副部长', '13802907877', '83848881', '', ''),
(19, 8, '吴涛', '土地出让部', '副主任科员', '13928833328', '83908046', '', 'wutao304@126.com'),
(20, 8, '刘悦华', '前期研究部', '副主任科员', '13826412046', '', '', ''),
(21, 8, '文伦', '征地部', '副部长', '13808840121', '', '', ''),
(22, 9, '汪健东', '督办科', '副主任科员', '13926074030', '38623147', '', ''),
(23, 9, '钟建军', '', '', '13602801905', '', '', ''),
(24, 9, '赖永利', '', '', '15876561775', '38624767', '', ''),
(25, 9, '陈柳', '', '', '', '38623640', '', ''),
(26, 10, '廖胜平', '', '主任', '13822288389', '', '', ''),
(27, 10, '杨学勇', '', '副主任（暂代）', '13903004866', '', '', ''),
(28, 10, '沈莎', '前期部', '部长', '13609038891', '85559583', '', ''),
(29, 10, '许培', '工程部', '部长', '13922203158', '85555265', '', ''),
(30, 10, '杨安华', '征拆部', '部长', '13538776237', '', '', ''),
(31, 11, '童小群', '土地利用科', '科长', '13434138558', '85552039', '', ''),
(32, 11, '刘泓甫', '土地利用科', '', '13929566646', '85551652', '85559052', ''),
(33, 12, '冯惠香', '用地规划科', '科长', '13710665598', '87509959', '', ''),
(34, 12, '王磊', '用地规划科', '', '13802795559', '87547907', '', ''),
(35, 13, '甘惠', '', '', '', '85578112', '', ''),
(36, 13, '张琪曼', '（负责起步区设计专项经费）', '', '', '85559506', '', ''),
(37, 13, '刘芳', '（负责起步区征拆专项经费）', '', '', '85670691', '', ''),
(38, 13, '孙绚', '国资办', '主任', '13711123313', '85578925', '', ''),
(39, 14, '汪松苗', '', '常务副主任', '', '38472829', '', ''),
(40, 14, '黄新锋', '', '副主任', '', '38498179', '', ''),
(41, 13, '邓伟仪', '国资办', '', '13751893312', '85535937', '', ''),
(42, 14, '曹建强', '业务科', '科长', '13332896669', '', '', ''),
(43, 14, '王如琨', '业务科', '', '18688381977', '', '', ''),
(44, 15, '刘华', '', '董事长', '13600083060', '87516368', '', ''),
(45, 15, '罗白义', '', '副总经理', '13829730525', '87516818', '', ''),
(46, 18, '罗毓春', '', '经理', '13925001975', '', '', '13925001975@139.com'),
(47, 18, '胡萍', '', '集团副总裁', '18620218888', '', '84491188', 'gzcjhp126@126.com'),
(50, 19, '罗世炯', '商业设计部', '高级建筑师', '15917360466', '85500821', '85500798', 'luosj@kwgproperty.com'),
(51, 19, '赖予旗', '广州公司总经办', '工程副总经理', '13922248188', '85500600', '85500699', 'laiyq@kwgproperty.com'),
(52, 20, '廖伟明', '', '金融城项目经理', '13829997851', '', '', '595919960@qq.com'),
(53, 20, '王嘉源', '广东房地产事业部技术管理和产品', '', '13798172489', '88828883', '88828893', 'jywang_ld@126.com'),
(54, 23, '李红', '', '董事、副总经理', '13926191511', '85288003', '85288309', 'hongjun_2004@126.com'),
(55, 24, '梁雷鸣', '行政部', '副总经理', '13922092998', '', '', ''),
(56, 25, '李瀛', '办公室主任', '办公室主任', '13922276721', '', '', ''),
(57, 26, '袁才奉', '投资发展部', '经理', '13760424118', '86 755 22 62432', '86 755 82 26670', 'yuancaifeng552@pingan.com.cn'),
(58, 26, '林蕾', '人事行政部', '副总经理', '13602585705', '86 755 22 62233', '86 755 82 26670', 'linlei@pingan.com.cn'),
(59, 26, '张永明', '', '副总经理', '13672437801', '86 20 85 264957', '86 20 85 519447', 'zhangyongming@pingan.com.cn'),
(60, 26, '李坚', '投资部', '高级投资经理', '13502579010', '86 20 87 545961', '86 20 85 519447', 'lijian255@pingan.com.cn'),
(61, 27, '吴志雄', '办公室', '总务经理', '13570048288', '38910798', '38821085', 'wuzx1@newchinalife.com'),
(62, 27, '黄向阳', '华南区域管理中心', '副总经理', '13826298918', '38807666', '38821085-801', 'huangxy2@newchinalife.com'),
(63, 18, '秦立', '投资开发部', '经理', '13926013135', '', '', '13926013135@139.com'),
(64, 28, '朱梅芳', '店铺扩展部', '区域副经理兼开发计划', '15989189913', '38913639', '38911668', 'mayzhu@aeon.com.cn'),
(65, 28, '何凤琼', '店铺拓展部', '项目担当', '13751826524', '38911666', '38911668', 'vivihe@aeon.com.cn'),
(66, 29, '叶伟勋', '开发部', '副总经理', '13602880744', '38248059', '38248009', '50385746@qq.com'),
(67, 29, '韩汝磊', '开发部', '副经理', '13600004517', '38332852', '38248009', '599167149@qq.com'),
(68, 8, '万媛媛', '土地出让部', '', '13902297070', '', '', ''),
(69, 9, '王海鸿', '区府办', '副主任（兼林区秘书）', '13826281506', '', '', ''),
(70, 5, '公晓莺', '建管处', '科长', '13763339122', '', '', ''),
(71, 24, '刘显峰', '行政部', '基建装修岗', '18306646168', '020-28099906', '020-28870701', 'rexsunday@163.com'),
(72, 24, '洪潮', '', '总行副行长、广州分行', '13922092969', '020-28308999', '020-28308907', 'hchao@gdnybank.com，zjhc2000@sina.com'),
(73, 21, '张鹰', '工程部', '金融城项目经理', '15918715526', '', '', '289248690@qq.com'),
(74, 17, '麦子豪', '', '副董事长、总经理', '13802727650', '', '', ''),
(75, 17, '梁富强', '', '董事会成员', '13802910908', '', '', ''),
(76, 30, '凌满潮', '', '董事长', '13922468322', '', '', ''),
(77, 17, '简铭钜', '', '董事长', '13503066338', '', '', ''),
(78, 12, '江伟杰', '', '副局长', '13902237365', '', '', ''),
(79, 2, '钟浩华', '', '党总支书记', '13829777444', '', '', ''),
(80, 16, '霍健勇', '-', '副董事长', '13710662578', '020-85524879', '020-85521455', 'shidong886@126.com'),
(81, 2, '钟志刚', '', '副书记、董事长', '13570122301', '', '', ''),
(82, 16, '姚伟信', '', '董事', '13809776938', '18925145872', '', ''),
(83, 11, '刘俊杰', '执法监察大队', '大队长', '13503090711', '', '', ''),
(84, 30, '刘伟鹏', '城建口', '董事', '13326406122', '', '', ''),
(85, 20, '梁珊珊', '负责绿地项目', '总经理', '13802955380', '', '', ''),
(86, 7, '张艳芳', '', '部长', '13822207626', '', '', ''),
(87, 31, '陈小兵', '', '', '18588816544', '', '', ''),
(88, 26, '王侃', '', '设计副总监', '18616569263', '85266420', '85519447', 'wangkan@pingan-realestate.com'),
(89, 7, '王琰', '综合部', '负责接待', '13825186999', '22905613', '', ''),
(90, 20, '张秦伟', '金融城绿地中心', '项目经理', '18688563028', '38312785', '38211602', 'zhangqw@ldjt-gd.com，275522957@qq.com'),
(91, 20, '孟勇', '金融城绿地中心', '驻场代表', '13669280412', '', '', ''),
(92, 24, '陈家诚', '总行重点工程项目管理办公室', '副主任', '18028808151', '', '', ''),
(93, 26, '郑重华', '人事行政部', '经理', '18718886826', '020-85519447', '', ''),
(94, 29, '许炎花', '开发部', '部门主管', '13826120800', '020-38332821', '020-38248009', ''),
(96, 29, '彭敬翔', '开发部', '主管', '18688868293', '020-38248028', '020-38248009', ''),
(97, 25, '杨丽旭', '办公室', '', '18902216570', '020-38286513', '020-22373718-10', ''),
(98, 23, '曾昱', '工程管理部', '负责人', '13602747881', '020-38216516', '020-85288255', ''),
(99, 23, '杨铭', '工程管理部', '高级工程师', '13352839933', '020-38876022', '020-85288256', 'ttzygcb@126.com'),
(100, 23, '傅维平', '工程管理部', '工程师', '18902301680', '020-85288256', '020-85288256', ''),
(101, 19, '洪经理', '-', '金融城项目经理', '13503051006', '', '', '364517558@qq.com'),
(103, 32, '赵书宁', '工程管理中心', '副总经理', '13570345506', '', '', 'zhaoshuning@polycn.com'),
(104, 32, '黄双立', '综合事务中心', '副总经理', '13560439225', '020-84120639', '020-84120580', 'huangshuangli@polycn.com'),
(105, 20, '韦海平', '工程部', '', '13808824998', '', '', 'weihp@ldjt-gd.com'),
(106, 33, '江科', '设施处', '', '13802417445', '', '', ''),
(107, 5, '李曦欣', '建管处', '', '13632370619', '', '', 'qq：85801153'),
(108, 5, '卫科', '重点工程督办处', '', '', '83124439', '', ''),
(109, 5, '黄处', '重点工程督办处', '', '', '83124432', '', ''),
(110, 19, '李强', '', '总经理（项目总负责人', '13538776434', '', '', ''),
(111, 19, '曾玉贤', '', '土建工程师', '13512720634', '', '', ''),
(112, 35, '卢亚华', '企业管理部', '总经理', '18028688656', '', '', ''),
(113, 34, '陈韬', '无', '副总经理', '无', '82160398', '', ''),
(114, 20, '潘汉明', '金融城绿地中心', '项目总经理', '18666091908', '', '', '37692@qq.com'),
(115, 17, '苏志均', '拓展部', '', '13632323923', '020-82161155', '020-82161155', '332962183@qq.com'),
(116, 8, '吴探文', '征地部', '副主任科员', '18675893101', '', '', ''),
(117, 21, '张工', '现场', '工程师', '18502006216', '', '', ''),
(118, 36, '林金龙', '无', '院长', '13322803156', '', '', 'limkl@163.com'),
(119, 36, '罗宗斌', '规划一所', '所长', '13808870299', '', '', ''),
(120, 36, '刘振威', '规划二所', '', '13570314675', '', '', ''),
(121, 6, '纪悦', '重点部', '', '13570568612', '83193255', '', ''),
(122, 6, '刘顺辉', '无', '', '13539920061', '83193276', '', ''),
(123, 6, '李青云', '无', '无', '13570942737', '83314264', '', ''),
(124, 26, '梁亚丽', '无', '无', '18665588080', '', '', 'liangyali@pingan-realestate.com'),
(125, 37, '肖俊雯', '工程物管部', '副经理', '13632250093', '38089666', '', 'maosiao@163.com'),
(126, 37, '黄伟俊', '无', '副总经理', '13802751113', '26081896', '', '1293507916@qq.com'),
(127, 37, '陈强', '无', '董事长', '18988836288', '26086001', '', 'cqhyn@sina.com'),
(128, 38, '梁建春', '无', '总经理', '13926008228', '26080622', '', '13926008228@139.com'),
(129, 25, '戴司雄', '-', '', '18902216606', '020-38286586', '020-22373718-10', 'daisx@wlzq.com.cn；QQ:5215201'),
(130, 38, '段新武', '无', '总经理', '13926128787', '', '', ''),
(131, 39, '陈文斌', '-', '科员', '15913133788', '38622703', '', ''),
(132, 35, '许莎雯', '投资部', '无', '13560152848', '', '', '304515345@qq.com'),
(133, 35, '匡胜国', '投资部', '总经理', '13926039646', '', '', ''),
(134, 40, '文谦', '发展部', '区域副总经理', '13810881854', '85853271', '85587474', 'wenqian@wanda.com.cn'),
(135, 40, '徐远林', '无', '副总经理', '13635494870', '28688377', '28688088', 'xuyuanlin@wanda.com.cn'),
(136, 41, '刘飞', '投资发展中心', '投资经理', '15601958020', '021-63308103', '021-63301166-10', 'liufei@fosun.com'),
(137, 41, '叶若舟', '投资发展中心', '执行总经理', '13564653507', '021-63301166-11', '021-63301166-10', 'yerzh@fosun.com'),
(138, 35, '卢遵荣', '无', '总经理', '13501505978', '38119898', '38119897', 'lzr@cscec4b.com.cn');

-- --------------------------------------------------------

--
-- 表的结构 `cbd_file`
--

CREATE TABLE IF NOT EXISTS `cbd_file` (
  `id` int(11) NOT NULL AUTO_INCREMENT,
  `file_no` char(12) DEFAULT NULL COMMENT '档案编号',
  `write_id` int(11) DEFAULT NULL COMMENT '主动发文档案id',
  `rec_id` int(11) DEFAULT NULL COMMENT '收文id',
  `binding_time` datetime DEFAULT NULL COMMENT '归档时间',
  `binding_person` int(11) DEFAULT NULL COMMENT '归档人员',
  `is_borrow` tinyint(1) NOT NULL DEFAULT '0' COMMENT '状态：0表示正常，1表示借出',
  `create_time` datetime NOT NULL DEFAULT CURRENT_TIMESTAMP COMMENT '记录生成时间',
  `update_time` datetime NOT NULL DEFAULT CURRENT_TIMESTAMP COMMENT '记录修改时间',
  PRIMARY KEY (`id`),
  KEY `binding_person` (`binding_person`)
) ENGINE=InnoDB  DEFAULT CHARSET=utf8 COMMENT='档案表' AUTO_INCREMENT=580 ;

--
-- 转存表中的数据 `cbd_file`
--

INSERT INTO `cbd_file` (`id`, `file_no`, `write_id`, `rec_id`, `binding_time`, `binding_person`, `is_borrow`, `create_time`, `update_time`) VALUES
(1, 'JF201401-001', 1, 39, '2014-01-06 09:37:21', 4, 0, '2014-01-06 09:37:21', '2014-01-06 09:37:21'),
(2, 'JF201401-002', 2, NULL, '2014-01-06 14:56:19', 4, 0, '2014-01-06 14:56:19', '2014-01-06 14:56:19'),
(3, 'JF201401-003', NULL, 41, '2014-01-07 11:20:50', 5, 0, '2014-01-07 11:20:50', '2014-01-07 11:20:50'),
(4, 'JF201401-004', NULL, 42, '2014-01-07 11:21:49', 5, 0, '2014-01-07 11:21:49', '2014-01-07 11:21:49'),
(5, 'JF201401-005', NULL, 43, '2014-01-07 11:22:01', 5, 0, '2014-01-07 11:22:01', '2014-01-07 11:22:01'),
(6, 'JF201401-006', 5, 38, '2014-01-07 16:14:30', 5, 0, '2014-01-07 16:14:30', '2014-04-16 15:04:33'),
(7, 'JF201401-007', NULL, 45, '2014-01-07 16:14:57', 5, 0, '2014-01-07 16:14:57', '2014-01-07 16:14:57'),
(8, 'JF201401-008', 6, 40, '2014-01-07 16:15:15', 5, 0, '2014-01-07 16:15:15', '2014-07-30 16:07:39'),
(9, 'JF201401-009', 4, 44, '2014-01-07 16:15:30', 5, 0, '2014-01-07 16:15:30', '2014-01-07 16:15:30'),
(10, 'JF201401-010', 7, NULL, '2014-01-08 11:40:39', 5, 0, '2014-01-08 11:40:39', '2014-01-08 11:40:39'),
(11, 'JF201401-011', NULL, 49, '2014-01-08 16:06:29', 5, 0, '2014-01-08 16:06:29', '2014-01-08 16:06:29'),
(12, 'JF201401-012', NULL, 50, '2014-01-08 16:06:39', 5, 0, '2014-01-08 16:06:39', '2014-01-08 16:06:39'),
(13, 'JF201401-013', NULL, 48, '2014-01-08 16:39:13', 5, 0, '2014-01-08 16:39:13', '2014-01-08 16:39:13'),
(14, 'JF201401-014', NULL, 46, '2014-01-09 11:21:24', 5, 0, '2014-01-09 11:21:24', '2014-01-09 11:21:24'),
(15, 'JF201401-015', 8, 47, '2014-01-09 15:29:02', 5, 0, '2014-01-09 15:29:02', '2014-01-09 15:29:02'),
(16, 'JF201401-016', 9, 52, '2014-01-13 09:09:42', 5, 0, '2014-01-13 09:09:42', '2014-01-13 09:09:42'),
(17, 'JF201401-017', NULL, 51, '2014-01-13 09:18:07', 5, 0, '2014-01-13 09:18:07', '2014-01-13 09:18:07'),
(18, 'JF201401-018', NULL, 53, '2014-01-13 14:04:58', 5, 0, '2014-01-13 14:04:58', '2014-01-13 14:04:58'),
(19, 'JF201401-019', NULL, 54, '2014-01-14 10:19:15', 5, 0, '2014-01-14 10:19:15', '2014-01-14 10:19:15'),
(20, 'JF201401-020', 10, NULL, '2014-01-14 10:19:25', 5, 0, '2014-01-14 10:19:25', '2014-01-26 11:01:02'),
(21, 'JF201401-021', NULL, 56, '2014-01-14 15:38:22', 5, 0, '2014-01-14 15:38:22', '2014-01-14 15:38:22'),
(22, 'JF201401-022', NULL, 55, '2014-01-15 14:56:08', 5, 0, '2014-01-15 14:56:08', '2014-01-15 14:56:08'),
(23, 'JF201401-023', NULL, 57, '2014-01-15 15:07:09', 5, 0, '2014-01-15 15:07:09', '2014-01-15 15:07:09'),
(24, 'JF201401-024', 12, 61, '2014-01-16 16:50:37', 5, 0, '2014-01-16 16:50:37', '2014-01-16 16:50:37'),
(25, 'JF201401-025', NULL, 58, '2014-01-16 16:50:49', 5, 0, '2014-01-16 16:50:49', '2014-01-16 16:50:49'),
(26, 'JF201401-026', NULL, 59, '2014-01-16 16:51:07', 5, 0, '2014-01-16 16:51:07', '2014-01-16 16:51:07'),
(27, 'JF201401-027', NULL, 63, '2014-01-16 16:51:13', 5, 0, '2014-01-16 16:51:13', '2014-01-16 16:51:13'),
(28, 'JF201401-028', NULL, 65, '2014-01-20 17:09:50', 5, 0, '2014-01-20 17:09:50', '2014-01-20 17:09:50'),
(29, 'JF201401-029', NULL, 67, '2014-01-21 15:12:26', 5, 0, '2014-01-21 15:12:26', '2014-01-21 15:12:26'),
(30, 'JF201401-030', NULL, 66, '2014-01-23 09:47:07', 5, 0, '2014-01-23 09:47:07', '2014-01-23 09:47:07'),
(31, 'JF201401-031', 13, NULL, '2014-01-24 14:13:48', 5, 0, '2014-01-24 14:13:48', '2014-01-24 14:13:48'),
(32, 'JF201401-032', NULL, 68, '2014-01-26 10:22:31', 5, 0, '2014-01-26 10:22:31', '2014-01-26 10:22:31'),
(33, 'JF201401-033', NULL, 69, '2014-01-26 10:32:03', 5, 0, '2014-01-26 10:32:03', '2014-01-26 10:32:03'),
(34, 'JF201401-034', NULL, 70, '2014-01-26 10:32:10', 5, 0, '2014-01-26 10:32:10', '2014-01-26 10:32:10'),
(35, 'JF201401-035', NULL, 60, '2014-01-26 10:59:12', 5, 0, '2014-01-26 10:59:12', '2014-01-26 10:59:12'),
(36, 'JF201401-036', 14, 64, '2014-01-26 11:01:04', 5, 0, '2014-01-26 11:01:04', '2014-01-26 11:01:04'),
(37, 'JF201401-037', NULL, 71, '2014-01-27 14:18:52', 5, 0, '2014-01-27 14:18:52', '2014-01-27 14:18:52'),
(38, 'JF201401-038', 15, NULL, '2014-01-29 14:18:47', 5, 0, '2014-01-29 14:18:47', '2014-01-29 14:18:47'),
(39, 'JF201402-001', NULL, 75, '2014-02-07 15:10:12', 5, 0, '2014-02-07 15:10:12', '2014-02-07 15:10:12'),
(40, 'JF201402-002', NULL, 62, '2014-02-07 15:12:52', 5, 0, '2014-02-07 15:12:52', '2014-02-07 15:12:52'),
(41, 'JF201402-003', 16, NULL, '2014-02-10 14:56:33', 5, 0, '2014-02-10 14:56:33', '2014-02-10 14:56:33'),
(42, 'JF201402-004', 18, 76, '2014-02-28 15:04:17', 5, 0, '2014-02-28 15:04:17', '2014-02-28 15:04:17'),
(43, 'JF201402-005', NULL, 72, '2014-02-28 16:43:42', 5, 0, '2014-02-28 16:43:42', '2014-02-28 16:43:42'),
(44, 'JF201402-006', NULL, 74, '2014-02-28 16:43:52', 5, 0, '2014-02-28 16:43:52', '2014-02-28 16:43:52'),
(46, 'JF201402-007', 17, NULL, '2014-02-28 16:54:02', 5, 0, '2014-02-28 16:54:02', '2014-02-28 16:54:02'),
(47, 'JF201402-008', NULL, 73, '2014-02-28 11:45:24', 4, 0, '2014-03-05 11:45:24', '2014-03-05 11:45:24'),
(48, 'JF201402-009', 19, 77, '2014-02-28 11:45:46', 4, 0, '2014-03-05 11:45:46', '2014-03-05 11:45:46'),
(49, 'JF201401-039', NULL, 78, '2014-01-29 13:58:25', 4, 0, '2014-03-05 13:58:25', '2014-03-05 13:58:25'),
(50, 'JF201402-010', NULL, 79, '2014-02-28 14:13:51', 4, 0, '2014-03-05 14:13:51', '2014-03-05 14:13:51'),
(51, 'JF201402-011', NULL, 80, '2014-02-28 14:24:24', 4, 0, '2014-03-05 14:24:24', '2014-03-05 14:24:24'),
(52, 'JF201402-012', NULL, 81, '2014-02-28 14:42:22', 4, 0, '2014-03-05 14:42:22', '2014-03-05 14:42:22'),
(53, 'JF201402-013', NULL, 82, '2014-02-28 14:54:23', 4, 0, '2014-03-05 14:54:23', '2014-03-05 14:54:23'),
(54, 'JF201402-014', NULL, 83, '2014-02-28 15:08:21', 4, 0, '2014-03-05 15:08:21', '2014-03-05 15:08:21'),
(55, 'JF201402-015', NULL, 84, '2014-02-28 15:19:13', 4, 0, '2014-03-05 15:19:13', '2014-03-05 15:19:13'),
(56, 'JF201402-016', 20, 85, '2014-02-28 15:29:33', 4, 0, '2014-03-05 15:29:33', '2014-03-05 15:29:33'),
(57, 'JF201402-017', 21, 86, '2014-02-28 15:51:32', 4, 0, '2014-03-05 15:51:32', '2014-03-05 15:51:32'),
(58, 'JF201402-018', NULL, 87, '2014-02-28 15:55:35', 4, 0, '2014-03-05 15:55:35', '2014-03-05 15:55:35'),
(59, 'JF201402-019', NULL, 88, '2014-02-28 16:04:37', 4, 0, '2014-03-05 16:04:37', '2014-03-05 16:04:37'),
(60, 'JF201402-020', 22, 89, '2014-02-28 16:15:58', 4, 0, '2014-03-05 16:15:58', '2014-03-05 16:15:58'),
(61, 'JF201402-021', NULL, 90, '2014-02-28 16:28:06', 4, 0, '2014-03-05 16:28:06', '2014-03-05 16:28:06'),
(62, 'JF201402-022', NULL, 91, '2014-02-28 16:41:51', 4, 0, '2014-03-05 16:41:51', '2014-03-05 16:41:51'),
(63, 'JF201402-023', NULL, 92, '2014-02-28 16:49:07', 4, 0, '2014-03-05 16:49:07', '2014-03-05 16:49:07'),
(64, 'JF201402-024', 23, 93, '2014-02-28 17:30:06', 4, 0, '2014-03-06 10:55:06', '2014-03-06 10:55:06'),
(65, 'JF201402-025', 24, 94, '2014-02-28 18:06:02', 4, 0, '2014-03-06 11:06:02', '2014-03-06 11:06:02'),
(66, 'JF201402-026', 25, NULL, '2014-02-28 11:11:17', 4, 0, '2014-03-06 11:11:17', '2014-03-06 11:11:17'),
(67, 'JF201403-001', 26, 99, '2014-03-07 10:06:05', 4, 0, '2014-03-07 10:06:05', '2014-03-07 10:06:05'),
(68, 'JF201403-002', 27, 95, '2014-03-07 10:58:40', 4, 0, '2014-03-07 10:58:40', '2014-03-07 10:58:40'),
(69, 'JF201403-003', NULL, 97, '2014-03-07 11:19:48', 4, 0, '2014-03-07 11:19:48', '2014-03-07 11:19:48'),
(70, 'JF201403-004', NULL, 98, '2014-03-07 11:19:58', 4, 0, '2014-03-07 11:19:58', '2014-03-07 11:19:58'),
(71, 'JF201403-005', 29, 100, '2014-03-07 11:45:32', 4, 0, '2014-03-07 11:45:32', '2014-03-07 11:45:32'),
(72, 'JF201403-006', 30, 102, '2014-03-07 15:17:08', 4, 0, '2014-03-07 15:17:08', '2014-03-07 15:17:08'),
(73, 'JF201403-007', 32, NULL, '2014-03-10 09:40:37', 4, 0, '2014-03-10 09:40:37', '2014-03-10 09:40:37'),
(74, 'JF201403-008', 31, NULL, '2014-03-10 09:41:15', 4, 0, '2014-03-10 09:41:15', '2014-03-10 09:41:15'),
(75, 'JF201403-009', NULL, 101, '2014-03-10 09:47:29', 4, 0, '2014-03-10 09:47:29', '2014-03-10 09:47:29'),
(76, 'JF201403-010', NULL, 104, '2014-03-10 09:50:53', 4, 0, '2014-03-10 09:50:53', '2014-03-10 09:50:53'),
(77, 'JF201403-011', 33, 103, '2014-03-10 15:21:56', 4, 0, '2014-03-10 15:21:56', '2014-03-10 15:21:56'),
(78, 'JF201403-012', NULL, 105, '2014-03-10 15:32:21', 4, 0, '2014-03-10 15:32:21', '2014-03-10 15:32:21'),
(79, 'JF201403-013', NULL, 107, '2014-03-12 08:53:05', 4, 0, '2014-03-12 08:53:05', '2014-03-12 08:53:05'),
(80, 'JF201403-014', 34, 111, '2014-03-13 17:09:02', 4, 0, '2014-03-13 17:09:02', '2014-03-13 17:09:02'),
(81, 'JF201403-015', NULL, 110, '2014-03-13 17:09:22', 4, 0, '2014-03-13 17:09:22', '2014-03-13 17:09:22'),
(82, 'JF201403-016', 35, 113, '2014-03-13 17:28:18', 4, 0, '2014-03-13 17:28:18', '2014-03-13 17:28:18'),
(83, 'JF201403-017', NULL, 106, '2014-03-14 14:00:09', 4, 0, '2014-03-14 14:00:09', '2014-03-14 14:00:09'),
(84, 'JF201403-018', NULL, 112, '2014-03-14 14:00:54', 4, 0, '2014-03-14 14:00:54', '2014-03-14 14:00:54'),
(85, 'JF201403-019', NULL, 114, '2014-03-14 14:17:16', 4, 0, '2014-03-14 14:17:16', '2014-03-14 14:17:16'),
(86, 'JF201403-020', 36, 116, '2014-03-14 15:44:37', 4, 0, '2014-03-14 15:44:37', '2014-03-14 15:44:37'),
(87, 'JF201403-021', NULL, 115, '2014-03-14 15:47:55', 4, 0, '2014-03-14 15:47:55', '2014-03-14 15:47:55'),
(88, 'JF201403-022', 37, NULL, '2014-03-17 13:57:29', 4, 0, '2014-03-17 13:57:29', '2014-03-17 13:57:29'),
(89, 'JF201403-023', NULL, 117, '2014-03-18 16:47:33', 6, 0, '2014-03-18 16:47:33', '2014-03-18 16:47:33'),
(90, 'JF201403-024', 38, NULL, '2014-03-19 09:31:31', 6, 0, '2014-03-19 09:31:31', '2014-03-19 09:31:31'),
(91, 'JF201403-025', 39, NULL, '2014-03-19 09:32:01', 6, 0, '2014-03-19 09:32:01', '2014-03-19 09:32:01'),
(92, 'JF201403-026', NULL, 108, '2014-03-20 09:35:42', 6, 0, '2014-03-20 09:35:42', '2014-03-20 09:35:42'),
(93, 'JF201403-027', 40, NULL, '2014-03-21 10:53:25', 6, 0, '2014-03-21 10:53:25', '2014-03-21 10:53:25'),
(94, 'JF201403-028', NULL, 118, '2014-03-21 11:29:55', 6, 0, '2014-03-21 11:29:55', '2014-03-21 11:29:55'),
(95, 'JF201403-029', NULL, 121, '2014-03-24 11:18:22', 6, 0, '2014-03-24 11:18:22', '2014-03-24 11:18:22'),
(96, 'JF201403-030', 43, NULL, '2014-03-24 12:10:12', 6, 0, '2014-03-24 12:10:12', '2014-03-24 12:10:12'),
(97, 'JF201403-031', 41, 96, '2014-03-24 14:08:41', 6, 0, '2014-03-24 14:08:41', '2014-03-24 14:08:41'),
(98, 'JF201403-032', 42, 109, '2014-03-24 14:12:37', 6, 0, '2014-03-24 14:12:37', '2014-03-24 14:12:37'),
(99, 'JF201403-033', NULL, 119, '2014-03-24 14:22:49', 6, 0, '2014-03-24 14:22:49', '2014-03-24 14:22:49'),
(100, 'JF201403-034', NULL, 122, '2014-03-24 14:26:39', 6, 0, '2014-03-24 14:26:39', '2014-03-24 14:26:39'),
(101, 'JF201403-035', NULL, 123, '2014-03-24 14:29:31', 6, 0, '2014-03-24 14:29:31', '2014-03-24 14:29:31'),
(102, 'JF201403-036', NULL, 124, '2014-03-24 16:48:27', 6, 0, '2014-03-24 16:48:27', '2014-03-24 16:48:27'),
(103, 'JF201403-037', 44, 120, '2014-03-25 09:48:06', 6, 0, '2014-03-25 09:48:06', '2014-03-25 09:48:06'),
(104, 'JF201403-038', NULL, 125, '2014-03-26 17:19:32', 6, 0, '2014-03-26 17:19:32', '2014-03-26 17:19:32'),
(105, 'JF201403-039', NULL, 126, '2014-03-26 17:21:33', 6, 0, '2014-03-26 17:21:33', '2014-03-26 17:21:33'),
(106, 'JF201403-040', NULL, 135, '2014-03-27 11:05:46', 6, 0, '2014-03-27 11:05:46', '2014-03-27 11:05:46'),
(107, 'JF201403-041', 46, 134, '2014-03-28 14:14:56', 6, 0, '2014-03-28 14:14:56', '2014-03-28 14:14:56'),
(108, 'JF201403-042', 47, NULL, '2014-03-28 16:01:01', 6, 0, '2014-03-28 16:01:01', '2014-03-28 16:01:01'),
(109, 'JF201403-043', 45, 127, '2014-03-31 11:29:43', 5, 0, '2014-03-31 11:29:43', '2014-03-31 11:29:43'),
(110, 'JF201403-044', NULL, 130, '2014-03-31 11:30:05', 5, 0, '2014-03-31 11:30:05', '2014-03-31 11:30:05'),
(111, 'JF201403-045', NULL, 131, '2014-03-31 11:30:15', 5, 0, '2014-03-31 11:30:15', '2014-03-31 11:30:15'),
(112, 'JF201403-046', NULL, 133, '2014-03-31 11:30:24', 5, 0, '2014-03-31 11:30:24', '2014-03-31 11:30:24'),
(113, 'JF201403-047', NULL, 139, '2014-03-31 18:17:29', 5, 0, '2014-03-31 18:17:29', '2014-03-31 18:17:29'),
(114, 'JF201404-001', NULL, 132, '2014-04-01 10:40:09', 4, 0, '2014-04-01 10:40:09', '2014-04-01 10:40:09'),
(115, 'JF201404-002', NULL, 140, '2014-04-01 10:40:17', 4, 0, '2014-04-01 10:40:17', '2014-04-01 10:40:17'),
(116, 'JF201404-003', 48, 129, '2014-04-02 09:01:24', 4, 0, '2014-04-02 09:01:24', '2014-04-02 09:01:24'),
(117, 'JF201404-004', NULL, 136, '2014-04-02 09:01:32', 4, 0, '2014-04-02 09:01:32', '2014-04-02 09:01:32'),
(118, 'JF201404-005', NULL, 137, '2014-04-02 10:12:00', 4, 0, '2014-04-02 10:12:00', '2014-04-02 10:12:00'),
(119, 'JF201404-006', NULL, 143, '2014-04-03 10:04:07', 4, 0, '2014-04-03 10:04:07', '2014-04-03 10:04:07'),
(120, 'JF201404-007', NULL, 142, '2014-04-04 09:15:38', 4, 0, '2014-04-04 09:15:38', '2014-04-04 09:15:38'),
(121, 'JF201404-008', NULL, 138, '2014-04-04 09:35:37', 4, 0, '2014-04-04 09:35:37', '2014-04-04 09:35:37'),
(122, 'JF201404-009', 50, NULL, '2014-04-04 09:44:25', 4, 0, '2014-04-04 09:44:25', '2014-04-04 09:44:25'),
(123, 'JF201404-010', 49, 144, '2014-04-04 09:56:10', 4, 0, '2014-04-04 09:56:10', '2014-04-04 09:56:10'),
(124, 'JF201404-011', NULL, 145, '2014-04-04 10:58:46', 4, 0, '2014-04-04 10:58:46', '2014-04-04 10:58:46'),
(125, 'JF201404-012', NULL, 141, '2014-04-04 11:56:14', 4, 0, '2014-04-04 11:56:14', '2014-04-04 11:56:14'),
(126, 'JF201404-013', 51, 146, '2014-04-04 14:23:27', 4, 0, '2014-04-04 14:23:27', '2014-04-04 14:23:27'),
(127, 'JF201404-014', 52, NULL, '2014-04-08 10:53:14', 4, 0, '2014-04-08 10:53:14', '2014-05-13 14:05:50'),
(128, 'JF201404-015', NULL, 147, '2014-04-10 13:56:06', 4, 0, '2014-04-10 13:56:06', '2014-04-10 13:56:06'),
(129, 'JF201404-016', NULL, 148, '2014-04-10 13:56:13', 4, 0, '2014-04-10 13:56:13', '2014-04-10 13:56:13'),
(130, 'JF201404-017', NULL, 149, '2014-04-10 13:59:57', 4, 0, '2014-04-10 13:59:57', '2014-04-10 13:59:57'),
(131, 'JF201404-018', 53, 151, '2014-04-14 10:31:18', 4, 0, '2014-04-14 10:31:18', '2014-04-14 10:31:18'),
(132, 'JF201404-019', NULL, 154, '2014-04-14 14:35:37', 4, 0, '2014-04-14 14:35:37', '2014-04-14 14:35:37'),
(133, 'JF201404-020', 54, 155, '2014-04-16 11:39:27', 5, 0, '2014-04-16 11:39:27', '2014-04-16 11:39:27'),
(134, 'JF201404-021', NULL, 150, '2014-04-17 14:20:24', 5, 0, '2014-04-17 14:20:24', '2014-04-17 14:20:24'),
(135, 'JF201404-022', NULL, 157, '2014-04-17 14:20:42', 5, 0, '2014-04-17 14:20:42', '2014-04-17 14:20:42'),
(136, 'JF201404-023', NULL, 156, '2014-04-17 14:37:10', 5, 0, '2014-04-17 14:37:10', '2014-04-17 14:37:10'),
(137, 'JF201404-024', 55, NULL, '2014-04-21 16:16:11', 5, 0, '2014-04-21 16:16:11', '2014-04-21 16:16:11'),
(138, 'JF201404-025', 57, NULL, '2014-04-21 16:16:25', 5, 0, '2014-04-21 16:16:25', '2014-04-21 16:16:25'),
(140, 'JF201404-026', 56, 159, '2014-04-21 16:19:03', 5, 0, '2014-04-21 16:19:03', '2014-04-21 16:19:03'),
(141, 'JF201404-027', 58, 161, '2014-04-23 14:00:22', 5, 0, '2014-04-23 14:00:22', '2014-04-23 14:00:22'),
(143, 'JF201404-028', 59, NULL, '2014-04-23 14:02:24', 5, 0, '2014-04-23 14:02:24', '2014-04-23 14:02:24'),
(144, 'JF201404-029', NULL, 160, '2014-04-24 09:31:15', 5, 0, '2014-04-24 09:31:15', '2014-04-24 09:31:15'),
(145, 'JF201404-030', 60, 128, '2014-04-28 09:30:54', 5, 0, '2014-04-28 09:30:54', '2014-04-28 09:30:54'),
(146, 'JF201404-031', NULL, 164, '2014-04-28 09:31:07', 5, 0, '2014-04-28 09:31:07', '2014-04-28 09:31:07'),
(147, 'JF201404-032', NULL, 165, '2014-04-28 09:31:17', 5, 0, '2014-04-28 09:31:17', '2014-04-28 09:31:17'),
(148, 'JF201404-033', NULL, 158, '2014-04-29 14:21:35', 5, 0, '2014-04-29 14:21:35', '2014-04-29 14:21:35'),
(149, 'JF201404-034', NULL, 162, '2014-04-29 14:21:49', 5, 0, '2014-04-29 14:21:49', '2014-06-25 10:06:48'),
(150, 'JF201404-035', NULL, 163, '2014-04-29 14:21:56', 5, 0, '2014-04-29 14:21:56', '2014-04-29 14:21:56'),
(151, 'JF201404-036', NULL, 166, '2014-04-29 14:22:12', 5, 0, '2014-04-29 14:22:12', '2014-04-29 14:22:12'),
(152, 'JF201404-037', NULL, 173, '2014-04-29 14:26:23', 5, 0, '2014-04-29 14:26:23', '2014-04-29 14:26:23'),
(153, 'JF201405-001', NULL, 152, '2014-05-04 09:58:16', 5, 0, '2014-05-04 09:58:16', '2014-05-04 09:58:16'),
(154, 'JF201405-002', NULL, 169, '2014-05-04 10:33:54', 5, 0, '2014-05-04 10:33:54', '2014-05-04 10:33:54'),
(155, 'JF201405-003', NULL, 170, '2014-05-04 10:34:07', 5, 0, '2014-05-04 10:34:07', '2014-05-04 10:34:07'),
(156, 'JF201405-004', NULL, 171, '2014-05-04 10:34:16', 5, 0, '2014-05-04 10:34:16', '2014-05-04 10:34:16'),
(158, 'JF201405-005', 61, 167, '2014-05-04 10:34:26', 5, 0, '2014-05-04 10:34:26', '2014-05-04 10:34:26'),
(159, 'JF201405-006', 62, 172, '2014-05-04 10:34:34', 5, 0, '2014-05-04 10:34:34', '2014-05-04 10:34:34'),
(160, 'JF201405-007', NULL, 175, '2014-05-04 14:39:27', 5, 0, '2014-05-04 14:39:27', '2014-05-04 14:39:27'),
(161, 'JF201405-008', 63, NULL, '2014-05-05 13:54:53', 5, 0, '2014-05-05 13:54:53', '2014-05-05 13:54:53'),
(162, 'JF201405-009', NULL, 177, '2014-05-07 14:22:17', 5, 0, '2014-05-07 14:22:17', '2014-05-07 14:22:17'),
(163, 'JF201405-010', NULL, 179, '2014-05-07 17:08:39', 5, 0, '2014-05-07 17:08:39', '2014-05-07 17:08:39'),
(164, 'JF201405-011', NULL, 185, '2014-05-09 09:12:23', 5, 0, '2014-05-09 09:12:23', '2014-05-09 09:12:23'),
(165, 'JF201405-012', NULL, 153, '2014-05-09 14:56:41', 5, 0, '2014-05-09 14:56:41', '2014-05-09 14:56:41'),
(166, 'JF201405-013', NULL, 178, '2014-05-09 14:57:16', 5, 0, '2014-05-09 14:57:16', '2014-05-09 14:57:16'),
(167, 'JF201405-014', NULL, 183, '2014-05-09 14:57:26', 5, 0, '2014-05-09 14:57:26', '2014-05-09 14:57:26'),
(168, 'JF201405-015', 64, 181, '2014-05-09 14:57:36', 5, 0, '2014-05-09 14:57:36', '2014-05-09 14:57:36'),
(169, 'JF201405-016', 65, NULL, '2014-05-09 14:57:42', 5, 0, '2014-05-09 14:57:42', '2014-05-09 14:57:42'),
(170, 'JF201405-017', 67, 182, '2014-05-12 09:06:08', 4, 0, '2014-05-12 09:06:08', '2014-05-12 09:06:08'),
(171, 'JF201405-018', 66, 184, '2014-05-12 09:06:17', 4, 0, '2014-05-12 09:06:17', '2014-05-12 09:06:17'),
(172, 'JF201405-019', 69, 195, '2014-05-13 11:50:04', 4, 0, '2014-05-13 11:50:04', '2014-05-13 11:50:04'),
(173, 'JF201405-020', NULL, 193, '2014-05-13 10:34:00', 4, 0, '2014-05-13 10:34:00', '2014-05-13 10:34:00'),
(174, 'JF201405-021', NULL, 192, '2014-05-13 10:34:07', 4, 0, '2014-05-13 10:34:07', '2014-05-13 10:34:07'),
(175, 'JF201405-022', NULL, 194, '2014-05-13 10:34:16', 4, 0, '2014-05-13 10:34:16', '2014-05-13 10:34:16'),
(176, 'JF201405-023', NULL, 190, '2014-05-13 10:34:24', 4, 0, '2014-05-13 10:34:24', '2014-05-13 10:34:24'),
(177, 'JF201405-024', NULL, 174, '2014-05-13 10:34:35', 4, 0, '2014-05-13 10:34:35', '2014-05-13 10:34:35'),
(178, 'JF201405-025', NULL, 186, '2014-05-13 10:34:42', 4, 0, '2014-05-13 10:34:42', '2014-05-13 10:34:42'),
(179, 'JF201405-026', NULL, 191, '2014-05-13 10:34:48', 4, 0, '2014-05-13 10:34:48', '2014-05-13 10:34:48'),
(180, 'JF201405-027', 68, 188, '2014-05-13 14:15:03', 4, 0, '2014-05-13 14:15:03', '2014-05-22 09:05:29'),
(182, 'JF201405-028', 70, NULL, '2014-05-13 14:29:38', 4, 0, '2014-05-13 14:29:38', '2014-05-13 14:29:38'),
(183, 'JF201405-029', NULL, 187, '2014-05-13 14:29:47', 4, 0, '2014-05-13 14:29:47', '2014-05-13 14:29:47'),
(184, 'JF201405-030', NULL, 196, '2014-05-13 14:44:34', 4, 0, '2014-05-13 14:44:34', '2014-05-13 14:44:34'),
(185, 'JF201405-031', NULL, 197, '2014-05-13 14:44:41', 4, 0, '2014-05-13 14:44:41', '2014-05-13 14:44:41'),
(186, 'JF201405-032', NULL, 199, '2014-05-13 14:55:13', 4, 0, '2014-05-13 14:55:13', '2014-05-13 14:55:13'),
(187, 'JF201405-033', NULL, 200, '2014-05-13 17:59:46', 4, 0, '2014-05-13 17:59:46', '2014-05-13 17:59:46'),
(188, 'JF201405-034', 71, 203, '2014-05-14 11:54:41', 4, 0, '2014-05-14 11:54:41', '2014-05-14 11:54:41'),
(189, 'JF201405-035', NULL, 204, '2014-05-14 16:03:35', 4, 0, '2014-05-14 16:03:35', '2014-05-14 16:03:35'),
(190, 'JF201405-036', 72, 205, '2014-05-15 09:22:15', 4, 0, '2014-05-15 09:22:15', '2014-05-15 09:22:15'),
(191, 'JF201405-037', 73, 180, '2014-05-19 09:17:33', 4, 0, '2014-05-19 09:17:33', '2014-05-19 09:17:33'),
(192, 'JF201405-038', 74, NULL, '2014-05-19 09:17:42', 4, 0, '2014-05-19 09:17:42', '2014-05-19 09:17:42'),
(193, 'JF201405-039', 75, NULL, '2014-05-19 09:17:51', 4, 0, '2014-05-19 09:17:51', '2014-05-19 09:17:51'),
(194, 'JF201405-040', NULL, 202, '2014-05-20 09:58:55', 4, 0, '2014-05-20 09:58:55', '2014-05-20 09:58:55'),
(195, 'JF201405-041', 77, 168, '2014-05-20 09:59:49', 4, 0, '2014-05-20 09:59:49', '2014-05-20 09:59:49'),
(196, 'JF201405-042', 76, 208, '2014-05-20 10:00:00', 4, 0, '2014-05-20 10:00:00', '2014-05-20 10:00:00'),
(197, 'JF201405-043', NULL, 207, '2014-05-20 10:04:22', 4, 0, '2014-05-20 10:04:22', '2014-05-20 10:04:22'),
(198, 'JF201405-044', NULL, 198, '2014-05-20 10:05:09', 4, 0, '2014-05-20 10:05:09', '2014-05-20 10:05:09'),
(199, 'JF201405-045', NULL, 211, '2014-05-20 10:05:15', 4, 0, '2014-05-20 10:05:15', '2014-05-20 10:05:15'),
(200, 'JF201405-046', 78, 176, '2014-05-20 10:11:00', 4, 0, '2014-05-20 10:11:00', '2014-05-20 10:11:00'),
(201, 'JF201405-047', NULL, 209, '2014-05-20 10:14:51', 4, 0, '2014-05-20 10:14:51', '2014-05-20 10:14:51'),
(202, 'JF201405-048', NULL, 210, '2014-05-20 10:19:44', 4, 0, '2014-05-20 10:19:44', '2014-05-20 10:19:44'),
(203, 'JF201405-049', NULL, 212, '2014-05-21 10:41:38', 4, 0, '2014-05-21 10:41:38', '2014-05-21 10:41:38'),
(204, 'JF201405-050', 80, 214, '2014-05-23 09:19:17', 4, 0, '2014-05-23 09:19:17', '2014-05-23 09:19:17'),
(205, 'JF201405-051', 79, 217, '2014-05-23 09:19:26', 4, 0, '2014-05-23 09:19:26', '2014-05-23 09:19:26'),
(206, 'JF201405-052', NULL, 213, '2014-05-23 09:19:33', 4, 0, '2014-05-23 09:19:33', '2014-05-23 09:19:33'),
(207, 'JF201405-053', NULL, 215, '2014-05-23 09:19:39', 4, 0, '2014-05-23 09:19:39', '2014-05-23 09:19:39'),
(208, 'JF201405-054', NULL, 216, '2014-05-23 09:19:45', 4, 0, '2014-05-23 09:19:45', '2014-05-23 09:19:45'),
(209, 'JF201405-055', NULL, 218, '2014-05-23 17:37:05', 4, 0, '2014-05-23 17:37:05', '2014-05-23 17:37:05'),
(210, 'JF201405-056', NULL, 222, '2014-05-26 14:04:53', 4, 0, '2014-05-26 14:04:53', '2014-05-26 14:04:53'),
(211, 'JF201405-057', 81, NULL, '2014-05-26 14:05:01', 4, 0, '2014-05-26 14:05:01', '2014-05-26 14:05:01'),
(212, 'JF201405-058', NULL, 223, '2014-05-26 14:05:08', 4, 0, '2014-05-26 14:05:08', '2014-05-26 14:05:08'),
(213, 'JF201405-059', 82, NULL, '2014-05-27 17:08:42', 4, 0, '2014-05-27 17:08:42', '2014-05-27 17:08:42'),
(214, 'JF201405-060', NULL, 220, '2014-05-27 17:10:43', 4, 0, '2014-05-27 17:10:43', '2014-05-27 17:10:43'),
(215, 'JF201405-061', 84, 224, '2014-05-27 17:16:17', 4, 0, '2014-05-27 17:16:17', '2014-05-27 17:16:17'),
(216, 'JF201405-062', 85, 226, '2014-05-28 14:31:58', 4, 0, '2014-05-28 14:31:58', '2014-05-28 14:31:58'),
(217, 'JF201405-063', 86, 227, '2014-05-28 14:32:05', 4, 0, '2014-05-28 14:32:05', '2014-05-28 14:32:05'),
(218, 'JF201405-064', NULL, 228, '2014-05-29 14:22:24', 4, 0, '2014-05-29 14:22:24', '2014-05-29 14:22:24'),
(219, 'JF201405-065', 87, 231, '2014-05-30 14:58:23', 4, 0, '2014-05-30 14:58:23', '2014-05-30 14:58:23'),
(220, 'JF201405-066', 88, NULL, '2014-05-30 14:58:30', 4, 0, '2014-05-30 14:58:30', '2014-05-30 14:58:30'),
(221, 'JF201406-001', NULL, 221, '2014-06-03 09:29:17', 4, 0, '2014-06-03 09:29:17', '2014-06-03 09:29:17'),
(222, 'JF201406-002', NULL, 229, '2014-06-03 10:17:04', 4, 0, '2014-06-03 10:17:04', '2014-06-03 10:17:04'),
(223, 'JF201406-003', 89, 232, '2014-06-03 16:12:43', 4, 0, '2014-06-03 16:12:43', '2014-06-03 16:12:43'),
(224, 'JF201406-004', NULL, 235, '2014-06-04 09:17:47', 4, 0, '2014-06-04 09:17:47', '2014-06-04 09:17:47'),
(225, 'JF201406-005', NULL, 225, '2014-06-04 09:19:33', 4, 0, '2014-06-04 09:19:33', '2014-06-04 09:19:33'),
(226, 'JF201406-006', NULL, 236, '2014-06-04 09:19:40', 4, 0, '2014-06-04 09:19:40', '2014-06-04 09:19:40'),
(227, 'JF201406-007', NULL, 237, '2014-06-04 09:19:46', 4, 0, '2014-06-04 09:19:46', '2014-06-04 09:19:46'),
(228, 'JF201406-008', 90, 233, '2014-06-04 09:24:52', 4, 0, '2014-06-04 09:24:52', '2014-06-04 09:24:52'),
(229, 'JF201406-009', NULL, 230, '2014-06-04 10:13:01', 4, 0, '2014-06-04 10:13:01', '2014-06-04 10:13:01'),
(230, 'JF201406-010', NULL, 219, '2014-06-04 11:43:45', 4, 0, '2014-06-04 11:43:45', '2014-06-04 11:43:45'),
(231, 'JF201406-011', NULL, 234, '2014-06-04 14:52:52', 4, 0, '2014-06-04 14:52:52', '2014-06-04 14:52:52'),
(232, 'JF201406-012', NULL, 238, '2014-06-06 15:11:51', 4, 0, '2014-06-06 15:11:51', '2014-06-06 15:11:51'),
(233, 'JF201406-013', 91, NULL, '2014-06-10 17:34:51', 4, 0, '2014-06-10 17:34:51', '2014-06-10 17:34:51'),
(234, 'JF201406-014', NULL, 239, '2014-06-10 17:34:59', 4, 0, '2014-06-10 17:34:59', '2014-06-10 17:34:59'),
(235, 'JF201406-015', NULL, 240, '2014-06-10 17:35:05', 4, 0, '2014-06-10 17:35:05', '2014-06-10 17:35:05'),
(236, 'JF201406-016', NULL, 244, '2014-06-12 09:52:14', 4, 0, '2014-06-12 09:52:14', '2014-09-15 14:35:53'),
(237, 'JF201406-017', NULL, 189, '2014-06-12 10:14:19', 4, 0, '2014-06-12 10:14:19', '2014-06-12 10:14:19'),
(238, 'JF201406-018', NULL, 247, '2014-06-12 10:27:59', 4, 0, '2014-06-12 10:27:59', '2014-06-12 10:27:59'),
(239, 'JF201406-019', NULL, 241, '2014-06-12 11:21:02', 4, 0, '2014-06-12 11:21:02', '2014-06-12 11:21:02'),
(240, 'JF201406-020', NULL, 245, '2014-06-12 11:21:08', 4, 0, '2014-06-12 11:21:08', '2014-06-12 11:21:08'),
(241, 'JF201406-021', NULL, 246, '2014-06-12 11:21:15', 4, 0, '2014-06-12 11:21:15', '2014-06-12 11:21:15'),
(242, 'JF201406-022', 92, NULL, '2014-06-13 09:34:52', 4, 0, '2014-06-13 09:34:52', '2014-06-13 09:34:52'),
(243, 'JF201406-023', 93, NULL, '2014-06-13 14:16:07', 4, 0, '2014-06-13 14:16:07', '2014-06-13 14:16:07'),
(244, 'JF201406-024', NULL, 248, '2014-06-16 15:17:11', 9, 0, '2014-06-16 15:17:11', '2014-06-16 15:17:11'),
(245, 'JF201406-025', NULL, 250, '2014-06-16 15:30:29', 9, 0, '2014-06-16 15:30:29', '2014-06-16 15:30:29'),
(246, 'JF201406-026', NULL, 251, '2014-06-16 15:37:07', 9, 0, '2014-06-16 15:37:07', '2014-06-16 15:37:07'),
(247, 'JF201406-027', NULL, 252, '2014-06-16 15:38:43', 9, 0, '2014-06-16 15:38:43', '2014-06-16 15:38:43'),
(248, 'JF201406-028', NULL, 253, '2014-06-16 16:15:34', 9, 0, '2014-06-16 16:15:34', '2014-06-16 16:15:34'),
(249, 'JF201406-029', NULL, 257, '2014-06-18 15:56:04', 9, 0, '2014-06-18 15:56:04', '2014-06-18 15:56:04'),
(250, 'JF201406-030', NULL, 259, '2014-06-20 17:01:11', 9, 0, '2014-06-20 17:01:11', '2014-06-20 17:01:11'),
(251, 'JF201406-031', NULL, 260, '2014-06-23 10:47:52', 9, 0, '2014-06-23 10:47:52', '2014-06-23 10:47:52'),
(252, 'JF201406-032', NULL, 256, '2014-06-23 11:15:43', 9, 0, '2014-06-23 11:15:43', '2014-06-23 11:15:43'),
(253, 'JF201406-033', NULL, 263, '2014-06-23 15:41:49', 9, 0, '2014-06-23 15:41:49', '2014-06-23 15:41:49'),
(254, 'JF201406-034', 95, 262, '2014-06-23 15:45:50', 9, 0, '2014-06-23 15:45:50', '2014-06-23 15:45:50'),
(255, 'JF201406-035', NULL, 264, '2014-06-24 09:24:43', 9, 0, '2014-06-24 09:24:43', '2014-06-24 09:24:43'),
(256, 'JF201406-036', NULL, 266, '2014-06-24 14:51:42', 9, 0, '2014-06-24 14:51:42', '2014-06-24 14:51:42'),
(257, 'JF201406-037', NULL, 261, '2014-06-24 15:49:16', 9, 0, '2014-06-24 15:49:16', '2014-06-24 15:49:16'),
(258, 'JF201406-038', 94, 242, '2014-06-25 10:24:10', 9, 0, '2014-06-25 10:24:10', '2014-06-25 10:24:10'),
(259, 'JF201406-039', 97, 254, '2014-06-25 10:30:02', 9, 0, '2014-06-25 10:30:02', '2014-06-25 10:30:02'),
(260, 'JF201406-040', 96, 201, '2014-06-25 10:35:35', 9, 0, '2014-06-25 10:35:35', '2014-06-25 10:35:35'),
(261, 'JF201406-041', NULL, 268, '2014-06-25 14:16:07', 9, 0, '2014-06-25 14:16:07', '2014-06-25 14:16:07'),
(262, 'JF201406-042', NULL, 265, '2014-06-25 14:44:43', 9, 0, '2014-06-25 14:44:43', '2014-06-25 14:44:43'),
(263, 'JF201406-043', 98, 255, '2014-06-26 09:37:39', 9, 0, '2014-06-26 09:37:39', '2014-06-26 09:37:39'),
(264, 'JF201406-044', NULL, 269, '2014-06-26 15:29:09', 9, 0, '2014-06-26 15:29:09', '2014-06-26 15:29:09'),
(265, 'JF201406-045', NULL, 249, '2014-06-26 16:32:06', 9, 0, '2014-06-26 16:32:06', '2014-06-26 16:32:06'),
(266, 'JF201406-046', NULL, 267, '2014-06-27 11:16:27', 9, 0, '2014-06-27 11:16:27', '2014-06-27 11:16:27'),
(267, 'JF201407-001', NULL, 271, '2014-07-01 16:23:16', 9, 0, '2014-07-01 16:23:16', '2014-07-01 16:23:16'),
(268, 'JF201407-002', NULL, 272, '2014-07-01 16:25:34', 9, 0, '2014-07-01 16:25:34', '2014-07-01 16:25:34'),
(269, 'JF201407-003', 100, 270, '2014-07-01 16:43:44', 9, 0, '2014-07-01 16:43:44', '2014-07-01 16:43:44'),
(270, 'JF201407-004', 99, NULL, '2014-07-01 16:44:31', 9, 0, '2014-07-01 16:44:31', '2014-07-01 16:44:31'),
(271, 'JF201407-005', NULL, 274, '2014-07-03 14:28:10', 9, 0, '2014-07-03 14:28:10', '2014-07-03 14:28:10'),
(272, 'JF201407-006', NULL, 275, '2014-07-03 14:31:33', 9, 0, '2014-07-03 14:31:33', '2014-07-03 14:31:33'),
(273, 'JF201407-007', NULL, 276, '2014-07-03 14:32:22', 9, 0, '2014-07-03 14:32:22', '2014-07-03 14:32:22'),
(274, 'JF201407-008', NULL, 279, '2014-07-03 14:33:05', 9, 0, '2014-07-03 14:33:05', '2014-07-03 14:33:05'),
(275, 'JF201407-009', NULL, 280, '2014-07-03 14:50:54', 9, 0, '2014-07-03 14:50:54', '2014-07-03 14:50:54'),
(276, 'JF201407-010', NULL, 243, '2014-07-03 14:52:26', 9, 0, '2014-07-03 14:52:26', '2014-07-03 14:52:26'),
(277, 'JF201407-011', NULL, 278, '2014-07-03 15:05:45', 9, 0, '2014-07-03 15:05:45', '2014-07-03 15:05:45'),
(278, 'JF201407-012', NULL, 281, '2014-07-03 15:06:38', 9, 0, '2014-07-03 15:06:38', '2014-07-03 15:06:38'),
(279, 'JF201407-013', NULL, 282, '2014-07-08 09:55:33', 9, 0, '2014-07-08 09:55:33', '2014-07-08 09:55:33'),
(280, 'JF201407-014', NULL, 283, '2014-07-08 16:52:03', 9, 0, '2014-07-08 16:52:03', '2014-07-08 16:52:03'),
(281, 'JF201407-015', 101, NULL, '2014-07-09 09:56:18', 9, 0, '2014-07-09 09:56:18', '2014-07-09 09:56:18'),
(282, 'JF201407-016', NULL, 284, '2014-07-09 17:09:57', 9, 0, '2014-07-09 17:09:57', '2014-07-09 17:09:57'),
(283, 'JF201407-017', NULL, 286, '2014-07-10 17:10:32', 9, 0, '2014-07-10 17:10:32', '2014-07-10 17:10:32'),
(284, 'JF201407-018', NULL, 285, '2014-07-11 13:56:17', 9, 0, '2014-07-11 13:56:17', '2014-07-11 13:56:17'),
(285, 'JF201407-019', NULL, 287, '2014-07-14 10:10:31', 9, 0, '2014-07-14 10:10:31', '2014-07-14 10:10:31'),
(286, 'JF201407-020', NULL, 289, '2014-07-15 15:45:56', 9, 0, '2014-07-15 15:45:56', '2014-07-15 15:45:56'),
(287, 'JF201407-021', NULL, 291, '2014-07-15 16:08:19', 9, 0, '2014-07-15 16:08:19', '2014-07-15 16:08:19'),
(288, 'JF201407-022', NULL, 295, '2014-07-17 10:18:13', 9, 0, '2014-07-17 10:18:13', '2014-07-17 10:18:13'),
(289, 'JF201407-023', NULL, 292, '2014-07-17 10:21:02', 9, 0, '2014-07-17 10:21:02', '2014-07-17 10:21:02'),
(290, 'JF201407-024', NULL, 297, '2014-07-17 10:41:46', 9, 0, '2014-07-17 10:41:46', '2014-07-17 10:41:46'),
(291, 'JF201407-025', NULL, 298, '2014-07-18 15:08:19', 9, 0, '2014-07-18 15:08:19', '2014-07-18 15:08:19'),
(292, 'JF201407-026', NULL, 294, '2014-07-21 09:04:43', 9, 0, '2014-07-21 09:04:43', '2014-07-21 09:04:43'),
(293, 'JF201407-027', NULL, 288, '2014-07-21 16:10:18', 9, 0, '2014-07-21 16:10:18', '2014-09-19 14:35:08'),
(294, 'JF201407-028', NULL, 296, '2014-07-21 16:26:03', 9, 0, '2014-07-21 16:26:03', '2014-07-21 16:26:03'),
(295, 'JF201407-029', 102, 304, '2014-07-21 17:39:24', 9, 0, '2014-07-21 17:39:24', '2014-07-21 17:39:24'),
(296, 'JF201407-030', NULL, 299, '2014-07-22 10:20:20', 9, 0, '2014-07-22 10:20:20', '2014-07-22 10:20:20'),
(297, 'JF201407-031', NULL, 293, '2014-07-22 14:34:55', 9, 0, '2014-07-22 14:34:55', '2014-07-22 14:34:55'),
(298, 'JF201407-032', NULL, 303, '2014-07-22 14:35:43', 9, 0, '2014-07-22 14:35:43', '2014-07-22 14:35:43'),
(299, 'JF201407-033', NULL, 300, '2014-07-22 14:47:11', 9, 0, '2014-07-22 14:47:11', '2014-07-22 14:47:11'),
(300, 'JF201407-034', NULL, 301, '2014-07-22 14:49:07', 9, 0, '2014-07-22 14:49:07', '2014-07-22 14:49:07'),
(301, 'JF201407-035', NULL, 305, '2014-07-22 14:50:37', 9, 0, '2014-07-22 14:50:37', '2014-07-22 14:50:37'),
(302, 'JF201407-036', 103, NULL, '2014-07-23 09:20:46', 9, 0, '2014-07-23 09:20:46', '2014-07-23 09:20:46'),
(303, 'JF201407-037', NULL, 206, '2014-07-23 11:17:18', 9, 0, '2014-07-23 11:17:18', '2014-07-23 11:17:18'),
(304, 'JF201407-038', 104, 258, '2014-07-23 16:13:05', 9, 0, '2014-07-23 16:13:05', '2014-07-23 16:13:05'),
(305, 'JF201407-039', NULL, 307, '2014-07-23 16:13:53', 9, 0, '2014-07-23 16:13:53', '2014-07-23 16:13:53'),
(306, 'JF201407-040', NULL, 302, '2014-07-23 16:40:13', 9, 0, '2014-07-23 16:40:13', '2014-07-23 16:40:13'),
(307, 'JF201407-041', NULL, 306, '2014-07-24 09:42:55', 9, 0, '2014-07-24 09:42:55', '2014-07-24 09:42:55'),
(308, 'JF201407-042', NULL, 290, '2014-07-25 15:06:11', 9, 0, '2014-07-25 15:06:11', '2014-07-25 15:06:11'),
(309, 'JF201407-043', NULL, 309, '2014-07-25 15:07:50', 9, 0, '2014-07-25 15:07:50', '2014-07-25 15:07:50'),
(310, 'JF201407-044', NULL, 311, '2014-07-29 14:32:31', 9, 0, '2014-07-29 14:32:31', '2014-07-29 14:32:31'),
(311, 'JF201407-045', NULL, 312, '2014-07-29 15:40:35', 9, 0, '2014-07-29 15:40:35', '2014-07-29 15:40:35'),
(312, 'JF201407-046', 105, 313, '2014-07-30 10:53:51', 9, 0, '2014-07-30 10:53:51', '2014-07-30 10:53:51'),
(313, 'JF201407-047', NULL, 310, '2014-07-30 15:58:46', 9, 0, '2014-07-30 15:58:46', '2014-07-30 15:58:46'),
(314, 'JF201407-048', NULL, 315, '2014-07-30 16:40:35', 9, 0, '2014-07-30 16:40:35', '2014-07-30 16:40:35'),
(315, 'JF201407-049', NULL, 316, '2014-07-30 16:41:44', 9, 0, '2014-07-30 16:41:44', '2014-07-30 16:41:44'),
(316, 'JF201408-001', NULL, 317, '2014-08-04 15:31:20', 9, 0, '2014-08-04 15:31:20', '2014-08-04 15:31:20'),
(317, 'JF201408-002', NULL, 319, '2014-08-04 15:43:23', 9, 0, '2014-08-04 15:43:23', '2014-08-04 15:43:23'),
(318, 'JF201408-003', NULL, 323, '2014-08-04 17:12:53', 9, 0, '2014-08-04 17:12:53', '2014-08-04 17:12:53'),
(319, 'JF201408-004', NULL, 320, '2014-08-06 09:46:37', 9, 0, '2014-08-06 09:46:37', '2014-08-06 09:46:37'),
(320, 'JF201408-005', NULL, 321, '2014-08-06 09:53:03', 9, 0, '2014-08-06 09:53:03', '2014-08-06 09:53:03'),
(321, 'JF201408-006', NULL, 322, '2014-08-06 09:54:23', 9, 0, '2014-08-06 09:54:23', '2014-08-06 09:54:23'),
(322, 'JF201408-007', NULL, 324, '2014-08-06 09:56:31', 9, 0, '2014-08-06 09:56:31', '2014-08-06 09:56:31'),
(323, 'JF201408-008', 106, 318, '2014-08-07 10:19:12', 9, 0, '2014-08-07 10:19:12', '2014-08-07 10:19:12'),
(324, 'JF201408-009', 107, 326, '2014-08-07 10:21:52', 9, 0, '2014-08-07 10:21:52', '2014-08-07 10:21:52'),
(325, 'JF201408-010', NULL, 314, '2014-08-08 09:10:28', 9, 0, '2014-08-08 09:10:28', '2014-08-08 09:10:28'),
(326, 'JF201408-011', 108, 325, '2014-08-08 09:16:05', 9, 0, '2014-08-08 09:16:05', '2014-08-08 09:16:05'),
(327, 'JF201408-012', NULL, 328, '2014-08-08 14:05:22', 9, 0, '2014-08-08 14:05:22', '2014-08-08 14:05:22'),
(328, 'JF201408-013', 110, 327, '2014-08-11 15:53:50', 9, 0, '2014-08-11 15:53:50', '2014-08-11 15:53:50'),
(329, 'JF201408-014', 109, 329, '2014-08-11 16:00:05', 9, 0, '2014-08-11 16:00:05', '2014-08-11 16:00:05'),
(330, 'JF201408-015', NULL, 330, '2014-08-11 17:30:46', 9, 0, '2014-08-11 17:30:46', '2014-08-11 17:30:46'),
(331, 'JF201408-016', 111, NULL, '2014-08-14 15:57:32', 9, 0, '2014-08-14 15:57:32', '2014-08-14 15:57:32'),
(332, 'JF201408-017', NULL, 336, '2014-08-14 16:19:57', 9, 0, '2014-08-14 16:19:57', '2014-08-14 16:19:57'),
(333, 'JF201408-018', 112, 333, '2014-08-14 16:20:27', 9, 0, '2014-08-14 16:20:27', '2014-08-14 16:20:27'),
(334, 'JF201408-019', NULL, 335, '2014-08-15 13:51:22', 9, 0, '2014-08-15 13:51:22', '2014-08-15 13:51:22'),
(335, 'JF201408-020', NULL, 308, '2014-08-15 14:39:35', 9, 0, '2014-08-15 14:39:35', '2014-08-15 14:39:35'),
(336, 'JF201408-021', NULL, 334, '2014-08-15 14:43:56', 9, 0, '2014-08-15 14:43:56', '2014-08-15 14:43:56'),
(337, 'JF201408-022', NULL, 337, '2014-08-15 14:45:25', 9, 0, '2014-08-15 14:45:25', '2014-08-15 14:45:25'),
(338, 'JF201408-023', 113, 331, '2014-08-18 09:38:01', 9, 0, '2014-08-18 09:38:01', '2014-08-18 09:38:01'),
(339, 'JF201408-024', NULL, 340, '2014-08-18 15:21:29', 9, 0, '2014-08-18 15:21:29', '2014-08-18 15:21:29'),
(340, 'JF201408-025', NULL, 338, '2014-08-19 14:22:44', 9, 0, '2014-08-19 14:22:44', '2014-08-19 14:22:44'),
(341, 'JF201408-026', NULL, 341, '2014-08-20 09:18:27', 9, 0, '2014-08-20 09:18:27', '2014-08-20 09:18:27'),
(342, 'JF201408-027', 114, 339, '2014-08-22 09:54:52', 9, 0, '2014-08-22 09:54:52', '2014-08-22 09:54:52'),
(343, 'JF201408-028', 115, NULL, '2014-08-25 09:00:44', 9, 0, '2014-08-25 09:00:44', '2014-08-25 09:00:44'),
(344, 'JF201408-029', 116, 342, '2014-08-25 10:31:00', 9, 0, '2014-08-25 10:31:00', '2014-08-25 10:31:00'),
(345, 'JF201408-030', NULL, 345, '2014-08-26 09:53:04', 9, 0, '2014-08-26 09:53:04', '2014-08-26 09:53:04'),
(346, 'JF201408-031', NULL, 332, '2014-08-26 09:54:00', 9, 0, '2014-08-26 09:54:00', '2014-08-26 09:54:00'),
(347, 'JF201408-032', NULL, 344, '2014-08-26 09:54:50', 9, 0, '2014-08-26 09:54:50', '2014-08-26 09:54:50'),
(348, 'JF201408-033', NULL, 346, '2014-08-26 09:58:33', 9, 0, '2014-08-26 09:58:33', '2014-08-26 09:58:33'),
(349, 'JF201408-034', 117, 347, '2014-08-26 15:45:30', 9, 0, '2014-08-26 15:45:30', '2014-08-26 15:45:30'),
(350, 'JF201408-035', 118, 348, '2014-08-26 15:54:11', 9, 0, '2014-08-26 15:54:11', '2014-08-26 15:54:11'),
(352, 'JF201408-036', NULL, 349, '2014-08-27 14:18:57', 9, 0, '2014-08-27 14:18:57', '2014-08-27 14:18:57'),
(353, 'JF201408-037', 119, 343, '2014-08-27 14:20:22', 9, 0, '2014-08-27 14:20:22', '2014-08-27 14:20:22'),
(354, 'JF201408-038', NULL, 350, '2014-08-28 08:54:34', 9, 0, '2014-08-28 08:54:34', '2014-08-28 08:54:34'),
(355, 'JF201408-039', NULL, 352, '2014-08-29 14:22:59', 9, 0, '2014-08-29 14:22:59', '2014-08-29 14:22:59'),
(356, 'JF201408-040', NULL, 351, '2014-08-29 14:24:01', 9, 0, '2014-08-29 14:24:01', '2014-08-29 14:24:01'),
(357, 'JF201408-041', NULL, 355, '2014-08-29 17:22:15', 9, 0, '2014-08-29 17:22:15', '2014-08-29 17:22:15'),
(358, 'JF201409-001', NULL, 354, '2014-09-02 09:09:16', 9, 0, '2014-09-02 09:09:16', '2014-09-02 09:09:16'),
(359, 'JF201409-002', 121, 353, '2014-09-02 16:45:57', 9, 0, '2014-09-02 16:45:57', '2014-09-02 16:45:57'),
(360, 'JF201409-003', 122, 358, '2014-09-02 17:12:01', 9, 0, '2014-09-02 17:12:01', '2014-09-02 17:12:01'),
(361, 'JF201409-004', 120, 359, '2014-09-02 17:15:05', 9, 0, '2014-09-02 17:15:05', '2014-09-02 17:15:05'),
(362, 'JF201409-005', NULL, 366, '2014-09-05 16:26:10', 9, 0, '2014-09-05 16:26:10', '2014-09-05 16:26:10'),
(363, 'JF201409-006', NULL, 364, '2014-09-05 16:26:40', 9, 0, '2014-09-05 16:26:40', '2014-09-05 16:26:40'),
(364, 'JF201409-007', NULL, 365, '2014-09-05 16:27:10', 9, 0, '2014-09-05 16:27:10', '2014-09-05 16:27:10'),
(365, 'JF201409-008', NULL, 356, '2014-09-09 11:42:38', 9, 0, '2014-09-09 11:42:38', '2014-09-09 11:42:38'),
(366, 'JF201409-009', NULL, 357, '2014-09-09 11:44:59', 9, 0, '2014-09-09 11:44:59', '2014-09-09 11:44:59'),
(367, 'JF201409-010', NULL, 360, '2014-09-09 11:45:39', 9, 0, '2014-09-09 11:45:39', '2014-09-09 11:45:39'),
(368, 'JF201409-011', NULL, 361, '2014-09-09 11:46:26', 9, 0, '2014-09-09 11:46:26', '2014-09-09 11:46:26'),
(369, 'JF201409-012', 123, 362, '2014-09-09 11:47:03', 9, 0, '2014-09-09 11:47:03', '2014-09-09 11:47:03'),
(370, 'JF201409-013', NULL, 367, '2014-09-10 09:17:37', 9, 0, '2014-09-10 09:17:37', '2014-09-10 09:17:37'),
(371, 'JF201409-014', 124, 368, '2014-09-10 09:19:05', 9, 0, '2014-09-10 09:19:05', '2014-09-10 09:19:05'),
(372, 'JF201409-015', NULL, 363, '2014-09-10 14:13:46', 9, 0, '2014-09-10 14:13:46', '2014-09-10 14:13:46'),
(373, 'JF201410-007', NULL, 277, '2014-10-09 09:25:56', 9, 0, '2014-09-10 15:40:50', '2014-10-09 09:25:56'),
(374, 'JF201409-018', NULL, 369, '2014-09-16 17:26:15', 9, 0, '2014-09-10 15:42:14', '2014-09-16 17:26:15'),
(375, 'JF201409-032', 130, 370, '2014-09-26 09:59:35', 9, 0, '2014-09-10 15:42:14', '2014-09-26 09:59:35'),
(376, 'JF201409-017', 125, 371, '2014-09-15 17:10:50', 9, 0, '2014-09-12 10:42:00', '2014-09-15 17:10:50'),
(377, 'JF201409-019', NULL, 372, '2014-09-17 11:13:58', 9, 0, '2014-09-12 12:46:07', '2014-09-17 11:13:58'),
(378, 'JF201409-016', NULL, 373, '2014-09-15 10:19:09', 9, 0, '2014-09-12 14:29:37', '2014-09-15 10:19:09'),
(379, 'JF201411-015', NULL, 374, '2014-11-18 09:03:32', 9, 0, '2014-09-15 13:53:05', '2014-11-18 09:03:32'),
(380, 'JF201409-022', 126, 375, '2014-09-19 09:32:32', 9, 0, '2014-09-15 13:59:03', '2014-09-19 09:32:32'),
(381, 'JF201409-020', NULL, 376, '2014-09-18 12:02:39', 9, 0, '2014-09-15 14:08:46', '2014-09-18 12:02:39'),
(382, 'JF201409-021', NULL, 377, '2014-09-18 12:03:18', 9, 0, '2014-09-16 10:02:47', '2014-09-18 12:03:18'),
(383, 'JF201409-024', NULL, 378, '2014-09-19 14:43:11', 9, 0, '2014-09-18 11:44:56', '2014-09-19 14:43:11'),
(384, 'JF201409-025', NULL, 379, '2014-09-19 14:43:57', 9, 0, '2014-09-18 11:53:34', '2014-09-19 14:43:57'),
(385, 'JF201409-026', NULL, 380, '2014-09-22 14:14:38', 9, 0, '2014-09-18 11:58:06', '2014-09-22 14:14:38'),
(386, 'JF201409-023', NULL, 381, '2014-09-19 14:40:12', 9, 0, '2014-09-19 10:01:50', '2014-09-19 14:40:12'),
(387, 'JF201409-027', 127, 382, '2014-09-24 09:33:29', 3, 0, '2014-09-19 16:04:11', '2014-09-24 09:33:29'),
(388, 'JF201409-028', 128, NULL, '2014-09-24 09:39:30', 9, 0, '2014-09-24 09:37:57', '2014-09-24 09:39:30'),
(389, 'JF201409-029', NULL, 384, '2014-09-25 11:39:29', 9, 0, '2014-09-25 11:18:07', '2014-09-25 11:39:29'),
(390, 'JF201409-030', NULL, 385, '2014-09-25 16:49:20', 9, 0, '2014-09-25 11:18:51', '2014-09-25 16:49:20'),
(391, 'JF201409-031', NULL, 387, '2014-09-26 09:11:08', 9, 0, '2014-09-25 15:23:22', '2014-09-26 09:11:08'),
(392, 'JF201501-051', NULL, 383, '2015-01-29 10:26:00', 9, 0, '2014-09-28 17:12:39', '2015-01-29 10:26:00'),
(393, 'JF201410-001', NULL, 388, '2014-10-08 08:55:38', 9, 0, '2014-09-28 17:14:49', '2014-10-08 08:55:38'),
(394, 'JF201410-002', NULL, 389, '2014-10-08 08:57:51', 9, 0, '2014-09-28 17:18:17', '2014-10-08 08:57:51'),
(395, 'JF201410-008', NULL, 386, '2014-10-09 09:27:14', 9, 0, '2014-09-28 17:19:20', '2014-10-09 09:27:14'),
(396, 'JF201410-005', NULL, 390, '2014-10-08 09:00:25', 9, 0, '2014-09-29 11:47:03', '2014-10-08 09:00:25'),
(397, 'JF201410-003', NULL, 391, '2014-10-08 08:59:10', 9, 0, '2014-09-29 11:58:34', '2014-10-08 08:59:10'),
(398, 'JF201410-004', NULL, 392, '2014-10-08 08:59:36', 9, 0, '2014-09-29 12:02:07', '2014-10-08 08:59:36'),
(399, 'JF201410-013', NULL, 393, '2014-10-10 16:00:21', 9, 0, '2014-09-29 15:05:44', '2014-10-10 16:00:21'),
(400, 'JF201410-006', 131, NULL, '2014-10-08 10:53:28', 9, 0, '2014-10-08 10:19:50', '2014-10-08 10:53:28'),
(401, 'JF201410-010', NULL, 394, '2014-10-09 09:37:15', 9, 0, '2014-10-08 15:14:21', '2014-10-09 09:37:15'),
(402, 'JF201410-009', NULL, 395, '2014-10-09 09:27:54', 9, 0, '2014-10-08 17:29:35', '2014-10-09 09:27:54'),
(403, 'JF201410-015', NULL, 396, '2014-10-13 10:11:59', 9, 0, '2014-10-08 17:31:41', '2014-10-13 10:11:59'),
(404, 'JF201410-011', NULL, 397, '2014-10-10 09:46:07', 9, 0, '2014-10-09 09:24:43', '2014-10-10 09:46:07'),
(405, 'JF201410-012', NULL, 398, '2014-10-10 10:36:00', 9, 0, '2014-10-09 17:29:54', '2014-10-10 10:36:00'),
(406, 'JF201410-014', NULL, 399, '2014-10-13 10:11:06', 9, 0, '2014-10-09 17:30:13', '2014-10-13 10:11:06'),
(407, 'JF201410-017', 132, 400, '2014-10-13 14:36:21', 9, 0, '2014-10-09 17:30:50', '2014-10-13 14:36:21'),
(408, 'JF201410-019', NULL, 401, '2014-10-13 16:19:24', 9, 0, '2014-10-10 10:09:56', '2014-10-13 16:19:24'),
(409, 'JF201410-016', NULL, 403, '2014-10-13 10:13:07', 9, 0, '2014-10-11 14:07:27', '2014-10-13 10:13:07'),
(410, 'JF201410-020', NULL, 402, '2014-10-13 16:20:00', 9, 0, '2014-10-11 14:07:48', '2014-10-13 16:20:00'),
(411, 'JF201410-018', NULL, 404, '2014-10-13 16:18:46', 9, 0, '2014-10-13 10:16:08', '2014-10-13 16:18:46'),
(412, 'JF201410-022', 133, 405, '2014-10-15 10:01:24', 9, 0, '2014-10-13 10:16:52', '2014-10-15 10:01:24'),
(413, 'JF201410-025', NULL, 406, '2014-10-20 10:01:46', 9, 0, '2014-10-13 10:17:27', '2014-10-20 10:01:46'),
(414, 'JF201410-023', NULL, 407, '2014-10-17 11:09:51', 9, 0, '2014-10-13 10:17:54', '2014-10-17 11:09:51'),
(415, 'JF201410-021', 134, 408, '2014-10-14 15:46:20', 9, 0, '2014-10-13 17:28:22', '2014-10-14 15:46:20'),
(416, 'JF201410-024', NULL, 409, '2014-10-20 08:55:23', 9, 0, '2014-10-16 10:13:03', '2014-10-20 08:55:23'),
(417, 'JF201410-035', 139, 411, '2014-10-24 10:37:12', 9, 0, '2014-10-17 17:33:11', '2014-10-24 10:37:12'),
(418, 'JF201410-039', 141, 410, '2014-10-28 17:25:19', 9, 0, '2014-10-17 17:33:33', '2014-10-28 17:25:19'),
(419, 'JF201410-026', NULL, 412, '2014-10-21 14:46:43', 9, 0, '2014-10-20 14:11:49', '2014-10-21 14:46:43'),
(420, 'JF201410-027', NULL, 413, '2014-10-21 15:37:56', 9, 0, '2014-10-21 11:45:12', '2014-10-21 15:37:56'),
(421, 'JF201410-028', 135, 417, '2014-10-22 14:41:57', 9, 0, '2014-10-21 15:36:27', '2014-10-22 14:41:57'),
(422, 'JF201410-029', 137, 420, '2014-10-23 17:09:46', 9, 0, '2014-10-23 15:06:26', '2014-10-23 17:09:46'),
(423, 'JF201410-037', NULL, 419, '2014-10-27 09:28:15', 9, 0, '2014-10-23 16:46:04', '2014-10-27 09:28:15'),
(424, 'JF201410-036', NULL, 418, '2014-10-24 10:45:31', 9, 0, '2014-10-23 16:46:35', '2014-10-24 10:45:31'),
(425, 'JF201410-032', NULL, 416, '2014-10-24 10:23:00', 9, 0, '2014-10-23 16:48:40', '2014-10-24 10:23:00'),
(426, 'JF201410-041', NULL, 415, '2014-10-31 10:30:57', 9, 0, '2014-10-23 16:49:24', '2014-10-31 10:30:57'),
(427, 'JF201410-033', NULL, 421, '2014-10-24 10:35:15', 9, 0, '2014-10-23 17:05:40', '2014-10-24 10:35:15'),
(428, 'JF201410-030', NULL, 422, '2014-10-24 10:08:12', 9, 0, '2014-10-23 17:26:42', '2014-10-24 10:08:12'),
(429, 'JF201410-031', NULL, 423, '2014-10-24 10:08:43', 9, 0, '2014-10-23 17:26:50', '2014-10-24 10:08:43'),
(430, 'JF201410-034', 138, 414, '2014-10-24 10:36:20', 9, 0, '2014-10-24 09:52:00', '2014-10-24 10:36:20'),
(431, 'JF201410-038', 140, NULL, '2014-10-27 17:35:11', 9, 0, '2014-10-27 17:28:01', '2014-10-27 17:35:11'),
(432, 'JF201410-040', NULL, 424, '2014-10-30 10:45:01', 9, 0, '2014-10-28 14:34:19', '2014-10-30 10:45:01'),
(433, 'JF201411-001', NULL, 425, '2014-11-03 11:20:19', 9, 0, '2014-10-30 16:36:29', '2014-11-03 11:20:19'),
(434, 'JF201411-002', 142, 426, '2014-11-03 11:24:04', 9, 0, '2014-10-31 10:27:17', '2014-11-03 11:24:04'),
(435, 'JF201411-003', NULL, 427, '2014-11-03 11:31:53', 9, 0, '2014-11-03 09:50:36', '2014-11-03 11:31:53'),
(436, 'JF201411-007', NULL, 428, '2014-11-05 10:36:21', 9, 0, '2014-11-03 11:19:10', '2014-11-05 10:36:21'),
(437, 'JF201411-004', NULL, 429, '2014-11-04 09:04:47', 9, 0, '2014-11-03 13:54:48', '2014-11-04 09:04:47'),
(438, 'JF201411-005', NULL, 430, '2014-11-04 09:05:30', 9, 0, '2014-11-03 13:58:17', '2014-11-04 09:05:30'),
(439, 'JF201411-006', NULL, 431, '2014-11-04 09:16:29', 9, 0, '2014-11-03 16:54:46', '2014-11-04 09:16:29'),
(440, 'JF201411-008', NULL, 432, '2014-11-05 14:48:12', 9, 0, '2014-11-04 11:29:19', '2014-11-05 14:48:12'),
(441, 'JF201411-009', 143, 433, '2014-11-10 16:56:44', 9, 0, '2014-11-05 17:07:41', '2014-11-10 16:56:44'),
(442, 'JF201411-010', NULL, 435, '2014-11-12 09:53:05', 9, 0, '2014-11-10 14:25:00', '2014-11-12 09:53:05'),
(443, 'JF201411-011', NULL, 434, '2014-11-12 09:54:36', 9, 0, '2014-11-10 14:25:19', '2014-11-12 09:54:36'),
(444, 'JF201411-012', NULL, 436, '2014-11-12 09:55:14', 9, 0, '2014-11-10 16:44:41', '2014-11-12 09:55:14'),
(445, 'JF201411-013', NULL, 437, '2014-11-17 11:49:45', 9, 0, '2014-11-14 09:48:50', '2014-11-17 11:49:45'),
(446, 'JF201411-014', NULL, 438, '2014-11-17 11:50:34', 9, 0, '2014-11-17 11:25:37', '2014-11-17 11:50:34'),
(447, 'JF201411-016', 144, 439, '2014-11-18 09:59:11', 9, 0, '2014-11-17 11:31:48', '2014-11-18 09:59:11'),
(448, 'JF201411-019', NULL, 440, '2014-11-18 17:39:10', 9, 0, '2014-11-18 12:00:05', '2014-11-18 17:39:10'),
(449, 'JF201411-020', NULL, 441, '2014-11-21 13:54:21', 9, 0, '2014-11-18 12:00:22', '2014-11-21 13:54:21'),
(450, 'JF201411-017', NULL, 442, '2014-11-18 14:04:05', 9, 0, '2014-11-18 12:40:08', '2014-11-18 14:04:05'),
(451, 'JF201411-018', NULL, 443, '2014-11-18 17:21:57', 9, 0, '2014-11-18 14:44:59', '2014-11-18 17:21:57'),
(452, 'JF201411-024', NULL, 444, '2014-11-24 09:07:19', 9, 0, '2014-11-18 14:54:10', '2014-11-24 09:07:19'),
(453, 'JF201411-021', NULL, 445, '2014-11-21 13:56:04', 9, 0, '2014-11-19 11:02:14', '2014-11-21 13:56:04'),
(454, 'JF201411-035', 147, 446, '2014-11-28 11:18:04', 9, 0, '2014-11-19 11:22:08', '2014-11-28 11:18:04'),
(455, 'JF201411-022', NULL, 447, '2014-11-21 13:57:47', 9, 0, '2014-11-19 16:45:14', '2014-11-21 13:57:47'),
(456, 'JF201411-023', 145, NULL, '2014-11-21 15:32:26', 9, 0, '2014-11-21 15:28:06', '2014-11-21 15:32:26'),
(457, 'JF201411-025', NULL, 448, '2014-11-24 11:15:02', 9, 0, '2014-11-24 10:48:19', '2014-11-24 11:15:02'),
(458, 'JF201501-001', NULL, 450, '2015-01-04 09:20:35', 9, 0, '2014-11-24 10:48:59', '2015-01-04 09:20:35'),
(459, 'JF201411-026', NULL, 449, '2014-11-26 15:41:43', 9, 0, '2014-11-24 10:49:23', '2014-11-26 15:41:43'),
(460, 'JF201411-027', NULL, 451, '2014-11-26 15:43:39', 9, 0, '2014-11-24 15:58:54', '2014-11-26 15:43:39'),
(461, 'JF201411-029', NULL, 452, '2014-11-26 17:11:38', 9, 0, '2014-11-24 17:40:32', '2014-11-26 17:11:38'),
(462, 'JF201411-028', NULL, 453, '2014-11-26 17:10:58', 9, 0, '2014-11-25 09:24:33', '2014-11-26 17:10:58'),
(463, 'JF201411-031', 148, 456, '2014-11-27 17:13:40', 9, 0, '2014-11-26 09:43:48', '2014-11-27 17:13:40'),
(464, 'JF201411-041', NULL, 455, '2014-11-28 17:45:04', 9, 0, '2014-11-26 09:48:12', '2014-11-28 17:45:04'),
(465, 'JF201411-030', 146, NULL, '2014-11-27 09:12:16', 9, 0, '2014-11-27 08:54:50', '2014-11-27 09:12:16'),
(466, 'JF201411-040', 151, 459, '2014-11-28 17:43:40', 9, 0, '2014-11-27 15:23:23', '2014-11-28 17:43:40'),
(467, 'JF201412-001', NULL, 458, '2014-12-01 16:27:10', 9, 0, '2014-11-27 15:24:55', '2014-12-01 16:27:10'),
(468, 'JF201411-032', NULL, 460, '2014-11-28 09:21:24', 9, 0, '2014-11-27 15:38:02', '2014-11-28 09:21:24'),
(469, 'JF201411-033', NULL, 454, '2014-11-28 11:15:25', 9, 0, '2014-11-27 16:03:04', '2014-11-28 11:15:25'),
(470, 'JF201411-034', NULL, 457, '2014-11-28 11:17:22', 9, 0, '2014-11-27 16:03:16', '2014-11-28 11:17:22'),
(471, 'JF201411-038', NULL, 462, '2014-11-28 17:42:23', 9, 0, '2014-11-28 09:11:54', '2014-11-28 17:42:23'),
(472, 'JF201411-039', NULL, 461, '2014-11-28 17:43:01', 9, 0, '2014-11-28 09:12:11', '2014-11-28 17:43:01'),
(473, 'JF201411-036', 149, NULL, '2014-11-28 14:06:36', 9, 0, '2014-11-28 13:59:17', '2014-11-28 14:06:36'),
(474, 'JF201411-042', NULL, 463, '2014-11-28 17:49:28', 9, 0, '2014-11-28 17:14:26', '2014-11-28 17:49:28'),
(475, 'JF201411-037', 150, NULL, '2014-11-28 17:27:01', 9, 0, '2014-11-28 17:22:25', '2014-11-28 17:27:01');
INSERT INTO `cbd_file` (`id`, `file_no`, `write_id`, `rec_id`, `binding_time`, `binding_person`, `is_borrow`, `create_time`, `update_time`) VALUES
(476, 'JF201412-002', NULL, 464, '2014-12-01 17:34:20', 9, 0, '2014-12-01 09:46:39', '2014-12-01 17:34:20'),
(477, 'JF201412-005', NULL, 465, '2014-12-04 09:21:10', 9, 0, '2014-12-01 16:55:50', '2014-12-04 09:21:10'),
(478, 'JF201412-003', NULL, 466, '2014-12-02 11:58:14', 9, 0, '2014-12-02 11:41:15', '2014-12-02 11:58:14'),
(479, 'JF201412-004', NULL, 467, '2014-12-02 14:26:54', 9, 0, '2014-12-02 11:49:23', '2014-12-02 14:26:54'),
(480, 'JF201501-002', NULL, 468, '2015-01-04 09:22:30', 9, 0, '2014-12-05 16:03:10', '2015-01-04 09:22:30'),
(481, 'JF201412-006', NULL, 469, '2014-12-08 10:16:00', 9, 0, '2014-12-05 16:25:22', '2014-12-08 10:16:00'),
(482, 'JF201412-007', NULL, 470, '2014-12-10 09:49:44', 9, 0, '2014-12-09 11:53:44', '2014-12-10 09:49:44'),
(483, 'JF201412-017', NULL, 471, '2014-12-23 15:16:54', 9, 0, '2014-12-09 11:59:58', '2014-12-23 15:16:54'),
(484, 'JF201412-013', NULL, 472, '2014-12-12 17:04:00', 9, 0, '2014-12-09 15:03:56', '2014-12-12 17:04:00'),
(485, 'JF201412-008', NULL, 473, '2014-12-10 14:19:38', 9, 0, '2014-12-09 16:13:08', '2014-12-10 14:19:38'),
(486, 'JF201412-009', NULL, 474, '2014-12-11 09:57:18', 9, 0, '2014-12-11 08:53:47', '2014-12-11 09:57:18'),
(487, 'JF201501-020', 160, 475, '2015-01-07 11:54:13', 9, 0, '2014-12-11 14:53:46', '2015-01-07 11:54:13'),
(488, 'JF201412-010', NULL, 476, '2014-12-12 09:22:36', 9, 0, '2014-12-11 15:14:39', '2014-12-12 09:22:36'),
(489, 'JF201412-011', NULL, 477, '2014-12-12 16:56:04', 9, 0, '2014-12-11 16:32:30', '2014-12-12 16:56:04'),
(490, 'JF201412-012', NULL, 478, '2014-12-12 16:58:48', 9, 0, '2014-12-12 14:06:38', '2014-12-12 16:58:48'),
(491, 'JF201412-037', NULL, 479, '2014-12-30 17:35:36', 9, 0, '2014-12-15 16:23:46', '2014-12-30 17:35:36'),
(492, 'JF201412-014', NULL, 480, '2014-12-22 11:28:56', 9, 0, '2014-12-16 10:48:49', '2014-12-22 11:28:56'),
(493, 'JF201412-018', NULL, 482, '2014-12-23 15:18:09', 9, 0, '2014-12-22 10:38:18', '2014-12-23 15:18:09'),
(494, 'JF201412-016', NULL, 481, '2014-12-23 15:15:31', 9, 0, '2014-12-22 11:19:05', '2014-12-23 15:15:31'),
(495, 'JF201412-026', NULL, 483, '2014-12-25 16:11:20', 9, 0, '2014-12-22 11:19:21', '2014-12-25 16:11:20'),
(496, 'JF201412-015', 152, NULL, '2014-12-23 09:26:58', 9, 0, '2014-12-22 16:22:29', '2014-12-23 09:26:58'),
(497, 'JF201412-019', 153, 484, '2014-12-23 15:22:33', 9, 0, '2014-12-23 15:10:09', '2014-12-23 15:22:33'),
(498, 'JF201412-021', NULL, 486, '2014-12-24 16:23:02', 9, 0, '2014-12-23 15:42:04', '2014-12-24 16:23:02'),
(499, 'JF201412-020', NULL, 485, '2014-12-24 11:13:30', 9, 0, '2014-12-23 15:42:38', '2014-12-24 11:13:30'),
(500, 'JF201412-022', NULL, 487, '2014-12-24 16:23:54', 9, 0, '2014-12-24 09:08:43', '2014-12-24 16:23:54'),
(501, 'JF201412-024', NULL, 488, '2014-12-25 15:00:17', 9, 0, '2014-12-24 09:15:36', '2014-12-25 15:00:17'),
(502, 'JF201412-025', NULL, 489, '2014-12-25 15:00:45', 9, 0, '2014-12-24 11:00:48', '2014-12-25 15:00:45'),
(503, 'JF201412-031', 155, 490, '2014-12-29 09:13:09', 9, 0, '2014-12-24 11:13:02', '2014-12-29 09:13:09'),
(504, 'JF201412-028', NULL, 491, '2014-12-25 16:25:22', 9, 0, '2014-12-25 11:44:08', '2014-12-25 16:25:22'),
(505, 'JF201412-034', NULL, 492, '2014-12-30 08:58:17', 9, 0, '2014-12-25 12:02:13', '2014-12-30 08:58:17'),
(506, 'JF201412-023', NULL, 493, '2014-12-25 14:55:19', 9, 0, '2014-12-25 12:36:28', '2014-12-25 14:55:19'),
(507, 'JF201412-027', NULL, 494, '2014-12-25 16:12:16', 9, 0, '2014-12-25 14:26:42', '2014-12-25 16:12:16'),
(508, 'JF201501-012', NULL, 495, '2015-01-06 09:03:04', 9, 0, '2014-12-26 11:38:13', '2015-01-06 09:03:04'),
(509, 'JF201412-029', NULL, 496, '2014-12-26 15:46:30', 9, 0, '2014-12-26 11:52:49', '2014-12-26 15:46:30'),
(510, 'JF201501-005', 159, 497, '2015-01-04 09:24:26', 9, 0, '2014-12-26 15:45:30', '2015-01-04 09:24:26'),
(511, 'JF201412-030', 154, NULL, '2014-12-29 09:09:08', 9, 0, '2014-12-29 09:08:40', '2014-12-29 09:09:08'),
(512, 'JF201412-032', 156, NULL, '2014-12-29 09:13:32', 9, 0, '2014-12-29 09:13:08', '2014-12-29 09:13:32'),
(513, 'JF201412-035', NULL, 498, '2014-12-30 09:01:49', 9, 0, '2014-12-29 09:27:47', '2014-12-30 09:01:49'),
(514, 'JF201412-033', 157, NULL, '2014-12-29 11:30:03', 9, 0, '2014-12-29 11:29:34', '2014-12-29 11:30:03'),
(515, 'JF201412-036', NULL, 499, '2014-12-30 09:49:26', 9, 0, '2014-12-30 08:55:50', '2014-12-30 09:49:26'),
(516, 'JF201501-009', NULL, 501, '2015-01-04 14:57:34', 9, 0, '2014-12-30 09:42:00', '2015-01-04 14:57:34'),
(517, 'JF201501-006', NULL, 500, '2015-01-04 10:03:40', 9, 0, '2014-12-30 09:42:20', '2015-01-04 10:03:40'),
(518, 'JF201501-003', NULL, 503, '2015-01-04 09:23:06', 9, 0, '2014-12-30 14:57:34', '2015-01-04 09:23:06'),
(519, 'JF201501-008', NULL, 504, '2015-01-04 10:33:53', 9, 0, '2014-12-30 15:03:05', '2015-01-04 10:33:53'),
(520, 'JF201412-038', 158, NULL, '2014-12-31 10:06:51', 4, 0, '2014-12-31 10:06:42', '2014-12-31 10:06:51'),
(521, 'JF201501-004', NULL, 505, '2015-01-04 09:23:46', 9, 0, '2014-12-31 11:10:22', '2015-01-04 09:23:46'),
(522, 'JF201501-007', NULL, 506, '2015-01-04 10:04:16', 9, 0, '2014-12-31 11:15:59', '2015-01-04 10:04:16'),
(523, 'JF201501-013', NULL, 502, '2015-01-06 09:09:11', 9, 0, '2014-12-31 11:18:14', '2015-01-06 09:09:11'),
(524, 'JF201501-011', NULL, 507, '2015-01-06 09:02:00', 9, 0, '2014-12-31 11:28:44', '2015-01-06 09:02:00'),
(525, 'JF201501-010', NULL, 508, '2015-01-05 11:25:44', 9, 0, '2015-01-04 14:33:25', '2015-01-05 11:25:44'),
(526, 'JF201501-014', NULL, 509, '2015-01-06 09:47:41', 9, 0, '2015-01-05 09:06:33', '2015-01-06 09:47:41'),
(527, 'JF201501-015', NULL, 510, '2015-01-06 09:48:13', 9, 0, '2015-01-05 09:09:09', '2015-01-06 09:48:13'),
(528, 'JF201501-018', NULL, 511, '2015-01-06 15:44:14', 9, 0, '2015-01-05 11:25:20', '2015-01-06 15:44:14'),
(529, 'JF201501-016', NULL, 512, '2015-01-06 09:53:17', 9, 0, '2015-01-05 15:46:31', '2015-01-06 09:53:17'),
(530, 'JF201501-017', NULL, 513, '2015-01-06 14:21:00', 9, 0, '2015-01-06 10:11:14', '2015-01-06 14:21:00'),
(531, 'JF201501-019', NULL, 514, '2015-01-06 16:08:35', 9, 0, '2015-01-06 15:19:50', '2015-01-06 16:08:35'),
(532, 'JF201501-025', NULL, 515, '2015-01-09 16:56:31', 9, 0, '2015-01-07 09:49:04', '2015-01-09 16:56:31'),
(533, 'JF201501-022', NULL, 516, '2015-01-09 11:04:11', 9, 0, '2015-01-07 17:02:14', '2015-01-09 11:04:11'),
(534, 'JF201501-021', NULL, 517, '2015-01-08 17:07:07', 9, 0, '2015-01-08 10:47:28', '2015-01-08 17:07:07'),
(535, 'JF201501-023', NULL, 518, '2015-01-09 11:05:36', 9, 0, '2015-01-08 17:15:56', '2015-01-30 17:01:34'),
(536, 'JF201501-024', NULL, 519, '2015-01-09 11:12:29', 9, 0, '2015-01-09 11:11:09', '2015-01-09 11:12:29'),
(537, 'JF201501-026', NULL, 520, '2015-01-12 10:03:52', 9, 0, '2015-01-09 15:26:35', '2015-01-12 10:03:52'),
(538, 'JF201501-027', NULL, 521, '2015-01-12 10:04:34', 9, 0, '2015-01-09 17:24:14', '2015-01-12 10:04:34'),
(539, 'JF201501-028', 161, 522, '2015-01-12 16:54:05', 9, 0, '2015-01-12 09:00:31', '2015-01-12 16:54:05'),
(540, 'JF201501-029', NULL, 523, '2015-01-12 17:13:20', 9, 0, '2015-01-12 10:42:53', '2015-01-12 17:13:20'),
(541, 'JF201501-030', NULL, 524, '2015-01-12 17:14:20', 9, 0, '2015-01-12 13:58:27', '2015-01-12 17:14:20'),
(542, 'JF201501-033', NULL, 525, '2015-01-13 16:29:53', 9, 0, '2015-01-12 14:01:06', '2015-01-13 16:29:53'),
(543, 'JF201501-031', NULL, 526, '2015-01-13 09:17:22', 9, 0, '2015-01-13 09:01:10', '2015-01-13 09:17:22'),
(544, 'JF201501-032', NULL, 527, '2015-01-13 16:28:53', 9, 0, '2015-01-13 13:53:21', '2015-01-13 16:28:53'),
(545, NULL, NULL, 528, NULL, NULL, 0, '2015-01-13 15:31:17', '2015-01-13 15:31:17'),
(546, 'JF201501-034', NULL, 529, '2015-01-16 11:51:06', 9, 0, '2015-01-13 16:49:45', '2015-01-16 11:51:06'),
(547, NULL, 0, 530, NULL, NULL, 0, '2015-01-14 15:54:16', '2015-01-27 09:54:30'),
(548, 'JF201501-036', NULL, 531, '2015-01-20 10:11:00', 9, 0, '2015-01-16 16:12:42', '2015-01-20 10:11:00'),
(549, 'JF201501-035', NULL, 532, '2015-01-19 11:42:47', 9, 0, '2015-01-16 17:13:06', '2015-01-19 11:42:47'),
(550, 'JF201501-039', NULL, 533, '2015-01-21 15:02:16', 9, 0, '2015-01-19 16:59:07', '2015-01-21 15:02:16'),
(551, 'JF201501-041', NULL, 534, '2015-01-22 09:16:03', 9, 0, '2015-01-19 17:06:43', '2015-01-22 09:16:03'),
(552, 'JF201501-037', NULL, 535, '2015-01-21 14:59:04', 9, 0, '2015-01-19 17:09:55', '2015-01-21 14:59:04'),
(553, 'JF201501-040', NULL, 536, '2015-01-21 15:02:50', 9, 0, '2015-01-19 17:14:54', '2015-01-21 15:02:50'),
(554, 'JF201501-038', NULL, 537, '2015-01-21 15:01:10', 9, 0, '2015-01-20 11:54:41', '2015-01-21 15:01:10'),
(555, 'JF201502-009', 167, 538, '2015-02-05 14:25:33', 9, 0, '2015-01-20 17:26:07', '2015-02-05 14:25:33'),
(556, 'JF201501-043', NULL, 539, '2015-01-26 15:34:47', 9, 0, '2015-01-21 16:52:23', '2015-01-26 15:34:47'),
(557, 'JF201501-042', NULL, 540, '2015-01-22 14:43:20', 9, 0, '2015-01-22 14:42:27', '2015-01-22 14:43:20'),
(558, 'JF201501-044', NULL, 541, '2015-01-26 15:35:47', 9, 0, '2015-01-23 09:18:19', '2015-01-26 15:35:47'),
(559, 'JF201501-045', NULL, 542, '2015-01-26 15:37:42', 9, 0, '2015-01-26 15:28:18', '2015-01-26 15:37:42'),
(560, 'JF201501-046', NULL, 543, '2015-01-26 15:38:19', 9, 0, '2015-01-26 15:34:29', '2015-01-26 15:38:19'),
(561, 'JF201501-047', 163, NULL, '2015-01-27 10:05:40', 9, 0, '2015-01-27 10:02:43', '2015-01-27 10:05:40'),
(562, 'JF201501-048', 164, NULL, '2015-01-27 10:06:47', 9, 0, '2015-01-27 10:04:47', '2015-01-27 10:06:47'),
(563, 'JF201502-002', NULL, 544, '2015-02-02 17:27:12', 9, 0, '2015-01-27 16:34:30', '2015-02-02 17:27:12'),
(564, 'JF201501-050', NULL, 545, '2015-01-29 09:06:28', 9, 0, '2015-01-28 11:30:54', '2015-01-29 09:06:28'),
(565, 'JF201501-049', NULL, 546, '2015-01-28 15:32:02', 9, 0, '2015-01-28 15:31:02', '2015-01-28 15:32:02'),
(566, 'JF201501-052', NULL, 547, '2015-01-29 18:46:48', 9, 0, '2015-01-28 17:23:27', '2015-01-29 18:46:48'),
(567, NULL, NULL, 548, NULL, NULL, 0, '2015-01-29 14:00:33', '2015-01-29 14:00:33'),
(568, 'JF201502-004', NULL, 549, '2015-02-04 09:31:39', 9, 0, '2015-01-29 14:08:30', '2015-02-04 09:31:39'),
(569, 'JF201501-053', NULL, 550, '2015-01-30 08:56:09', 9, 0, '2015-01-29 14:33:21', '2015-01-30 08:56:09'),
(570, 'JF201501-054', 165, 551, '2015-01-30 09:39:43', 9, 0, '2015-01-29 15:40:11', '2015-01-30 09:39:43'),
(571, 'JF201502-003', NULL, 552, '2015-02-03 09:36:23', 9, 0, '2015-01-29 15:45:01', '2015-02-03 09:36:23'),
(572, 'JF201502-005', NULL, 553, '2015-02-04 09:32:46', 9, 0, '2015-01-29 17:52:58', '2015-02-04 09:32:46'),
(573, 'JF201502-001', 166, 554, '2015-02-02 16:46:55', 9, 0, '2015-01-30 11:27:09', '2015-02-02 16:46:55'),
(574, 'JF201502-006', NULL, 555, '2015-02-04 09:35:49', 9, 0, '2015-01-30 11:36:25', '2015-02-04 09:35:49'),
(575, 'JF201502-008', NULL, 556, '2015-02-05 14:23:09', 9, 0, '2015-02-02 11:22:40', '2015-02-05 14:23:09'),
(576, NULL, NULL, 557, NULL, NULL, 0, '2015-02-03 16:40:22', '2015-02-03 16:40:22'),
(577, 'JF201502-007', NULL, 558, '2015-02-04 09:44:37', 9, 0, '2015-02-03 16:42:58', '2015-02-04 09:44:37'),
(578, 'JF201502-010', NULL, 559, '2015-02-09 09:01:25', 9, 0, '2015-02-04 09:29:33', '2015-02-09 09:01:25'),
(579, NULL, NULL, 560, NULL, NULL, 0, '2015-02-10 09:03:55', '2015-02-10 09:03:55');

-- --------------------------------------------------------

--
-- 表的结构 `cbd_land`
--

CREATE TABLE IF NOT EXISTS `cbd_land` (
  `id` int(11) NOT NULL AUTO_INCREMENT,
  `land_code` char(8) NOT NULL COMMENT '地块编码',
  `property_code` varchar(10) NOT NULL COMMENT '用地性质编码',
  `property` varchar(30) NOT NULL COMMENT '用地性质',
  `c_property` varchar(30) NOT NULL COMMENT '用地兼容性质',
  `land_square` decimal(8,2) NOT NULL COMMENT '用地面积',
  `v_ratio` decimal(3,1) NOT NULL COMMENT '容积率',
  `construction_total` int(11) NOT NULL COMMENT '计容总建筑面积',
  `construction_up` int(11) NOT NULL COMMENT '地上计容建筑面积',
  `construction_down` int(11) NOT NULL COMMENT '地下计容建筑面积',
  `b_density` int(11) NOT NULL COMMENT '建筑密度',
  `g_ratio` int(11) NOT NULL COMMENT '绿化率',
  `high_min` int(11) NOT NULL COMMENT '建筑控高下限',
  `high_max` int(11) NOT NULL COMMENT '建筑控高上限',
  `sold` tinyint(4) NOT NULL COMMENT '地块出让情况:-1不可出让；0：未出让；1：已出让',
  PRIMARY KEY (`id`)
) ENGINE=InnoDB  DEFAULT CHARSET=utf8 COMMENT='起步区地块信息表' AUTO_INCREMENT=91 ;

--
-- 转存表中的数据 `cbd_land`
--

INSERT INTO `cbd_land` (`id`, `land_code`, `property_code`, `property`, `c_property`, `land_square`, `v_ratio`, `construction_total`, `construction_up`, `construction_down`, `b_density`, `g_ratio`, `high_min`, `high_max`, `sold`) VALUES
(1, 'AT090901', 'G2', '防护绿地', '——', '7844.78', '0.0', 0, 0, 0, 0, 90, 0, 0, -1),
(2, 'AT090902', 'B1B2', '商业/商务综合用地', '——', '24288.03', '10.6', 257863, 224640, 33223, 55, 20, 280, 300, 1),
(3, 'AT090903', 'G1', '公园绿地', '——', '3768.26', '0.0', 0, 0, 0, 0, 75, 0, 0, -1),
(4, 'AT090904', 'S3', '交通枢纽用地', '商业用地', '16729.85', '3.5', 58395, 31127, 27268, 55, 20, 30, 30, -1),
(5, 'AT090905', 'E1', '水域', '——', '9357.30', '0.0', 0, 0, 0, 0, 0, 0, 0, -1),
(6, 'AT090906', 'G2', '防护绿地', '——', '2237.07', '0.0', 0, 0, 0, 0, 90, 0, 0, -1),
(7, 'AT090907', 'G1', '公园绿地', '——', '1678.48', '0.0', 0, 0, 0, 0, 75, 0, 0, -1),
(8, 'AT090908', 'B1B2', '商业/商务综合用地', '——', '27595.27', '11.8', 325595, 309864, 15731, 55, 20, 300, 320, 1),
(9, 'AT090909', 'G1', '公园绿地', '——', '2729.02', '0.0', 0, 0, 4831, 0, 75, 0, 0, -1),
(10, 'AT090910', 'B1', '商业用地', '——', '2705.59', '3.0', 8128, 3297, 4831, 40, 30, 15, 15, -1),
(11, 'AT090911', 'G2', '防护绿地', '——', '1895.70', '0.0', 0, 0, 0, 0, 90, 0, 0, -1),
(12, 'AT090912', 'B1B2', '商业/商务综合用地', '——', '14564.11', '8.0', 116471, 106280, 10191, 55, 20, 160, 180, 1),
(13, 'AT090913', 'B1B2', '商业/商务综合用地', '——', '14623.13', '8.0', 116471, 106280, 10191, 60, 20, 160, 180, 1),
(14, 'AT090914', 'E1', '水域', '——', '3075.00', '0.0', 0, 0, 0, 0, 0, 0, 0, -1),
(15, 'AT090915', 'B1', '商业用地', '——', '7003.32', '2.1', 14652, 7649, 7003, 40, 30, 15, 15, -1),
(16, 'AT090916', 'G2', '防护绿地', '——', '1895.70', '0.0', 0, 0, 0, 0, 90, 0, 0, -1),
(17, 'AT090917', 'B1B2', '商业/商务综合用地', '——', '14700.73', '7.8', 115038, 104733, 10305, 60, 20, 160, 180, 1),
(18, 'AT090918', 'B1B2', '商业/商务综合用地', '——', '14759.76', '7.8', 115038, 104733, 10305, 55, 20, 160, 180, 1),
(19, 'AT090919', 'E1', '水域', '——', '3075.00', '0.0', 0, 0, 0, 0, 0, 0, 0, -1),
(20, 'AT090920', 'B1', '商业用地', '——', '7003.32', '2.1', 14652, 7649, 7003, 40, 30, 15, 15, -1),
(21, 'AT090921', 'G2', '防护绿地', '——', '3017.21', '0.0', 0, 0, 0, 0, 90, 0, 0, -1),
(22, 'AT090922', 'B2', '商务用地', '商业用地', '12670.44', '10.5', 133050, 133050, 0, 55, 20, 190, 210, 1),
(23, 'AT090923', 'B2', '商务用地', '商业用地', '10320.90', '8.9', 92100, 92100, 0, 55, 20, 140, 160, 1),
(24, 'AT090924', 'B1B2', '商业/商务综合用地', '——', '20343.81', '12.1', 246053, 246053, 0, 55, 20, 220, 240, 0),
(25, 'AT090925', 'E1', '水域', '——', '3104.41', '0.0', 0, 0, 0, 0, 0, 0, 0, -1),
(26, 'AT090926', 'S1G3', '城市道路/广场综合用地', '——', '3571.50', '0.0', 0, 0, 0, 0, 40, 0, 0, -1),
(27, 'AT090927', 'A2B1B2', '文化/商业/商务综合用地', '——', '24702.79', '16.4', 406119, 378946, 27173, 40, 35, 430, 450, 0),
(28, 'AT090928', 'G1', '公园绿地', '——', '36866.60', '0.0', 0, 0, 40945, 0, 75, 0, 0, -1),
(29, 'AT090929', 'E1', '水域', '——', '18666.32', '0.0', 0, 0, 0, 0, 0, 0, 0, -1),
(30, 'AT090930', 'G1', '公园绿地', '——', '2410.88', '0.0', 0, 0, 0, 0, 75, 0, 0, -1),
(31, 'AT090931', 'B1', '商业用地', '——', '5449.97', '1.1', 6095, 6095, 0, 40, 30, 15, 15, -1),
(32, 'AT090932', 'G1', '公园绿地', '——', '264.99', '0.0', 0, 0, 0, 0, 75, 0, 0, -1),
(33, 'AT090933', 'B1B2', '商业/商务综合用地', '——', '8422.96', '11.3', 95450, 95450, 0, 65, 10, 140, 160, 1),
(34, 'AT090934', 'G1', '公园绿地', '——', '5281.11', '0.0', 0, 0, 4464, 0, 60, 0, 0, -1),
(35, 'AT090935', 'S1G3   ', '城市道路/广场综合用地', '——', '119224.61', '0.0', 0, 0, 0, 0, 40, 0, 0, -1),
(36, 'AT090936', 'A7', '文物古迹用地', '——', '74.30', '0.0', 0, 0, 0, 0, 0, 0, 0, -1),
(37, 'AT090937', 'E1', '水域', '——', '3542.55', '0.0', 0, 0, 0, 0, 0, 0, 0, -1),
(38, 'AT090938', 'B1B2', '商业/商务综合用地', '——', '8422.96', '11.0', 92480, 75200, 17280, 65, 10, 100, 120, 1),
(39, 'AT090939', 'B2', '商务用地', '商业用地', '8825.85', '13.3', 117353, 100764, 16589, 55, 20, 200, 200, 0),
(40, 'AT090940', 'B1B2', '商业/商务综合用地', '——', '8422.96', '10.6', 89472, 73575, 15897, 65, 10, 100, 120, 1),
(41, 'AT090941', 'B2', '商务用地', '商业用地', '8825.85', '13.3', 117353, 100764, 16589, 55, 20, 200, 200, 0),
(42, 'AT090942', 'B1B2', '商业/商务综合用地', '——', '8422.96', '12.2', 102450, 102450, 0, 65, 10, 140, 160, 1),
(43, 'AT090943', 'B1B2', '商业/商务综合用地', '——', '8897.96', '9.3', 83093, 75825, 7268, 65, 10, 100, 120, 0),
(44, 'AT090944', 'G2', '防护绿地', '——', '2895.43', '0.0', 0, 0, 0, 0, 90, 0, 0, -1),
(45, 'AT090945', 'U1', '供应设施用地', '——', '11745.82', '0.0', 0, 0, 0, 0, 0, 0, 0, -1),
(46, 'AT090946', 'B2', '商务用地', '商业用地', '8740.44', '6.6', 57616, 57616, 0, 55, 20, 120, 140, 0),
(47, 'AT090947', 'G2', '防护绿地', '——', '2757.99', '0.0', 0, 0, 0, 0, 90, 0, 0, -1),
(48, 'AT090948', 'B2', '商务用地', '商业用地', '13832.08', '4.5', 61594, 61594, 0, 55, 20, 80, 80, 0),
(49, 'AT090949', 'A2', '文化设施用地', '商业用地', '11370.41', '2.2', 24760, 15000, 9760, 40, 25, 45, 45, -1),
(50, 'AT090950', 'B1B2', '商业/商务综合用地', '——', '23792.33', '5.6', 132289, 132289, 0, 55, 20, 120, 140, 0),
(51, 'AT090951', 'G1', '公园绿地', '——', '7671.11', '0.0', 0, 0, 0, 0, 75, 0, 0, -1),
(52, 'AT090952', 'E1', '水域', '——', '16977.91', '0.0', 0, 0, 0, 0, 0, 0, 0, -1),
(53, 'AT090953', 'G1', '公园绿地', '——', '10146.93', '0.0', 0, 0, 0, 0, 75, 0, 0, -1),
(54, 'AT090954', 'B1', '商业用地', '——', '5326.69', '1.1', 5785, 5785, 0, 40, 30, 15, 15, -1),
(55, 'AT090955', 'B1B2', '商业/商务综合用地', '——', '8897.96', '9.5', 84893, 77625, 7268, 65, 10, 100, 120, 0),
(56, 'AT090956', 'A1B2', '行政办公/商务综合用地', '商业用地', '8422.96', '9.1', 76685, 70565, 6120, 65, 10, 80, 100, 0),
(57, 'AT090957', 'A1B2', '行政办公/商务综合用地', '商业用地', '8825.85', '13.3', 117352, 100764, 16588, 40, 35, 200, 200, 0),
(58, 'AT090958', 'A1B2', '行政办公/商务综合用地', '商业用地', '8422.96', '9.3', 78700, 71860, 6840, 65, 10, 100, 120, 0),
(59, 'AT090959', 'B2', '商务用地', '商业用地', '8825.85', '13.3', 117353, 100764, 16589, 55, 20, 200, 200, 0),
(60, 'AT090960', 'A1B2', '行政办公/商务综合用地', '商业用地', '8422.96', '9.3', 78700, 71860, 6840, 65, 10, 100, 120, 0),
(61, 'AT090961', 'B1B2', '商业/商务综合用地', '——', '8825.85', '9.4', 83093, 75825, 7268, 65, 10, 100, 120, 0),
(62, 'AT090962', 'A1B2', '行政办公/商务综合用地', '商业用地', '8422.96', '9.0', 75445, 69325, 6120, 65, 10, 80, 100, 0),
(63, 'AT090963', 'G1', '公园绿地', '——', '902.68', '0.0', 0, 0, 0, 0, 75, 0, 0, -1),
(64, 'AT090964', 'S41', '公共交通场站用地', '——', '3203.51', '0.0', 0, 0, 0, 0, 0, 0, 0, -1),
(65, 'AT090965', 'S42', '社会停车场用地', '——', '2537.21', '0.0', 0, 0, 0, 0, 0, 0, 0, -1),
(66, 'AT090966', 'S41', '公共交通场站用地', '——', '15100.58', '0.0', 0, 0, 0, 0, 0, 0, 0, -1),
(67, 'AT090967', 'G1', '公园绿地', '——', '12092.79', '0.0', 0, 0, 0, 0, 60, 0, 0, -1),
(68, 'AT090968', 'E1', '水域', '——', '7375.78', '0.0', 0, 0, 0, 0, 0, 0, 0, -1),
(69, 'AT090969', 'G1', '公园绿地', '——', '57993.88', '0.0', 0, 0, 0, 0, 75, 0, 0, -1),
(70, 'AT090970', 'S42', '社会停车场用地', '——', '2010.00', '0.0', 0, 0, 0, 0, 0, 0, 0, -1),
(71, 'AT091001', 'G2', '防护绿地', '——', '1219.96', '0.0', 0, 0, 0, 0, 90, 0, 0, -1),
(72, 'AT091002', 'B1B2', '商业/商务综合用地', '——', '8189.57', '13.8', 112662, 112662, 0, 55, 20, 180, 200, 0),
(73, 'AT091003', 'U1', '供应设施用地', '——', '15260.02', '0.0', 0, 0, 0, 0, 0, 0, 0, -1),
(74, 'AT091004', 'E1', '水域', '——', '1050.00', '0.0', 0, 0, 0, 0, 0, 0, 0, -1),
(75, 'AT091005', 'G1', '公园绿地', '——', '664.16', '0.0', 0, 0, 0, 0, 75, 0, 0, -1),
(76, 'AT091006', 'G2', '防护绿地', '——', '3395.97', '0.0', 0, 0, 0, 0, 90, 0, 0, -1),
(77, 'AT091007', 'B1B2', '商业/商务综合用地', '——', '29140.59', '13.2', 384522, 349934, 34588, 55, 20, 260, 280, 0),
(78, 'AT091008', 'B1', '商业用地', '——', '8837.01', '1.1', 9722, 9722, 0, 40, 30, 15, 15, -1),
(79, 'AT091009', 'E1', '水域', '——', '11387.05', '0.0', 0, 0, 0, 0, 0, 0, 0, -1),
(80, 'AT091010', 'R2', '二类居住用地', '商业用地', '41712.58', '5.2', 217000, 217000, 0, 28, 35, 100, 100, 1),
(81, 'AT091011', 'G1', '公园绿地', '——', '4377.03', '0.0', 0, 0, 0, 0, 75, 0, 0, -1),
(82, 'AT091012', 'R2', '二类居住用地', '商业用地', '48909.30', '4.2', 204018, 204018, 0, 30, 35, 80, 80, -1),
(83, 'AT091013', 'S41', '公共交通场站用地', '——', '2412.01', '0.0', 0, 0, 0, 0, 90, 0, 0, -1),
(84, 'AT091014', 'B1B2', '商业/商务综合用地', '——', '12672.94', '6.2', 79034, 79034, 0, 55, 20, 80, 100, 1),
(85, 'AT091015', 'E1', '水域', '——', '1677.87', '0.0', 0, 0, 0, 0, 0, 0, 0, -1),
(86, 'AT091016', 'B1B2', '商业/商务综合用地', '——', '6931.04', '6.3', 43966, 43966, 0, 55, 20, 80, 100, 1),
(87, 'AT091017', 'B1B2', '商业/商务综合用地', '——', '6251.18', '5.0', 31500, 31500, 0, 55, 20, 45, 65, 1),
(88, 'AT091018', 'S41', '公共交通场站用地', '——', '4661.28', '0.0', 0, 0, 0, 0, 90, 0, 0, -1),
(89, 'AT091019', 'E1', '水域', '——', '5963.29', '0.0', 0, 0, 0, 0, 0, 0, 0, -1),
(90, 'AT091020', 'G1', '公园绿地', '——', '4777.32', '0.0', 0, 0, 0, 0, 75, 0, 0, -1);

-- --------------------------------------------------------

--
-- 表的结构 `cbd_mission`
--

CREATE TABLE IF NOT EXISTS `cbd_mission` (
  `id` int(11) NOT NULL AUTO_INCREMENT,
  `title` varchar(50) NOT NULL COMMENT '任务名称',
  `charger` int(11) NOT NULL COMMENT '负责人',
  `dead_time` datetime DEFAULT NULL COMMENT '办理期限',
  `creator` int(11) NOT NULL COMMENT '任务的创建人',
  `type` tinyint(4) NOT NULL DEFAULT '1' COMMENT '任务类型：1工作任务；2私人任务',
  `need_remind` tinyint(1) NOT NULL DEFAULT '0',
  `is_done` tinyint(1) NOT NULL DEFAULT '0' COMMENT '任务是否完成',
  `create_time` datetime NOT NULL DEFAULT CURRENT_TIMESTAMP,
  `update_time` datetime NOT NULL DEFAULT CURRENT_TIMESTAMP,
  PRIMARY KEY (`id`)
) ENGINE=InnoDB  DEFAULT CHARSET=utf8 COMMENT='工作任务表' AUTO_INCREMENT=55 ;

--
-- 转存表中的数据 `cbd_mission`
--

INSERT INTO `cbd_mission` (`id`, `title`, `charger`, `dead_time`, `creator`, `type`, `need_remind`, `is_done`, `create_time`, `update_time`) VALUES
(14, '制图及陈军咨询费报销', 9, '2014-09-11 17:30:00', 9, 1, 0, 1, '2014-09-10 16:08:15', '2014-09-12 11:36:18'),
(15, '发给小麦制度建设征求意见稿', 9, '2014-09-12 17:30:00', 9, 1, 0, 1, '2014-09-11 16:29:16', '2014-09-15 08:47:58'),
(16, '金融城开发建设半年工作报告', 6, '2015-06-30 17:30:00', 3, 1, 1, 0, '2014-09-11 17:27:11', '2014-09-11 17:27:11'),
(17, '金融城开发建设全年工作报告', 6, '2014-12-31 17:30:00', 3, 1, 1, 1, '2014-09-11 17:29:22', '2015-01-06 12:59:50'),
(18, '处室半年工作总结', 3, '2015-06-15 17:30:00', 3, 1, 1, 0, '2014-09-11 17:34:42', '2014-09-11 17:34:42'),
(19, '处室全年工作总结', 3, '2015-12-15 17:30:00', 3, 1, 1, 0, '2014-09-11 17:35:25', '2014-12-22 11:01:19'),
(21, '填报2014年市政府重点工作我区配合项目责任分工表', 7, '2015-02-20 08:45:00', 7, 1, 1, 0, '2014-09-15 11:49:44', '2015-01-19 16:25:58'),
(22, '填报2011-2014年“新广州新商机”重点项目进展情况表', 7, '2015-03-02 08:45:00', 7, 1, 1, 0, '2014-09-15 11:55:31', '2015-02-10 14:26:45'),
(23, '声动CBD总决赛前准备会议', 3, '2014-09-22 14:30:00', 3, 1, 0, 1, '2014-09-18 16:34:11', '2014-09-23 08:56:01'),
(24, '到屈臣氏购买沐浴露', 3, '2014-09-19 12:30:00', 3, 2, 0, 1, '2014-09-18 16:39:42', '2014-09-19 13:34:51'),
(25, '重新联系入驻企业明确是否申报重点项目', 3, '2014-09-22 08:45:00', 3, 1, 0, 1, '2014-09-19 18:42:16', '2014-09-22 11:37:52'),
(26, '与建隆联系，说明我委立场', 3, '2014-09-22 09:00:00', 3, 1, 0, 1, '2014-09-19 18:43:01', '2014-09-22 09:58:25'),
(27, '整理重点项目对接情况', 3, '2014-09-23 09:30:00', 3, 1, 1, 1, '2014-09-21 12:57:06', '2014-09-23 17:14:22'),
(28, '起步区各村复建合理化建议定稿', 3, '2014-09-22 22:00:00', 3, 1, 0, 1, '2014-09-21 12:57:43', '2014-09-22 09:36:39'),
(29, '专题讲座请示委领导', 3, '2014-09-22 15:00:00', 3, 1, 0, 1, '2014-09-21 12:58:57', '2014-09-22 11:37:56'),
(30, '转移陈处车内物品以便更换新车', 3, '2014-09-22 10:31:00', 3, 1, 0, 1, '2014-09-22 10:31:32', '2014-09-23 08:55:56'),
(31, '制作3幅图（地块编码，地块编码叠加现状、平面）', 6, '2014-09-28 17:30:00', 3, 1, 0, 1, '2014-09-26 15:32:41', '2014-09-30 14:06:25'),
(32, '跟市重点办、市土发中心核实AT091007地块出让信息', 4, '2014-09-28 17:30:00', 3, 1, 0, 1, '2014-09-26 15:33:21', '2014-09-28 14:14:02'),
(33, '请示常委落实是否复函建隆物业', 6, '2014-09-28 17:30:00', 3, 1, 0, 1, '2014-09-26 17:11:25', '2014-10-09 09:14:28'),
(34, '落实专题讲座有关事宜', 6, '2014-09-28 17:30:00', 3, 1, 0, 1, '2014-09-26 17:11:59', '2014-10-09 09:14:24'),
(35, '落实处室人员国庆假期动向', 9, '2014-09-28 10:00:00', 9, 1, 0, 1, '2014-09-26 17:12:04', '2014-09-28 09:03:52'),
(36, '整理周报', 9, '2014-09-29 11:00:00', 9, 1, 0, 1, '2014-09-28 17:44:44', '2014-09-29 10:52:44'),
(37, '向天意索取增印项目联合审批流程办事指南报销发票及送货单', 7, '2014-10-08 17:30:00', 9, 1, 0, 1, '2014-10-08 09:35:04', '2014-10-14 15:51:25'),
(38, '叫益力送水', 3, '2014-10-08 11:00:00', 3, 2, 0, 1, '2014-10-08 10:00:49', '2014-10-08 12:40:37'),
(39, '联系霍建勇确定会见时间地点', 4, '2014-10-13 09:30:00', 3, 1, 0, 1, '2014-10-10 10:01:56', '2014-10-20 11:00:35'),
(40, '编写丘常委调研报告——金融城发展管理模式初探', 6, '2014-10-17 09:30:00', 3, 1, 1, 1, '2014-10-10 10:05:32', '2014-10-16 11:36:27'),
(41, '完成我处全年工作总结初稿', 4, '2014-10-17 10:00:00', 3, 1, 1, 1, '2014-10-10 10:06:01', '2014-10-20 11:00:30'),
(42, '收图及发票', 9, '2014-10-13 11:00:00', 9, 1, 0, 1, '2014-10-10 11:49:18', '2014-10-13 17:34:20'),
(43, '收集整理我处对任书记讲话的思考报综合处', 9, '2014-10-14 12:00:00', 3, 1, 1, 1, '2014-10-11 17:45:04', '2014-10-13 17:02:15'),
(44, '报送金融城少年宫建设进展情况', 6, '2015-12-20 03:02:00', 6, 1, 1, 0, '2014-11-03 14:11:32', '2014-11-03 14:11:32'),
(45, '在珠江新城规划图上更新D4-B4地块情况', 6, '2015-01-06 12:00:00', 3, 1, 0, 1, '2015-01-04 10:41:33', '2015-01-07 10:45:18'),
(46, '陈处在全年总结会上的发言稿', 4, '2015-01-23 17:00:00', 3, 1, 0, 1, '2015-01-09 10:53:22', '2015-02-09 08:49:43'),
(47, '珠江新城建设开发调研报告（报林区）', 6, '2015-01-23 17:00:00', 3, 1, 1, 1, '2015-01-09 10:54:19', '2015-01-29 10:18:28'),
(48, '外出考察方案', 4, '2015-01-16 17:00:00', 3, 1, 1, 1, '2015-01-09 10:54:49', '2015-01-20 09:24:20'),
(50, '报党风廉政建设责任情况', 9, '2015-03-25 08:00:00', 9, 1, 1, 0, '2015-01-14 16:00:57', '2015-01-14 16:00:57'),
(51, '报叶哥我处印刷费使用情况 ', 9, '2015-03-01 10:00:00', 9, 1, 1, 0, '2015-01-14 16:04:48', '2015-02-02 11:51:14'),
(52, '制作金融城-琶洲-珠江新城区位图', 6, '2015-01-30 10:00:00', 3, 1, 1, 1, '2015-01-27 10:18:15', '2015-01-29 10:18:25'),
(53, '提醒张主任备齐车上图片资料', 3, '2015-02-26 17:00:00', 3, 1, 1, 0, '2015-02-09 08:42:42', '2015-02-09 08:42:42'),
(54, '提醒张主任备齐车上图片资料', 6, '2015-02-26 17:00:00', 3, 1, 1, 0, '2015-02-09 08:43:35', '2015-02-09 08:43:35');

-- --------------------------------------------------------

--
-- 表的结构 `cbd_mission_remind`
--

CREATE TABLE IF NOT EXISTS `cbd_mission_remind` (
  `id` int(11) NOT NULL AUTO_INCREMENT,
  `mis_id` int(11) NOT NULL,
  `remind_time` datetime NOT NULL COMMENT '提醒时间',
  `is_period` tinyint(1) NOT NULL,
  `period` tinyint(4) DEFAULT NULL,
  `period_unit` varchar(4) DEFAULT NULL COMMENT '周期单位：m月，w周，d日，h小时，ms分钟',
  `remind_count` smallint(6) DEFAULT NULL,
  `create_time` datetime NOT NULL DEFAULT CURRENT_TIMESTAMP,
  `update_time` datetime NOT NULL DEFAULT CURRENT_TIMESTAMP,
  PRIMARY KEY (`id`)
) ENGINE=InnoDB  DEFAULT CHARSET=utf8 COMMENT='周期性任务表' AUTO_INCREMENT=21 ;

--
-- 转存表中的数据 `cbd_mission_remind`
--

INSERT INTO `cbd_mission_remind` (`id`, `mis_id`, `remind_time`, `is_period`, `period`, `period_unit`, `remind_count`, `create_time`, `update_time`) VALUES
(1, 16, '2015-05-31 17:30:00', 1, 6, 'm', 999, '2014-09-11 17:27:11', '2014-09-11 17:27:11'),
(2, 17, '2014-12-01 17:30:00', 1, 12, 'm', 999, '2014-09-11 17:29:22', '2014-09-11 17:29:22'),
(3, 18, '2015-05-26 17:30:00', 1, 6, 'm', 999, '2014-09-11 17:34:42', '2014-09-11 17:34:42'),
(4, 19, '2015-11-25 17:30:00', 1, 12, 'm', 998, '2014-09-11 17:35:25', '2014-12-22 11:01:19'),
(6, 21, '2015-02-18 08:45:00', 1, 1, 'm', 994, '2014-09-15 11:49:44', '2015-01-19 16:25:58'),
(7, 22, '2015-03-02 08:45:00', 1, 1, 'm', 994, '2014-09-15 11:55:31', '2015-02-10 14:26:45'),
(8, 27, '2014-09-22 09:30:00', 0, NULL, NULL, NULL, '2014-09-21 12:57:06', '2014-09-21 12:57:06'),
(9, 40, '2014-10-14 09:30:00', 0, NULL, NULL, NULL, '2014-10-10 10:05:32', '2014-10-10 10:05:32'),
(10, 41, '2014-10-14 10:00:00', 0, NULL, NULL, NULL, '2014-10-10 10:06:01', '2014-10-10 10:06:01'),
(11, 43, '2014-10-13 12:00:00', 0, NULL, NULL, NULL, '2014-10-11 17:45:04', '2014-10-11 17:45:04'),
(12, 44, '2015-12-18 03:02:00', 1, 1, 'q', 999, '2014-11-03 14:11:32', '2014-11-03 14:11:32'),
(13, 47, '2015-01-16 17:00:00', 0, NULL, NULL, NULL, '2015-01-09 10:54:19', '2015-01-09 10:54:19'),
(14, 48, '2015-01-11 17:00:00', 0, NULL, NULL, NULL, '2015-01-09 10:54:49', '2015-01-09 10:54:49'),
(16, 50, '2015-03-21 08:00:00', 1, 1, 'q', 4, '2015-01-14 16:00:57', '2015-01-14 16:00:57'),
(17, 51, '2015-03-03 10:00:00', 1, 1, 'm', 11, '2015-01-14 16:04:48', '2015-02-02 11:51:14'),
(18, 52, '2015-01-28 10:00:00', 0, NULL, NULL, NULL, '2015-01-27 10:18:15', '2015-01-27 10:18:15'),
(19, 53, '2015-02-25 17:00:00', 0, NULL, NULL, NULL, '2015-02-09 08:42:42', '2015-02-09 08:42:42'),
(20, 54, '2015-02-25 17:00:00', 0, NULL, NULL, NULL, '2015-02-09 08:43:35', '2015-02-09 08:43:35');

-- --------------------------------------------------------

--
-- 表的结构 `cbd_oldfile`
--

CREATE TABLE IF NOT EXISTS `cbd_oldfile` (
  `id` int(11) NOT NULL AUTO_INCREMENT,
  `file_no` varchar(11) NOT NULL,
  `r_no` varchar(20) NOT NULL,
  `r_title` varchar(50) NOT NULL,
  `r_from` varchar(20) NOT NULL,
  `w_no` varchar(20) NOT NULL,
  `w_title` varchar(50) NOT NULL,
  `w_to` varchar(20) NOT NULL,
  `dealer` varchar(20) NOT NULL,
  PRIMARY KEY (`id`)
) ENGINE=InnoDB  DEFAULT CHARSET=utf8 AUTO_INCREMENT=751 ;

--
-- 转存表中的数据 `cbd_oldfile`
--

INSERT INTO `cbd_oldfile` (`id`, `file_no`, `r_no`, `r_title`, `r_from`, `w_no`, `w_title`, `w_to`, `dealer`) VALUES
(1, 'JS2011-01', '', ' 珠江新城-员村地区城市设计', '广州市城市规划设计所', '', '', '', '\r'),
(2, 'JS2011-02', '', '会议通知（拟进驻广州国际金融城购地建楼有关工作座谈会）', '市政府', '', '', '', '\r'),
(3, 'JS2011-03', '穗府〔2011〕27号', '印发进一步深化市城投集团改革工作方案的通知', '市政府', '', '', '', '\r'),
(4, 'JS2011-04', '', '开发区管委会组件生物岛科技投资开发有限公司的批复以及中新知识城公司的成套资料', '', '', '', '', '\r'),
(5, 'JS2011-05', '穗府13届〔2011〕30号', '市政府常务会议纪要（审议《关于员村热电厂资产有偿转让市城投集团的请示》）', '市政府', '', '', '', '　\r'),
(6, 'JS2011-06', '穗金领办〔2011〕1号', '广州区域金融中心建设工作领导小组第一次会议纪要（2011.11.4）', '广州区域金融中心建设工作领导小组', '', '', '', '\r'),
(7, 'JS2011-07', '', '广州国际金融城核心区建筑单体方案征集工作协调会', '', '', '', '', '\r'),
(8, 'JS2011-08', '', '广州市CBD信息网络平台建设设计方案', '广州市凡拓数码科技有限公司', '', '', '', '\r'),
(9, 'JS2011-09', '穗天委会纪[2011]3号', '关于加快推荐广州国际金融城开发建设工作会议纪要（含会议通知、发言内容。2012.12.31）', '区委办', '', '', '', '\r'),
(10, 'JS2011-10', '', '广州国际金融城开发建设实施方案（2012-2015年）（稿）', '', '', '', '', '\r'),
(11, 'JS201202-01', '', '广州国际金融城规划项目调研考察计划（含调研提纲、主要内容录音整理稿、调研情况汇报', '', '', '', '', '　\r'),
(12, 'JS201201-02', '', '', '', '', '关于上报《天河区关于金融城开发建设近期工作情况的报告》的请示', '区政府', '\r'),
(13, 'JS201201-03', '', '会议通知（了解有意进驻金融城的国家金融监管部门驻粤机构、金融机构在用地、设计、建设、政策方面的需求及', '市金融办', '', '', '', '\r'),
(14, 'JS201201-04', '', '调研会议（含1月10日金融城土地储备工作会议纪要稿2012.1.19）', '', '', '', '', '\r'),
(15, 'JS201202-01', '', '李明区长关于天河区经济社会发展情况的汇报（2012.2.2）', '', '', '', '', '\r'),
(16, 'JS201202-02', '第64号', '关于明确广州国际生物岛管理权限的决定', '市府办', '', '', '', '\r'),
(17, 'JS201202-03', '', '会议纪要稿（2012.2.10陈建华市长调研天河区经济社会发展情况）', '', '', '', '', '\r'),
(18, 'JS201202-04', '', '天河区金融业数据说明（含我区保险企业、证券企业及其他金融活动单位名录）', '', '', '', '', '\r'),
(19, 'JS201202-05', '', '2012年2月24日金融城工作会议录音', '', '', '', '', '\r'),
(20, 'JS201202-06', '', '2012年广州商业地产市场回顾与展望', '仲量联行', '', '', '', '\r'),
(21, 'JS201203-01', '穗规天河【2012】78号', '关于广州国际金融城近期建设规划展厅选址的函', '区规划分局', '', '', '', '\r'),
(22, 'JS201203-02', '穗建公共函【2012】311号', '关于对接落实市政府决定事项的函', '区府办转市建委', '', '', '', '何碧莹\r'),
(23, 'JS201203-03', '顺序号24535', '"关于印发《天河区2012年重点工作督办事项分解表》的通知季度报，6.30，9.30,12.31"', '区委办、区府办', '', '', '', '何碧莹\r'),
(24, 'JS201203-04', '穗天府报〔2012〕3号', '关于金融城起步区内城中村土地及建筑物测量情况的报告', '区政府', '', '', '', '\r'),
(25, 'JS201203-05', '穗金融函〔2012〕74号', '关于征求《广州国际金融城开发建设实施方案（2012-2015年）（征求意见稿）》意见的函', '市金融办', '', '', '', '\r'),
(26, 'JS201203-06', '穗规报〔2012〕53号', '关于成立广州国际金融城规划咨询与方案征集指导委员会的请示', '市规划局', '', '', '', '\r'),
(27, 'JS201203-07', '穗规编〔2012〕32号', '关于申请支付广州国际金融城项目组织经费的函', '市规编中心', '', '', '', '\r'),
(28, 'JS201203-08', '', '关于棠下村新墟地块改造初步规划方案的报告', '', '', '', '', '\r'),
(29, 'JS201203-09', '广发银报〔2012〕59号', '广发银行关于自建总行办公大楼用地的请示', '广发银行', '', '', '', '\r'),
(30, 'JS201203-10', '', '2012年3月广州国际金融城相关工作推进情况', '', '', '', '', '\r'),
(31, 'JS201204-01', '穗天府办督字【2012】17号', '督办通知', '区府办', '', '', '', '何碧莹\r'),
(32, 'JS201204-02', '', '关于广州国际金融城起步区开发建设工作方案（讨论稿）的修改意见', '', '', '', '', '\r'),
(33, 'JS201204-03', '穗规〔2012〕655号', '关于提供我市重大战略性发展平台规划工作进展情况的函', '市规划局', '', '', '', '\r'),
(34, 'JS201204-04', '穗天财〔2012〕122号', '关于落实广州国际金融城项目经费的通知', '区财政局', '', '', '', '\r'),
(35, 'JS201205-01', '金融【2012】131号', '文件处理表市金融办《关于开展广州国际金融城产业规划研究及业态策划国际咨询工作的请示》（穗金融请【20', '区政府办转市政府办公厅', '', '', '', '陈兴煌\r'),
(36, 'JS201205-02', '穗建公共纪【2012】178号', '关于研究加快推进我市连廊建设工作会议纪要', '区府办转市建委', '', '', '', '张萍\r'),
(37, 'JS201205-03', '文体【2012】78号', '《关于广州北岸文化码头项目建设工作有关情况的报告》（穗文广新【2012】259号）', '市政府办公厅转来市文广新局', '', '', '', '陈兴煌\r'),
(38, 'JS201205-04', '穗规编【2012】58号', '关于征求《广州国际金融城城市设计国际竞赛技术文件》意见的函', '区府办转市城市规划编研中心', '', '关于征求《广州国际金融城城市设计国际竞赛技术文件》意见的复函', '区府办', '张萍\r'),
(39, 'JS201205-05', '穗规【2012】882号', '《关于核定广州国际金融城起步区拆迁安置数据的函》', '区府办转来市规划局', '', '', '', '陈兴煌\r'),
(40, 'JS201205-06', '穗建公共函【2012】1089号', '关于请报送连廊建设推进情况的函', '区府办转市建委', '', '关于对《关于请报送连廊建设推进情况的函》意见的复函', '区建水局', '张萍\r'),
(41, 'JS201205-07', '（区委办）督字17号', '决策督查事项办理通知书（穗办督字【2012】86号）', '区委办', '', '关于决策督查事项落实情况的报告（复区委办）', '区委办', '陈兴煌\r'),
(42, 'JS201205-08', '穗发改重点【2012】8号', '《关于印发市重点建设项目推进机制工作方案的通知》', '区政府办转来市发改委', '', '', '', '陈兴煌\r'),
(43, 'JS201205-09', '', '关于印发《天河区新型城市化发展调研活动方案》的通知', '区委办', '', '', '', '张萍\r'),
(44, 'JS201205-10', '174', '中共广州市委办公厅 广州市人民政府办公厅关于深入学习贯彻广东省第试一次党代会精神扎实推进新型城市化发', '区委办转市委办公厅', '', '', '', '陈兴煌\r'),
(45, 'JS201205-11', '办文编号1302484', '《关于尽快确定广州国际金融城起步区村民住宅及集体物业复建安置用房选址方案的请示》（穗天府报【2012', '市府办公厅转天河区政府', '', '', '', '陈兴煌\r'),
(46, 'JS201205-12', '', '关于在广州国际金融城购买建设总部大厦用地的请示', '广州瑞丰投资有限公司', '', '', '', '\r'),
(47, 'JS201205-13', '穗规〔2012〕840号', '关于成立广州国际金融城城市设计国际竞赛委员会的函', '市规划局', '', '', '', '\r'),
(48, 'JS201206-01', '', '《商务部办公厅关于请推荐国家级示范中央商务区的函》', '市府办公厅转商务部', '', '', '', '陈兴煌\r'),
(49, 'JS201206-02', '1312258', '《关于你区调研广州国际金融城产业规划有关情况的函》（穗金融函【2012】239号）', '区府办转市金融办', '', '', '', '陈兴煌\r'),
(50, 'JS201206-03', '穗规编【2012】66号', '《关于申请上缴与拨付广州国际金融城城市设计国际竞赛项目组织经费的函》', '区府办转来市城市规划编研中心', '穗天商管函[2012]11号', '关于城市市规划编研中心《关于申请上缴与拨付广州国际金融城城市设计国际竞赛项目组织经费的函》的复函', '', '何碧莹\r'),
(51, 'JS201206-04', '1319965', '关于商请协助做好中国（广州）国际金融交易博览会新闻宣传工作的函（穗金融函【2012】247号）', '区府办转市金融办', '', '关于协助做好中国（广州）国际金融交易博览会新闻宣传工作有关事项的请示', '丘常委', '陈兴煌\r'),
(52, 'JS201206-05', '穗府办函【2012】66号', '《2012年市政府重要工作部署上半年落实情况检查工作方案》', '区政府办转来市府办公厅', '', '', '', '何碧莹\r'),
(53, 'JS201206-06', '穗建法函【2012】1219号', '关于征求《广州市建筑节能管理规定（征求意见稿）》意见的函', '区府办转来市建委', '', '', '', '何碧莹\r'),
(54, 'JS201206-07', '1318310', '商务部关于组织开展特色商业街区、商贸功能区、中央商务区示范创建工作的通知（商流通发【2012】119', '市府办公厅转商务部', '', '', '', '\r'),
(55, 'JS201206-08', '1319965', '关于商请协助做好中国（广州）国际金融交易 博览会新闻宣传工作的函（穗金融函【2012】247号）', '区府办转市金融办', '', '', '', '张萍\r'),
(56, 'JS201206-09', '穗发改函【2012】741号', '《关于征求加快推进“三个重大突破”2012年工作计划意见的函》', '区府办转来市发改委', '', '关于对《关于征求加快推进“三个重大突破”2012年工作计划意见的函》的复函', '区发改局', '张萍\r'),
(57, 'JS201206-10', '', '《天河区“暖企行动”企业问题分类汇总表》（征求意见稿）', '区委办', '', '', '', '张萍\r'),
(58, 'JS201206-11', '穗建路桥函【2012】1355号', '关于报送广州国际金融城有关工作推进情况的函', '区府办转市建委', '', '关于办理市建委《关于报送广州国际金融城有关工作推进情况的函》的函', '', '张萍\r'),
(59, 'JS201206-12', '穗文广新【2012】259号', '关于广州北岸文化码头项目建设工作有关情况的报告（穗文广新【2012】259号）', '区政府办转市政府办转来市文广新局', '', '', '', '何碧莹\r'),
(60, 'JS201206-13', '穗发改建议函【2012】64号', '《关于市人大代表在市十四届人大一次会议上有关具体意见和建议的会办意见》', '区政府办', '', '', '', '何碧莹\r'),
(61, 'JS201206-14', '', '《关于协助提供2011年以来天河区腾笼换鸟情况的函》', '区经贸局', '穗天商管函[2012]20号', '关于《关于协助提供2011年以来天河区腾笼换鸟情况的函》的复函', '经贸局', '何碧莹\r'),
(62, 'JS201206-15', '穗规【2012】1114号', '《关于落实广州国际金融城城市设计国际竞赛及城市设计深化工作费用的函》', '区政府转来市规划局', '', '', '', '张萍\r'),
(63, 'JS201206-16', '穗办督字【2012】110号', '《领导同志批示事项办理通知书》', '区委办转来市委办', '穗天商管函【2012】21号', '《关于领导同志批示事项办理情况的函》', '区委办', '何碧莹\r'),
(64, 'JS201206-17', '穗旧改字【2012】33号', '《市府办公厅文件处理表如桂在<关于尽快解决天河区潭村就存改造资金缺口问题的请示>上的批示》', '区政府办转来市府办公厅', '', '', '', '何碧莹\r'),
(65, 'JS201206-18', '穗发改函【2012】900号', '《关于我委领导带队分组赴各区（县级市）调研的函》', '区政府办转来市发改委', '', '', '', '张萍\r'),
(66, 'JS201206-19', '穗发改重点【2012】12号', '《关于开展2012年市重点项目上半年建设情况排查工作的通知》', '市发改委', '', '', '', '何碧莹\r'),
(67, 'JS201206-20', '', '关于赴天河中央商务区学习考察的函（无锡市太湖新城建设指挥部金融商务部）', '', '', '', '', '\r'),
(68, 'JS201206-21', '穗天府办督字【2012】27号', '《督办通知》', '区府办', '穗天商管函[2012]14号', '关于督办事项办理情况的函', '区府办', '何碧莹\r'),
(69, 'JS201206-22', '穗建公共函【2012】1461号', '《关于征求<关于推进“珠江黄金岸线”建设的工作方案（征求意见稿）>意见的函》', '区府办转来市城建委', '穗天商管函[2012]13号', '关于对《关于推进“珠江黄金岸线”建设的工作方案（征求意见稿）》办理情况的函', '区府办', '何碧莹\r'),
(70, 'JS201206-23', '穗规【2012】1082号', '《关于广州国际金融城起步区拆迁安置方案选址范围意见的函》', '区府办转市规划局', '', '', '', '何碧莹\r'),
(71, 'JS201206-24', '', '区府办发市国土局《关于广州国际金融城起步区开发建设工作方案（讨论稿）的修改意见》', '', '', '', '', '\r'),
(72, 'JS201206-25', '', '区府办发市规划局《关于核定广州国际金融城起步区拆迁安置数据的复函》', '', '', '', '', '\r'),
(73, 'JS201206-26', '', '区府办发市发改委《关于报送天河区辖内2012年市重点建设项目推进落实情况的函》', '', '', '', '', '\r'),
(74, 'JS201206-27', '穗发改调【2012】8号', '关于组织申报2012年度金融保险示范工程专项资金项目的通知', '市发改委', '', '', '', '张萍\r'),
(75, 'JS201207-01', '穗办督字[2012]127号', '《决策督办事项办理通知书》', '区委办', '穗天商管函[2012]34号', '关于广州国际金融城建设推进情况的函', '区委办', '何碧莹\r'),
(76, 'JS201207-02', '案字【2012】107号', '关于贯彻落实《广州市第十四届人民代表大会第一次会议关于章登明等21名代表联名提出的<关于打造珠江黄金', '区府办转市府办公厅', '', '', '', '何碧莹\r'),
(77, 'JS201207-03', '穗土开函【2012】615号', '关于征求《委托员村国际金融城起步区集体土地包干征收工作框架协议》意见的函', '市土发中心', '', '', '', '\r'),
(78, 'JS201207-04', '穗建督函【2012】1531号', '《关于报送陈如桂常务副市长牵头有关工作进展情况的函》', '区府办转来市建委', '穗天商管函[2012]22号', '关于报送我区涉及陈如桂常务副市长牵头有关工作进展情况的函', '区建水局', '何碧莹\r'),
(79, 'JS201207-05', '穗府会纪【2012】130号', '《关于广州国际金融城和海珠生态城有关问题的会议纪要》', '区府办转市政府办公厅', '', '', '', '张萍\r'),
(80, 'JS201207-06', '穗金融函【2012】294号', '文件处理表（转金融办《关于征求<广州国际金融城发展规划（初稿）>意见的函》', '市金融办', '穗天商管函[2012]27号', '关于对市金融办《关于征求<广州国际金融城发展规划（初稿）>意见的函》意见的综合情况汇报', '', '张萍、何碧莹\r'),
(81, 'JS201207-07', '穗三个重大突破办【2012】1号', '《印发关于加快推进“三个重大突破”2012年工作计划和广州市推进“三个重大突破”工作评估考核办法（试', '区府办转', '', '', '', '何碧莹\r'),
(82, 'JS201207-08', '穗建公共纪【2012】294号', '《关于研究讨论<关于推进“珠江黄金岸线”建设的工作方案>及推进相关建设工作的会议纪要》', '区府办', '', '', '', '何碧莹\r'),
(83, 'JS201207-09', '穗天国房函【2012】281号', '《关于征求国土资源节约集约模范区创建活动系列文件意见的函》', '区国土房管局', '', '', '', '何碧莹\r'),
(84, 'JS201207-10', '', '关于征求《广州国际金融城相关地段征拆问题协调会议纪要（征求意见稿）》意见的函', '区城改办', '', '', '', '何碧莹\r'),
(85, 'JS201207-11', '', '《交办通知》', '区法制办', '穗天商管函【2012】72号', '关于对天河区政协第七届二次会议第P1-11号提案的答复', '陈秋碧委员', '张萍\r'),
(86, 'JS201207-12', '穗天建水函【2012】305号', '《天河区关于推进“珠江黄金岸线”建设的工作方案（征求意见稿）》意见的函', '区建水局', '穗天商管函【2012】37号', '关于征求《天河区关于推进“珠江黄金岸线”建设的工作方案（征求意见稿）》意见的复函', '区建水局', '何碧莹\r'),
(87, 'JS201207-13', '', '《关于加快公共财产预算支出进度的通知》', '区财政局', '', '', '', '何碧莹\r'),
(88, 'JS201207-14', '穗国房函【2012】1583号', '《关于尽快提供产业功能园区材料的函》', '区府办转来市国土局', '', '', '', '何碧莹\r'),
(89, 'JS201207-15', '', '《2012年下半年区政府重点督办工作安排（征求意见稿）》意见的通知', '区府办', '', '', '', '何碧莹\r'),
(90, 'JS201207-16', '穗建路桥函【2012】1772号', '《关于征求<广州国际金融城起步区土地出让推介工作方案>（送审稿）意见的函》', '区府办', '穗天商管函【2012】36号', '关于征求《广州国际金融城起步区土地出让推介工作方案》（送审稿）意见的复函', '区府办', '张萍\r'),
(91, 'JS201207-17', '穗天发改函【2012】147号', '《关于征求天河区重点建设项目管理办法意见的函》', '区发改局', '', '', '', '何碧莹\r'),
(92, 'JS201208-01', '穗天发改函【2012】159号', '关于报送需市政府协调推进项目情况的函', '区发改局', '', '', '', '张萍\r'),
(93, 'JS201208-02', '', '征求意见函（《关于扩大对外开放加快建设国际商贸中心的实施意见（征求意见稿）》）', '区委办', '', '', '', '张萍\r'),
(94, 'JS201208-03', '穗规【2012】1464号', '关于协助提供区重点项目情况的函', '区府办转市规划局', '穗天商管函【2012】43号', '《关于协助提供区重点项目情况的函》的复函', '区发改局', '张萍\r'),
(95, 'JS201208-04', '穗天府办函【2012】', '关于《广州国际金融城起步区土地出让推介工作方案》（送审稿）意见的复函', '区府办', '', '', '', '张萍\r'),
(96, 'JS201208-05', '穗天财函【2012】179号', '关于征求天河区非税收管理办法意见的函', '区财政局', '', '', '', '何碧莹\r'),
(97, 'JS201208-06', '穗经贸函【2012】742号', '关于征求对广州市推进产业转移专项奖金管理办法意见的函', '区府办转市经贸局', '', '', '', '何碧莹\r'),
(98, 'JS201208-07', '穗经贸函【2012】752号', '关于报送腾笼换鸟和双转移工作考评总结材料的通知', '区府办转市双转移办', '', '', '', '何碧莹\r'),
(99, 'JS201208-08', '穗建公共函【2012】1928号', '关于研究讨论《关于推进“珠江黄金岸线”建设的工作方案》及推进相关建设工作的会议纪要（应为《关于报送珠', '区府办转市建委', '穗天商管函【2012】47号', '关于广州国际金融城规划工作进展情况的函', '区建水局', '何碧莹\r'),
(100, 'JS201208-09', '穗发改函【2012】1227号', '关于再次征求广州市战略性新兴产业发展规划意见的函', '区府办', '', '', '', '何碧莹\r'),
(101, 'JS201208-10', '穗规编【2012】94号', '关于征求《广州城市总体规划（2011-2020）》中期成果意见的函', '区府办转市城编中心', '（无）', '关于征求《广州城市总体规划（2011-2020）》中期成果意见的复函', '区规划分局', '张萍\r'),
(102, 'JS201208-11', '', '关于征求《关于推进低碳发展建设生态城市的实施意见（征求意见稿）》意见的函', '区府办转来市建委', '', '', '', '张萍\r'),
(103, 'JS201208-12', '', '关于征求广州市热电联产和分布式能源站发展规划环境影响评价报告书（征求意见稿）意见的函', '区府办转发改委', '', '', '', '张萍\r'),
(104, 'JS201208-13', '', '关于今年上半年工作情况及下半年工作安排的报告', '区府办', '', '', '', '何碧莹\r'),
(105, 'JS201208-14', '穗天国房函【2012】359号', '关于提供2012年广州房地产博览会相关资料的函', '区国土房管局', '', '', '', '张萍\r'),
(106, 'JS201208-15', '穗发改函【2012】1272号', '关于征求广州市推进项目建设促进投资增长工作意见的函', '区府办转市发改委', '', '', '', '何碧莹\r'),
(107, 'JS201208-16', '', '《广州市政府据顶事项落实情况一览表》，要求于每月23日前报区建水局', '区府办', '', '', '', '何碧莹\r'),
(108, 'JS201208-17', '穗天发改函【2012】176号', '关于征求《广州市天河区2012年上半年国民经济和社会发展计划执行情况与下半年工作计划的报告（征求意见', '区发改局', '', '', '', '何碧莹\r'),
(109, 'JS201208-18', '穗府法征【2012】43号', '关于征求对《广州市建筑节能管理规定（送审稿注释稿）》意见的函', '区府办转市法制办', '', '', '', '何碧莹\r'),
(110, 'JS201208-19', '穗发改函【2012】1279号', '关于报送项目建设进展情况的函', '区府办转市发改委', '', '', '', '何碧莹\r'),
(111, 'JS201208-20', '穗土开函【2012】775号', '关于征求《广州市土地储备规划（2011-2020年）》中期成果意见的函', '区府办转市土发中心', '（无）', '关于征求《广州市土地储备规划（2011-2020年）》中期成果意见的复函', '区国土房管分局', '麦少洁、何碧莹\r'),
(112, 'JS201208-21', '穗天发改函【2012】181号', '关于征求“三个重大突破”实施方案和年度工作计划意见的函', '区发改局', '', '', '', '何碧莹\r'),
(113, 'JS201208-22', '', '关于报送我区“三个重大突破”工作需市协调问题的通知', '区府办', '', '', '', '何碧莹\r'),
(114, 'JS201208-23', '穗发改函【2012】1331号', '关于请提供战略性发展平台建设范围、项目及图片资料等相关内容的函', '区府办转市发改委', '穗天商管函【2012】49号', '关于请提供战略性发展平台建设范围、项目及图片资料等相关内容的复函（含天河中央商务区（广州国际金融城）', '区发改局', '张萍\r'),
(115, 'JS201208-24', '穗发改函【2012】1325号', '关于征求拟认定广州市战略性新兴产业基地（第一批）名单意见的函', '区府办转市发改委', '', '', '', '何碧莹\r'),
(116, 'JS201208-25', '穗规划纲要办函【2012】7号', '关于征求我市贯彻落实省实施《珠三角规划纲要》讲评会暨四年大发展攻关动员会精神意见的函', '区府办转市规划纲要办', '穗天商管函【2012】50号', '关于征求我市贯彻落实省实施《珠三角规划纲要》讲评会暨四年大发展攻关动员会精神意见的复函', '区规划纲要办', '麦少洁、何碧莹\r'),
(117, 'JS201208-26', '穗国房函【2012】128号', '关于征求进一步规范我市国有土地使用权出让工作建议的函', '区府办转市国土局', '无', '关于进一步规范我市国有土地使用权出让工作建议的复函', '区国土房管分局', '张萍\r'),
(118, 'JS201208-27', '穗国房函【2012】2132号', '关于金融城起步区村民复建安置房用地问题意见的复函', '区府办转市国土房管局', '', '', '', '何碧莹\r'),
(119, 'JS201208-28', '穗国土房函【2012】2187号', '关于征求我市近期拟公开出让建设用地出让方案意见的函', '区府办转市国土局', '', '', '', '张萍\r'),
(120, 'JS201208-29', '穗规编会【2012】41号', '广州国际金融城产业规划研究和业态策划国际咨询专家评审会会议纪要', '区府办转市城编中心', '', '', '', '\r'),
(121, 'JS201208-30', '穗天财〔2012〕410号', '转发关于进一步规范政府采购评审工作有关问题的通知', '区财政局', '', '', '', '\r'),
(122, 'JS201208-31', '穗国房字〔2012〕848号', '关于贯彻执行《闲置土地处置办法》的通知', '市国土房管局', '', '', '', '\r'),
(123, 'JS201209-01', '', '关于推进新兴城市化发展决定（征求意见）通知》', '区府办', '', '', '', '何碧莹\r'),
(124, 'JS201209-02', '', '关于对征求系统改善广州中心城区交通状况一揽子工作措施有关意见的复函', '区府办转区交通局', '穗天商管函【2012】59号', '关于对征求系统改善广州中心城区交通状况一揽子工作措施有关意见的复函', '区交通局', '张萍\r'),
(125, 'JS201209-03', '穗三个重大突破办函【2012】3号', '关于再次征求广州市推进“三个重大突破”工作评估考核办法（实行）意见的函', '区府办转市“三个重大突破”协调领导小组办', '', '', '', '何碧莹\r'),
(126, 'JS201209-04', '', '《天河区推进广州国际金融城起步区开发建设工作进展情况汇总表》', '区府办', '', '', '', '张萍\r'),
(127, 'JS201209-05', '穗规【2012】1757号', '关于征求《广州市珠江沿线地区整体城市设计及控规调整》（城市设计中期成果）意见的函', '区府办转市规划局', '穗天商管函【2012】60号', '关于征求《广州市珠江沿线地区整体城市设计及控规调整》（城市设计中期成果）意见的复函', '区规划分局', '张萍\r'),
(128, 'JS201209-06', '', '关于广州国际建材总部基地建设项目有关问题的请示', '区府办转市政府办', '', '', '', '张萍\r'),
(129, 'JS201209-07', '穗金融函【2012】425号', '关于发送《广州国际金融城产业发展规划》的函', '区府办转市金融办', '', '', '', '\r'),
(130, 'JS201209-08', '穗府会纪【2012】173号', '关于广州国际金融城开发建设工作有关问题的会议纪要', '区府办转市府办', '', '', '', '\r'),
(131, 'JS201209-09', '', '2012年天河中央商务区、天河智慧城大型秋季招聘会工作方案', '区委人才办', '', '', '', '何碧莹\r'),
(132, 'JS201209-10', '', '关于石东村粘板岗地块规划论证审批的申请', '区府办', '', '', '', '张萍\r'),
(133, 'JS201209-11', '穗规编会【2012】45号', '关于石东村粘板岗地块规划论证审批的申请', '市编研中心', '', '', '', '张萍\r'),
(134, 'JS201209-12', '', '林道平区长在《关于天河区2012年上半年电网建设情况汇报的督办报告》上的批示', '区府办督办科', '', '', '', '何碧莹\r'),
(135, 'JS201209-13', '穗天发改函【2012】200号', '关于征求三个重大突破工作方案中道路交通基础设施重点工作任务意见的函', '区发改局', '', '关于征求三个重大突破工作方案中道路交通基础设施重点工作任务意见的复函', '区发改局', '何碧莹\r'),
(136, 'JS201209-14', '', '关于报送2012年天河区重点企业座谈会企业反映问题落实情况的通知', '区经贸局', '', '', '', '张萍、何碧莹\r'),
(137, 'JS201209-15', '', '关于梳理汇总区政府常务会议和区长办公会议决定事项落实情况的通知', '区府办', '', '', '', '张萍、何碧莹\r'),
(138, 'JS201209-16', '穗规编会【2012】47号', '广州国际金融城城市设计深化工作协调会会议纪要', '市城市规划编制研究中心', '', '', '', '\r'),
(139, 'JS201209-17', '穗规编会【2012】48号', '广州国际金融城城市设计深化与顾问团队第二轮商务谈判会会议纪要', '市城市规划编制研究中心', '', '', '', '\r'),
(140, 'JS201209-18', '', '关于石东村粘板岗地块规划论证审批的申请（新增林道平区长批示，并附该申请原文）', '区府办发来广州市石东实业有限公司', '', '', '', '张萍\r'),
(141, 'JS201209-19', '穗天更新办【2012】128号', '丘卫青常委在文件处理表《关于黄洲工业区“广州设计谷”创意产业园更新改造的意见》上的批示', '区府办', '', '', '', '何碧莹\r'),
(142, 'JS201209-20', '穗土开函【2012】845号', '关于珠江新城俊逸小区用地历史征地补偿情况的函', '区府办转市土地开发中心', '', '', '', '何碧莹\r'),
(143, 'JS201209-21', '', '征求意见函《林区在区委八届三次全会上的讲话》', '', '', '', '', '何碧莹\r'),
(144, 'JS201209-22', '', '关于迎接市双转移办公室对天河区2011年双转移目标责任考核评价工作的通知', '区经贸局', '', '', '', '何碧莹\r'),
(145, 'JS201209-23', '穗天交【2012】39号', '关于贯彻落实林道平区长有关改善我区交通状态工作措施的批示的函', '区交通局', '', '', '', '\r'),
(146, 'JS201209-24', '建公共函【2012】2350号', '关于报送珠江黄金岸线建设工作进展情况的函', '市建委', '', '', '', '何碧莹\r'),
(147, 'JS201209-25', '穗天国房函【2012】445号', '关于征求对成立天河区土地管理委员会意见的函', '区国土局', '', '', '', '麦少洁、何碧莹\r'),
(148, 'JS201209-26', '', '关于印发《天河区重点企业反映问题分类汇总及责任分解表》的通知', '区府办', '', '', '', '张萍、何碧莹 \r'),
(149, 'JS201209-27', '穗发改高技【2012】34号', '关于印发广州市战略性新兴产业基地认定和扶持办法（试行）的通知》', '市发改委', '', '', '', '\r'),
(150, 'JS201209-28', '2684', '关于报送广州国际金融城规划建设专责小组成员名单的通知', '市建委', '穗天商管函【2012】78号', '关于报送广州国际金融城规划建设专责小组成员名单的函', '区府办', '张萍\r'),
(151, 'JS201209-29', '穗三个重大突破办函【2012】4号', '关于核对战略性主导产业项目进展情况的函', '广州市“三个重大突破”协调领导小组办公室', '', '', '', '\r'),
(152, 'JS201209-30', '穗规【2012】1925号', '关于核实“暖区行动”服务项目及事项的函', '市规划局', '', '', '', '何碧莹\r'),
(153, 'JS201209-31', '', '《关于做好2012年市政府重要工作部署第三季度小结的通知》', '区府办', '', '', '', '何碧莹\r'),
(154, 'JS201209-32', '', '天河区电网建设存在问题协调会议纪要', '区府办', '', '', '', '何碧莹\r'),
(155, 'JS201209-33', '穗水函【2012】1176号', '关于报送珠江黄金岸线建设工作进展情况的函', '市水务局', '', '', '', '何碧莹\r'),
(156, 'JS201209-34', '穗发改函【2012】1578号', '关于请提供2012中国国际绿色创新技术产品展相关材料的函', '市发改委', '', '', '', '何碧莹、张萍\r'),
(157, 'JS201209-35', '穗规编【2012】113号', '关于征求《广州新中轴线北段城市设计深化及节点优化设计》（初步成果）意见的函', '市编研中心', '穗天商管函【2012】85号', '关于征求《广州新中轴线北段城市设计深化及节点优化设计》（初步成果）意见的函', '区府办', '张萍\r'),
(158, 'JS201209-36', '', '关于加快制定《区委、区政府关于全面贯彻落实市委、市政府推进新型城市化发展“1+15”政策文件的实施意', '区委办', '', '', '', '何碧莹\r'),
(159, 'JS201209-37', '穗建路桥函【2012】2502号', '关于报送广州国际金融城起步区城市设计深化有关资料的函', '市建委', '穗天商管函【2012】84号', '关于报送广州国际金融城起步区城市设计深化有关资料的函', '市编研中心', '张萍\r'),
(160, 'JS201209-38', '粤国土资利用发〔2012〕145号', '关于调整“三旧”改造涉及完善征收手续报批方式的通知', '省国土资源厅', '', '', '', '\r'),
(161, 'JS201210-01', '穗办电【2012】89号', '领导同志批示事项办理通知书', '区委办', '', '', '', '何碧莹\r'),
(162, 'JS201210-02', '', '关于报送2012年天河区重点企业座谈会企业反映问题落实情况的通知', '区经贸局', '', '', '', '张萍、何碧莹\r'),
(163, 'JS201210-03', '穗规【2012】2078号', '关于天河区珠江新城D3-1地块（AT1104规划管理单元）控制性详细规划修改征询意见的函', '市规划局', '', '关于天河区珠江新城D3-1地块（AT1104规划管理单元）控制性详细规划修改征询意见的复函', '区规划分局', '姚科\r'),
(164, 'JS201210-04', '穗天经函【2012】79号', '关于对天河区推进国际商贸中心核心区建设工作方案（征求意见稿）意见的函', '区经贸局', '', '', '', '何碧莹\r'),
(165, 'JS201210-05', '', '关于报送广州国际金融城有关工作推进情况的函', '市建委', '穗天商管函【2012】86号', '关于报送广州国际金融城有关工作推进情况的复函', '市建委', '张萍\r'),
(166, 'JS201210-06', '穗规【2012】2105号', '关于征求《广州国际金融城起步区城市设计》（深化成果）意见的函》', '市规划局', '穗天府办函【2012】135号', '关于征求《广州国际金融城起步区城市设计》（深化成果）意见的复函', '市城市规划编研中心', '张萍\r'),
(167, 'JS201210-07', '', '关于对市政府14届40次常务会议议题内容提出意见的预通知', '区府办', '', '', '', '\r'),
(168, 'JS201210-08', '', '关于报送需市协调解决问题的通知', '区府办', '', '', '', '何碧莹\r'),
(169, 'JS201210-09', '穗建公共函【2012】2640号', '关于征求《广州市空中步行连廊系统建设管理实施意见（征求意见稿）》意见的函', '市建委', '', '', '', '何碧莹\r'),
(170, 'JS201210-10', '穗规【2012】2133号', '关于报送《加强规划引领节约集约用地的实施意见》2013年度工作计划及相关资料的函', '市规划局', '', '', '', '何碧莹、姚科\r'),
(171, 'JS201210-11', '', '关于对《关于全面创建平安天河的实施意见》和《创建平安天河推进方案（2012-2022年》征求意见的通', '区委办', '', '', '', '何碧莹\r'),
(172, 'JS201210-12', '穗经贸函【2012】1075号', '关于报送中共广州市委 广州市人民政府关于建设国际商贸中心的实施意见重点工作的函', '市经贸局', '', '', '', '\r'),
(173, 'JS201210-13', '穗重点办【2012】6号', '关于督促落实2012年重点建设项目完成年度投资计划的函', '市发改委', '', '', '', '何碧莹、姚科\r'),
(174, 'JS201210-14', '穗天建水报【2012】158号', '关于报送《广州市城建项目征收补偿标准（征求意见稿）》修改意见复函的请示', '区府办', '穗天商管函【2012】92号', '关于报送《广州市城建项目征收补偿标准（征求意见稿）》意见的函', '区建水局', '姚科、何碧莹\r'),
(175, 'JS201210-15', '穗天发改函【2012】245号', '关于征求《天河加快推进“三个重大突破”细化实施方案》意见的函', '区发改局', '', '', '', '何碧莹\r'),
(176, 'JS201210-16', '穗发改函【2012】1739号', '关于征求推进城乡一体工程实施意见2013年度工作方案意见的函', '市发改委', '', '', '', '何碧莹\r'),
(177, 'JS201210-17', '', '关于征求对《天河区关于加强规划引领节约集约用地细化工作方案》意见的函', '区国土局', '', '', '', '何碧莹\r'),
(178, 'JS201210-18', '穗国房函【2012】2724号', '关于做好新型城市化发展重大项目梳理报送工作的函', '市国土局', '', '关于报送《关于协助做好新型城市化发展重大项目梳理报送工作的函》意见的函', '区国土局', '姚科\r'),
(179, 'JS201210-19', '穗建路桥函【2012】2472号', '关于报送《关于 广州市城建项目征收补偿标准（征求意见稿）修改意见的复函》（呈报稿）的请示', '区府办', '', '', '', '姚科\r'),
(180, 'JS201210-20', '', '关于天河区珠江新城D3-1地块配建项目征询意见的函', '市规划局', '', '', '', '姚科\r'),
(181, 'JS201211-01', '', '省规划纲要办拟来我市开展“四年大发展”重大项目督查工作', '区府办', '穗天商管函【2012】100号', '关于填报市实施珠三角规划纲要领导小组办公室文件处理表转周灵副秘书长在《省规划纲要办拟来我市开展“四年', '区政府办', '\r'),
(182, 'JS201211-02', '', '关于《中共广州市天河区委关于推进党建创新工程的细化实施方》的征求意见函', '区委组织部', '', '', '', '何碧莹\r'),
(183, 'JS201211-03', '', '关于《天河区纪委监察局观察落实“1+15”政策文件的细化方案》的征求意见函', '区纪委', '', '', '', '何碧莹\r'),
(184, 'JS201211-04', '穗规【2012】2249号', '关于申请预付广州国际金融城起步区城市设计工作首笔合同经费的函', '市规划局', '', '', '', '张萍跟进，姚科协助\r'),
(185, 'JS201211-05', '穗天发改函【2012】260号', '关于提供“三个重大突破细化方案所需资料及数据的函', '区发改局', '', '', '', '张萍、何碧莹\r'),
(186, 'JS201211-06', '穗金融函【2012】543号', '关于征求广州国际金融城宣传册修改意见的函', '市金融办', '穗天商管函【2012】106号', '关于征求广州国际金融城宣传册修改意见的复函', '区政府办', '张萍\r'),
(187, 'JS201211-07', '穗天发改【2012】84号', '关于编制天河区2013年重点建设项目和重点建设项目计划的通知', '区发改局', '', '', '', '\r'),
(188, 'JS201211-08', '穗天发改【2012】86号', '关于填报《天河区推进产业提升工程工作任务表》的通知', '区发改局', '', '', '', '\r'),
(189, 'JS201211-09', '穗天发改【2012】87号', '关于报送我区城乡一体化工程2013年工作要点的通知', '区发改局', '', '城乡一体化工程2013年工作要点一览表', '区发改局', '\r'),
(190, 'JS201211-10', '', '关于再次征求对《中共广州市天河区委关于推进党建创新工程的工作实施方案》意见的函', '区委组织部', '', '', '', '\r'),
(191, 'JS201211-11', '', '关于申请预付广州国际金融城起步区城市设计工作首笔合同经费的函（与市领导在（关于广州国际金融城起步区城', '区府办', '', '', '', '张萍\r'),
(192, 'JS201211-12', '', '关于收集区属各单位纳入2013年市一级政府投资计划项目的函', '区发改局', '', '', '', '何碧莹\r'),
(193, 'JS201211-13', '', '林道平区长在关于《广州城市总体规划(2011-2020)》成果报送天河区林道平区长的函上的批示', '区府办', '', '', '', '张萍、姚科\r'),
(194, 'JS201211-14', '穗规天河报【2012】190号', '关于广州国际金融城城市设计深化合同签订工作展情况及存在问题报告', '区府办', '', '', '', '张萍\r'),
(195, 'JS201211-15', '穗发改函【2012】1832号', '关于商请研究近年来我市固定资产投资形势分析和2013年投资形势预测的函', '区府办', '', '', '', '何碧莹\r'),
(196, 'JS201211-16', '', '关于广州国际金融城宣传册的复函', '区府办', '', '', '', '\r'),
(197, 'JS201211-17', '', '金融城建设工作会议纪要', '', '', '', '', '张萍\r'),
(198, 'JS201211-18', '', '关于对《天河区推进人才集聚工程实施工作方案》征求意见的函', '区委组织部', '', '', '', '\r'),
(199, 'JS201211-19', '穗规【2012】2383号', '关于尽快明确金融城起步区拆迁安置数据并申请规划选址的函', '市规划局', '', '', '', '姚科\r'),
(200, 'JS201211-20', '', '关于进一步修改完善《中共广州市天河区委 天河区人民政府关于推进世界文化名城中心区建设的工作方案》的函', '区委宣传部', '', '', '', '何碧莹\r'),
(201, 'JS201211-21', '', '关于征求《天河区推进城乡一体化发展工作方案（征求意见稿）》意见的函', '区建水局', '穗天商管函【2012】112号', '关于征求《天河区推进城乡一体化发展工作方案（征求意见稿）意见的复函', '区建水局', '何碧莹\r'),
(202, 'JS201211-22', '', '关于报送2012年工作总结及2013年工作计划的通知', '区府办', '', '', '', '何碧莹、张萍\r'),
(203, 'JS201211-23', '', '关于征求《天河区推进低碳发展建设生态城市工作方案（征求意见稿）》意见的函', '区建水局', '', '', '', '何碧莹\r'),
(204, 'JS201211-24', '穗规信【2012】227号', '关于珠江新城D3-1地块控规修改批前公示信访问题的函', '市规划局', '', '', '', '姚科\r'),
(205, 'JS201211-25', '', '关于2013年度区财政投资信息化项目预算申报的通知', '区科信局', '', '', '', '姚科\r'),
(206, 'JS201211-26', '', '关于第三次征求天河区推进智慧天河建设工作方案意见的函', '区科信局', '', '', '', '姚科\r'),
(207, 'JS201211-27', '', '关于征求产业提升工程实施意见2013年度工作要点意见的函', '区政府办', '', '', '', '姚科、何碧莹\r'),
(208, 'JS201211-28', '', '关于征求《关于加强规划引领节约集约用地的实施意见（2012-2013）年度工作要点意见的函》', '区政府办', '', '', '', '姚科、张萍\r'),
(209, 'JS201211-29', '', '天河区贯彻落实市新型城市化发展“1+15”政策文件三年行动计划汇总表（征求意见稿）', '区委办', '', '', '', '姚科\r'),
(210, 'JS201211-30', '', '关于报送2012年双转移工作总结的函', '区经贸局', '', '', '', '何碧莹\r'),
(211, 'JS201211-31', '', '关于请求配合提供展板设计文件的函', '科技园', '', '', '', '张萍\r'),
(212, 'JS201211-32', '', '关于广州国际金融城城市设计深化合同签订工作进展情况及存在问题报告', '区府办', '', '', '', '张萍\r'),
(213, 'JS201211-33', '', '关于报送上级需区委常委会会议和区政府常务会议审议事项完成情况的通知', '区政府办', '', '', '', '何碧莹\r'),
(214, 'JS201211-34', '穗发改函【2012】1912号', '关于再次征求关于推进城乡一体工程实施意见', '市发改委', '', '', '', '何碧莹\r'),
(215, 'JS201211-35', '穗规天河【2012】601号', '关于征求《“广州第二大型购书中心”选址及建设方式研究报告（稿）》意见的函', '区规划分局', '穗天商管函【2012】117号', '关于征求《“广州第二大型购书中心”选址及建设方式研究报告（稿）》意见的复函', '区规划分局', '张萍\r'),
(216, 'JS201211-36', '', '《关于征求建设国际商贸中心实施意见2013年工作要点意见的函》', '区府办', '', '', '', '何碧莹\r'),
(217, 'JS201211-37', '', '关于征求对坚红化工厂地块规划报建问题意见的函', '市规划局', '', '对《关于征求对坚红化工厂地块规划报建问题意见的函》的复函', '区规划分局', '张萍\r'),
(218, 'JS201211-38', '', '关于征求对加强规划引领节约用地实施意见2012年度工作要点意见的函', '', '', '', '', '姚科\r'),
(219, 'JS201211-39', '', '关于对《天河区推进人才集聚工程三年行动计划实施方案》征求意见的函', '区委组织部', '', '', '', '何碧莹\r'),
(220, 'JS201211-40', '', '《中共广州市天河区委员会广州市天河区人民政府关于深入贯彻落实党的十八大精神全面推进新型城市化发展的工', '区委办', '', '', '', '何碧莹\r'),
(221, 'JS201211-41', '穗水函【2012】1413号', '关于征求广州治水工作方案意见的函', '区府办', '', '', '', '何碧莹\r'),
(222, 'JS201211-42', '穗建公共函【2012】2983号', '关于报送珠江黄金岸线建设工作进展情况的函', '市建委', '', '天河区“珠江黄金岸线”主要任务项目信息报送一览表', '区建水局', '何碧莹\r'),
(223, 'JS201211-43', '穗发改函【2012】1926号', '关于征求广州市产业用地指南2012年版送审稿意见的函', '市发改委', '', '', '', '姚科\r'),
(224, 'JS201211-44', '穗土开函【2012】1085号', '《关于填报<天河区贯彻落实广州市新兴城市化发展“1+15”项目资金需求表>的函》', '区财局', '', '', '', '何碧莹\r'),
(225, 'JS201211-45', '穗土开函【2012】1085号', '关于明确金融城起步区保留区域的函', '区规划分局', '', '', '', '张萍\r'),
(226, 'JS201211-46', '', '丘常委在广州国际金融城起步区城市设计深化工作经费的会议纪要', '区府办', '', '', '', '陈处\r'),
(227, 'JS201211-47', '', '关于报送我区2013年重点推进项目及需市协调解决事项情况的通知', '区发改局', '', '', '', '何碧莹、张萍\r'),
(228, 'JS201211-48', '', '关于补充《推进城乡一体工程的实施意见》2013年工作要点有关内容的函', '市发改委', '', '', '', '张萍\r'),
(229, 'JS201211-49', '', '关于补充完善《关于加强规划引领节约集约用地的实施意见》2013年度工作要点的函', '市规划局', '', '', '', '张萍\r'),
(230, 'JS201211-50', '', '关于报送“走新型城市化发展道路，率先转型升级、建设幸福天河”自查自纠工作总结的通知', '区纪委', '', '', '', '张萍、何碧莹\r'),
(231, 'JS201211-51', '', '关于征求市政府2013年《政府工作报告》（初稿）意见的函', '区府办', '', '', '', '\r'),
(232, 'JS201211-52', '', '关于报送2012年度区直部门考核重点工作事项的通知', '区委办', '', '', '', '\r'),
(233, 'JS201211-53', '', '周灵副秘书长在《关于报送实施<珠三角规划纲要>工作情况的通知》上的批示', '市规划纲要办', '', '', '', '\r'),
(234, 'JS201211-54', '', '关于补充完善广州市战略发展平台2013年工作要点一览表内容的通知', '市“三个重大突破”办', '', '', '', '\r'),
(235, 'JS201211-55', '', '关于报送2013年春节前后重大会议、活动安排的通知', '区府办', '', '', '', '\r'),
(236, 'JS201211-56', '', '市经贸委关于请再次协助做好建设国际贸易中心实施意见2013年工作要点相关工作的函', '', '', '', '', '\r'),
(237, 'JS201211-57', '城管【2012】534号', '文件处理表', '区府办', '穗天商管函【2012】122号', '关于协调市城管委东圃基地综合码头建设有关问题的函', '区政府办', '何碧莹\r'),
(238, 'JS201211-58', '穗规〔2012〕2271号', '关于申请确认建设用地规划条件问题的复函', '市规划局', '', '', '', '\r'),
(239, 'JS201212-01', '', '关于协调解决广发证券大厦（暂名）建设项目基坑施工相关问题的请示', '广发证券股份有限公司', '', '', '', '何碧莹\r'),
(240, 'JS201212-02', '穗规天河【2012】625号', '关于《市政府12月新部署工作待办事项分解表》督办通知的函', '区规划分局', '', '', '', '传阅\r'),
(241, 'JS201212-03', '穗建路桥【2012】1632号', '关于成立广州国际金融城规划建设专责组的通知', '市建委', '', '', '', '传阅\r'),
(242, 'JS201212-04', '穗建路桥纪【2012】598号', '广州国际金融城工作会议纪要', '市建委', '', '', '', '传阅\r'),
(243, 'JS201212-05', '穗发改函【2012】2044号', '关于再次核对推进城乡一体工程2013年工作要点涉及财政资金、用地需要的函', '市发改委', '', '（天河区）再次征求城乡一体化工程2013年工作要点一览表，（天河区）补充城乡一体化工程2013年工作', '区建水局', '何碧莹\r'),
(244, 'JS201212-06', '', '市经贸委关于请协助做好起草建设国际商贸中心实施意见2013年工作要点相关工作的函', '市经贸委', '', '', '', '何碧莹\r'),
(245, 'JS201212-07', '', '关于填报《2013年度全区性会议（活动）申请表》的通知', '区府办', '', '', '', '传阅\r'),
(246, 'JS201212-08', '穗督办字【2012】261号', '决策督查事项办理通知书', '市委办公厅', '', '', '', '传阅\r'),
(247, 'JS201212-09', '穗天府办函【2012】192号', '关于印发天河区“三规合一”工作方案的通知', '区府办', '', '', '', '\r'),
(248, 'JS201212-10', '穗天编字【2012】64号', '关于区人大常委会设立街道工作委员会的通知', '区机构编制委员会', '', '', '', '\r'),
(249, 'JS201212-11', '穗天编字【2012】68号', '关于印发《广州市天河区机构编制委员会工作规则》和《广州市天河区机构编制审批程序的规定》的通知', '区机构编制委员会', '', '', '', '\r'),
(250, 'JS201212-12', '穗经贸函【2012】1299号', '关于征求对我市珠江沿岸地区产业现状摸查及改造升级情况报告征求意见稿修改意见的函', '市经贸委', '穗天商管函【2012】123号', '关于征求我市珠江沿岸地区产业现状摸查及改造升级情况报告征求意见稿修改意见的复函', '区经贸局', '何碧莹\r'),
(251, 'JS201212-13', '穗建路桥函【2012】3146号', '关于广州国际金融城起步区复建房规划选址的函', '市建委', '', '', '', '\r'),
(252, 'JS201212-14', '', '关于开展学习贯彻落实党的十八大精神加快建设金融改革创新综合试验区专题活动的通知', '市府办公厅', '', '', '', '张萍\r'),
(253, 'JS201212-15', '穗土开函【2012】1159号', '关于请协助提供广州国际金融城起步区招商推介会现场问答资料的函', '市土发中心', '', '', '', '何碧莹\r'),
(254, 'JS201212-16', '金融【2012】305号', '关于征求《关于落实<中共广东省委广东省人民政府关于全面推进金融强省建设若干问题的决定>的工作方案》', '市府办公厅', '穗天商管函【2012】124号', '关于报送《关于贯彻落实<中共广东省委广东省人民政府关于全面推进金融强省建设若干问题的决定>的工作方案', '区经贸局', '姚科\r'),
(255, 'JS201212-17', '', '关于举办广州国际金融城起步区招商推介会的请示', '市府办公厅', '', '', '', '何碧莹、姚科\r');
INSERT INTO `cbd_oldfile` (`id`, `file_no`, `r_no`, `r_title`, `r_from`, `w_no`, `w_title`, `w_to`, `dealer`) VALUES
(256, 'JS201212-18', '穗规【2012】2774号', '关于广州国际金融城起步区拆迁安置方案选址意见的函', '市规划局', '', '', '', '\r'),
(257, 'JS201212-19', '', '广东省发展改革委转发国家发展改革委办公厅关于组织实施2012年金融领域安全IC和密码应用专项有关事项', '省发改委', '', '', '', '姚科\r'),
(258, 'JS201212-20', '穗规【2012】2808号', '关于进一步填报《关于规划引领节约集约用地的实施意见》2013年工作要点的函', '市规划局', '', '', '', '何碧莹\r'),
(259, 'JS201212-21', '', '市经贸委关于征求对建设国际商贸中心实施意见2013年十项重点工作意见的函', '市经贸委', '', '', '', '何碧莹\r'),
(260, 'JS201212-22', '', '关于报送2013年重点建设项目推进计划的通知', '区发改局', '', '', '', '何碧莹\r'),
(261, 'JS201212-23', '', '关于请落实广州国际金融城起步区土地出让条件有关增设条件的函', '区府办', '', '', '', '传阅\r'),
(262, 'JS201212-24', '', '关于征求对中心城区道路改善重点实施方案意见的函', '市交通工作领导小组办公室', '', '', '', '姚科、张萍协助\r'),
(263, 'JS201212-25', '穗国房函【2012】3096号', '关于提供“珠江黄金岸线”项目土地开发实施建议的函', '市国土房管局', '穗天商管函【2012】127号', '关于报送《关于提供“珠江黄金岸线”项目土地开发实施建议的函》意见的函', '区建水局', '姚科\r'),
(264, 'JS201212-26', '穗天发改【2012】103号', '关于补充完善2013年天河区重点建设项目（2013年天河区“三个重大突破”重点推进项目）资料的通知', '区发改局', '', '', '', '何碧莹\r'),
(265, 'JS201212-27', '', '关于报送600字2012年工作亮点及2013年工作要点的通知', '区府办', '', '', '', '何碧莹\r'),
(266, 'JS201212-28', '穗旅函【2012】356号', '广州市旅游局关于再次征求加快推进广州旅游跨越发展实施意见（征求意见稿）意见的函', '区府办', '', '', '', '姚科\r'),
(267, 'JS201212-29', '', '《通知》', '区建水局', '', '关于征求《天河区推进城乡一体化发展工作方案》工作情况的函', '区建水局', '何碧莹\r'),
(268, 'JS201212-30', '穗规天河【2012】700号', '关于《市政府12月新部署工作待办事项分解表》督办通知的函', '区规划分局', '', '', '', '张萍\r'),
(269, 'JS201212-31', '', '关于广州国际金融城起步区村民住宅、村集体物业征拆补偿资金支付问题的意见', '区府办', '', '', '', '姚科\r'),
(270, 'JS201212-32', '', '关于《广州市推进新型城市化发展考核办法》及考核指标征求意见的通知', '区委组织部', '', '', '', '\r'),
(271, 'JS201212-33', '', '关于征求《广州新型城市化发展2013年100项重点督办工作》意见的函', '区委办', '', '', '', '姚科阅处，何碧莹审定\r'),
(272, 'JS201212-34', '', '关于征求《实施<珠三角规划纲要>“九年大跨越”工作方案》意见的通知', '市规划纲要办', '', '', '', '姚科\r'),
(273, 'JS201212-35', '穗三个重大突破办【2012】14号', '印发广州市2012年度“三个重大突破”工作评估考核方案的通知', '市“三个重大突破”办', '', '', '', '姚科办理，何碧莹协助\r'),
(274, 'JS201212-36', '穗发改函【2012】2205号', '关于征求2013年广州市重点建设项目推进工作计划表意见的函', '市发改委', '', '', '', '姚科跟进，何碧莹办理\r'),
(275, 'JS201212-37', '穗天交函【2012】137号', '关于征求《天河区道路交通建设工作规则（2013-2016年）征求意见稿》意见的函', '区交通局', '', '', '', '\r'),
(276, 'JS201212-38', '', '关于协调落实广州国际金融城起步区集体土地征收补偿安置资金的请示', '区国土分局', '', '', '', '姚科\r'),
(277, 'JS201212-40', '', '关于迎接第二节国土资源节约集约模范县（市）实地考核工作的请示', '区府办', '', '', '', '陈处\r'),
(278, 'JS201301-01', '穗天府报[2012]28号', '关于尽快拨付广州国际金融城起步区集体土地征收补偿安置资金的请示', '区府办', '', '', '', '\r'),
(279, 'JS201301-02', '穗土开函[2012]1255号', '关于征求广州市2013年土地储备计划意见的函', '区府办转市土发中心', '', '', '', '姚科\r'),
(280, 'JS201301-03', '穗常督字[2012]55号', '市委常委会议决定事项督办通知书（2012年第40次市委常委会会议决定事项落实情况汇总表）', '市委办公厅', '', '', '', '何碧莹\r'),
(281, 'JS201301-04', '穗天发改函[2013]2号', '关于征求2013年天河区重点建设项目（征求意见稿）意见的函', '区发改局', '', '', '', '姚科\r'),
(282, 'JS201301-05', '', '林道平区长《在区委第八届四次全会第二次全体会议上的讲话（征求意见稿）》', '　区府办', '', '', '', '　\r'),
(283, 'JS201301-06', '', '石奇珠同志在区委八届四次全会上的报告（征求意见稿）', '区委办', '', '', '', '　\r'),
(284, 'JS201301-07', '', '关于征求2013年《政府工作报告》（征求意见稿）意见的函（林道平区长在广州市天河区第八届人民代表大会', '区府办', '', '', '', '姚科\r'),
(285, 'JS201301-08', '', '关于报送2012年天河区重点企业座谈会企业反映问题落实情况的函', '区经贸局', '', '', '', '张萍、何碧莹\r'),
(286, 'JS201301-09', '穗天发改函[2013]11号', '关于征求我区2012年国民经济和社会发展计划执行情况与2013年计划草案的报告意见的函', '区发改局', '', '', '', '姚科\r'),
(287, 'JS201301-10', '穗扩函[2013]8号', '关于广州国际金融城起步区石东村集体物业征拆补偿安置协议审核情况的函', '市道路扩建办', '', '', '', '　\r'),
(288, 'JS201301-11', '', '征求意见函（林道平区长在区委八届四次全会上的讲话）', '区府办', '', '', '', '姚科\r'),
(289, 'JS201301-12', '穗天发改函[2013]16号　', '关于协助提供我区未来四年投资增长相关情况的函', '区发改局', '', '', '', '姚科\r'),
(290, 'JS201301-13', '穗天发改函[2013]18号　', '关于再次征求2013年天河区重点建设项目（征求意见稿）意见的函', '区发改局', '', '', '', '姚科\r'),
(291, 'JS201301-14', '穗规划纲要办函[2013]1号', '市规划纲要办关于报送实施<珠三角规划纲要>实现“四年大发展”总结报告等相关材料的通知', '市规划纲要办', '穗天商管函[2013]13号', '天河中央商务区关于报送“四年大发展”相关材料的函', '区发改局', '姚科\r'),
(292, 'JS201301-15', '穗建节办[2013]1号', '广州市建筑节能领导小组办公室关于报送2012年度建筑节能工作总结和征求2013年建筑节能目标分解任务', '市建筑节能办', '', '', '', '何碧莹\r'),
(293, 'JS201301-16', '穗建路桥纪[2013]17号', '广州国际金融城开发建设工作领导小组办公室关于金融城开发建设协调会议的纪要', '市建委', '', '', '', '姚科、张萍\r'),
(294, 'JS201301-17', '穗建路桥纪[2013]22号', '广州国际金融城开发建设工作领导小组办公室关于金融城规划设计协调会议的纪要', '市建委', '', '', '', '　\r'),
(295, 'JS201301-18', '穗天国房报[2013]16号', '关于向棠下村拨付首期征收补偿款的请示', '区府办', '', '', '', '姚科\r'),
(296, 'JS201301-19', '', '关于再次征求区政府2013年《政府工作报告》意见的函', '区府办', '', '', '', '姚科\r'),
(297, 'JS201301-20', '', '关于征求《中共广州市委常委会2013年工作要点及重点工作分工安排》（征求意见稿）的函', '区委办', '', '', '', '何碧莹\r'),
(298, 'JS201301-21', '', '关于2013年市政府重点工作责任分工的征求意见函', '区府办', '', '', '', '何碧莹\r'),
(299, 'JS201301-22', '穗建路桥[2013]124号', '广州国际金融城开发建设工作领导小组办公室关于广州国际金融城起步区城市设计专项研究费用和组织工作费用的', '市府办公厅', '穗天商管函[2013]17号', '关于征求《广州国际金融城开发建设工作领导小组办公室关于广州国际金融城起步区城市设计专项研究费用和组织', '区府办', '姚科、张萍\r'),
(300, 'JS201301-23', '', '关于报送2013年重点工作的通知', '区府办', '', '', '', '姚科\r'),
(301, 'JS201301-24', '', '关于石东村粘板岗地块项目规划报建事宜的函', '区府办', '', '', '', '张萍\r'),
(302, 'JS201301-25', '穗府会纪[2013]24号', '关于珠江黄金岸线建设有关问题会议的纪要', '市府办公厅', '', '', '', '何碧莹\r'),
(303, 'JS201301-26', '穗天府会纪[2013]11号', '广州国际金融城起步区工作例会的纪要', '区府办', '', '', '', '姚科\r'),
(304, 'JS201301-27', '穗发改函[2013]160号', '广州市发展改革委关于报送2013-2016年“123”城市功能布局实施计划及战略性发展平台推进计划等', '市发改委', '', '', '', '何碧莹\r'),
(305, 'JS201301-28', '', '', '', '无（表格）', '天河区推进广州国际金融城起步区开发建设工作进展情况汇总表（2012年12月）', '区指挥部8位领导、城改办、经贸局、公安分', '张萍\r'),
(306, 'JS201301-29', '', '', '', '无（表格）', '广州市政府决定事项落实情况一览表（项目前期）1月', '区建水局（电子版）', '何碧莹\r'),
(307, 'JS201301-30', '', '', '', '无', '广州国际金融城起步区开发建设2012年度工作总结', '"主送：区指挥部领导、区城改办、区经贸局', ''),
(308, '抄送：区发改局、区财局', '姚科、张萍\r', '', '', '', '', '', ''),
(309, 'JS201301-31', '', '', '', '无（表格）', '天河区推进广州国际金融城起步区开发建设工作进展情况汇总表（2013年1月）', '区指挥部领导、区城改办、区经贸局、区公安', '张萍\r'),
(310, 'JS201301-32', '', '', '', '穗天商管函[2013]20号', '关于征求《广州国际金融城起步区开发建设工作情况报告》意见的函', '区发改局、区财政局、区规划分局、区城改办', '姚科\r'),
(311, 'JS201302-01', '穗督字[2013]1号', '决策督查事项办理通知书广州新型城市化发展2013年100项市级重点督办工作一览表（涉及天河区牵头的5', '区委办', '', '', '', '何碧莹\r'),
(312, 'JS201302-02', '穗建开函[2013]274号', '广州市城乡建设委员会关于征求2013年度“珠江黄金岸线”建设工作计划意见的函', '区府办', '', '', '', '何碧莹\r'),
(313, 'JS201302-03', '穗天建水函[2013]66号　', '关于再次征求《天河区关于推进“珠江黄金岸线”建设的工作方案（征求意见稿）》意见的函', '区建水局', '穗天商管函[2013]31号', '关于再次征求《天河区关于推进“珠江黄金岸线”建设的工作方案（征求意见稿）》意见复函', '区建水局', '何碧莹\r'),
(314, 'JS201302-04', '穗规报[2013]17号', '关于瑞丰投资有限公司在广州国际金融城购买建设瑞丰金融中心总部用地意见的报告', '市规划局', '', '', '', '张萍\r'),
(315, 'JS201302-05', '穗天发改函[2013]33号', '关于我区2013年加快经济发展抓好质量结构工作有关目标指标的建议', '区发改局', '', '', '', '　\r'),
(316, 'JS201302-06', '穗天财函[2013]40号', '关于《广州国际金融城开发建设工作领导小组办公室关于广州国际金融城起步区城市设计专项研究费用和组织工作', '区财局', '', '', '', '张萍\r'),
(317, 'JS201302-07', '', '关于补充完善我区重点项目2013年-2016年的投资数据', '区发改局', '', '', '', '姚科、何碧莹\r'),
(318, 'JS201302-08', '穗委督字[2013]11号', '关于报送2013-2016年“123”城市功能布局实施计划及战略性发展平台推进计划的通知', '区委办转来市委督查室', '', '', '', '姚科、张萍\r'),
(319, 'JS201302-09', '', '关于进一步核准《政府工作报告》内容的函（2月27日林道平区长在广州市天河区第八届人民代表大会第三次会', '区府办', '', '', '', '何碧莹\r'),
(320, 'JS201302-10', '穗三个重大突破办函[2013]1号　', '市“三个重大突破”办关于请配合做好“三个重大突破”2013年度工作要点督办工作的函', '市“三个重大突破”办', '', '', '', '姚科\r'),
(321, 'JS201302-11', '穗扩函[2013]122号', '广州市道路扩建工程办公室关于广州国际金融城起步区棠下村集体物业征拆补偿安置协议审议情况的函', '市道路扩建工程办公室', '', '', '', '　\r'),
(322, 'JS201302-12', '　穗府会纪[2013]35号', '关于广州国际金融城建设及白云国际机场噪音区治理等问题会议的纪要', '市府办公厅', '', '', '', '　\r'),
(323, 'JS201302-13', '穗常督办字[2013]5号', '市委常委会会议决定事项督办通知书', '区委办转来市委督查室', '', '', '', '　\r'),
(324, 'JS201302-14', '穗天府会纪[2013]14号', '广州国际金融城起步区工作例会的纪要（二）', '区府办', '', '', '', '　\r'),
(325, 'JS201302-15', '', '关于推进落实市委常委扩大会议有关工作的通知', '区府办', '', '', '', '何碧莹、张萍\r'),
(326, 'JS201302-16', '', '天河区牵头负责的2012年在市政府重点督办工作', '区委组织部', '', '', '', '何碧莹\r'),
(327, 'JS201302-17', '穗府会纪[2013]44号', '关于金融城起步区首批土地出让和番禺区谢村村自建物业完善用地手续等问题会议的纪要', '区府办', '', '', '', '　\r'),
(328, 'JS201302-18', '穗建开函[2013]387号', '市“珠江黄金岸线”建设领导小组办公室关于开展“珠江黄金岸线”建设项目进驻情况调研调研工作的函', '市“珠江黄金岸线”建设领导小组办', '', '', '', '　\r'),
(329, 'JS201302-19', '', '关于报送天河区“珠江黄金岸线”建设项目进展情况的函', '区建水局', '穗天商管函[2013]29号', '关于报送天河区“珠江黄金岸线”建设项目进展情况的复函', '区建水局', '何碧莹、张萍\r'),
(330, 'JS201302-20', '穗国房函[2013]397号', '市国土房管局关于征求市土地管理委员会2013年第四次会议议题的函', '区府办', '', '', '', '姚科\r'),
(331, 'JS201302-21', '', '关于报送2013年度拟提请区人大委员会讨论决定的重大事项建议议题的通知', '区府办', '', '', '', '何碧莹\r'),
(332, 'JS201302-22', '穗天国房函[2013]32号', '关于轨道交通二十一号线（员村站）征拆有关问题的请示', '区府办', '', '', '', '姚科\r'),
(333, 'JS201302-23', '穗发改函[2013]53号', '关于征求广州市开展轨道交通新一轮建设规划意见的函', '区发改局', '', '关于征求广州市开展轨道交通新一轮建设规划意见的复函', '区发改局', '张萍\r'),
(334, 'JS201302-24', '', '约稿函', '市金融办', '', '', '', '姚科\r'),
(335, 'JS201302-25', '', '广州市天河区工作情况报告、广州市天河区2011-2012年党风廉政建设和反腐败工作汇报、广州市天河区', '区委办', '', '', '', '何碧莹\r'),
(336, 'JS201302-26', '[2012]175号', '关于继续推进珠三角城际轨道交通建设工作的会议纪要', '省人民政府办公厅', '', '', '', '　\r'),
(337, 'JS201302-27', '穗天发改函[2013]58号', '关于做好“三个重大突破”2013年度工作要点信息报送工作的通知', '区发改局', '', '', '', '何碧莹\r'),
(338, 'JS201302-28', '', '', '', '无（表格）', '广州市新型城市化发展系列政策文件2013年市级重点督办工作落实情况（1月）', '区委办信息督办科', '何碧莹\r'),
(339, 'JS201302-29', '', '', '', '穗天商管[2013]5号', '广州国际金融城起步区开发建设工作情况报告', '区委', '姚科\r'),
(340, 'JS201302-30', '', '', '', '穗天商管[2013]6号', '关于上报《广州国际金融城起步区开发建设工作情况报告》（代拟稿）的请示', '区政府', '姚科\r'),
(341, 'JS201302-31', '', '', '', '"无\r', '', '', ''),
(342, '（表格）"', '广州市政府决定事项落实情况一览表（项目前', '区建水局（电子版）', '何碧莹\r', '', '', '', ''),
(343, 'JS201302-32', '', '', '', '"无\r', '', '', ''),
(344, '（表格）"', '天河区推进广州国际金融城起步区开发建设工', '区指挥部领导、城改办、区经贸局、区公安分局、区发改局、区财政局、区规划分局、区国土分局', '张萍\r', '', '', '', ''),
(345, 'JS201303-01', '', '关于征求金融城起步区村民住宅、集体物业复建项目建设总控计划表意见的函', '区城改办', '', '', '', '\r'),
(346, 'JS201303-02', '', '广州国际金融城开发建设工作领导小组办公室关于征求2013年金融城开发建设重点工作计划表（征求意见稿）', '区城改办', '', '', '', '张萍\r'),
(347, 'JS201303-03', '穗委督字[2013]30号', '决策督查事项办理通知书（广州新型城市化发展2013年100项市级重点督办工作一览表）', '区委办', '"无\r', '', '', ''),
(348, '（表格）"', '广州市新型城市化发展系列政策文件2013', '区委办信息督办科', '何碧莹\r', '', '', '', ''),
(349, 'JS201303-04', '穗人社函[2013]394号', '广州市人力资源和社会保障局关于报送人才服务产业园调研人员名单的函', '市人社局', '', '', '', '姚科\r'),
(350, 'JS201303-05', '', '林道平区长在《恒大地产集团申请函》上批示', '区府办', '', '', '', '何碧莹\r'),
(351, 'JS201303-06', '', '关于征求《关于金融城起步区村民住宅、集体物业复建项目建设总控计划的会议纪要（征求意见稿）》意见的函', '区城改办', '', '', '', '何碧莹\r'),
(352, 'JS201303-07', '穗府会纪[2013]51号', '关于广州国际金融城起步区开发建设有关问题会议的纪要', '市府办公厅', '', '', '', '\r'),
(353, 'JS201303-08', '穗城管委[2013]62号', '广州市城市管理委员会关于筹建广州市城市管理综合指挥中心的请示', '市府办公厅', '穗天商管函[2013]33号', '关于协调市城管委筹建广州市城市管理综合指挥中心有关问题意见的函', '区政府办', '何碧莹\r'),
(354, 'JS201303-09', '穗建路桥纪[2013]120号', '广州国际金融城开发建设工作领导小组办公室关于金融城土地收储涉及虎头电池厂移交棠下村村民住宅复建用地专', '广州国际金融城开发建设工作领导小组办公室', '', '', '', '姚科、何碧莹跟进\r'),
(355, 'JS201303-10', '穗规划纲要办函[2013]2号', '广州市规划纲要办关于提供2012年度实施《珠三角规划纲要》相关文件的函', '广州市规划纲要办', '', '', '', '姚科、张萍\r'),
(356, 'JS201303-11', '八届44次[2013]8号', '区政府常务会议纪要', '区府办', '', '', '', '姚科跟进\r'),
(357, 'JS201303-12', '穗旅函[2013]77号', '广州市旅游局关于再次征求《新型城市化战略下加快推进广州旅游跨越发展的实施意见（征求意见稿）》意见的函', '区府办', '', '', '', '张萍\r'),
(358, 'JS201303-13', '', '关于报送2012年广州国际金融城建设情况与2013年展望的函（含林区批示）', '区府办', '', '', '', '姚科\r'),
(359, 'JS201303-14', '穗府会纪[2013]51号', '万庆良书记在《关于广州国际金融城起步区开发建设有关问题会议的纪要》上的批示', '市府办公厅', '', '', '', '\r'),
(360, 'JS201303-15', '穗发改函[2013]399号', '广州市发展改革委关于再次征求产业用地指南2012年版意见的函', '市发改委', '', '', '', '姚科\r'),
(361, 'JS201303-16', '穗天更新会纪[2013]4号', '关于金融城起步区村民住宅、集体物业复建项目建设总控计划的会议纪要', '区城改办', '', '', '', '\r'),
(362, 'JS201303-17', '穗财建[2013]48号', '广州市财政局关于提供珠江黄金岸线建设资金落实情况有关材料的函', '区府办', '穗天商管函[2013]36号', '关于珠江黄金岸线建设资金落实情况意见的函', '区府办', '何碧莹\r'),
(363, 'JS201303-18', '', '关于做好3月28日“新广州·新商机”重大项目投资推介会展板和沙盘筹备工作的通知', '区发改局', '', '', '', '张萍\r'),
(364, 'JS201303-19', '穗规编会[2013]7号', '3月6日广州国际金融城起步区控制性详细规划工作协调会会议纪要', '市编研中心', '', '', '', '姚科、张萍\r'),
(365, 'JS201303-20', '穗金融函[2013]126号', '关于征求《关于支持国家金融监管部门驻粤机构在广州国际金融城建设自用办公用房的若干规定（征求意见稿）》', '市金融办', '', '', '', '何碧莹\r'),
(366, 'JS201303-21', '穗天交函[2013]21号', '关于征求《天河区交通发展规划编制工作方案》（征求意见稿）意见的函', '区交通局', '', '', '', '姚科（张萍代办）\r'),
(367, 'JS201303-22', '穗铁总工[2013]84号', '广州市地铁总公司关于征询广州市新型有轨电车线网规划研究初步规划方案意见的函', '区府办', '', '', '', '张萍\r'),
(368, 'JS201303-23', '', '关于上报协调解决广州市石东实业有限公司经济发展留用地问题的请示', '区府办', '无', '关于区建水局《关于上报协调解决广州市石东实业有限公司经济发展留用地问题的请示》意见的函', '区府办', '姚科（小何代办）\r'),
(369, 'JS201303-24', '穗人社函[2013]426号', '广州市人力资源和社会保障局关于报送人才服务产业园筹建组人员名单的函', '市人社局', '', '', '', '姚科（小何代办）\r'),
(370, 'JS201303-25', '', '关于变更调整金融城起步区棠下村民住宅及集体物业安置面积的函', '区府办', '', '', '', '姚科、张萍\r'),
(371, 'JS201303-26', '穗委督字[2013]40号', '领导同志批示事项办理通知书（庆良、陈国同志在《关于2013年市100项重点督办工作推进落实情况的报告', '区委办', '', '', '', '何碧莹\r'),
(372, 'JS201303-27', '穗委督字[2013]43号', '决策督查事项办理通知书（《广州新型城市化发展2013年10大产业项目、10项重点工程、10件民生实事', '区委办', '', '', '', '何碧莹、姚科\r'),
(373, 'JS201303-28', '穗委督字[2013]41号', '决策督查事项办理通知书（做好广州国际金融城的专题工作会议的准备工作）', '区委办', '', '', '', '姚科\r'),
(374, 'JS201303-29', '穗规天河[2013]147号', '关于报送2013年天河区需规划支持的重点项目的函', '区规划分局', '', '', '', '张萍\r'),
(375, 'JS201303-30', '穗委督字[2013]44号', '督查事项办理通知书（《中共广州市委常委会2013年重点工作分工安排一览表》）', '区委办', '', '', '', '何碧莹\r'),
(376, 'JS201303-31', '', '关于协调解决区重点企业反映问题的通知', '区经贸局', '', '', '', '何碧莹、张萍\r'),
(377, 'JS201303-32', '穗建路桥函[2013]561号', '征求广州国际金融城起步区补偿结算方案意见的函', '广州国际金融城开发建设工作领导小组办公室', '无', '关于《征求广州国际金融城起步区补偿结算方案意见的函》的复函', '区府办', '姚科\r'),
(378, 'JS201303-33', '穗天办督字[2013]1号', '督查事项办理通知书', '区委办', '"无\r', '', '', ''),
(379, '（表格）"', '《万书记调研民营企业需协调解决问题汇总表', '区委办信息督办科', '何碧莹\r', '', '', '', ''),
(380, 'JS201303-34', '穗天府报[2013]11号', '陈如桂常务副市长在《广州市天河区人民政府关于落实广州国际金融城起步区出让条件增设条款的请示》上的批示', '区府办', '', '', '', '\r'),
(381, 'JS201303-35', '穗土委纪[2013]3号', '市土地管理委员会会议纪要', '区政府办', '', '', '', '\r'),
(382, 'JS201303-36', '穗发改函[2013]481号', '广州市发展改革委关于征求广州市未来四年固定资产投资倍增计划时实施方案（2013-2016）意见的函', '区府办', '', '', '', '何碧莹\r'),
(383, 'JS201303-37', '穗城管委[2013]62号', '广州市城市管理委员会关于筹建广州市城市管理综合指挥中心的请示', '市府办公厅', '', '', '', '\r'),
(384, 'JS201303-38', '', '关于征求2013年区重点建设效能监察项目意见的通知', '区监察局', '', '', '', '何碧莹\r'),
(385, 'JS201303-39', '穗国房函[2013]648号', '市国土房管局关于第三次征求广州市功能区土地利用总体规划设置方案意见的函', '市国土局', '', '', '', '姚科\r'),
(386, 'JS201303-40', '穗天府办督字[2013]13号', '督办通知（《2013年市重点工作我区牵头项目任务分解表》）', '区府办', '', '', '', '何碧莹\r'),
(387, 'JS201303-41', '穗天府办督字[2013]51号', '征求意见函（《天河区2013年重点督办工作一览表》）', '区委办、区府办', '', '', '', '何碧莹\r'),
(388, 'JS201303-42', '', '关于广州市新型有轨电车线网规划研究初步规划方案的意见', '区府办', '', '', '', '张萍\r'),
(389, 'JS201303-43', '穗建路桥纪[2013]143号', '广州国际金融城开发建设工作领导小组办公室关于金融城村民复建房建设用地涉及虎头电池公司职工租赁诉讼的专', '广州国际金融城开发建设工作领导小组办公室', '', '', '', '\r'),
(390, 'JS201303-44', '', '市经贸委关于征求广州市重点企业项目服务指南征求意见稿的函', '市经贸委', '', '', '', '\r'),
(391, 'JS201303-45', '穗规编会[2013]12号', '广州国际金融城二期城市设计及控制性详细规划工作协调会会议纪要', '市编研中心', '', '', '', '张萍跟进\r'),
(392, 'JS201303-46', '穗规[2013]723号', '林区在《广州市规划局关于我局审批事权下放和优化审批流程情况的》的批示', '区府办', '', '', '', '何碧莹\r'),
(393, 'JS201303-47', '穗发改函[2013]518号', '广州市发展改革委关于提供阿里巴巴金融合作协议意见的函', '市发改委', '', '', '', '何碧莹\r'),
(394, 'JS201303-48', '穗金融城办[2013]3号', '广州国际金融城开发建设工作领导小组办公室关于开展金融城起步区村民住宅复建房放线测量工作的函', '区府办', '', '', '', '姚科\r'),
(395, 'JS201303-49', '穗天国房报[2013]72号', '关于广州国际金融城测量摸查工作方案的报告', '区国土局', '', '', '', '姚科\r'),
(396, 'JS201303-50', '', '', '', '穗天商管[2013]11号', '关于提请陈如桂常务副市长落实广州国际金融城起步区土地出让条件增设条款的请示', '区政府', '张萍\r'),
(397, 'JS201303-51', '', '', '', '"无\r', '', '', ''),
(398, '（表格）"', '广州市政府决定事项落实情况一览表（项目前', '区建水局', '何碧莹\r', '', '', '', ''),
(399, 'JS201303-52', '', '', '', '穗天商管函〔2013〕41号', '关于报送落实2013年市政府重点工作实施方案的函', '区府办', '张萍\r'),
(400, 'JS201304-01', '　', '关于报送2013年全区性会议和重要政务活动安排的通知', '区委办', '', '', '', '　\r'),
(401, 'JS201304-02', '　', '关于协助核实相关文字数据的函', '区经贸局', '', '', '', '张萍\r'),
(402, 'JS201304-03', '　', '2013年广州市天河区政务公开工作要点（征求意见稿）', '区府办', '', '', '', '张萍\r'),
(403, 'JS201304-04', '　', '关于征求《广州市2013年推进“珠江黄金岸线”建设工作计划（送审稿）》意见的函', '区建水局', '穗天商管函[2013]60号', '关于征求《广州市2013年推进“珠江黄金岸线”建设工作计划（送审稿）》意见的复函', '区建水局', '何碧莹、张萍\r'),
(404, 'JS201304-05', '穗天府法函[2013]105号', '关于征求第五轮行政审批、备案事项清理审核情况意见的函', '区法制办', '', '', '', '何碧莹\r'),
(405, 'JS201304-06', '', '林区在《南方石化集团关于在员村国际金融城申请总部基地建设用地的请示》的批示', '区府办', '', '', '', '张萍\r'),
(406, 'JS201304-07', '穗天发改[2013]27号', '关于报送天河区政府投资基本建设项目管理进度情况（季报）的通知', '区发改局', '', '', '', '何碧莹、姚科\r'),
(407, 'JS201304-08', '穗委督字[2013]61号', '决策督查事项办理通知书（《市委办公会议纪要》十届〔2013〕35号）', '市委督查室', '穗天商管函〔2013〕71号', '关于涉及广州国际金融城相关进展情况的复函', '区委办（信息督办科）', '何碧莹\r'),
(408, 'JS201304-09', '', '丘常委在《南方石化集团关于在员村国际金融城申请总部基地建设用地的请示》的批示', '区府办', '', '', '', '张萍\r'),
(409, 'JS201304-10', '穗天发改函[2013]138号', '关于协助做好我区一季度经济形势分析工作的函', '区发改局', '', '', '', '何碧莹\r'),
(410, 'JS201304-11', '', '天河区关于抓审批抓服务的工作方案（征求意见稿）', '区府办', '', '', '', '何碧莹\r'),
(411, 'JS201304-12', '', '关于编写《天河年鉴.2013》的通知', '天河年鉴编辑部', '', '', '', '姚科\r'),
(412, 'JS201304-13', '', '关于征求《天河区2013年度重点工作安排和重大项目推进情况的汇报（征求意见稿）》意见的通知', '区府办', '', '', '', '何碧莹\r'),
(413, 'JS201304-14', '穗金融城办[2013]3号', '黄党组在《关于开展金融城起步区村民住宅复建房放线测量工作的函》的批示', '区府办', '', '', '', '姚科\r'),
(414, 'JS201304-15', '穗发改函[2013]593号', '广州市发展改革委关于征求珠江黄金岸线产业转型升级专项小组工作方案意见的函', '区府办', '', '', '', '何碧莹\r'),
(415, 'JS201304-16', '穗委督字【2013】62号', '"决策督查事项办理通知书\r', '', '', '', '', ''),
(416, '（根据市委办公会议纪要', '区委办', '', '', '', '张萍\r', '', ''),
(417, 'JS201304-17', '穗天更新会纪[2013]7号', '关于金融城起步区棠下村复建项目协调会的会议纪要', '区城改办', '', '', '', '　\r'),
(418, 'JS201304-18', '穗天府会纪[2013]29号', '广州国际金融城起步区棠下村集体物业征收工作会议的纪要', '区府办', '', '', '', '姚科\r'),
(419, 'JS201304-19', '穗府会纪[2013]81号', '关于金融城建设工作会议的纪要', '市府办公厅', '', '', '', '何碧莹、姚科\r'),
(420, 'JS201304-20', '穗规[2013]883号', '广州市规划局关于报送新型城市化发展2013年100项重点督办工作第一季度推进落实情况的函', '市规划局', '', '', '', '张萍\r'),
(421, 'JS201304-21', '', '关于天河区2013年落实党风廉政建设和反腐败工作暨廉洁天河建设部署的分工（征求意见稿）', '区纪委', '', '', '', '何碧莹\r'),
(422, 'JS201304-22', '', '关于征求对《广州市推进新型城市化发展年度创新工作评选办法（试行）》（征求意见稿）及天河区2012年市', '区委办', '', '', '', '何碧莹\r'),
(423, 'JS201304-23', '', '丘常委在《关于金融城“小配套”公共服务设施与规划设计单位对接情况报告》的批示', '区委办', '', '', '', '张萍\r'),
(424, 'JS201304-24', '', '关于我村金融城起步区复建工作前期各项服务费用的情况报告（棠下村）', '区府办', '', '', '', '姚科、何碧莹\r'),
(425, 'JS201304-25', '穗发改重点[2013]3号', '广州市发展改革委关于做好全市重大项目开工仪式项目申报工作的通知', '区发改局', '', '', '', '何碧莹\r'),
(426, 'JS201304-26', '穗天发改[2013]31号', '关于印发2013年天河区重点建设项目和重点建设预备项目计划的通知', '区发改局', '', '', '', '何碧莹\r'),
(427, 'JS201304-27', '', '关于对第二届广州市城市规划委员会主任委员会第六次会议议题内容提出意见的通知', '区府办', '穗天商管函[2013]64号', '关于对第二届广州市城市规划委员会主任委员会第六次会议议题内容提出意见的复函', '区规划分局', '张萍\r'),
(428, 'JS201304-28', '穗城管委函[2013]364号', '广州市城市管理委员会关于征求筹建广州市城市管理综合指挥中心意见的函', '市城管委', '穗天商管函[2013]65号', '关于《关于征求筹建广州市城市管理综合指挥中心意见的函》的复函', '区府办', '姚科\r'),
(429, 'JS201304-29', '', '关于报送天河区推进“珠江黄金岸线”建设工作进度情况的通知', '区建水局', '', '', '', '何碧莹\r'),
(430, 'JS201304-30', '穗发改函[2013]640号', '广州市发展改革委关于征求广州市2013年一季度重大投资项目进展情况意见的函', '市发改局', '', '', '', '姚科\r'),
(431, 'JS201304-31', '', '关于报送推进广州国际商贸中心建设情况的通知', '区经贸局', '', '', '', '张萍\r'),
(432, 'JS201304-32', '穗规[2013]952号', '广州市规划局关于调整金融城起步区棠下村村民住宅及集体物业安置面积意见的复函', '区府办', '', '', '', '姚科\r'),
(433, 'JS201304-33', '', '广州市天河区2013年依法行政工作重点和责任分工', '区法制办', '', '', '', '何碧莹\r'),
(434, 'JS201304-34', '穗规编[2013]17号', '《广州国际金融城二期城市设计及控制详细规划任务书》意见的函', '区府办', '穗天商管函[2013]69号', '关于征求《广州国际金融城二期城市设计及控制详细规划任务书》意见的复函', '区府办', '张萍\r'),
(435, 'JS201304-35', '穗港局函[2013]114号', '广州港务局关于征求《打造“珠江黄金岸线推进港口转型升级工作方案（征求意见稿）》意见的函', '区府办', '', '', '', '何碧莹\r'),
(436, 'JS201304-36', '穗规天河[2013]242号', '关于提供天河区重点建设项目纳入广州市总体规划有关情况的函', '区规划分局', '', '', '', '张萍\r'),
(437, 'JS201304-37', '穗发改函[2013]660号', '关于征求广州市开展国家服务业综合改革试点实施方案（2013-2015年）意见的函', '市发改委', '', '', '', '何碧莹\r'),
(438, 'JS201304-38', '穗金融城办[2013]5号', '广州国际金融城开发建设工作领导小组关于金融城开发建设工作会议纪要', '广州国际金融城开发建设工作领导小组', '', '', '', '　\r'),
(439, 'JS201304-39', '穗金领会纪[2013]1号', '广州区域金融中心建设工作领导小组会议纪要', '广州区域金融中心建设工作领导小组办公室', '', '', '', '　\r'),
(440, 'JS201304-40', '穗规[2013]961号', '广州市规划局关于印发《2013年增城副中心建设方案》的函', '区委办', '', '', '', '张萍\r'),
(441, 'JS201304-41', '穗府14届61次[2013]12号　', '林道平区长在《市政府常务会议纪要（穗府14届61次【2013】12号）》上的批示', '区府办', '', '', '', '　\r'),
(442, 'JS201304-42', '穗港局函[2013]119号', '广州港务局关于征求《广州港口邮轮游艇码头规划（征求意见稿）》意见的函', '广州港务局', '', '', '', '姚科\r'),
(443, 'JS201304-43', '穗发改函[2013]649号', '关于征求各区（县级市）“三规合一”产业园区和建设项目“二上”成果审查结果意见的函', '市发改委', '', '', '', '姚科\r'),
(444, 'JS201304-44', '穗天府法制[2013]2号', '征求意见函', '区法制办', '', '', '', '何碧莹\r'),
(445, 'JS201304-45', '穗天发改函[2013]165号', '关于补充报送今后5年拟开工建设项目相关信息资料的函', '区发改局', '', '', '', '张萍\r'),
(446, 'JS201304-46', '穗天建水函[2013]206号', '关于协调解决征收石东村土地存在问题的函', '区建水局', '穗天商管函[2013]74号', '关于《关于协调解决征收石东村土地存在问题的函》的复函', '区建水局', '曾科牵头、姚科配合\r'),
(447, 'JS201304-47', '穗天府法函[2013]118号', '关于再次征求第五轮行政审批、备案事项清理审核情况意见的函', '区法制办', '', '', '', '何碧莹\r'),
(448, 'JS201304-48', '', '关于报送市委办公会议纪要（十届[2013]58号）有关事项落实情况的紧急通知', '区委办', '', '', '', '张萍\r'),
(449, 'JS201304-49', '穗规天河[2013]257号', '关于石东村申请置换复建用地相关情况的函', '区规划分局', '', '', '', '姚科\r'),
(450, 'JS201304-50', '穗经贸[2013]442号', '市经贸委关于再次征求对广州建设国际会展中心城市发展规划修改意见的函', '区府办', '', '', '', '　\r'),
(451, 'JS201304-51', '穗旧改函[2013]150号', '关于进一步加强“城中村”改造方案审核工作的意见', '市“三旧”办', '', '', '', '　\r'),
(452, 'JS201304-52', '穗天府会纪[2013]33号', '广州国际金融城起步区工作例会的纪要（三）', '区府办', '', '', '', '姚科\r'),
(453, 'JS201304-53', '', '', '', '无（表格）', '天河区推进广州国际金融城起步区开发建设工作进展情况汇总表（2013年3月）', '区指挥部领导、城改办、区经贸局、区公安分', '张萍、姚科、何碧莹\r'),
(454, 'JS201304-54', '', '', '', '无（表格）', '广州市新型城市化发展系列政策文件2013年市级重点督办工作落实情况（3月）', '区委办信息督办科', '何碧莹\r'),
(455, 'JS201304-55', '', '', '', '穗天商管函[2013]70号', '关于请协调解决金融城起步区附件安置用地有关事项的函', '市金融城开发建设工作领导小组办公室', '何碧莹、姚科\r'),
(456, 'JS201304-56', '', '', '', '无（表格）', '广州市政府决定事项落实情况一览表（项目前期）2月', '区建水局', '何碧莹\r'),
(457, 'JS201304-57', '', '', '', '无（表格）', '广州市新型城市化发展系列政策文件2013年市级重点督办工作落实情况（4月）', '区委办信息督办科', '何碧莹\r'),
(458, 'JS201304-58', '', '', '', '无（表格）', '天河区推进广州国际金融城起步区开发建设工作进展情况汇总表（2013年4月）', '区指挥部领导、城改办、区经贸局、区公安分', '何碧莹\r'),
(459, 'JS201304-59', '', '', '', '穗天商管建〔2013〕1号', '关于请协调解决金融城起步区石东村集体物业复建问题的函', '市金融城开发建设工作领导小组办公室、抄送', '姚科\r'),
(460, 'JS201304-60', '穗天国房函〔2013〕218号', '关于金融城起步区复建用地土规问题的函', '区国土房管分局', '', '', '', ' \r'),
(461, 'JS201305-01', '穗天发改函[2013]172号', '关于征求广州市天河区建设工程项目优化审批流程实行方案立项', '区发改局', '', '', '', '曾科、何碧莹\r'),
(462, 'JS201305-02', '穗天经函[2013]50号', '关于征求2013年天河路商圈打造提升工作方案意见的函', '区经贸局', '', '', '', '姚科\r'),
(463, 'JS201305-03', '穗天府法函[2013]125号', '关于报送需上级部门下放的具体管理权限的函', '区法制办', '', '', '', '何碧莹\r'),
(464, 'JS201305-04', '穗常督字[2013]14号', '市委常委会议决定事项督办通知书', '区委办转市委', '', '', '', '姚科\r'),
(465, 'JS201305-05', '穗天府会纪[2013]33号', '广州国际金融城起步区工作例会的纪要（三）(林区批示:按此推进）', '区府办', '', '', '', '曾科、姚科\r'),
(466, 'JS201305-06', '', '关于做好我区今年5-12月开工和竣工重大项目申报工作的通知', '区府办', '', '', '', '曾科、何碧莹\r'),
(467, 'JS201305-07', '', '督办通知', '区法制办', '穗天商管函[2013]79号', '关于对天河区政协七届三次会议第P1-5号提案的答复', '区政协提案委、区法制办', '曾科牵头，姚科具体负责，张萍协助\r'),
(468, 'JS201305-08', '穗市长会纪[2013]26号', '市长办公会议纪要（环卫工作）', '市府办公厅', '', '', '', '何碧莹\r'),
(469, 'JS201305-09', '穗天财函[2013]159号', '关于征求对《天河区财政投资工作建设项目预算控制管理办法》（征求意见稿）的修改意见的函', '区财政局', '', '', '', '曾科、何碧莹\r'),
(470, 'JS201305-10', '', '关于核校《天河年鉴（2013）》清样稿的通知', '区年鉴编辑部', '', '', '', '姚科\r'),
(471, 'JS201305-11', '穗规[2013]1120号', '广州市规划局关于征询广州市水上巴士码头控制性详细规划修改意见的函', '区府办转来市规划局', '', '', '', '张萍\r'),
(472, 'JS201305-12', '穗规[2013]1074号', '丘卫青常委在《广州市规划局关于开展三大平台工作方案和量大平台建设方案制定工作的函》上的批示', '区委办', '', '', '', '曾科\r'),
(473, 'JS201305-13', '穗金融函[2013]280号', '市金融办关于再次征求《关于支持国际金融监管部门驻粤机构和金融机构在广州国际金融城建设自用办公用房的若', '区府办', '', '', '', '何碧莹\r'),
(474, 'JS201305-14', '穗国房函[2013]1071号', '市国土房管局关于请协助提供九大战略性发展平台相关资料的函', '区府办', '穗天商管建[2013]4号', '关于对《市国土房管局关于请协助提供九大战略性发展平台相关资料的函》的复函', '区国土房管分局', '曾科牵头\r'),
(475, 'JS201305-15', '穗发改函[2013]783号', '广州市发展改革委关于征求广州率先全面建成小康社会一揽子方案有关文件意见的函', '市发改委', '', '', '', '曾科、何碧莹\r'),
(476, 'JS201305-16', '', '广州市天河区人民政府办公室关于印发《天河区2013年100项重点督办工作》的通知', '区委办', '', '', '', '\r'),
(477, 'JS201305-17', '', '区人大代表审议政府工作报告意见建议办理工作方案', '区府办', '', '', '', '曾科\r'),
(478, 'JS201305-18', '穗天发改[2013]37号', '关于做好政府投资项目梳理工作的通知', '区发改局', '', '', '', '曾科\r'),
(479, 'JS201305-19', '', '市规划纲要办文件处理表《关于研究提出实施<珠三角规划纲要>实现“九年大跨越”主要指标和重大项目201', '区府办', '无(表格）', '广州市牵头推进的省“九年大跨越”重大项目2013年目标表', '区城改办', '张萍\r'),
(480, 'JS201305-20', '穗经贸函[2013]548号', '市经贸委关于请报送市委主要领导调研民营企业需协调解决问题落实情况的函', '区府办', '穗天商管建[2013]3号', '关于对《市经贸委关于请报送主要领导调研民营企业需协调解决问题落实情况的函》意见的复函', '区府办', '曾科、张萍\r'),
(481, 'JS201305-21', '穗府会纪[2013]105号', '市政府工作会议纪要', '市府办公厅', '', '', '', '\r'),
(482, 'JS201305-22', '', '关于征求对《党政领导干部选拔任用工作条例》修订意见的通知', '区委组织部', '', '', '', '曾科\r'),
(483, 'JS201305-23', '穗国房函[2013]1095号', '市国土房管局关于“三规合一”“二上二下”天河区内市级土地储备项目土地储备项目土规调整初审意见的函', '市国土房管局', '', '', '', '曾科、姚科\r'),
(484, 'JS201305-24', '穗天发改函[2013]186号', '关于征求《天河区实施“123”城市功能布局规划2013年工作方案》意见的函', '区发改局', '', '', '', '张萍\r'),
(485, 'JS201305-25', '', '关于开展新型城市化发展2013年100项重点督办工作、市委常委会2013年工作要点和10大产业项目、', '区委办', '', '', '', '曾科、张萍\r'),
(486, 'JS201305-26', '', '关于再次征求《广州市天河区科技计划项目管理办法》意见的函', '区科信局', '', '', '', '何碧莹\r'),
(487, 'JS201305-27', '', '2013年市重大投资项目存在问题及责任分工（征求意见稿）', '区府办', '', '', '', '曾科、何碧莹\r'),
(488, 'JS201305-28', '穗天发改函[2013]184号', '关于提供我区“三规合一”产业区块控制线相关数据的函', '区发改局', '', '', '', '曾科、姚科\r'),
(489, 'JS201305-29', '穗金融函[2013]296号', '中共广州市委 广州市人民政府关于全面建设广州区域金融中心的决定（征求意见稿）', '区府办', '无', '关于《中共广州市委广州市人民政府关于全面建设广州区域金融中心的决定（征求意见稿）》的复函', '区经贸局', '曾科\r'),
(490, 'JS201305-30', '', '关于做好区人大代表审议政府工作报告意见建议办理工作的通知', '区府办', '穗天商管建[2013]7号、8号', '《关于对天河区人大代表审议政府工作报告意见建议的答复（给企业的地价太高）》、《关于提供对区人大代表审', '区府办督办科', '曾科牵头，何碧莹\r'),
(491, 'JS201305-31', '穗土开字[2012]28号', '关于审定广州国际金融城起步区国有地块补偿结算方案的请示', '区委办', '', '', '', '曾科牵头\r'),
(492, 'JS201305-32', '穗天国房函[2013]324号', '关于征求天河功能片区土地利用总体规划（2013-2020年）意见的函', '区国土房管局', '', '', '', '曾科牵头\r'),
(493, 'JS201305-33', '', '广州市土地开发中心关于征求《关于广州市辖各区（县级市）土地储备规划编制工作的意见（试行）》意见的函', '市土发中心', '无', '关于《广州市土地开发中心关于征求<关于广州市辖各区（县级市）土地储备规划编制工作的意见（试行）>意见', '区国土局', '曾科牵头\r'),
(494, 'JS201305-34', '', '关于征求《天河区创建广州市法制政府示范区工作方案》意见的函', '区法制办', '', '', '', '曾科、何碧莹\r'),
(495, 'JS201305-35', '穗经贸函[2013]563号', '市经贸委关于再次征求对广州市餐饮产业发展及空间布局规划修改意见的函', '市经贸委', '', '', '', '曾科、张萍\r'),
(496, 'JS201305-36', '穗金融请[2013]47号', '市金融办关于上报《广州市国际金融城开发投资股份有限公司组建框架方案》的请示', '市府办公厅', '穗天商管建[2013]5号', '关于对市金融办《广州市国际金融城开发投资股份有限公司组建框架方案》回复意见的函', '区府办', '曾科、张萍\r'),
(497, 'JS201305-37', '穗规[2013]1216号', '广州市规划局关于变更金融城起步区棠下村村民住宅及集体物业安置调整面积意见的复函', '区府办', '', '', '', '曾科、姚科\r'),
(498, 'JS201305-38', '', '市府办公厅穗府信息转送厅新闻信息处《媒体和网络涉穗舆情要闻》', '市府办公厅穗府信息转送厅新闻信息处', '', '', '', '曾科、陈军\r'),
(499, 'JS201305-39', '', '关于征询天河区财政预算绩效管理工作规程的意见的函', '区财政局', '', '', '', '曾科\r'),
(500, 'JS201305-40', '', '广州市天河区人民政府办公室关于报送市委主要领导协调民营企业需协调解决问题落实情况的函', '区府办', '', '', '', '张萍\r'),
(501, 'JS201306-01', '穗天办督字[2013]4号', '领导交办事项办理通知书', '区委办', '', '', '', '曾科、姚科\r'),
(502, 'JS201306-02', '穗国房函[2013]1286号', '市国土房管局关于征求《关于加快推进我市9大战略性发展平台的扶持政策（征求意见稿）》意见的函', '区府办', '无', '关于《市国土房管局关于征求<关于加快推进我市9大战略性发展平台的扶持政策（征求意见稿）>意见的复函', '区国土局', '曾科、姚科\r'),
(503, 'JS201306-03', '穗金融城办[2013]22号', '广州国际金融城开发建设工作领导小组办公室关于广州国际金融城起步区土方外运相关问题协调会议纪要', '广州国际金融城开发建设工作领导小组办公室', '', '', '', '\r'),
(504, 'JS201306-04', '穗文广新函[2013]346号', '广州市“珠江黄金岸线”建设文化与旅游专项小组办公室关于征求文化与旅游专项小组工作方案（征求意见稿）的', '市文广新局', '穗天商管建[2013]9号', '关于对《“珠江黄金岸线”建设文化与旅游专项小组工作方案（征求意见稿）》', '区文广新局', '曾科、何碧莹\r'),
(505, 'JS201306-05', '穗天发改函[2013]222号', '关于请报送《天河区国民经济和社会发展规划（2012-2020年）及2030年远景展望》专项规划成果的', '区发改局', '', '', '', '曾科、何碧莹、姚科\r'),
(506, 'JS201306-06', '', '关于征求天河区2013年“三个重大突破”项目计划表有关意见的函', '区发改局', '', '', '', '曾科、姚科\r'),
(507, 'JS201306-07', '穗黄金岸线[2013]4号', '市珠江黄金岸线建设领导小组办公室关于健全珠江黄金岸线建设工作简报信息报送制度的函', '区府办', '', '', '', '曾科、何碧莹\r'),
(508, 'JS201306-08', '穗扩函[2013]539号', '广州市道路扩建办公室关于广州国际金融城起步区棠下村集体物业补偿安置协议补充资料审核情况的函', '区府办', '', '', '', '姚科、曾科\r'),
(509, 'JS201306-09', '', '关于黄埔华苑酒店和酒家拆迁补偿的诉求', '区府办', '', '', '', '曾科、姚科\r'),
(510, 'JS201306-10', '穗天棠[2013]32号', '关于增加金融城起步区棠下新墟村改造项目村民安置房面积的请示', '区府办', '穗天商管[2013]20号', '关于报送《关于请协调解决金融城起步区棠下新墟村民住宅复建问题的函》的请示', '区府办', '曾科、姚科、陈军\r'),
(511, 'JS201306-11', '', '关于征求《天河区国民经济和社会发展规划（2012-2020年）及2030年远景展望》和《天河区推进“', '区发改局', '', '', '', '曾科牵头\r');
INSERT INTO `cbd_oldfile` (`id`, `file_no`, `r_no`, `r_title`, `r_from`, `w_no`, `w_title`, `w_to`, `dealer`) VALUES
(512, 'JS201306-12', '', '天河区推进珠江黄金岸线建设工作联席会议办公室关于贯彻落实市人大常委会审议意见的函', '区建水局', '', '', '', '曾科、何碧莹\r'),
(513, 'JS201306-13', '穗建路桥[2013]833号', '广州市城乡建设委员会关于协调解决猎德地块石东村经济发展留用地问题的请示', '市府办公厅', '', '', '', '张萍、曾科、姚科\r'),
(514, 'JS201306-14', '', '关于报送战略性发展平台相关资料的函', '区政府办', '', '', '', '　\r'),
(515, 'JS201306-15', '穗天发改函[2013]222号', '关于再次征求天河区实施“123”城市功能布局规划2013-2016重点建设项目实施情况的函', '区发改局', '', '', '', '曾科牵头\r'),
(516, 'JS201306-16', '穗天发改函[2013]225号', '关于请配合开展天河区“十二五”中期评估工作的函', '区发改局', '', '', '', '曾科\r'),
(517, 'JS201306-17', '穗城投文旅函[2013]6号', '关于撤销员村热电厂码头物业管理权的函', '区政府办', '', '', '', '　\r'),
(518, 'JS201306-18', '穗府会纪[2013]139号', '关于白云国际机场噪音区治理和金融城开发建设问题会议的纪要', '区政府办', '', '', '', '　\r'),
(519, 'JS201306-19', '', '关于征求<实施珠三角规划纲要2013年重点工作任务>意见的通知', '区府办', '穗天商管建[2013]10号', '关于《关于征求<实施珠三角规划纲要2013年重点工作任务>意见的通知》的复函', '区发改局', '曾科、姚科\r'),
(520, 'JS201306-20', '穗天经函[2013]61号', '广州市天河区金融发展工作责任书（征求意见稿）意见的函', '区经贸局', '', '', '', '张萍\r'),
(521, 'JS201306-21', '', '关于再次征求《天河路商圈整体策划（主报告）》意见的函', '区经贸局', '', '', '', '曾科牵头，何碧莹\r'),
(522, 'JS201306-22', '省府会纪[2013]69号', '关于研究部署第二届中国（广州）国际交易.博览会筹备工作的会议纪要', '区府办转', '', '', '', '　\r'),
(523, 'JS201306-23', '穗天府办督字[2013]17号', '督办通知', '区府办', '', '', '', '曾科牵头\r'),
(524, 'JS201306-24', '八届51次[2013]15号', '区政府常务会议纪要', '区府办', '', '', '', '　\r'),
(525, 'JS201306-25', '穗天府会纪[2013]55号', '广州国际金融城起步区集体土地征收工作例会的纪要', '区府办', '', '', '', '　\r'),
(526, 'JS201306-26', '穗府会纪[2013]150号', '关于金融城开发建设工作会议的纪要', '区府办转', '', '', '', '　\r'),
(527, 'JS201306-27', '', '关于征集2012年度天河区地方志资料年报的通知', '区志编办', '', '', '', '曾科、姚科\r'),
(528, 'JS201306-28', '　省府会纪[2013]69号', '关于研究部署第二届中国（广州）国际金融交易博览会工作的会议纪要（丘常委批示）', '省府办公厅', '', '', '', '　\r'),
(529, 'JS201306-29', '穗天发改函[2013]240号', '关于报送2013年天河区重点建设项目上半年投资完成情况的函', '区发改局', '', '', '', '曾科、姚科\r'),
(530, 'JS201306-30', '', '关于征求天河路商圈立体步行连廊系统规划、交通组织规划与重点地段城市设计深化方案意见的函', '区经贸局', '', '', '', '曾科、张萍\r'),
(531, 'JS201306-31', '', '关于协调解决广州国际金融城起步区棠下新墟村民住宅复建问题的函', '区府办', '', '', '', '曾科、姚科、陈军\r'),
(532, 'JS201306-32', '穗天财[2013]217号', '关于印发《天河区区属行政单位常用公用设施配置标准》的请示', '区财政局', '', '', '', '曾科牵头\r'),
(533, 'JS201306-33', '穗天民函[2013]185号', '关于征求《天河区福利彩票公益金项目管理实施办法（征求意见稿）》意见的函', '区民政局', '', '', '', '曾科牵头\r'),
(534, 'JS201306-34', '穗发改函[2013]1043号', '广州市发展改革委关于协助填报广州市2013年重大投资项目用地情况的函', '市发改委', '', '', '', '曾科、姚科\r'),
(535, 'JS201306-35', '穗发改函[2013]1053号', '广州市发展改革委关于征求我市人口调控和入户政策有关文件意见的函', '市发改委', '', '', '', '曾科牵头\r'),
(536, 'JS201306-36', '穗建路桥纪[2013]361号', '广州市城乡建设委员会关于市重点路桥项目2013年第二十五次协调会议的纪要', '市建委', '', '', '', '\r'),
(537, 'JS201306-37', '督字[2013]41号', '决策督查事项办理通知书', '市委办公厅', '穗天商管建[2013]14号', '关于对市委督查室决策督查事项办理情况的函', '区委办', '曾科、张萍\r'),
(538, 'JS201306-38', '穗发改函[2013]1056号', '广州市发展改革委关于征求推进珠江黄金岸线沿岸企业转型升级工作请示意见的函', '市发改委', '穗天商管建[2013]11号', '关于对《广州市发展改革委关于征求推进珠江黄金岸线沿岸企业转型升级工作请示意见的函》的意见', '区发改局', '曾科、何碧莹\r'),
(539, 'JS201306-39', '穗金融函[2013]380号', '市金融办关于征求对《中共广州市委 广州市人民政府关于全面建设广州区域金融中心的决定（第三次征求意见稿', '市金融办', '', '', '', '曾科牵头\r'),
(540, 'JS201306-40', '', '关于报送2013年上半年工作总结和下半年工作计划的通知', '区委办', '', '', '', '姚科\r'),
(541, 'JS201306-41', '', '关于报送珠江黄金岸线第二季度建设工作阶段性进展的通知', '区建水局', '无（表格）', '天河区推进世界文化名城中心区工作推进落实情况汇总表(CBD管委会)', '区建水局', '何碧莹\r'),
(542, 'JS201306-42', '穗天经贸[2013]80号', '关于再次征求2013年天河路商圈打造提升工作方案意见的函', '区经贸局', '', '', '', '曾科牵头\r'),
(543, 'JS201306-43', '穗金融城办[2013]29号', '广州国际金融城开发建设工作领导小组办公室关于征求广州国际金融城开发建设方案（征求意见稿）意见的函', '区府办', '穗天商管建[2013]19号', '关于广州国际金融城开发建设方案的意见', '区府办', '曾科牵头\r'),
(544, 'JS201306-44', '', '', '', '无（表格）', '天河区推进广州国际金融城起步区开发建设工作进展情况汇总表（2013年5月）', '区指挥部领导', '张萍\r'),
(545, 'JS201306-45', '', '', '', '穗天商管建[2013]6号', '关于广州国际金融城起步区土地出让有关事项的函', '市国土房管局', '张萍\r'),
(546, 'JS201306-46', '', '', '', '无（表格）', '广州新型城市化发展系列政策文件2013年市级重点督办工作落实情况（5月）', '区委办信息督办科', '何碧莹\r'),
(547, 'JS201306-47', '', '', '', '穗天商管函[2013]83号', '关于征求省委巡视组整改工作方案中有关金融城建设方面细化内容的函', '区城改办、区国土房管分局、区规划分局、员', '曾科、姚科\r'),
(548, 'JS201306-48', '', '', '', '穗天商管建[2013]10号', '关于在广州国际金融城起步区控制性详细规划中落实“小配套”公共服务设施的函', '市规划局', '张萍\r'),
(549, 'JS201306-49', '', '', '', '无（表格）', '天河区推进广州国际金融城起步区开发建设工作进展情况汇总表（2013年6月）', '区指挥部领导', '张萍\r'),
(550, 'JS201306-50', '穗金融城办[2013]25号', '广州国际金融城开发建设工作领导小组办公室关于金融城第二批土地出让工作有关问题的请示', '市金融城办', '', '', '', ' \r'),
(551, 'JS201307-01', '穗旧改函[2013]244号', '关于征求《关于加强我市三旧改造工作的实施意见》及《广州市城中村改造三年行动计划（20132016年）', '区府办转市三旧办', '穗天商管建[2013]12号', '关于《关于征求<关于加强我市三旧改造工作的实施意见>及<广州市城中村改造三年行动计划（2013201', '区城改办', '曾科、姚科\r'),
(552, 'JS201307-02', '穗规天河[2013]437号', '关于协助提供涉及历史建（构）筑物项目情况的函', '区规划分局', '穗天商管建{2013]13号', '关于协助提供涉及历史建筑物建设项目情况的复函', '区规划分局', '曾科、张萍\r'),
(553, 'JS201307-03', '穗规[2013]1587号', '广州市规划局关于请落实在广州国际金融城设置毛主席视察棠下雕塑经费的函', '市规划局', '', '', '', '张萍、何碧莹协助\r'),
(554, 'JS201307-04', '　', '广州国际金融城开发建设工作领导小组办公室关于征求广州国际金融城开发建设方案（征求意见稿）意见的函', '区府办', '穗天商管建[2013]19号', '关于报送广州国际金融城开发建设方案反馈意见的函', '区府办', '曾科\r'),
(555, 'JS201307-05', '穗天发改[2013]50号', '关于征集2014年天河区政府投资基本建设项目计划的通知', '区发改局', '', '', '', '曾科牵头\r'),
(556, 'JS201307-06', '　', '通知', '区委办', '穗天商管函[2013]98号', '关于报送《广州国际金融城建设情况报告》的函', '区府办', '曾科、姚科、张萍\r'),
(557, 'JS201307-07', '', '关于报送天河区2013年100项重点督办工作进展情况的通知', '区委办', '', '', '', '何碧莹\r'),
(558, 'JS201307-08', '穗规[2013]1652号', '广州市规划局关于金融城起步区棠下经济发展有限公司复建用地规划情况的复函', '市规划局', '', '', '', '曾科、姚科、陈军跟进\r'),
(559, 'JS201307-09', '', '通知（《广州市“2+3+9”平台水务规划设计技术指引》征求意见）', '区建水局', '穗天商管建[2013]15号', '关于报送广州国际金融城发展平台中涉及水务设施规划建设需要解决问题的函', '区建水局', '曾科牵头\r'),
(560, 'JS201307-10', '穗天府会纪[2013]58号', '关于协调广州国际木业电子联合交易园、广州正大广场项目地块规划建设有关问题会议的纪要', '区府办', '', '', '', '曾科、张萍\r'),
(561, 'JS201307-11', '穗经贸函[2013]746号', '市经贸委关于请协调支持广东振戎能源公司发展总部经济用地需求的函', '市经贸委', '', '', '', '曾科、张萍\r'),
(562, 'JS201307-12', '穗国房函[2013]1582号', '市国土房管局关于征求“珠江黄金岸线”土地利用专项小组工作方案意见的函', '区府办转市国土局', '穗天商管建〔2013〕17号', '关于征求“珠江黄金岸线”土地利用专项小组工作方案意见的复函', '区国土局', '曾科、何碧莹\r'),
(563, 'JS201307-13', '穗发改函[2013]1134号', '广州市发展改革委关于报送珠江黄金岸线产业转型升级工作进展情况的函', '区府办', '穗天商管建〔2013〕16号', '关于报送广州国际金融城工作情况的函', '区发改局', '曾科、何碧莹\r'),
(564, 'JS201307-14', '', '市国土房管局 市建委《关于征求广州市集体土地上房屋征收补偿标准规定意见的函》', '区府办', '穗天商管建[2013]18号', '关于《关于征求广州市集体土地上房屋征收补偿标准规定意见的函》的复函', '区国土局', '曾科、姚科、何碧莹\r'),
(565, 'JS201307-15', '穗委督字[2013]162号', '决策督查事项办理通知书', '区委办', '无（表格）', '市委办公会议纪要(十届〔2013〕35号)落实情况汇总表', '区委办信息督办科', '何碧莹，张萍协助\r'),
(566, 'JS201307-16', '', '广州市发展改革委关于梳理欧阳伟民、贡儿珍副市长率队开展加快发展促转型专题调研的纪要落实情况的函', '市发改委', '', '', '', '曾科牵头\r'),
(567, 'JS201307-17', '市规划纲要办[2013]21号', '市规划纲要办转省规划纲要办《关于报送“九年大跨越”重大项目建设进展情况的函》', '区府办', '', '', '', '曾科牵头、何碧莹\r'),
(568, 'JS201307-18', '穗天府发征[2013]4号', '征求意见函', '区法制办', '穗天商管建[2013]24号', '关于《天河区贯彻实施广州市建设工程项目优化审批流程试行方案的工作意见（征求意见稿）》的复函', '区法制办', '曾科\r'),
(569, 'JS201307-19', '穗人社函[2013]1434号', '广州市人力资源和社会保障局关于征求《广州市人才资源服务产业园建设调研报告》（征求意见稿）意见的函', '市人社局', '穗天商管建[2013]22号', '关于《广州市人才资源服务产业园建设调研报告（征求意见稿）》意见的复函', '区人社局', '曾科、姚科\r'),
(570, 'JS201307-20', '穗金融城办[2013]30号', '关于广州国际金融城开发建设工作领导小组办公室关于金融城开发建设工作例会的纪要', '市金融办', '', '', '', '　\r'),
(571, 'JS201307-21', '', '通知', '区府办', '', '', '', '曾科牵头、何碧莹\r'),
(572, 'JS201307-22', '穗规天河报[2013]105号', '关于广州国际金融城起步区棠下碉楼等文物迁移选址情况的报告', '区规划分局', '', '', '', '张萍、姚科\r'),
(573, 'JS201307-23', '穗发改函[2013]1218号', '广州市发展改革委关于征求进一步加快越秀、天河、黄埔区发展促转型专题调研纪要意见的函', '区府办', '穗天商管建[2013]23号', '关于《关于进一步加快越秀、天河、黄埔区发展促转型专题调研的纪要》意见的复函', '区府办', '曾科\r'),
(574, 'JS201307-24', '穗府会纪[2013]167号', '关于广州鹰金钱企业集团公司要求按“三旧”改造公益征收政策补偿问题会议的纪要', '市府办公厅', '', '', '', '曾科、姚科跟进\r'),
(575, 'JS201307-25', '穗天国房函[2013]505号', '关于协助提供相关资料的函', '区国土局', '穗天商管建[2013]26号', '关于《关于协助提供相关资料的函》的复函', '区国土分局', '姚科\r'),
(576, 'JS201307-26', '穗天府发征[2013]5号', '征求意见函', '区法制办', '', '', '', '何碧莹\r'),
(577, 'JS201307-27', '穗联鸿[2013]11号', '广州联鸿实业投资有限公司（关于协调金融城A001号地块设置平价餐厅的函）', '广州联鸿实业投资有限公司', '穗天商管函[2013]100号', '关于协调金融城A001号地块设置平价餐厅的复函', '广州联鸿实业投资有限公司', '何碧莹\r'),
(578, 'JS201307-28', '　', '关于报送区重大投资项目建设情况的通知', '区监察局', '', '', '', '曾科牵头\r'),
(579, 'JS201307-29', '　', '关于报送上半年政务公开工作情况的通知', '区府办', '', '', '', '曾科、何碧莹\r'),
(580, 'JS201307-30', '　', '关于拟在广州国际金融城设立区域总部的报告（天安财产保险股份有限公司）', '区府办转市府办公厅', '', '', '', '张萍\r'),
(581, 'JS201307-31', '华夏保发[2013]491号', '关于拟在广州国际金融城设立区域总部的报告（华夏人寿保险有限公司）', '区府办转市府办公厅', '', '', '', '张萍\r'),
(582, 'JS201307-32', '穗天发改函[2013]297号', '关于再次征求《天河区推进“三规合一”协调机制及政策框架研究》意见的函', '区发改局', '', '', '', '曾科牵头\r'),
(583, 'JS201307-33', '穗发改函[2013]1256号', '广州市发改委关于请协调编报我市参加全省第三批面向民间投资公开招标重大项目的通知', '区府办', '', '', '', '曾科牵头\r'),
(584, 'JS201307-34', '穗规天河[2013]496号', '关于征求《天河“三规合一”决策支持平台运行管理办法》等意见的函', '区规划分局', '', '', '', '曾科牵头\r'),
(585, 'JS201307-35', '穗规[2013]1863号', '广州市规划局关于在广州国际金融城起步区控制性详细规划中落实“小配套”公共服务设施的复函', '市规划局', '穗天商管建〔2013〕30号、31号', '"关于请落实金融城起步区“小配套”公共服务设施有关事项的函、\r', '', ''),
(586, '关于请落实金融城起步区', '市规划局、市国土房管局', '张萍\r', '', '', '', '', ''),
(587, 'JS201307-36', '', '关于协助提供区八届人大常委会第三十一次主任会议书面材料的函', '区府办', '穗天商管建〔2013〕29号', '关于报送《广州国际金融城建设情况报告》的函', '区府办', '曾科牵头\r'),
(588, 'JS201307-37', '', '关于征求2013年上半年工作情况及下半年工作安排报告意见的函', '区府办', '', '', '', '曾科牵头\r'),
(589, 'JS201307-38', '穗国房函[2013]1815号', '市国土房管局关于征求《关于加强我市城市更新改造工作的实施意见（征求意见稿）》意见的函', '区府办转', '穗天商管建[2013]27号', '关于《关于加强我市城市更新改造工作的实施意见（征求意见稿）》意见的复函', '区城改办', '曾科、姚科\r'),
(590, 'JS201307-39', '穗规划纲要办函[2013]5号', '广州市规划纲要办关于征求《广州市实施<珠江三角洲地区改革发展规划纲要>实现“建大跨越”工作方案及20', '区府办', '穗天商管建[2013]28号', '关于《广州市实施<珠三角地区改革发展规划纲要>实现“九年大跨越”工作方案及2013年重点工作任务（征', '区发改局', '曾科牵头\r'),
(591, 'JS201307-40', '穗天商管[2013]25号', '天河中央商务区管理委员会关于广州国际金融城2013年上半年开发建设工作的报告（林区批示）', '区府办', '', '', '', '\r'),
(592, 'JS201307-41', '', '关于做好区政协七届三次会议重点提案视察预备工作的通知', '区法制办', '', '', '', '曾科牵头\r'),
(593, 'JS201307-42', '穗金融城办[2013]34号', '广州国际金融城开发建设工作领导小组办公室关于棠下村复建用地移交工作会议的纪要', '广州国际金融城开发建设工作领导小组办公室', '', '', '', '\r'),
(594, 'JS201307-43', '穗天发改函[2013]310号', '关于征求2013年上半年国民经济和社会发展计划执行情况的报告意见的函', '区发改局', '', '', '', '姚科\r'),
(595, 'JS201307-44', '', '关于报送天河区推进“珠江黄金岸线”建设工作进度情况的函', '区建水局', '', '', '', '何碧莹\r'),
(596, 'JS201307-45', '', '天河CBD管委会7月份大事记（征求意见稿）', '综合处', '', '', '', '何碧莹\r'),
(597, 'JS201307-46', '', '', '', '无（表格）', '广州新型城市化发展系列政策文件2013年市级重点督办工作落实情况（第二季度）', '区委办信息督办科', '何碧莹\r'),
(598, 'JS201307-47', '', '', '', '穗天商管建[2013]20号', '关于金融城起步区棠下新墟村民住宅复建用地配套室内羽毛球场问题的复函', '"主送：广州棠下经济发展有限公司\r', ''),
(599, '抄送：广州市规划局、上', '曾科、陈军\r', '', '', '', '', '', ''),
(600, 'JS201307-48', '', '', '', '穗天商管[2013]25号', '天河中央商务区管理委员会关于广州国际金融城2013年上半年开发建设工作的报告', '区指挥部领导', '张萍\r'),
(601, 'JS201307-49', '', '', '', '穗天商管建[2013]21号', '关于对金融城起步区AT0909002地块规划设计条件建议的复函', '市规划局', '张萍\r'),
(602, 'JS201307-50', '', '', '', '穗天商管建[2013]25号', '关于征求《广州国际金融城建设工程项目联合审批流程办事指南》（征求意见稿）意见的函', '区各涉及审批环节单位', '陈军\r'),
(603, 'JS201307-51', '', '', '', '无（表格）', '广州新型城市化发展系列政策文件2013年市级重点督办工作落实情况（7月）', '区委办信息督办科', '何碧莹\r'),
(604, 'JS201308-01', '', '关于请求协助解决棠下新墟村村民安置房面积缺口问题的报告', '棠下经济发展有限公司', '穗天商管建[2013]32号', '关于报送《关于协调解决广州国际金融城起步区棠下新墟村民住宅复建问题的函》的函', '区府办', '曾科\r'),
(605, 'JS201308-02', '', '关于第二次征求《关于2013年上半年工作情况及下半年工作安排的报告》意见的函', '区府办', '', '', '', '姚科\r'),
(606, 'JS201308-03', '穗天发改函[2013]315号', '关于《天河区国民经济和社会发展第十二个五年规划纲要中期执行情况的报告（征求意见稿）》意见的函', '区发改局', '', '', '', '何碧莹\r'),
(607, 'JS201308-04', '穗市长会纪[2013]40号', '市长办公会议纪要（广州国际金融城起步区专项研究及地下空间竖向设计工作）', '区府办转', '', '', '', '\r'),
(608, 'JS201308-05', '', '征求意见函（林道平在中共广州市天河区委八届五次全会上的讲话）', '区府办', '', '', '', '何碧莹\r'),
(609, 'JS201308-06', '穗土开函[2013]613号', '广州市土地开发中心关于协助参与广州国际金融城起步区规划环境影响评估公众意见征询的函', '区府办转', '穗天商管建[2013]34号', '对《广州市土地开发中心关于协助参与广州国际金融城起步区规划环境影响评估公众意见征询的函》的复函', '区府办', '张萍、曾科\r'),
(610, 'JS201308-07', '穗天发改函[2013]319号', '关于征求我区2013年重点建设项目、重点建设预备项目计划调整草案和《优化服务，推动区重点建设项目加快', '区发改局', '', '', '', '曾科\r'),
(611, 'JS201308-08', '', '征求意见函(石奇珠同志在区委八届五次全会上的报告）', '区委办', '', '', '', '何碧莹\r'),
(612, 'JS201308-09', '穗天发改函[2013]320号', '关于《今年以来天河区经济社会发展情况及简要分析（征求意见稿）》意见的函', '区发改局', '', '', '', '何碧莹\r'),
(613, 'JS201308-10', '', '关于将金融城起步区纳入我区统计亟需解决问题的情况报告', '区统计局', '', '', '', '曾科、何碧莹\r'),
(614, 'JS201308-11', '穗港局函[2013]245号', '广州市港务局关于再次征求《广州港口邮轮游艇码头规划》意见的函', '广州市港务局', '穗天商管建[2013]33号', '关于《再次征求广州港口游轮游艇码头规划意见的函》的复函', '区建水局', '姚科\r'),
(615, 'JS201308-12', '穗天常办函[2013]21号', '关于广州国际金融城征拆安置和起步区建设情况的报告', '区人大常委会办公室', '', '', '', '曾科牵头\r'),
(616, 'JS201308-13', '穗发改函[2013]1370号', '广州市发展改革委关于请协助提供“2+3+9”战略性发展平台视频及图片等相关资料的函', '市发改委', '', '', '', '曾科、姚科\r'),
(617, 'JS201308-14', '穗府法函[2013]1184号', '广州市人民政府法制办公室关于征求《广州市行政机关负责人出庭应诉暂行规定》意见的函', '市政府法制办', '', '', '', '何碧莹\r'),
(618, 'JS201308-15', '穗政研通[2013]33号', '关于开展两个新城区、三个副中心、九个重大平台开发建设模式调研的通知', '区委办转', '穗天商管建〔2013〕35号', '关于报送广州国际金融城相关情况的函', '区府办', '曾科牵头、何碧莹、姚科\r'),
(619, 'JS201308-16', '穗发改重点[2013]10号', '广州市发展改革委关于做好全市第三季度重大项目开工动员会项目申报工作的通知', '市发改委', '穗天商管建〔2013〕36号', '关于组织申报参加第三季度开工动员会的重大项目的函', '区发改局', '何碧莹\r'),
(620, 'JS201308-17', '穗规会[2013]130号', '广佛环城际金融城段线位及车站规划方案协调会会议纪要', '区府办转', '', '', '', '\r'),
(621, 'JS201308-18', '穗天府会纪[2013]68号', '广州国际金融城起步区集体土地征收工作例会的纪要', '区府办', '', '', '', '\r'),
(622, 'JS201308-19', '穗规编会[2013]32号', '广州国际金融城起步区控制性详细规划工作协调会会议纪要', '区府办', '', '', '', '曾科、张萍\r'),
(623, 'JS201308-20', '穗财建[2013]48号', '广州市财政局关于提供珠江黄金岸线建设资金落实情况有关材料的函', '区府办转广州市财政局', '穗天商管建[2013]37号', '关于提供广州国际金融城建设资金情况的函', '区建水局', '何碧莹\r'),
(624, 'JS201308-21', '穗天经函[2013]24号', '关于征求楼宇经济试行办法及实施细则意见的函', '区经贸局', '', '', '', '曾科牵头\r'),
(625, 'JS201308-22', '穗规[2013]2163号', '广州市规划局关于征求对广州境内近期城际轨道和铁路项目规划方案意见的函', '市规划局', '穗天商管建[2013]38号', '关于对广州境内近期城际轨道和铁路项目规划方案意见的复函', '区规划分局', '曾科牵头\r'),
(626, 'JS201308-23', '穗规天河报[2013]122号', '关于确认天河区纳入广州市总体规划重点项目排序的请示', '区府办转', '', '', '', '曾科牵头、何碧莹\r'),
(627, 'JS201308-24', '', '关于征求《2013年上半年市委办公会议纪要落实情况汇总表（1-115号）（涉及天河区部分）》意见的通', '区委办', '无（表格）', '2013年上半年市委办公会议纪要落实情况汇总表（1-115号）（金融城部分）', '区委办信息科', '何碧莹\r'),
(628, 'JS201308-25', '穗建前期函[2013]2510号', '广州市城乡建设委员会关于征求广州大桥拓宽工程建设方案意见的函', '区政府办', '穗天商管建[2013]39号', '关于征求广州大桥拓宽工程建设方案意见的复函', '区建水局', '陈军\r'),
(629, 'JS201308-26', '', '关于提供有关路名情况的函', '区编办', '穗天商管建[2013]40号', '对《关于提供有关路名情况的函》的复函', '区编办', '张萍\r'),
(630, 'JS201308-27', '穗规[2013]2214号', '广州市规划局关于要求落实各重点平台相关工作的函', '区府办', '', '', '', '张萍\r'),
(631, 'JS201308-28', '穗扩函[2013]1024号', '广州市道路扩建工程办公室关于广州国际金融城起步区棠下村村民住宅征拆补偿安置协议审核情况的函', '区政府办', '', '', '', '曾科、姚科\r'),
(632, 'JS201308-29', '', '关于协调解决广州国际金融城起步区棠下新墟村民住宅复建问题的函', '区府办', '', '', '', '\r'),
(633, 'JS201308-30', '穗国房函[2013]20', '市国土房管局关于金融城起步区公共服务设施有关问题的复函', '市国土房管局', '', '', '', '张萍\r'),
(634, 'JS201308-31', '', '关于征求《天河区基层评议机关活动实施方案（征求意见稿）》修改意见的函', '区直属机关委', '', '', '', '何碧莹\r'),
(635, 'JS201308-32', '', '关于梳理汇总区政府常务会议和区长办公会议决定事项落实情况的通知', '区府办', '', '', '', '何碧莹\r'),
(636, 'JS201308-33', '', '天河区推进珠江黄金岸线建设工作联系会议办公室关于跟踪落实市人大常委会审议意见研究处理情况的函', '区建水局', '', '', '', '姚科\r'),
(637, 'JS201308-34', '', '关于开展2013年度“暖企行动”联合服务企业阶段工作的通知', '区经贸局', '', '', '', '张萍\r'),
(638, 'JS201308-35', '穗发改函[2013]1530号', '广州市发展改革委关于征求《关于统筹推进广州市“2+3+9”平台主导产业发展的指导意见（征求意见稿）》', '区政府办转', '穗天商管建[2013]41号', '关于《关于统筹推进广州市“2+3+9”平台主导产业发展的指导意见（征求意见稿）》意见的复函', '区发改局', '姚科、何碧莹\r'),
(639, 'JS201308-36', '穗发改函[2013]1524号', '市发展改革委关于报送“新广州 新商机”签约项目推进落实情况的通知', '区府办转', '', '', '', '何碧莹\r'),
(640, 'JS201308-37', '', '', '', '无（表格）', '天河区推进广州国际金融城起步区开发建设工作进展情况汇总表（2013年7月）', '区指挥部领导', '张萍\r'),
(641, 'JS201308-38', '', '', '', '穗天商管函[2013]115号', '关于征求广州国际金融城石东村集体物业复建有关问题解决意见的函', '市国土房管局、市规划局', '何碧莹\r'),
(642, 'JS201308-39', '', '', '', '穗天商管函[2013]116号', '关于报送广州国际金融城起步区复建安置项目情况的函', '广州国际金融城开发建设工作领导小组办公室', '何碧莹\r'),
(643, 'JS201308-40', '', '', '', '无（表格）', '天河区推进广州国际金融城起步区开发建设工作进展情况汇总表（2013年8月）', '区指挥部领导', '何碧莹\r'),
(644, 'JS201309-01', '穗天发改[2013]66号', '关于做好九月全市“三个重大突破”天河区现场会准备工作的通知', '区发改局', '', '', '', '姚科\r'),
(645, 'JS201309-02', '', '关于开展新型城市化发展专项检查工作的通知', '区府办转', '', '', '', '姚科\r'),
(646, 'JS201309-03', '穗发改函[2013]1549号', '广州市发展改革委关于征求“十二五”规划纲要中期执行情况评估报告（征求意见稿）意见的函', '市发改委', '', '', '', '　\r'),
(647, 'JS201309-04', '穗规编会[2013]32号', '广州国际金融城起步区控制性详细规划工作协调会会议纪要', '广州市城市规划编制研究中心', '无', '广州国际金融城指挥部工作会议纪要', '区府办', '张萍\r'),
(648, 'JS201309-05', '穗天府函[2013]59号', '关于协调解决广州国际金融城起步区棠下新墟村民住宅复建问题的函', '区府办', '', '', '', '曾科\r'),
(649, 'JS201309-06', '穗天发改函[2013]360号', '关于报送2013年天河区重点建设项目1-8月投资完成情况的函', '区发改局', '', '', '', '何碧莹、陈军\r'),
(650, 'JS201309-07', '穗规[2013]2365号', '广州市规划局关于协助提供广州市国际金融城二期规划编制基础资料的函', '市规划局', '①穗天商管建[2013]43号、②穗天商', '①关于协助提供广州国际金融城二期规划编制“小配套”公共服务设施规划需求有关资料的函、②关于征求广州国', '①天河区“小配套”公共服务设施专责工作小', '张萍、姚科、田猛\r'),
(651, 'JS201309-08', '', '广州国际金融城开发建设和资金使用情况汇报工作会议（广州国际金融城起步区前期设计费用资金使用情况）', '区府办秘书科', '', '', '', '　\r'),
(652, 'JS201309-09', '', '关于提供政务窗口服务对象联系方式的通知', '区纠风办', '', '', '', '　\r'),
(653, 'JS201309-10', '穗旧改函[2013]405号', '关于征求《广州市城中村改造三年工作方案（2013-2016年）（送审稿）》意见的函', '区府办转市三旧办', '穗天商管建[2013]44号', '关于广州市城中村改造三年工作方案意见的复函', '区城改办', '曾科牵头\r'),
(654, 'JS201309-11', '穗金融城办[2013]39号', '广州国际金融城开发建设工作领导小组办公室关于征求广州国际金融城二期规划设计方案意见的函', '区府办', '穗天商管建[2013]47号', '关于报送广州国际金融城二期规划设计方案意见的函', '区府办', '曾科、张萍\r'),
(655, 'JS201309-12', '　穗金融城办[2013]36号', '广州国际金融城开发建设工作领导小组办公室关于金融城开发建设工作会议的纪要', '区委办', '', '', '', '\r'),
(656, 'JS201309-13', '穗财综[2013]141号', '广州市财政局关于征求实施“2+3+9”战略发展平台土地出让收入封闭运行政策的工作方案意见的函》', '区府办', '穗天商管建[2013]45号', '关于对“2+3+9”战略发展平台土地出让收入封闭运行政策的工作方案意见的复函', '区财政局', '曾科\r'),
(657, 'JS201309-14', '穗规[2013]2491号', '广州市规划局关于征求贯彻落实市人大常委会审议意见工作措施的意见的函', '区府办', '穗天商管建[2013]46号', '关于对《广州市规划局关于征求贯彻落实市人大常委会审议意见工作措施的意见的函》的复函', '区规划分局', '曾科\r'),
(658, 'JS201309-15', '穗天府办督社字[2013]20号', '社情民意转办函', '区府办', '', '', '', '曾科牵头\r'),
(659, 'JS201309-16', '穗天发改函[2013]375号', '关于报送广州市2014年重大建设项目和重大建设预备项目计划的函', '区发改局', '', '', '', '曾科牵头\r'),
(660, 'JS201309-17', '', '广州市天河区人民政府办公室关于报送需市协调解决问题的通知', '区府办', '', '', '', '曾科牵头\r'),
(661, 'JS201309-18', '穗发改函[2013]1657号', '市发展改革委关于征求落实市政府贯彻市人大常委会审议意见工作措施具体方案意见的函', '区府办', '', '', '', '曾科\r'),
(662, 'JS201309-19', '穗天发改[2013]71号', '关于报送我区2013年加快经济发展抓好质量结构总体工作方案落实情况的通知', '区发改局', '', '', '', '曾科牵头\r'),
(663, 'JS201309-20', '穗府会纪[2013]253号', '关于金融城建设和白云机场噪音区治理有关问题的会议纪要', '区府办', '', '', '', '\r'),
(664, 'JS201309-21', '', '林区长在《关于广州国际金融城建设工程项目联合审批流程办事指南的请示》的批示', '区府办', '', '', '', '陈军\r'),
(665, 'JS201309-22', '', '关于报送天河区推进“珠江黄金岸线”建设工作进度情况的通知', '区建水局', '', '', '', '曾科牵头\r'),
(666, 'JS201309-23', '', '关于协调解决金融城起步区棠下村改造工程项目招标方式的申请报告', '广州棠下经济发展有限公司', '', '', '', '\r'),
(667, 'JS201309-24', '穗发改函[2013]1683号', '关于提交区（县级市）国民经济和社会发展中长期规划(2012-2020年及2030远景展望）成果的函》', '区府办', '', '', '', '曾科\r'),
(668, 'JS201309-25', '穗发改重点[2013]12号', '广州市发展改革委关于做好三季度市重点投资项目现场照片报送工作的通知', '区府办', '', '', '', '曾科\r'),
(669, 'JS201309-26', '穗规[2013]2648号', '广州市规划局关于征求“2+3+9”战略发展平台规划封闭运行边界范围意见的函', '区政府办转', '穗天商管建[2013]48号', '关于征求“2+3+9”战略发展平台规划封闭运行边界范围意见的复函', '区府办', '姚科\r'),
(670, 'JS201309-27', '', '', '', '穗天商管建[2013]42号', '关于请提供辖区内公共服务配套设施有关资料的函', '冼村街道办、猎德街道办', '姚科\r'),
(671, 'JS201309-28', '', '', '', '无（表格）', '广州新型城市化发展系列政策文件2013年市级重点督办工作落实情况（8月）', '区委办信息督办科', '何碧莹\r'),
(672, 'JS201309-29', '', '', '', '穗天商管[2013]34号', '关于《广州国际金融城建设工程项目联合审批流程办事指南》的请示', '区政府', '陈军\r'),
(673, 'JS201309-30', '', '', '', '穗天商管[2013]36号', '关于请协调落实金融城起步区“小配套”公共服务设施有关事项的函', '区府办', '曾科、张萍\r'),
(674, 'JS201310-01', '穗人社函[2013]2115号', '广州市人力资源和社会保障局关于征求《广州市人才资源服务产业园规划建设方案》（征求意见稿）意见的函', '市人力资源和社会保障局', '穗天商管建[2013]49号', '关于《<广州市人才资源服务产业园规划建设方案>（征求意见稿）》意见的复函', '区人社局', '姚科\r'),
(675, 'JS201310-02', '', '关于制定天河区征地补偿保护标准指导意见（试行）的请示', '区府办', '', '', '', '曾科、姚科\r'),
(676, 'JS201310-03', '穗天教请[2013]92号', '广州市天河区教育局关于拟新建区少年宫选址有关问题的请示', '区府办', '', '', '', '曾科、田猛\r'),
(677, 'JS201310-04', '穗扩函[2013]1170号', '广州市道路扩建办公室关于广州国际金融城起步区棠下村民住宅复建费用补偿审核情况的复函', '广州市道路扩建办公室', '', '', '', '曾科牵头\r'),
(678, 'JS201310-05', '穗天府会纪[2013]93号', '广州国际金融城起步区开发建设天河区指挥部工作会议纪要', '区府办', '', '', '', '\r'),
(679, 'JS201310-06', '', '广州市天河区人民政府办公室关于补充完善有关会议纪要决定事项落实情况的通知', '区府办', '表格（无）', '决定事项办理情况汇总表', '区府办督办科', '曾科、何碧莹\r'),
(680, 'JS201310-07', '穗国房函[2013]2565号', '市国土房管局关于报送“珠江黄金岸线”土地利用专项小组工作落实情况的函', '区府办转', '穗天商管建{2013]51号', '关于《关于报送“珠江黄金岸线”土地利用专项小组工作落实情况的函》的复函', '区国土房管分局', '曾科、何碧莹、姚科\r'),
(681, 'JS201310-08', '穗水水政[2013]9号', '广州市水务局关于拆除天河区珠江堤防违法余泥装卸平台的通知', '区府办转', '', '', '', '\r'),
(682, 'JS201310-09', '城乡[2013]393号', '广州市天河区人民政府关于明确广州国际金融城起步区小配套公共服务设施移交方式的请示', '区府办转', '', '', '', '曾科、田猛\r'),
(683, 'JS201310-10', '穗国房函20131119号', '市国土房管局关于印发《关于开展本事各区（县级市）土地储备规划编制工作的意见（试行）》和组织开展201', '区府办转', '穗天商管建[2013]52号', '关于《关于印发关于开展本事各区（县级市）土地储备规划编制工作的意见（试行）》和组织开展2014年土地', '区国土房管分局', '曾科、姚科\r'),
(684, 'JS201310-11', '穗发改函[2013]1868号', '广州市发展改革委关于报送2013年“2+3+9”战略性发展平台建设进展情况及2014年工作重点的通知', '区府办', '表格（无）', '2013年“2+3+9”战略性发展平台建设进展情况及2014年工作重点', '区发改局', '曾科牵头\r'),
(685, 'JS201310-12', '穗发改重点[2013]11号', '征求意见函', '区发改局', '', '', '', '曾科跟进\r'),
(686, 'JS201310-13', '', '关于报送天河区推进“珠江黄金岸线”建设工作进度情况的函', '区建水局', '', '', '', '何碧莹\r'),
(687, 'JS201310-14', '', '天河区人民政府办公室关于报送区人大代表议案、建议和政协提案办理工作总结的通知', '区府办', '穗天商管函[2013]135号', '关于区政协七届三次会议第P1-5号重点提案办理情况的报告', '区府办', '曾科牵头\r'),
(688, 'JS201310-15', '', '广州市住房保障办公室关于提前谋划2014年保障性安居工程年度建设计划的通知', '区府办', '', '', '', '姚科\r'),
(689, 'JS201310-16', '', '广州市天河区人民政府办公室关于补充完善市委办公会议决定事项落实情况的通知', '区府办', '表格（无）', '2013年上半年市委办公会议决定事项落实情况汇总表', '区府办', '曾科牵头\r'),
(690, 'JS201310-17', '穗规批[2013]198号', '关于同意修建详细规划方案的复函', '市规划局', '', '', '', '\r'),
(691, 'JS201310-18', '穗金融城办[2013]45号', '广州国际金融城开发建设工作领导小组办公室关于员村热电厂资产设备处置纠纷的会议纪要', '金融城工作领导小组办公室', '', '', '', '\r'),
(692, 'JS201310-19', '穗金融城办[2013]44号', '广州国际金融城开发建设工作领导小组办公室关于金融城开发建设工作例会的纪要', '金融城工作领导小组办公室', '', '', '', '\r'),
(693, 'JS201310-20', '', '', '', '表格（无）', '广州市新型城市化发展2013年100项市重点督办工作落实情况（9月）（第三季度）', '区委办信息督办科', '何碧莹\r'),
(694, 'JS201310-21', '', '', '', '无', '关于《广州国际金融城工作例会会议纪要》（穗天商管纪[2013]6号）作废的通知', '各参会单位', '姚科\r'),
(695, 'JS201310-22', '', '', '', '穗天商管函[2013]131号', '关于商请支持2013中国商务区联盟年会和2013世界商务区联盟年会有关工作的函', '市重点办', '姚科\r'),
(696, 'JS201310-23', '', '', '', '穗天商管建[2013]50号', '关于请市规划局协助提供金融城起步区附件安置用地数据的函', '区府办', '曾科\r'),
(697, 'JS201310-24', '', '', '', '穗天商管函[2013]134号', '关于商请支持广州佳兆业公司坚红化工厂项目建设工作的函', '"主送：区城管执法分局、天园街道办事处\r', ''),
(698, '抄送：广州佳兆业公司"', '姚科\r', '', '', '', '', '', ''),
(699, 'JS201310-25', '', '', '', '表格（无）', '天河区推进广州国际金融城起步区开发建设工作进展情况汇总表（2013年10月）', '区指挥部领导', '田猛、曾科\r'),
(700, 'JS201310-26', '', '', '', '穗天商管[2013]40号', '关于以区政府名义请求广州市公安局协助做好2013中国商务区联盟年会和世界商务区联盟年会有关安全保卫工', '区政府', '何碧莹\r'),
(701, 'JS201310-27', '', '', '', '穗天商管函[2013]136号', '关于在四季酒店开展人员疏散演练的函', '四季酒店', '何碧莹\r'),
(702, 'JS201311-01', '穗府会纪[2013]295号', '关于金融城建设和金沙洲征地补偿有关问题的会议纪要', '市政府办公厅', '', '', '', '\r'),
(703, 'JS201311-02', '穗三个重大突破办函[2013]12号', '广州市三个重大突破办关于报送“三个重大突破”2013年工作总结及2014年工作计划的通知', '区府办', '', '', '', '何碧莹\r'),
(704, 'JS201311-03', '', '广州市天河区人民政府办公室关于报送天河区2014年民生实事计划的通知', '区府办', '', '', '', '何碧莹\r'),
(705, 'JS201311-04', '', '2014年专项支出预算核定表（“一下”）', '区财政局', '', '', '', '\r'),
(706, 'JS201311-05', '', '万庆良书记在《首届世广会组委会办公室关于世广会永久纪念雕塑设置的请示》上的批示', '区府办', '', '', '', '姚科\r'),
(707, 'JS201311-06', '穗金融城办[2013]49号', '广州国际金融城开发建设工作领导小组办公室关于金融城开发建设工作例会的纪要', '市建委', '', '', '', '田猛\r'),
(708, 'JS201311-07', '东风有乘司文[2013]24号', '关于东风汽车公司（广州）国际中心项目选址事宜的请示', '区府办转东风汽车有限公司东风日产乘用车公', '', '', '', '何碧莹\r'),
(709, 'JS201311-08', '穗规[2013]3144号', '广州市规划局关于金融城起步区复建安置用地规划情况的复函', '市规划局', '', '', '', '\r'),
(710, 'JS201311-09', '', '关于报送2013年产业转移工作总结的函', '区经贸局', '', '', '', '何碧莹\r'),
(711, 'JS201311-10', '', '关于审核及提供各区（县级市）少年宫相关资料的函', '团市委', '', '', '', '田猛\r'),
(712, 'JS201311-11', '穗府会纪[2013]291号', '关于建设广州金融博物馆等3项工作的会议纪要', '市府办公厅', '', '', '', '\r'),
(713, 'JS201311-12', '穗规[2013]3193号', '广州市规划局关于征求《广州市关于依托轨道交通枢纽加快推进城市综合体项目建设的意见征求意见稿》的意见', '市规划局', '穗天商管建[2013]54号', '关于征求《广州市关于依托轨道交通枢纽加快推进城市综合体项目建设的意见（征求意见稿）》意见的复函', '区规划分局', '田猛\r'),
(714, 'JS201311-13', '穗金融城办[2013]52号', '广州国际金融城开发建设工作领导小组办公室关于金融城开发建设工作会议的纪要', '广州国际金融城开发建设工作领导小组办公室', '', '', '', '\r'),
(715, 'JS201311-14', '', '关于报送2014年春节前后重大会议、活动安排的通知', '区委办', '', '', '', '姚科\r'),
(716, 'JS201311-15', '穗金融城办[2013]55号', '广州国际金融城开发建设工作领导小组办公室关于金融城开发建设工作会议的纪要', '广州国际金融城开发建设工作领导小组办公室', '', '', '', '\r'),
(717, 'JS201311-16', '', '政府工作报告', '市政府', '', '', '', '姚科\r'),
(718, 'JS201311-17', '', '关于报送天河区推进“珠江黄金岸线”建设工作进度情况的函', '区建水局', '无（表格）', '"天河区“珠江黄金岸线”主要任务实施节点目标计划表、\r', '', ''),
(719, '天河区“珠江黄金岸线”', '区建水局', '何碧莹\r', '', '', '', '', ''),
(720, 'JS201311-18', '穗国房函[2013]2910号', '市国土房管局关于协助填报新型城市化发展2014年加强规划引领节约集约用地重点督办工作的函', '市国土房管局', '穗天商管建[2013]55号', '关于协助填报新型城市化发展2014年加强规划引领节约集约用地重点督办工作的函', '区国土局', '曾科、姚科\r'),
(721, 'JS201311-19', '', '关于报送2013年工作总结和2014年工作计划的通知', '区委办', '', '', '', '曾科、姚科\r'),
(722, 'JS201311-20', '', '', '', '无（表格）', '广州市新型城市化发展2013年100项市重点督办工作落实情况（10月）', '区委办信息督办科', '何碧莹\r'),
(723, 'JS201311-21', '', '', '', '无（表格）', '天河区推进广州国际金融城起步区开发建设工作进展情况汇总表(2013年11月)', '区指挥部领导', '田猛\r'),
(724, 'JS201312-01', '', '关于协调金融城起步区棠下新墟旧村改造项目招标事宜的申请报告', '棠下经济发展有限公司', '', '', '', '\r'),
(725, 'JS201312-02', '', '关于补充2014年预算资料的通知', '区财政局', '', '', '', '曾科牵头\r'),
(726, 'JS201312-03', '穗天财函[2013]619号', '关于征求成立黄洲工业区升级改造工作领导小组成员意见的函', '区财政局', '穗天商管建[2013]58号', '关于征求成立黄洲工业区升级改造工作领导小组成员意见的复函', '区财政局', '何碧莹\r'),
(727, 'JS201312-04', '穗府会纪[2013]325号', '关于流溪河林场发展策划和金融城建设等问题的会议纪要', '市府办公厅', '', '', '', '\r'),
(728, 'JS201312-05', '穗天监[2013]21号', '关于落实公布行政效能投诉方式工作的通知', '区监察局', '', '', '', '\r'),
(729, 'JS201312-06', '', '关于编制《广州国际金融城开发建设工作简报》的工作方案', '区府办', '', '', '', '曾科牵头、姚科\r'),
(730, 'JS201312-07', '穗天发改函[2013]480号', '关于报送我区“退二进三”及珠江黄金岸线沿岸企业转型升级2013年度工作总结和2014年工作计划相关材', '区发改局', '', '', '', '曾科、何碧莹\r'),
(731, 'JS201312-08', '督字[2013]78号', '关于开展新型城市化发展2013年100项重点督办工作、市委常委会2013年工作要点和2013年市政府', '区委办', '', '', '', '曾科牵头、何碧莹\r'),
(732, 'JS201312-09', '', '关于开展新型城市化发展2013年100项市重点督办工作、市委常委会2013年工作要点和2013年市政', '区委办转', '', '', '', '曾科牵头\r'),
(733, 'JS201312-10', '', '广州市人民政府研究室关于再次征求2014年《政府工作报告》意见的函', '市政府', '', '', '', '曾科牵头\r'),
(734, 'JS201312-11', '穗天建水函[2013]636号', '关于报送我区珠江黄金岸线建设工作2013年工作总结和2014年工作计划的函', '区建水局', '穗天商管建[2013]59号', '关于报送我区珠江黄金岸线建设工作2013年工作总结和2014年工作计划的复函', '区建水局', '何碧莹\r'),
(735, 'JS201312-12', '穗港集团函[2013]25号', '关于员村码头三期用地权益的函', '区府办', '', '', '', '\r'),
(736, 'JS201312-13', '穗天经贸[2013]219号', '关于在广州国际金融城公建配套中提供区投资服务中心办公场地的函', '区经贸局', '', '', '', '曾科\r'),
(737, 'JS201312-14', '', '广州市天河区人民政府办公室关于报送需区委常委会会议和区政府常务会议审议事项相关情况的通知', '区府办', '', '', '', '曾科、姚科\r'),
(738, 'JS201312-15', '穗人社函[2013]2713号', '广州市人力资源和社会保障局关于征求《广州市人力资源服务产业园概念规划》和《广州市人才大厦服务规划建设', '市人社局', '穗天商管建[2013]60号', '关于《广州市人力资源服务产业园概念规划》和《广州市人才大厦服务规划建设方案》意见的复函', '区人社局', '姚科\r'),
(739, 'JS201312-16', '', '关于加快推进天河都会区优化提升的实施意见', '区委办', '', '', '', '曾科、田猛\r'),
(740, 'JS201312-17', '', '市规划纲要办转省规划纲要办《关于开展2013年度重点工作任务综合督查的预通知》', '区发改局转', '', '', '', '曾科、何碧莹\r'),
(741, 'JS201312-18', '', '关于报送我区“珠江黄金岸线”推进港口转型升级工作情况的函', '区建水局', '穗天商管建〔2013〕61号', '关于报送我区“珠江黄金岸线”推进港口转型升级工作情况的复函', '区建水局', '何碧莹\r'),
(742, 'JS201312-19', '穗天府办函[2013]232号', '广州市天河区人民政府办公室关于报送2014年度政府重大行政决策目录事项计划实施方案的通知', '区府办', '', '', '', '曾科牵头\r'),
(743, 'JS201312-20', '穗服务办函[2013]3号', '广州市服务业发展领导小组办公室关于报送2013年国家服务业综合改革试点工作总结和2014年计划的通知', '区府办转', '', '', '', '何碧莹\r'),
(744, 'JS201312-21', '', '关于报送2013年度区政府常务会议和区长办公会议决定事项落实情况的通知', '区府办', '', '', '', '曾科、田猛\r'),
(745, 'JS201312-22', '', '', '', '穗天商管建[2013]56号', '关于做好广州国际金融城2013年度工作总结的函', '区规划分局、区城改办、区经贸局、区财政局', '田猛\r');
INSERT INTO `cbd_oldfile` (`id`, `file_no`, `r_no`, `r_title`, `r_from`, `w_no`, `w_title`, `w_to`, `dealer`) VALUES
(746, 'JS201312-23', '', '', '', '无（表格）', '广州市新型城市化发展2013年100项市重点督办工作落实情况（11月）', '区委办信息督办科', '何碧莹\r'),
(747, 'JS201312-24', '', '', '', '穗天商管建[2013]57号', '关于请市规划局提供广州国际金融城起步区控制性详细规划的函', '市规划局', '田猛\r'),
(748, 'JS201312-25', '', '', '', '穗天商管[2013]44号', '天河中央商务区管理委员会关于广州国际金融城2013年度开发建设工作的报告', '区指挥部领导', '田猛\r'),
(749, 'JS201312-26', '', '', '', '无（表格）', '天河区推进广州国际金融城起步区开发建设工作进展情况汇总表(2013年12月)', '区指挥部领导', '田猛\r'),
(750, 'JS201312-27', '', '', '', '穗天商管建[2013]62号', '广州市天河中央商务区管理委员会关于金融城起步区环卫站和消毒站配套情况说明的函', '市规划局', '田猛\r');

-- --------------------------------------------------------

--
-- 表的结构 `cbd_org`
--

CREATE TABLE IF NOT EXISTS `cbd_org` (
  `id` int(11) NOT NULL AUTO_INCREMENT,
  `s_id` int(11) NOT NULL,
  `name` varchar(30) NOT NULL COMMENT '机构名称',
  `address` varchar(200) DEFAULT NULL COMMENT '公司地址',
  `create_time` datetime NOT NULL DEFAULT CURRENT_TIMESTAMP,
  `update_time` datetime NOT NULL DEFAULT CURRENT_TIMESTAMP,
  PRIMARY KEY (`id`),
  KEY `s_id` (`s_id`)
) ENGINE=InnoDB  DEFAULT CHARSET=utf8 COMMENT='企业名称（包括村公司）' AUTO_INCREMENT=42 ;

--
-- 转存表中的数据 `cbd_org`
--

INSERT INTO `cbd_org` (`id`, `s_id`, `name`, `address`, `create_time`, `update_time`) VALUES
(1, 2, '广州市天河中央商务区管理委员会', '珠江西路5号广州国际金融中心主塔9楼', '2014-01-15 22:55:51', '2014-01-15 22:55:51'),
(2, 3, '广州棠下经济发展有限公司', '中山大道科韵路好又多对面', '2014-01-16 08:53:22', '2014-01-16 08:53:22'),
(3, 2, '市金融城开发建设工作领导小组办公室', '市政府3号楼', '2014-01-16 10:52:10', '2014-01-16 10:52:10'),
(4, 2, '市金融办', '', '2014-01-16 11:14:18', '2014-01-16 11:14:18'),
(5, 2, '市规划局', '', '2014-01-16 11:27:19', '2014-01-16 11:27:19'),
(6, 2, '市编研中心', '吉祥路', '2014-01-16 11:30:18', '2014-01-16 11:30:18'),
(7, 1, '市重点办', '大学城内环东星运路1号', '2014-01-16 11:33:58', '2014-01-16 11:33:58'),
(8, 2, '市土发中心', '越秀北路越豪大厦', '2014-01-16 11:44:59', '2014-01-16 11:44:59'),
(9, 2, '区府办', '天府路1号', '2014-01-16 14:11:17', '2014-01-16 14:11:17'),
(10, 2, '区土发中心', '', '2014-01-16 14:21:26', '2014-01-16 14:21:26'),
(11, 2, '区国土房管分局', '', '2014-01-16 14:30:37', '2014-01-16 14:30:37'),
(12, 2, '区规划分局', '', '2014-01-16 14:34:05', '2014-01-16 14:34:05'),
(13, 2, '区财政局', '', '2014-01-16 14:35:27', '2014-01-16 14:35:27'),
(14, 2, '区城改办', '', '2014-01-16 14:37:21', '2014-01-16 14:37:21'),
(15, 1, '广州市天河投资管理有限公司', '', '2014-01-16 14:39:31', '2014-01-16 14:39:31'),
(16, 3, '广州市石东实业有限公司', '', '2014-01-16 16:36:28', '2014-01-16 16:36:28'),
(17, 3, '广州市车陂经济发展有限公司', '车陂路', '2014-01-16 16:43:39', '2014-01-16 16:43:39'),
(18, 1, '广州联鸿实业投资有限公司（长江企业集团）', '广州市海珠区新港中路艺苑南路自编23号（长江企业大厦）', '2014-01-20 15:16:47', '2014-01-20 15:16:47'),
(19, 1, '广州穗荣房地产开发有限公司（合景泰富）', '广州珠江新城华夏路8号合景国际金融广场38楼', '2014-01-20 15:19:27', '2014-01-20 15:19:27'),
(20, 1, '广州绿地房地产开发有限公司（绿地集团）', '广州市白云区云城西路882号5楼', '2014-02-18 10:19:55', '2014-02-18 10:19:55'),
(21, 1, '广州市邦杰置业有限公司', '广州市海珠区阅江中路688号保利国际广场北塔', '2014-02-18 10:28:36', '2014-02-18 10:28:36'),
(22, 1, '守鸿有限公司（保利）', '广州市海珠区阅江中路688号保利国际广场北塔', '2014-02-18 10:31:53', '2014-02-18 10:31:53'),
(23, 1, '广东省铁路建设投资集团有限公司(广东省铁投置业发展有限公司)', '广州市天河区天寿路沾益直街润鹏大厦16楼', '2014-02-18 10:49:58', '2014-02-18 10:49:58'),
(24, 1, '广东南粤银行广州分行', '广州市天河区临江大道5号', '2014-02-18 10:53:21', '2014-02-18 10:53:21'),
(25, 1, '万联证券有限责任公司', '广州市天河区珠江东路11号高德置地广场F座19楼', '2014-02-18 10:57:03', '2014-02-18 10:57:03'),
(26, 1, '深圳平安不动产有限公司(广州分公司)', '广州市体育东路108号创展中心西塔5层', '2014-02-18 11:01:02', '2014-02-18 11:01:02'),
(27, 1, '新华人寿保险股份有限公司(华南区域管理中心)', '广州市天河北路28号时代广场11楼南座', '2014-02-18 11:19:02', '2014-02-18 11:19:02'),
(28, 1, '广东永旺天河城商业有限公司', '广州市天河区体育东路118号财富广场西塔五层', '2014-03-10 10:20:42', '2014-03-10 10:20:42'),
(29, 1, '粤海房地产开发（中国）有限公司', '广州市天河区体育西路123号新创举大厦5楼', '2014-03-10 10:26:46', '2014-03-10 10:26:46'),
(30, 3, '广州前进置业发展有限公司', '前进街道办内', '2014-04-10 14:11:04', '2014-04-10 14:11:04'),
(31, 1, '广州新中轴建设有限公司', '海心沙', '2014-05-27 10:25:26', '2014-05-27 10:25:26'),
(32, 1, '广东保利房地产开发有限公司', '广州市海珠区阅江中路688号保利国际广场北塔20-22层', '2014-06-24 11:34:12', '2014-06-24 11:34:12'),
(33, 1, '城乡建设委员会', '', '2014-08-20 09:00:29', '2014-08-20 09:00:29'),
(34, 1, '广州市浪奇实业股份有限公司', '黄埔大道东128号', '2014-09-11 10:55:42', '2014-09-11 10:55:42'),
(35, 1, '中国建筑第四工程局有限公司', '科韵路16号自编B栋5楼', '2014-09-11 10:56:25', '2014-09-11 10:56:25'),
(36, 1, '广州亚城规划设计研究院', '广州市海珠区新港东路238号世港花园G1栋11F', '2014-09-15 09:12:49', '2014-09-15 09:12:49'),
(37, 1, '广州市城投资产经营管理有限公司', '广州市越秀区流花路117号内自编22号（15号楼5楼）', '2014-09-15 09:48:11', '2014-09-15 09:48:11'),
(38, 1, '广州市建隆物业管理有限公司', '越秀区流花路117号流化展馆15号馆216室', '2014-09-15 09:54:07', '2014-09-15 09:54:07'),
(39, 2, '区发改局', '天府路1号天河区政府内', '2014-09-22 10:12:57', '2014-09-22 10:12:57'),
(40, 1, '大连万达商业地产股份有限公司', '北京市朝阳区建国路93号万达广场B座写字楼17层', '2014-10-29 16:23:03', '2014-10-29 16:23:03'),
(41, 1, '复星地产', '上海市中山南路28号久事大厦26楼', '2014-11-13 17:34:44', '2014-11-13 17:34:44');

-- --------------------------------------------------------

--
-- 表的结构 `cbd_org_series`
--

CREATE TABLE IF NOT EXISTS `cbd_org_series` (
  `id` int(11) NOT NULL AUTO_INCREMENT,
  `name` varchar(10) NOT NULL,
  PRIMARY KEY (`id`)
) ENGINE=InnoDB  DEFAULT CHARSET=utf8 AUTO_INCREMENT=4 ;

--
-- 转存表中的数据 `cbd_org_series`
--

INSERT INTO `cbd_org_series` (`id`, `name`) VALUES
(1, '企业'),
(2, '政府部门'),
(3, '村公司');

-- --------------------------------------------------------

--
-- 表的结构 `cbd_orgtrack`
--

CREATE TABLE IF NOT EXISTS `cbd_orgtrack` (
  `id` int(11) NOT NULL AUTO_INCREMENT,
  `org_id` int(11) NOT NULL COMMENT '企业id',
  `tracker_id` int(11) NOT NULL COMMENT '跟进人',
  `tk_date` date NOT NULL COMMENT '对接时间',
  `tk_content` varchar(500) NOT NULL COMMENT '考察内容',
  `tk_type` tinyint(1) NOT NULL COMMENT '对接类型：1-电话对接；2-现场见面',
  `place` varchar(20) DEFAULT NULL COMMENT '对接地点',
  `create_time` datetime NOT NULL DEFAULT CURRENT_TIMESTAMP,
  `update_time` datetime NOT NULL DEFAULT CURRENT_TIMESTAMP,
  PRIMARY KEY (`id`)
) ENGINE=InnoDB  DEFAULT CHARSET=utf8 COMMENT='企业对接情况表' AUTO_INCREMENT=22 ;

--
-- 转存表中的数据 `cbd_orgtrack`
--

INSERT INTO `cbd_orgtrack` (`id`, `org_id`, `tracker_id`, `tk_date`, `tk_content`, `tk_type`, `place`, `create_time`, `update_time`) VALUES
(1, 34, 4, '2014-09-11', '新建机构对接信息！', 1, NULL, '2014-09-11 10:55:42', '2014-09-11 10:55:42'),
(2, 35, 4, '2014-09-11', '新建机构对接信息！', 1, NULL, '2014-09-11 10:56:25', '2014-09-11 10:56:25'),
(3, 34, 4, '2014-08-29', '与陈韬副总经理（82160398）对接，该公司意向原址复建，但认为在2014年天河区领导服务企业第二次座谈会上领导给的方案（对接水投或国资委主要领导）较难实现。', 1, 'CBD管委会', '2014-09-11 11:00:16', '2014-09-11 11:00:16'),
(4, 35, 4, '2014-08-29', '与企业管理部总经理卢亚华（18028688656）对接，该公司意向参与金融城基础设施等工程的建设，也有意向拍地建总部大楼。', 1, 'CBD管委会', '2014-09-11 11:02:17', '2014-09-11 11:02:17'),
(5, 6, 3, '2014-09-11', '吕传廷主任到访我委，参观展厅并就珠江新城规划情况进行了交流', 2, 'CBD管委会展厅', '2014-09-11 18:22:53', '2014-09-11 18:22:53'),
(6, 36, 6, '2014-09-15', '新建机构对接信息！', 1, NULL, '2014-09-15 09:12:49', '2014-09-15 09:12:49'),
(7, 37, 6, '2014-09-15', '新建机构对接信息！', 1, NULL, '2014-09-15 09:48:11', '2014-09-15 09:48:11'),
(8, 38, 6, '2014-09-15', '新建机构对接信息！', 1, NULL, '2014-09-15 09:54:08', '2014-09-15 09:54:08'),
(9, 39, 3, '2014-09-22', '新建机构对接信息！', 1, NULL, '2014-09-22 10:12:57', '2014-09-22 10:12:57'),
(11, 40, 6, '2014-10-29', '新建机构对接信息！', 1, NULL, '2014-10-29 16:23:03', '2014-10-29 16:23:03'),
(13, 40, 6, '2014-10-27', '下午骆市长主持市招商联席会议，其中议题有万达金融总部项目议题，万达看中金融城地标西侧的AT090924地块(20343平米，其中小配套4274平米)，作为万达金控(万达金融全国唯一的总部)。会上，万达提出，1)小配套中规定需建设二干平米的幼儿园，可否调至他地？若一定要建，可否由业主自主经营？区政府如何定性？(万达在北京朝阳CBD写字楼边也建有幼儿园，但主要面对高端幼儿园，年收费十几万).市规划局林总回应：该配套是由天河CBD管委会提出的，因去年加入世界CBD联盟，其借鉴了其他国家CBD做法，提出这个，并加入廉价餐饮等小配套，形式上是由天河区还是业主经营，都没问题，具体要与CBD管委会商谈.骆市长表示，配套幼儿园是需要的，若天河区和市规划一起，调到其他位置，他没意见.2)可否规划上调整可建设酒店？市规化林总表示，地标已有酒店，可从整个区域的总量控制来考虑，提请市政府考虑.3)地价问题.年初陈市长谈时，才12000元左右，可否按年初价格来拍？骆市长表示当场定不了，报陈市长。\r\n', 2, '市政府', '2014-10-29 16:40:52', '2014-10-29 16:40:52'),
(14, 40, 6, '2014-10-29', '上午，丘常委就万达集团提出的问题作出了解答：1、AT090924地块配建幼儿园问题，目前控规已经稳定，调整的难度较大，建议按规划面积组织建设并移交区政府，今后运营可考虑由区教育局招标择优选择，目标是设立高端、国际化的幼儿园，设置在一二层、有独立出入口和适量活动场地。2、考虑到金融城起步区整体的产业结构，建议该地块主要考虑写字楼办公功能，适当建设少量酒店，不考虑公寓功能。3、地价的问题建议与市政府主要领导亲自沟通。\r\n', 2, '区政府', '2014-10-29 16:58:16', '2014-10-29 16:58:16'),
(15, 40, 3, '2014-11-07', '市规划局地规处召集我委、编研中心、建管处、万达集团召开会议，听取万达集团诉求。万达提出：1、取消AT090924地块幼儿园，如无法取消，建筑面积调整到1000㎡内。2、明确岑村机场控高问题。3、地块功能业态增加酒店。市规划局表示：1、幼儿园问题需与天河区协调后定。2、控高不影响报建，施工前取得空军意见即可。3、受地企业可在用地性质范围内自行确定功能业态。', 2, '市规划局', '2014-11-07 15:54:24', '2014-11-07 15:54:24'),
(16, 40, 3, '2014-11-07', '下午16:15，将丘常委对万达诉求的意见反馈市规划局地规处叶建明：1、若地规处认为我区提出调增幼儿园面积到3500㎡依据不足，我区愿意退回到原2160㎡，且保持幼儿园独立用地；2、将幼儿园建筑面积调整为1000㎡以下不符合幼儿园建筑规范；3、如果保持幼儿园建筑面积3500㎡，市规划局在建筑面积上给予万达补偿（如调高容积率），我区无意见；4、目前万达尚未确定能拍到土地，现在调整相关规划条件是否为时尚早，请市规划局予以考虑。', 1, 'CBD管委会', '2014-11-07 16:35:22', '2014-11-07 16:35:22'),
(17, 41, 6, '2014-11-13', '新建机构对接信息！', 1, NULL, '2014-11-13 17:34:44', '2014-11-13 17:34:44'),
(18, 41, 6, '2014-11-20', '石书记接待了上海复星集团相关负责人一行，参观了CBD管委会的数字化展厅，并实地考察了金融城起步区工地现场，企业负责人表示有意竞买一行三局及金融城管委会所在地块（即AT090955、56、57、58）。', 2, '金融城起步区工地现场', '2014-11-24 09:26:13', '2014-11-24 09:26:13'),
(19, 41, 6, '2014-11-12', '区委书记石奇珠，区委副书记、区长林道平带领天河CBD管委会、区国土分局、区规划分局相关负责人赴上海拜访了复星高层，与复星执行董事兼高级副总裁吴平等集团高层进行了深入交流对接，我区建议复星现在珠江新城租赁办公场所，注册总部，再在金融城选址投资建设总部大楼。复星高层非常认同，意向选择天河作为其华南总部驻地，并于本周派公司高层赴天河实地考察。', 2, '上海复星集团', '2014-11-24 09:26:58', '2014-11-24 09:26:58'),
(20, 26, 6, '2015-01-06', '我处就AT090940地块配套设施情况与平安不动产相关负责人进行沟通，并与第二天出具了该地块配套设施的意见，通知企业经办人员领取意见。', 2, '管委会小会议室', '2015-01-12 15:25:58', '2015-01-12 15:25:58'),
(21, 29, 7, '2015-02-04', '珠江新城B1-1地块项目(广州三诚经济发展公司)项目经理赖经理来访，陈处、曾处、陈军接待。赖经理反映，随着该项目基坑工程进展，现急需出土，应先办理前置的临时施工复函及余泥排放证，但申办基坑工程临时施工复函时受阻，办理部门称缺绿色通道章不予受理，请求我委协助。该基坑工程已完成基坑设计、技术评审及监理、施工招标等法定程序，建议其加强与市建委对口职能部门沟通，完善加盖绿色通道章手续，需要对接市建委职能部门时，我委可予以支持协助。', 2, 'CBD管委会小会议室', '2015-02-06 10:24:14', '2015-02-06 10:24:14');

-- --------------------------------------------------------

--
-- 表的结构 `cbd_paper`
--

CREATE TABLE IF NOT EXISTS `cbd_paper` (
  `id` int(11) NOT NULL AUTO_INCREMENT,
  `file_name` varchar(255) NOT NULL COMMENT '文件名称',
  `download_path` varchar(255) NOT NULL COMMENT '下载地址',
  `uploader` int(11) NOT NULL COMMENT '上传人',
  `series` int(11) NOT NULL COMMENT '类别',
  `summary` text NOT NULL COMMENT '摘要简介',
  `size` int(11) NOT NULL COMMENT '上传文件大小',
  `ext` varchar(10) NOT NULL COMMENT '后缀名',
  `create_time` datetime NOT NULL DEFAULT CURRENT_TIMESTAMP,
  `update_time` datetime NOT NULL DEFAULT CURRENT_TIMESTAMP,
  PRIMARY KEY (`id`),
  KEY `series` (`series`),
  KEY `uploader` (`uploader`)
) ENGINE=InnoDB  DEFAULT CHARSET=utf8 COMMENT='上传文件表' AUTO_INCREMENT=184 ;

--
-- 转存表中的数据 `cbd_paper`
--

INSERT INTO `cbd_paper` (`id`, `file_name`, `download_path`, `uploader`, `series`, `summary`, `size`, `ext`, `create_time`, `update_time`) VALUES
(6, '20131224建设开发处务虚会议情况总结', './App/Public/Upload/52c4b75d8ed5b.docx', 3, 3, '2013年12月24日，佛山三水务虚会议总结', 24328, 'docx', '2014-01-02 08:48:29', '2014-01-02 08:48:29'),
(7, '广州国际金融城起步区地块控制指标表', './App/Public/Upload/52c4b7fcd6183.pdf', 3, 1, '2013年11月15日市政府正式批复控规', 666824, 'pdf', '2014-01-02 08:51:08', '2014-01-02 08:51:08'),
(8, '0924用地编码图', './App/Public/Upload/52c4b81709521.jpg', 3, 1, '广州国际金融城起步区用地编码图', 4793872, 'jpg', '2014-01-02 08:51:35', '2014-01-02 08:51:35'),
(9, '131202建设开发处2013年工作总结及2014年工作计划（终稿）', './App/Public/Upload/52c4bb2c2ee2f.doc', 3, 3, '2013年建设开发处年终总结和2014年工作计划', 44544, 'doc', '2014-01-02 09:04:44', '2014-01-02 09:04:44'),
(10, '20131128省委马书记视察天河中央商务区展厅讲稿（1127定稿）', './App/Public/Upload/52c4bbda70c81.doc', 3, 4, '2013年11月28日，省委马书记来访在展厅的讲话稿', 38912, 'doc', '2014-01-02 09:07:38', '2014-01-02 09:07:38'),
(11, '广州国际金融城2013年度开发建设工作的报告', './App/Public/Upload/52c4c35a044db.tif', 6, 3, '广州国际金融城2013年度开发建设工作的报告\r\n林道平区长批示：做得好！', 1701140, 'tif', '2014-01-02 09:39:38', '2014-01-02 09:39:38'),
(12, '《关于支持国家金融监管部门驻粤机构和金融机构在广州国际金融城建设自用办公用房的若干规定》穗府办〔2013〕48号', './App/Public/Upload/52c62920a69f3.ceb', 5, 5, '广州市人民政府办公厅印发关于支持国家金融监管部门驻粤机构和金融机构在广州国际金融城建设自用办公用房若干规定的通知', 164790, 'ceb', '2014-01-03 11:06:08', '2014-01-03 11:06:08'),
(13, '12.31天河区推进广州国际金融城起步区开发建设工作进展情况汇总表（2013年12月）', './App/Public/Upload/52c678ca270d6.doc', 6, 6, '天河区推进广州国际金融城起步区开发建设工作进展情况汇总表（2013年12月）', 33280, 'doc', '2014-01-03 16:46:02', '2014-01-03 16:46:02'),
(14, '广州国际金融城二期规划“小配套”公共服务设施需求方案', './App/Public/Upload/52c6795838020.tif', 6, 1, '广州国际金融城二期规划“小配套”公共服务设施需求方案', 61626522, 'tif', '2014-01-03 16:48:24', '2014-01-03 16:48:24'),
(15, '林区11月5日商务区联盟“两会”开幕式主持稿', './App/Public/Upload/52ca1b11492eb.doc', 3, 4, '林区在2013中国商务区联盟年会和世界商务区联盟年会上的主持稿，可作为模板供学习用', 24064, 'doc', '2014-01-06 10:55:13', '2014-01-06 10:55:13'),
(16, '区府办会议通知模板', './App/Public/Upload/52ca3ba0d9b05.docx', 3, 7, '区府办会议通知模板，供学习借鉴', 18887, 'docx', '2014-01-06 13:14:08', '2014-01-06 13:14:08'),
(17, '关于发送《广州国际金融城产业发展规划》的函-穗金融函[2012]425号', './App/Public/Upload/52ca746d4a39e.ceb', 3, 5, '金融城产业发展规划', 1573647, 'ceb', '2014-01-06 17:16:29', '2014-01-06 17:16:29'),
(18, '金融城起步区地块信息一览表12.3', './App/Public/Upload/52ca7813bec26.xls', 3, 1, '小何制作的表格，根据最新控规进行了更新，有前后情况对比，非常详细', 38400, 'xls', '2014-01-06 17:32:03', '2014-01-06 17:32:03'),
(19, '国有建设用地使用权出让合同', './App/Public/Upload/52cb549fe9fd2.doc', 3, 2, '第二批地块土地出让合同文本', 96768, 'doc', '2014-01-07 09:13:03', '2014-01-07 09:13:03'),
(20, '广州市人民政府关于同意广州国际金融城起步区控制性详细规划等2项规划成果的批复_穗府函[2013]122号', './App/Public/Upload/52cb590d25575.pdf', 3, 1, '市政府批复金融城起步区控规的文', 92641, 'pdf', '2014-01-07 09:31:57', '2014-01-07 09:31:57'),
(21, '广州区域金融中心建设领导小组第一次会议纪要', './App/Public/Upload/52cb5dcf46301.tif', 3, 8, '金融城的起点，确定建设广州国际金融城的重要会议', 822573, 'tif', '2014-01-07 09:52:15', '2014-01-07 09:52:15'),
(22, '金融城二期城市设计20130903', './App/Public/Upload/52cb60dc59aa2.ppt', 3, 1, '2013年9月3日金融城二期城市设计的汇报PPT', 98237952, 'ppt', '2014-01-07 10:05:16', '2014-01-07 10:05:16'),
(24, '1335广州市天河区人民政府关于明确广州国际金融城起步区“小配套”公共服务设施移交方式的请示', './App/Public/Upload/52cb96248c1aa.ceb', 3, 1, '2013年9月，张萍代区政府拟稿报市政府，关于小配套移交方式的请示', 1391148, 'ceb', '2014-01-07 13:52:36', '2014-01-07 13:52:36'),
(26, '关于广州国际金融城起步区集体土地征拆及复建工作存在问题的报告', './App/Public/Upload/52cdf6dad5456.tif', 4, 2, '全面总结起步区复建有关问题（截至2014.1.8），含市金融城开发建设工作领导小组办公室报龚海杰副秘书长文。', 1379821, 'tif', '2014-01-09 09:09:47', '2014-01-09 09:09:47'),
(27, '关于金融城起步区棠下新墟复建项目存在问题亟待解决的情况报告', './App/Public/Upload/52cdf70219962.tif', 4, 2, '关于金融城起步区棠下新墟复建项目存在问题亟待解决的情况报告。', 124868, 'tif', '2014-01-09 09:10:26', '2014-01-09 09:10:26'),
(28, '金融城起步区集体土地征拆复建工作需协调解决问题汇总表', './App/Public/Upload/52cdf7302304b.xls', 4, 2, '2014.1.8金融城起步区集体土地征拆复建工作需协调解决问题汇总表（报如桂市长）', 32256, 'xls', '2014-01-09 09:11:12', '2014-01-09 09:11:12'),
(29, '广州国际金融城起步区开发建设工作方案', './App/Public/Upload/52d382d9d9229.tif', 4, 9, '市制定的金融城起步区开发建设工作方案。', 440656, 'tif', '2014-01-13 14:08:26', '2014-01-13 14:08:26'),
(30, '天河区推进广州国际金融城起步区开发建设工作总体方案', './App/Public/Upload/52d382fa31dca.tif', 4, 9, '区制定的金融城起步区开发建设工作总体方案。', 267872, 'tif', '2014-01-13 14:08:58', '2014-01-13 14:08:58'),
(31, '131024省市领导对金融城起步区征拆情况的批示', './App/Public/Upload/52d3b08261235.tif', 4, 2, '省委常委、市委书记万庆良，副省长陈云贤对金融城起步区征拆情况的批示。', 843800, 'tif', '2014-01-13 17:23:14', '2014-01-13 17:23:14'),
(32, '130131关于报备广州国际金融城起步区村民住宅、集体物业征拆补偿安置方案的函', './App/Public/Upload/52d495babb1af.ceb', 4, 2, '金融城起步区村民住宅、集体物业征拆补偿安置方案（备案版）。', 999184, 'ceb', '2014-01-14 09:41:14', '2014-01-14 09:41:14'),
(33, '土地管理法规政策', './App/Public/Upload/52d49af996d0f.rar', 4, 5, '土地管理法规政策。', 4833292, 'rar', '2014-01-14 10:03:37', '2014-01-14 10:03:37'),
(34, '城市用地分类与规划建设用地标准 GB50137-2011', './App/Public/Upload/52d49b1cc9e7d.pdf', 4, 5, '城市用地分类与规划建设用地标准 GB50137-2011', 3534968, 'pdf', '2014-01-14 10:04:12', '2014-01-14 10:04:12'),
(35, '2013-2016年天河区道路交通建设工作规划', './App/Public/Upload/52d49b562a2a1.pdf', 4, 1, '2013-2016年天河区道路交通建设工作规划。', 18109234, 'pdf', '2014-01-14 10:05:10', '2014-01-14 10:05:10'),
(36, '联合发文模板', './App/Public/Upload/52d4a085c5676.doc', 4, 7, '联合发文的模板。', 47616, 'doc', '2014-01-14 10:27:17', '2014-01-14 10:27:17'),
(37, '广州市社区公共服务设施设置标准（20140114征求意见）', './App/Public/Upload/52d610cdaa763.doc', 6, 1, '2014年1月14日- 23日，广州市规划局征求《广州市社区公共服务设施设置标准（修订）》的意见，近期拟将该标准上报市政府审议。', 260096, 'doc', '2014-01-15 12:38:37', '2014-01-15 12:38:37'),
(40, '广州市人民政府办公厅关于印发市府办公厅公文格式细则的通知', './App/Public/Upload/52dcca32e1306.tif', 6, 7, '广州市人民政府办公厅关于印发市府办公厅公文格式细则的通知', 5456312, 'tif', '2014-01-20 15:03:14', '2014-01-20 15:03:14'),
(41, '广州国际金融城建设工程项目联合审批流程办事指南(征求区意见后)', './App/Public/Upload/52df42acddebd.rar', 7, 5, '按照2013年5月1日起实施的《广州市建设工程项目优化审批流程试行方案》(穗府[2013]8号)汇编，后征求了我区各涉及审批环节部门意见并进行了修改完善，并经区政府审核同意。区领导指示，先在现有基础上为金融城受地企业建设开发工作提供服务，并进行动态完善。', 2312151, 'rar', '2014-01-22 12:01:48', '2014-01-22 12:01:48'),
(42, '棠下村复建地块规划条件（20131231）、', './App/Public/Upload/52e08d2d60144.rar', 3, 2, '棠下提供的该村复建地块规划条件，2013年12月底最新版本', 6030718, 'rar', '2014-01-23 11:31:57', '2014-01-23 11:31:57'),
(43, '广州市三旧改造的政策解读20100201', './App/Public/Upload/52e22047b5057.ppt', 3, 5, '和记黄埔制作的广州市三旧改造政策解读，可以一看，对三旧改造会有总体认识', 2771456, 'ppt', '2014-01-24 16:11:51', '2014-01-24 16:11:51'),
(44, '关于加快推进“三旧”改造工作的意见穗府〔2009〕56号', './App/Public/Upload/52e2214345c9b.doc', 3, 5, '穗府〔2009〕56号文，姚科在网上找到，广州有关三旧改造最重要的一份文件，建议认真学习', 64000, 'doc', '2014-01-24 16:16:03', '2014-01-24 16:16:03'),
(45, '关于加快推进三旧改造工作的补充意见_【穗府2012(20)号】', './App/Public/Upload/52e221a9e666b.doc', 3, 5, '【穗府2012(20)号】文，对2009 56号文的补充', 599040, 'doc', '2014-01-24 16:17:45', '2014-01-24 16:17:45'),
(46, '关于推进市区产业“退二进三”工作的意见-穗府〔2008〕8号', './App/Public/Upload/52e221faabb6e.doc', 3, 5, '退二进三政策文件，由姚科找于网上', 39424, 'doc', '2014-01-24 16:19:06', '2014-01-24 16:19:06'),
(47, '广州“三旧”改造政策文件汇编', './App/Public/Upload/52e47be657bac.pdf', 6, 5, '广州“三旧”改造政策文件汇编', 2402522, 'pdf', '2014-01-26 11:07:18', '2014-01-26 11:07:18'),
(48, '珠江新城规划检讨规划研究报告说明书21356709', './App/Public/Upload/52e47d370d40e.pdf', 6, 1, '珠江新城规划检讨规划研究报告说明书', 7634719, 'pdf', '2014-01-26 11:12:55', '2014-01-26 11:12:55'),
(49, 'bszy', './App/Public/Upload/52e47dde6d18c.rar', 7, 5, '广州市政务服务中心发布《广州市建设工程项目联合审批办事指引》', 5114378, 'rar', '2014-01-26 11:15:42', '2014-01-26 11:15:42'),
(50, '1.27天河区推进广州国际金融城起步区开发建设工作进展情况汇总表（2014年1月）', './App/Public/Upload/52e74d733a389.doc', 6, 6, '1.27天河区推进广州国际金融城起步区开发建设工作进展情况汇总表（2014年1月）', 34304, 'doc', '2014-01-28 14:25:55', '2014-01-28 14:25:55'),
(51, '12.17亚城规划团队来管委会讲课', './App/Public/Upload/52f5a55e0e64b.pptx', 6, 1, '12.17亚城规划团队来管委会讲课课件', 150616488, 'pptx', '2014-02-08 11:32:46', '2014-02-08 11:32:46'),
(52, '140123金融城香港招商PPT（简体）', './App/Public/Upload/52f97949cde39.ppt', 3, 7, '投资处做的香港招商PPT（简体）版本', 36723200, 'ppt', '2014-02-11 09:13:46', '2014-02-11 09:13:46'),
(53, '20140210广州国际金融城展板（仅供参考  此件为准）', './App/Public/Upload/52f97aef5687e.jpg', 3, 7, '金融城展板样本，仅供参考', 1579600, 'jpg', '2014-02-11 09:20:47', '2014-02-11 09:20:47'),
(54, '关于协调解决外资企业参与房地产开发结汇问题的会议纪要', './App/Public/Upload/52f97b93bb372.ceb', 3, 5, '外资企业参与广州房地产开发的相关问题协调解决情况', 351897, 'ceb', '2014-02-11 09:23:31', '2014-02-11 09:23:31'),
(55, '金融城绿地中心修建性详细规划批后公示', './App/Public/Upload/52fb20c3d8b30.jpg', 6, 1, '金融城绿地中心修建性详细规划批后公示', 2186782, 'jpg', '2014-02-12 15:20:35', '2014-02-12 15:20:35'),
(56, '关于石东村经济发展留用地问题的报告', './App/Public/Upload/5306ae54ae0a1.tif', 4, 2, '根据2014年1月20日区金融城工作会议要求，区国土分局联合区建水局、区城改办、区项目办、员村街以及石东村，对石东村留用地进行了全面梳理。', 2333280, 'tif', '2014-02-21 09:39:32', '2014-02-21 09:39:32'),
(57, '广州国际金融城起步区对外交通规划示意图', './App/Public/Upload/5306f532ef63f.ppt', 6, 1, '广州国际金融城起步区对外交通规划示意图', 274944, 'ppt', '2014-02-21 14:41:55', '2014-02-21 14:41:55'),
(58, '珠江新城规划图(20140224更新)', './App/Public/Upload/530c4eee4b658.jpg', 3, 1, '珠江新城规划图，2月24日根据最新地块情况进行了修改', 6155919, 'jpg', '2014-02-25 16:06:06', '2014-02-25 16:06:06'),
(59, '关于广州国际金融城村民复建有关工作的会议纪要（穗府会纪〔2014〕34号）', './App/Public/Upload/530e9b949bbf7.ceb', 4, 2, '关于广州国际金融城村民复建有关工作的会议纪要（穗府会纪〔2014〕34号），全面解决了金融城起步区各村复建工作有关问题。（非常重要！）', 157292, 'ceb', '2014-02-27 09:57:40', '2014-02-27 09:57:40'),
(60, '广州国际金融城开发建设工作领导小组办公室关于广州国际金融城2013年工作完成情况和2014年工作思路的报告（穗金融城办[2013]59号）', './App/Public/Upload/530f033a66380.tif', 3, 3, '市金融城领导小组办公室2013年工作总结和2014年工作思路（市领导批示版本）', 587972, 'tif', '2014-02-27 17:19:54', '2014-02-27 17:19:54'),
(61, '2.27天河区推进广州国际金融城起步区开发建设工作进展情况汇总表（2014年2月）', './App/Public/Upload/530f06657e7c1.doc', 6, 6, '2.26天河区推进广州国际金融城起步区开发建设工作进展情况汇总表（2014年2月）', 33792, 'doc', '2014-02-27 17:33:25', '2014-02-27 17:33:25'),
(62, '20140228林区接受南方日报采访金融城部分问题回答', './App/Public/Upload/53102f0e6f33b.docx', 3, 4, '林道平区长接受南方日报采访问题的回答，我处根据张主任的意思拟稿。大家注意学习张主任回答问题的思路和角度。', 24650, 'docx', '2014-02-28 14:39:10', '2014-02-28 14:39:10'),
(63, '广州地铁十三号线线路规划图', './App/Public/Upload/53104a49d7e01.jpg', 3, 1, '广州地铁十三号线线路规划图，经中山大道掠过金融城。2013年12月16日首期工程可行性研究报告经省发改委批复。首期从黄埔区鱼珠至增城象颈岭，没天河啥事', 870530, 'jpg', '2014-02-28 16:35:21', '2014-02-28 16:35:21'),
(64, '广州地铁21号线线路走向图', './App/Public/Upload/53104fef67011.jpg', 3, 1, '地铁21号线走向图，金融城员村站是21号线起点', 196652, 'jpg', '2014-02-28 16:59:27', '2014-02-28 16:59:27'),
(65, '广州地铁11号线站点及换乘站模拟图', './App/Public/Upload/53105207d314c.gif', 3, 1, '地铁11号线，环线，与21号线在天河公园、员村站换乘', 89506, 'gif', '2014-02-28 17:08:23', '2014-02-28 17:08:23'),
(66, '广州国际金融城开发建设工作专刊〔2014〕第1期', './App/Public/Upload/5313e0d5d82ac.tif', 3, 6, '市金融城领导小组办公室出版的金融城开发建设专刊，2014年1月刊', 257605, 'tif', '2014-03-03 09:54:29', '2014-03-03 09:54:29'),
(67, '201304-优化规划总平面', './App/Public/Upload/5315985fa350a.jpg', 5, 1, '珠江新城二层步行系统实施规划图（市规划局建管处-李曦欣-13632370619）。市规划局今年初出的、已经稳定的实施规划。市规划局已于2月底移交至市建委去落实，经向市建委（副调研员-黄处-83124432）了解，由新中轴公司负责实施，但因刚移交，目前工作没有推进。', 379239, 'jpg', '2014-03-04 17:09:51', '2014-03-04 17:09:51'),
(68, '二期土地利用规划图(天河区少年宫地块20140307)', './App/Public/Upload/531993fadbea6.jpg', 6, 1, '二期土地利用规划图(天河区少年宫地块)', 1382893, 'jpg', '2014-03-07 17:40:10', '2014-03-07 17:40:10'),
(70, 'CBD管委会用地红线批文统计表', './App/Public/Upload/531e71f545f63.xls', 3, 1, '区国土房管分局整理的CBD规划范围内用地红线，供参考', 852100, 'xls', '2014-03-11 10:16:21', '2014-03-11 10:16:21'),
(71, '天河路商业带平面图', './App/Public/Upload/531e72e597769.jpg', 3, 1, '区经贸局提供的天河路商圈规划图', 5111984, 'jpg', '2014-03-11 10:20:21', '2014-03-11 10:20:21'),
(72, '天河区控规图0510', './App/Public/Upload/531e733524755.jpg', 3, 1, '区编研中心提供的天河区控规图（超高清版本）', 16027003, 'jpg', '2014-03-11 10:21:41', '2014-03-11 10:21:41'),
(73, '2014年天河中央商务区管委会接待台账', './App/Public/Upload/531ecadede91c.xls', 4, 7, '2014年天河中央商务区管委会接待台账。我处如有接待，请负责接待人员按表中示例记录，并在接待完成后报至综合处。', 34304, 'xls', '2014-03-11 16:35:42', '2014-03-11 16:35:42'),
(74, '金融城二期城市设计总平面图(带标注)140321', './App/Public/Upload/532c055ae7b80.jpg', 6, 1, '金融城二期城市设计总平面图(带标注)140321', 2147324, 'jpg', '2014-03-21 17:24:43', '2014-03-21 17:24:43'),
(75, '金融城二期土地利用规划图（港澳台医疗中心）20140321', './App/Public/Upload/532c0588d9d28.jpg', 6, 1, '金融城二期土地利用规划图（港澳台医疗中心）20140321', 1594791, 'jpg', '2014-03-21 17:25:28', '2014-03-21 17:25:28'),
(76, '办事指南(2014年3月版)', './App/Public/Upload/532f8d94b9949.rar', 7, 5, '本《广州国际金融城建设工程项目联合审批流程办事指南》根据《广州市建设工程项目优化审批流程试行方案补充规定》(穗府[2013]30号)进行了修订，并第一次印刷成册。', 3124839, 'rar', '2014-03-24 09:42:44', '2014-03-24 09:42:44'),
(78, '广州市邦杰置业有限公司 金融城起步区A005-2地块项目（保利）修建性详细规划批后公示', './App/Public/Upload/5330dff5068eb.jpg', 6, 1, '广州市邦杰置业有限公司 金融城起步区A005-2地块项目（保利）修建性详细规划批后公示', 2015134, 'jpg', '2014-03-25 09:46:29', '2014-03-25 09:46:29'),
(79, '从“新城市中心”到广州21世纪“中央商务区”--广州珠江新城的规划建设', './App/Public/Upload/5333e13a778ae.ppt', 6, 1, '从“新城市中心”到广州21世纪“中央商务区”--广州珠江新城的规划建设', 20911616, 'ppt', '2014-03-27 16:28:42', '2014-03-27 16:28:42'),
(80, '3.27天河区推进广州国际金融城起步区开发建设工作进展情况汇总表（2014年3月）', './App/Public/Upload/53352954d472e.doc', 6, 6, '3.27天河区推进广州国际金融城起步区开发建设工作进展情况汇总表（2014年3月）', 35328, 'doc', '2014-03-28 15:48:36', '2014-03-28 15:48:36'),
(81, '天河北规划（20140220）', './App/Public/Upload/5338d5fe6269c.jpg', 3, 1, '2014年2月22日更新的天河北区域规划图', 4854111, 'jpg', '2014-03-31 10:42:06', '2014-03-31 10:42:06'),
(82, '管委会工作会议纪要格式', './App/Public/Upload/533b789432a69.doc', 3, 7, '我委会议纪要格式模板', 26112, 'doc', '2014-04-02 10:40:20', '2014-04-02 10:40:20'),
(83, '关于同意修建性详细规划方案的复函（金融城起步区A005-2地块项目）', './App/Public/Upload/533bb10600623.tif', 6, 1, '关于同意修建性详细规划方案的复函（金融城起步区A005-2地块项目）', 359204, 'tif', '2014-04-02 14:41:10', '2014-04-02 14:41:10'),
(84, '金融城二期土地利用规划图', './App/Public/Upload/533cb7cc42010.pdf', 6, 1, '广州国际金融城二期土地利用规划图', 545722, 'pdf', '2014-04-03 09:22:20', '2014-04-03 09:22:20'),
(85, '附件1：修建性详细规划审查阶段实施细则', './App/Public/Upload/533ccdf388ba1.pdf', 6, 1, '《广州市建设工程项目优化审批流程试行方案》修建性详细规划审查阶段实施细则 ', 2498974, 'pdf', '2014-04-03 10:56:51', '2014-04-03 10:56:51'),
(86, '附件2：规划报建阶段实施细则', './App/Public/Upload/533cce15a18bd.pdf', 6, 1, '《广州市建设工程项目优化审批流程试行方案》规划报建阶段实施细则', 980014, 'pdf', '2014-04-03 10:57:25', '2014-04-03 10:57:25'),
(87, '2014年广州市供地蓝皮书', './App/Public/Upload/533cd1825b062.rar', 4, 5, '2014年广州市供地蓝皮书。', 159431224, 'rar', '2014-04-03 11:12:02', '2014-04-03 11:12:02'),
(89, '文件送达回证', './App/Public/Upload/53436516a01d4.xlsx', 3, 7, '天河CBD管委会文件送达回证。有外单位到我委领取文件时，请其签收', 12339, 'xlsx', '2014-04-08 10:55:18', '2014-04-08 10:55:18'),
(90, '粤港直通车（广州国际金融城专题报道）', './App/Public/Upload/534365e5352bf.pdf', 4, 6, '粤港直通车（广州国际金融城专题报道）', 26263468, 'pdf', '2014-04-08 10:58:45', '2014-04-08 10:58:45'),
(91, '金融城西区用地房屋现状图', './App/Public/Upload/53572596ed22d.jpg', 4, 2, '金融城西区用地房屋现状图。', 2331598, 'jpg', '2014-04-23 10:29:43', '2014-04-23 10:29:43'),
(93, '4.28天河区推进广州国际金融城起步区开发建设工作进展情况汇总表（2014年4月）', './App/Public/Upload/5366e32282bfc.doc', 6, 6, '4.28天河区推进广州国际金融城起步区开发建设工作进展情况汇总表（2014年4月）', 35328, 'doc', '2014-05-05 09:02:26', '2014-05-05 09:02:26'),
(95, '20140528金融城二期土地利用规划图(叠权属)', './App/Public/Upload/5386d4e1d4fb7.jpg', 6, 1, '20140528金融城二期土地利用规划图(叠权属)', 8945118, 'jpg', '2014-05-29 14:34:10', '2014-05-29 14:34:10'),
(96, '少年宫%26amp%253图书馆', './App/Public/Upload/53884c1d0e50e.jpg', 6, 1, '天河区少年宫及图书馆地块信息指标', 4898163, 'jpg', '2014-05-30 17:15:09', '2014-05-30 17:15:09'),
(97, '地块编码图', './App/Public/Upload/53950e88f1fb7.jpg', 6, 1, '广州国际金融城二期地块编码图', 5550709, 'jpg', '2014-06-09 09:31:53', '2014-06-09 09:31:53'),
(98, '金融城8平方公里公服落实情况对照表20140607', './App/Public/Upload/53950f2e0280a.xls', 6, 1, '广州国际金融城8平方公里公服落实情况对照表20140607', 340992, 'xls', '2014-06-09 09:34:38', '2014-06-09 09:34:38'),
(99, '万联证券土地出让合同', './App/Public/Upload/5397c3c4e586d.rar', 3, 7, '万联证券与市土发中心签订的土地出让合同（盖章版）', 28891420, 'rar', '2014-06-11 10:49:41', '2014-06-11 10:49:41'),
(100, '市重点办临江大道施工便道方案', './App/Public/Upload/539a6c5bd1743.rar', 3, 2, '市重点办临江大道施工便道套图', 13922877, 'rar', '2014-06-13 11:13:31', '2014-06-13 11:13:31'),
(101, '建设项目报建报批验收指南20140608', './App/Public/Upload/539a96152e206.ppt', 7, 10, '2014-6-10《建设项目报建报批验收指南》讲座课件', 6531072, 'ppt', '2014-06-13 14:11:33', '2014-06-13 14:11:33'),
(103, '建设开发处2014年上半年工作总结及下半年工作计划', './App/Public/Upload/539fe2a97875b.doc', 3, 3, '2014年处室上半年工作总结和下半年工作计划', 59392, 'doc', '2014-06-17 14:39:37', '2014-06-17 14:39:37'),
(104, '天河区建设工程质量安全监督登记办事指南2014.06.06', './App/Public/Upload/539ff0fad9e81.doc', 5, 2, '', 62464, 'doc', '2014-06-17 15:40:42', '2014-06-17 15:40:42'),
(105, '2013年管委会公文模板和格式', './App/Public/Upload/53aa242199a06.doc', 4, 7, '2013年管委会公文模板和格式。', 148992, 'doc', '2014-06-25 09:21:37', '2014-06-25 09:21:37'),
(106, '广州国际金融城汇报材料0625', './App/Public/Upload/53aa983e839f3.pptx', 6, 4, '广州国际金融城汇报材料0625（国务院督查稳增长--林区汇报）', 42424453, 'pptx', '2014-06-25 17:37:02', '2014-06-25 17:37:02'),
(107, '140625在国务院第八督导组到广州国际金融城实地督查的参考材料', './App/Public/Upload/53aa991c03590.doc', 4, 4, '国务院第八督导组到广州国际金融城实地督查林区汇报稿参考材料。', 30720, 'doc', '2014-06-25 17:40:44', '2014-06-25 17:40:44'),
(108, '管委会发文呈批表20140625（试行）', './App/Public/Upload/53aa9fff9a104.xls', 9, 7, '综合处印发新的发文呈批表，与原版相比多一栏“综合处审稿人签名”。', 22016, 'xls', '2014-06-25 18:10:07', '2014-06-25 18:10:07'),
(109, '6.27天河区推进广州国际金融城起步区开发建设工作进展情况汇总表（2014年6月）', './App/Public/Upload/53b27116305d1.doc', 6, 6, '6.27天河区推进广州国际金融城起步区开发建设工作进展情况汇总表（2014年6月）', 35840, 'doc', '2014-07-01 16:28:06', '2014-07-01 16:28:06'),
(110, '广州国际金融城开发建设工作专刊（2014)第5期', './App/Public/Upload/53b518a9b9327.tif', 4, 6, '广州国际金融城开发建设工作专刊（2014)第5期。', 276513, 'tif', '2014-07-03 16:47:37', '2014-07-03 16:47:37'),
(111, '6.26广州市天河中央商务区管理委员会关于广州国际金融城2014年上半年建设开发工作的报告（最终版）', './App/Public/Upload/53bca5830a1e2.doc', 6, 3, '广州市天河中央商务区管理委员会关于报送广州国际金融城2014年上半年工作总结的报告', 62976, 'doc', '2014-07-09 10:14:27', '2014-07-09 10:14:27'),
(112, '金融城PPT20140706（简体）', './App/Public/Upload/53bcec47d0280.ppt', 4, 10, '金融城最新版PPT（20140706）', 36703744, 'ppt', '2014-07-09 15:16:24', '2014-07-09 15:16:24'),
(113, '金融城起步区AT090918地块（城际中心）修建性详细规划', './App/Public/Upload/53c3336225d4c.jpg', 6, 1, '金融城起步区AT090918地块（城际中心）修建性详细规划', 2284833, 'jpg', '2014-07-14 09:33:22', '2014-07-14 09:33:22'),
(114, '金融城起步区AT090908地块（合景）修建性详细规划', './App/Public/Upload/53c333f470987.jpg', 6, 1, '金融城起步区AT090908地块（合景）修建性详细规划', 2769277, 'jpg', '2014-07-14 09:35:48', '2014-07-14 09:35:48'),
(115, '请假表', './App/Public/Upload/53c5eb681cc16.rar', 9, 7, '综合处最新请假表格式。', 16013, 'rar', '2014-07-16 11:03:04', '2014-07-16 11:03:04'),
(116, '7.21天河区推进广州国际金融城起步区开发建设工作进展情况汇总表（2014年7月）', './App/Public/Upload/53cf1ec087021.doc', 6, 6, '天河区推进广州国际金融城起步区开发建设工作进展情况汇总表（2014年7月）', 36352, 'doc', '2014-07-23 10:32:32', '2014-07-23 10:32:32'),
(117, '关于报送广州国际金融城起步区城市设计深化专责工作小组名单的通知（穗建路桥[2012]1307号）', './App/Public/Upload/53d60d7fd82b9.pdf', 6, 1, '广州国际金融城规划建设十三个专责小组成员名单', 1950189, 'pdf', '2014-07-28 16:44:47', '2014-07-28 16:44:47'),
(118, '广州国际金融城前两批土地出让情况图', './App/Public/Upload/53e1a37fb18c4.jpg', 6, 1, '广州国际金融城前两批土地出让情况图', 5814042, 'jpg', '2014-08-06 11:39:43', '2014-08-06 11:39:43'),
(119, '广州国际金融城开发建设工作专刊（2014）第6期', './App/Public/Upload/53e32a7e1e7af.tif', 4, 6, '广州国际金融城开发建设工作专刊（2014）第6期。', 305068, 'tif', '2014-08-07 15:27:58', '2014-08-07 15:27:58'),
(121, '守鸿置地（广州）有限公司项目（AT090917地块）修建性详细规划', './App/Public/Upload/54001ba5ae0a4.jpg', 6, 1, '守鸿置地（广州）有限公司项目（AT090917地块）修建性详细规划', 2268311, 'jpg', '2014-08-29 14:20:21', '2014-08-29 14:20:21'),
(123, '5.28天河区推进广州国际金融城起步区开发建设工作进展情况汇总表（2014年5月）', './App/Public/Upload/54053154eddaa.doc', 6, 6, '5.28天河区推进广州国际金融城起步区开发建设工作进展情况汇总表（2014年5月）', 34816, 'doc', '2014-09-02 10:54:12', '2014-09-02 10:54:12'),
(124, '8.20天河区推进广州国际金融城起步区开发建设工作进展情况汇总表（2014年8月）', './App/Public/Upload/54053186107d0.doc', 6, 6, '8.20天河区推进广州国际金融城起步区开发建设工作进展情况汇总表（2014年8月）', 35328, 'doc', '2014-09-02 10:55:02', '2014-09-02 10:55:02'),
(125, '珠江新城规划编制过程介绍', './App/Public/Upload/54092965d6673.ppt', 4, 1, '珠江新城规划编制过程介绍。', 10426368, 'ppt', '2014-09-05 11:09:26', '2014-09-05 11:09:26'),
(126, '(0907三稿)新加坡总理李显龙先生考察', './App/Public/Upload/540ea1df7ae5e.doc', 6, 4, '新加坡总理李显龙先生9月11日在利通广场考察讲解稿', 47104, 'doc', '2014-09-09 14:44:47', '2014-09-09 14:44:47'),
(127, '广州国际金融城开发建设工作专刊（2014）第7期', './App/Public/Upload/2014-09-19/541b8186c3b2b.tif', 4, 6, '广州国际金融城开发建设工作专刊（2014）第7期。', 345152, 'tif', '2014-09-19 09:06:14', '2014-09-19 09:06:14'),
(131, '天河北规划(2014.9.4更新)---带楼宇高度版本', './App/Public/Upload/2014-09-19/541bed66d5aa8.jpg', 6, 1, '天河北规划(2014.9.4更新)---带楼宇高度版本', 4899149, 'jpg', '2014-09-19 16:46:30', '2014-09-19 16:46:30'),
(132, '项目报建报批及实施流程', './App/Public/Upload/2014-09-22/541fcc35d921d.doc', 3, 2, '陈军制作的项目报建报批流程', 48640, 'doc', '2014-09-22 15:13:57', '2014-09-22 15:13:57'),
(133, 'CBD楼宇信息列表(20140722)-0724清洁版', './App/Public/Upload/2014-09-22/541fccaab3750.xls', 3, 10, '企服处制作的CBD楼宇信息表', 80384, 'xls', '2014-09-22 15:15:54', '2014-09-22 15:15:54'),
(134, '9.22天河区推进广州国际金融城起步区开发建设工作进展情况汇总表（2014年9月）', './App/Public/Upload/2014-09-24/542215609622f.doc', 9, 6, '天河区推进广州国际金融城起步区开发建设工作进展情况汇总表（2014年9月）', 36864, 'doc', '2014-09-24 08:50:40', '2014-09-24 08:50:40'),
(135, '地块编码图叠加现状图', './App/Public/Upload/2014-09-29/5429232f4a5b1.jpg', 6, 1, '地块编码图叠加现状图', 4185565, 'jpg', '2014-09-29 17:15:27', '2014-09-29 17:15:27'),
(136, '起步区待出让地块信息图', './App/Public/Upload/2014-09-29/5429233acf2c5.jpg', 6, 1, '起步区待出让地块信息图', 4674413, 'jpg', '2014-09-29 17:15:38', '2014-09-29 17:15:38'),
(137, '广州国际金融城开发建设工作专刊（2014）第8期', './App/Public/Upload/2014-10-08/5434fe05c44dd.tif', 4, 6, '广州国际金融城开发建设工作专刊（2014）第8期。', 310302, 'tif', '2014-10-08 17:04:05', '2014-10-08 17:04:05'),
(138, '市、区重点项目及三资管理相关政策文件', './App/Public/Upload/2014-10-08/543504c341548.rar', 7, 5, '广州市、天河区有关重点建设项目管理的政策文件，天河区有关村改制公司&quot;三资&quot;管理的政策文件，供大家学习', 555839, 'rar', '2014-10-08 17:32:51', '2014-10-08 17:32:51'),
(139, '第三批出让地块信息表', './App/Public/Upload/2014-10-13/543b7c0e39ad4.xlsx', 9, 10, '含AT091002、AT091007、AT090927、AT090939、AT090941地块的信息', 19241, 'xlsx', '2014-10-13 15:15:26', '2014-10-13 15:15:26'),
(140, '任学锋书记到天河调研时的讲话（扫描版）', './App/Public/Upload/2014-10-14/543c8c5a0dd2f.tif', 9, 4, '任学锋书记2014年10月3日到天河调研时的讲话。', 20763510, 'tif', '2014-10-14 10:37:14', '2014-10-14 10:37:14'),
(141, '建设开发处关于开展“解放思想，求真务实”大讨论情况汇报', './App/Public/Upload/2014-10-14/543c8caae88e0.docx', 9, 10, '我处对任学锋书记到天河调研时讲话精神的学习思考汇总。', 22899, 'docx', '2014-10-14 10:38:34', '2014-10-14 10:38:34'),
(142, '2014年建开处总结', './App/Public/Upload/2014-10-24/544a15082f4dd.docx', 4, 3, '建设开发处2014年工作总结和2015年工作计划。', 36078, 'docx', '2014-10-24 16:59:52', '2014-10-24 16:59:52'),
(143, '10.20天河区推进广州国际金融城起步区开发建设工作进展情况汇总表（2014年10月）', './App/Public/Upload/2014-10-27/544e0ff27cb95.doc', 6, 6, '10.20天河区推进广州国际金融城起步区开发建设工作进展情况汇总表（2014年10月）', 37376, 'doc', '2014-10-27 17:27:14', '2014-10-27 17:27:14'),
(144, '140912区人大调研金融城汇报材料', './App/Public/Upload/2014-10-30/5451e13e65494.doc', 6, 4, '140912区人大调研金融城汇报材料', 51200, 'doc', '2014-10-30 14:57:02', '2014-10-30 14:57:02'),
(145, '三定方案', './App/Public/Upload/2014-10-31/54533f6a7d79a.rar', 3, 5, '管委会三定方案', 30216820, 'rar', '2014-10-31 15:51:06', '2014-10-31 15:51:06'),
(146, '141110建设开发处工作情况材料', './App/Public/Upload/2014-11-10/546025f685025.docx', 4, 7, '建设开发处工作情况（统一口径）材料。（2014年11月10日）', 21660, 'docx', '2014-11-10 10:41:58', '2014-11-10 10:41:58'),
(147, '广州国际金融城开发建设工作专刊（2014）第9期', './App/Public/Upload/2014-11-14/5465a0ae6b055.tif', 4, 6, '广州国际金融城开发建设工作专刊（2014）第9期。', 258013, 'tif', '2014-11-14 14:26:54', '2014-11-14 14:26:54'),
(148, '发部门模板（市有关部门征求我区意见，区府办转请区有关部门提意见，区有关部门回复区府办的）', './App/Public/Upload/2014-11-20/546d4810f2212.doc', 6, 7, '发部门模板（市有关部门征求我区意见，区府办转请区有关部门提意见，区有关部门回复区府办的）', 22016, 'doc', '2014-11-20 09:46:57', '2014-11-20 09:46:57'),
(149, '11.24天河区推进广州国际金融城起步区开发建设工作进展情况汇总表（2014年11月）', './App/Public/Upload/2014-11-27/5476766c57925.doc', 6, 6, '11.24天河区推进广州国际金融城起步区开发建设工作进展情况汇总表（2014年11月）', 37376, 'doc', '2014-11-27 08:55:08', '2014-11-27 08:55:08'),
(150, '广州国际金融城开发建设工作专刊〔2014〕第10期', './App/Public/Upload/2014-12-10/5487a45eaea97.tif', 4, 6, '广州国际金融城开发建设工作专刊〔2014〕第10期。', 340064, 'tif', '2014-12-10 09:39:42', '2014-12-10 09:39:42'),
(151, '（投资处写）关于《广州国际金融城起步区土地出让有关工作的请示》的相关情况说明', './App/Public/Upload/2014-12-24/549a179fed255.doc', 4, 5, '关于金融城下一步出让政策的相关意见建议。（投资处写）', 35840, 'doc', '2014-12-24 09:32:16', '2014-12-24 09:32:16'),
(152, '141226广州市天河中央商务区管理委员会关于报送广州国际金融城2014年全年工作总结的报告', './App/Public/Upload/2014-12-29/54a0aaf2e4d2e.doc', 4, 3, '广州国际金融城2014年全年工作总结报告。', 65024, 'doc', '2014-12-29 09:14:26', '2014-12-29 09:14:26'),
(153, '141226广州国际金融城发展管理模式初探', './App/Public/Upload/2014-12-29/54a0ab1be81ce.doc', 4, 3, '广州国际金融城发展管理模式初探。', 49152, 'doc', '2014-12-29 09:15:07', '2014-12-29 09:15:07'),
(154, '广发银行选址资料', './App/Public/Upload/2015-01-04/54a8a1a324046.rar', 3, 1, '2014年12月31日，根据石书记、林区长指示，提供给广发银行的选址地块。', 7165674, 'rar', '2015-01-04 10:12:51', '2015-01-04 10:12:51'),
(155, '珠江新城D4-B4地块（广州粤剧院）规划条件汇报0515', './App/Public/Upload/2015-01-04/54a8a60613823.ppt', 3, 1, '即原珠江新城D4-2地块恒大项目南面、红线女艺术中心东面地块，2014年5月陈建华市长同意将该地块与红线女地块合并，建设“广东粤剧院”（市文广新局牵头）', 44505088, 'ppt', '2015-01-04 10:31:34', '2015-01-04 10:31:34'),
(156, '冼村更新改造方案', './App/Public/Upload/2015-01-04/54a8a6e7da179.jpg', 3, 1, '区城改办提供的冼村改造规划方案', 9219216, 'jpg', '2015-01-04 10:35:19', '2015-01-04 10:35:19'),
(157, '珠江新城剩余未出让地块情况', './App/Public/Upload/2015-01-04/54a8a7bca171f.docx', 3, 1, '姚科收集整理，目前珠江新城所有未出让地块情况，包括I5-5（广州大道寺右地块）、A4-3（津滨腾越北面，含详细法律纠纷详情）、D4-B4（红线女艺术中心东面）、冼村地块。', 4773280, 'docx', '2015-01-04 10:38:52', '2015-01-04 10:38:52'),
(158, '12.25天河区推进广州国际金融城起步区开发建设工作进展情况汇总表（2014年12月）', './App/Public/Upload/2015-01-06/54ab3b01d3700.doc', 6, 6, '12.25天河区推进广州国际金融城起步区开发建设工作进展情况表（2014年12月）', 38400, 'doc', '2015-01-06 09:31:45', '2015-01-06 09:31:45'),
(159, '市政府常务会议材料-关于广州国际金融城起步区土地出让有关工作的请示', './App/Public/Upload/2015-01-06/54ab7f8782ede.doc', 3, 8, '市国土房管局关于金融城起步区土地出让工作的请示，陈建华市长于12月16日已原则同意', 40449, 'doc', '2015-01-06 14:24:07', '2015-01-06 14:24:07'),
(160, '吕主任 伦敦讲座ppt 后期版本', './App/Public/Upload/2015-01-06/54ab8c73547d8.pdf', 6, 1, '12月19日吕传廷主任召开《伦敦形成与金融城发展经验借鉴》学习交流会PPT', 22621582, 'pdf', '2015-01-06 15:19:15', '2015-01-06 15:19:15'),
(161, '商务中心区蓝皮书定稿PDF', './App/Public/Upload/2015-01-07/54aca703b6943.pdf', 3, 10, '北京CBD制作的中国商务区蓝皮书，非常好的学习资料', 44248114, 'pdf', '2015-01-07 11:24:51', '2015-01-07 11:24:51'),
(163, '无背景天河CBD的LOGO', './App/Public/Upload/2015-01-09/54af983c3531a.png', 6, 10, '无背景天河CBD的LOGO', 8348547, 'png', '2015-01-09 16:58:36', '2015-01-09 16:58:36'),
(164, '超清天河CBD的LOGO', './App/Public/Upload/2015-01-09/54af985f3e638.jpg', 6, 10, '超清天河CBD的LOGO', 1548854, 'jpg', '2015-01-09 16:59:11', '2015-01-09 16:59:11'),
(167, '金融城8平方公里公共服务设施图20150114（底图为最新控规成果）', './App/Public/Upload/2015-01-15/54b75fa4dff3a.pdf', 6, 1, '金融城8平方公里公共服务设施图20150114（底图为最新控规成果）', 991860, 'pdf', '2015-01-15 14:35:16', '2015-01-15 14:35:16'),
(168, '小额建设工程交易管理办法', './App/Public/Upload/2015-01-20/54be1c6c4ccb9.rar', 9, 10, '含《中共广州市纪委等六部门关于印发广州市小额建设工程交易管理办法的通知》（穗纪字〔2013〕33号）、《补充通知》（穗纪字〔2013〕54号）、《天河区法定招标规模以下财政性投资建设工程项目发包暂行管理办法》（穗天纪〔2014〕53号）、《广州市天河区监察局等五部门关于明确区小额建设工程交易监督中实操问题解决办法的补充通知》（穗天监〔2015〕1号）。', 5296638, 'rar', '2015-01-20 17:14:20', '2015-01-20 17:14:20'),
(169, '广州国际金融城控制性详细规划图20150122（无水印）', './App/Public/Upload/2015-01-22/54c04e764df2a.jpg', 6, 1, '广州国际金融城控制性详细规划图20150122（无水印）', 16812888, 'jpg', '2015-01-22 09:12:22', '2015-01-22 09:12:22'),
(170, '广州国际金融城控制性详细规划图20150122（有水印）', './App/Public/Upload/2015-01-22/54c04e8b1bdbf.jpg', 6, 1, '广州国际金融城控制性详细规划图20150122（有水印）', 17314432, 'jpg', '2015-01-22 09:12:43', '2015-01-22 09:12:43'),
(171, '1.26天河区推进广州国际金融城起步区开发建设工作进展情况汇总表（2015年1月）', './App/Public/Upload/2015-01-27/54c6f26958329.doc', 9, 6, '天河区推进广州国际金融城起步区开发建设工作进展情况汇总表（2015年1月）', 35840, 'doc', '2015-01-27 10:05:29', '2015-01-27 10:05:29'),
(172, '金融城起步区AT090922地块修规（棠下集体物业地块）', './App/Public/Upload/2015-01-28/54c891efddb94.jpg', 6, 1, '金融城起步区AT090922地块修规（棠下集体物业地块）', 2566544, 'jpg', '2015-01-28 15:38:23', '2015-01-28 15:38:23'),
(173, '金融城起步区AT090912地块（绿地中心）建设工程规划', './App/Public/Upload/2015-01-28/54c89335c2894.jpg', 6, 1, '金融城起步区AT090912地块（绿地中心）建设工程规划', 2026440, 'jpg', '2015-01-28 15:43:49', '2015-01-28 15:43:49'),
(174, 'CBD重要楼宇面积建成时间表', './App/Public/Upload/2015-01-28/54c89ddba4ae0.xlsx', 3, 10, 'CBD内重要楼宇面积及建成时间表', 20909, 'xlsx', '2015-01-28 16:29:15', '2015-01-28 16:29:15'),
(177, '广州国际金融城开发建设现状及预测', './App/Public/Upload/2015-01-28/54c8a51c824e7.docx', 3, 10, '根据林区要求，撰写的金融城开发建设情况预测', 16116, 'docx', '2015-01-28 17:00:12', '2015-01-28 17:00:12'),
(178, '广州国际金融城在一江两岸的区位图', './App/Public/Upload/2015-01-29/54c9cd433ad74.jpg', 6, 1, '广州国际金融城在一江两岸的区位图', 6419102, 'jpg', '2015-01-29 14:03:47', '2015-01-29 14:03:47'),
(179, '广州国际金融城开发建设经济效益预测（张改）', './App/Public/Upload/2015-01-29/54c9d73408ed6.doc', 3, 10, '张主任审核后报区府办版本', 97792, 'doc', '2015-01-29 14:46:12', '2015-01-29 14:46:12'),
(180, '珠江新城规划图（20150108无水印）', './App/Public/Upload/2015-01-29/54c9daab2baca.jpg', 6, 1, '珠江新城规划图（20150108无水印）', 6380294, 'jpg', '2015-01-29 15:00:59', '2015-01-29 15:00:59'),
(181, '珠江新城规划图（20150108有水印）', './App/Public/Upload/2015-01-29/54c9dac6a5e27.jpg', 6, 1, '珠江新城规划图（20150108有水印）', 6710160, 'jpg', '2015-01-29 15:01:26', '2015-01-29 15:01:26'),
(182, '最终版 报丘常委金融城二期工作协调内容', './App/Public/Upload/2015-01-30/54cadb0cd0931.docx', 9, 9, '一、关于金融城二期规划落实情况及问题。二、关于落实市领导指示，制定金融城二期征拆补偿方案问题。三、关于石东村7.8亩历史留用地指标落地问题。四、起步区村集体复建工作进展情况及存在问题。五、关于金融城起步区“小配套”设施移交方案。', 25702, 'docx', '2015-01-30 09:14:52', '2015-01-30 09:14:52'),
(183, '广州国际金融城土地出让情况汇报', './App/Public/Upload/2015-02-02/54cef07d474a2.ppt', 6, 4, '区府常务会议--广州国际金融城土地出让情况汇报PPT', 14580224, 'ppt', '2015-02-02 11:35:25', '2015-02-02 11:35:25');

-- --------------------------------------------------------

--
-- 表的结构 `cbd_paper_user`
--

CREATE TABLE IF NOT EXISTS `cbd_paper_user` (
  `usr_id` int(11) NOT NULL,
  `paper_id` int(11) NOT NULL,
  `is_read` tinyint(1) NOT NULL DEFAULT '0',
  `create_time` datetime NOT NULL DEFAULT CURRENT_TIMESTAMP,
  `update_time` datetime NOT NULL DEFAULT CURRENT_TIMESTAMP,
  PRIMARY KEY (`usr_id`,`paper_id`),
  KEY `paper_id` (`paper_id`)
) ENGINE=InnoDB DEFAULT CHARSET=utf8 COMMENT='资料用户阅览表';

--
-- 转存表中的数据 `cbd_paper_user`
--

INSERT INTO `cbd_paper_user` (`usr_id`, `paper_id`, `is_read`, `create_time`, `update_time`) VALUES
(3, 11, 1, '2014-01-02 09:39:38', '2014-01-02 09:01:02'),
(3, 12, 1, '2014-01-03 11:06:08', '2014-01-03 11:01:03'),
(3, 13, 1, '2014-01-03 16:46:02', '2014-01-03 17:01:03'),
(3, 14, 1, '2014-01-03 16:48:24', '2014-01-03 17:01:03'),
(3, 26, 1, '2014-01-09 09:09:47', '2014-01-09 09:01:09'),
(3, 27, 1, '2014-01-09 09:10:26', '2014-01-09 09:01:09'),
(3, 28, 1, '2014-01-09 09:11:12', '2014-01-09 09:01:09'),
(3, 29, 1, '2014-01-13 14:08:26', '2014-01-13 14:01:13'),
(3, 30, 1, '2014-01-13 14:08:58', '2014-01-13 14:01:13'),
(3, 31, 1, '2014-01-13 17:23:14', '2014-01-13 17:01:13'),
(3, 32, 1, '2014-01-14 09:41:14', '2014-01-14 11:01:14'),
(3, 33, 1, '2014-01-14 10:03:37', '2014-01-14 11:01:14'),
(3, 34, 1, '2014-01-14 10:04:12', '2014-01-14 11:01:14'),
(3, 35, 1, '2014-01-14 10:05:10', '2014-01-14 11:01:14'),
(3, 36, 1, '2014-01-14 10:27:17', '2014-01-14 11:01:14'),
(3, 37, 1, '2014-01-15 12:38:37', '2014-01-15 14:01:15'),
(3, 40, 1, '2014-01-20 15:03:15', '2014-01-20 15:01:20'),
(3, 41, 1, '2014-01-22 12:01:49', '2014-01-22 12:01:22'),
(3, 47, 1, '2014-01-26 11:07:18', '2014-01-26 11:01:26'),
(3, 48, 1, '2014-01-26 11:12:55', '2014-01-26 11:01:26'),
(3, 49, 1, '2014-01-26 11:15:42', '2014-01-26 11:01:26'),
(3, 50, 1, '2014-01-28 14:25:55', '2014-02-07 16:02:07'),
(3, 51, 1, '2014-02-08 11:32:47', '2014-02-21 14:02:21'),
(3, 55, 1, '2014-02-12 15:20:36', '2014-02-12 15:02:12'),
(3, 56, 1, '2014-02-21 09:39:33', '2014-02-21 13:02:21'),
(3, 57, 1, '2014-02-21 14:41:55', '2014-02-21 14:02:21'),
(3, 59, 1, '2014-02-27 09:57:40', '2014-02-27 17:02:27'),
(3, 61, 1, '2014-02-27 17:33:25', '2014-02-28 14:02:28'),
(3, 67, 1, '2014-03-04 17:09:51', '2014-03-05 11:03:05'),
(3, 68, 1, '2014-03-07 17:40:11', '2014-03-10 16:03:10'),
(3, 73, 1, '2014-03-11 16:35:43', '2014-03-13 15:03:13'),
(3, 74, 1, '2014-03-21 17:24:43', '2014-03-24 08:03:24'),
(3, 75, 1, '2014-03-21 17:25:28', '2014-03-24 09:03:24'),
(3, 76, 1, '2014-03-24 09:42:45', '2014-03-24 11:03:24'),
(3, 78, 1, '2014-03-25 09:46:29', '2014-03-25 09:03:25'),
(3, 79, 1, '2014-03-27 16:28:42', '2014-03-27 16:03:27'),
(3, 80, 1, '2014-03-28 15:48:36', '2014-04-08 08:04:08'),
(3, 83, 1, '2014-04-02 14:41:10', '2014-04-04 09:04:04'),
(3, 84, 1, '2014-04-03 09:22:20', '2014-04-08 08:04:08'),
(3, 85, 1, '2014-04-03 10:56:51', '2014-04-04 09:04:04'),
(3, 86, 1, '2014-04-03 10:57:25', '2014-04-08 08:04:08'),
(3, 87, 1, '2014-04-03 11:12:02', '2014-04-08 08:04:08'),
(3, 90, 1, '2014-04-08 10:58:45', '2014-04-08 13:04:08'),
(3, 91, 1, '2014-04-23 10:29:43', '2014-04-29 15:04:29'),
(3, 93, 1, '2014-05-05 09:02:26', '2014-05-06 15:05:06'),
(3, 95, 1, '2014-05-29 14:34:10', '2014-05-29 14:05:29'),
(3, 96, 1, '2014-05-30 17:15:09', '2014-06-04 09:06:04'),
(3, 97, 1, '2014-06-09 09:31:53', '2014-06-09 09:06:09'),
(3, 98, 1, '2014-06-09 09:34:38', '2014-06-10 09:06:10'),
(3, 101, 1, '2014-06-13 14:11:33', '2014-06-13 15:06:13'),
(3, 104, 1, '2014-06-17 15:40:42', '2014-06-30 13:06:30'),
(3, 105, 1, '2014-06-25 09:21:37', '2014-06-30 13:06:30'),
(3, 106, 1, '2014-06-25 17:37:03', '2014-06-30 13:06:30'),
(3, 107, 1, '2014-06-25 17:40:44', '2014-06-30 13:06:30'),
(3, 108, 1, '2014-06-25 18:10:07', '2014-06-30 13:06:30'),
(3, 109, 1, '2014-07-01 16:28:06', '2014-07-11 11:07:11'),
(3, 110, 1, '2014-07-03 16:47:37', '2014-07-04 14:07:04'),
(3, 111, 1, '2014-07-09 10:14:27', '2014-07-11 11:07:11'),
(3, 112, 1, '2014-07-09 15:16:24', '2014-07-11 11:07:11'),
(3, 113, 1, '2014-07-14 09:33:22', '2014-07-17 09:07:17'),
(3, 114, 1, '2014-07-14 09:35:48', '2014-07-17 09:07:17'),
(3, 115, 1, '2014-07-16 11:03:04', '2014-07-21 09:07:21'),
(3, 116, 1, '2014-07-23 10:32:32', '2014-07-30 16:07:30'),
(3, 117, 1, '2014-07-28 16:44:47', '2014-07-30 16:07:30'),
(3, 118, 1, '2014-08-06 11:39:43', '2014-08-08 09:08:08'),
(3, 119, 1, '2014-08-07 15:27:58', '2014-08-08 08:08:08'),
(3, 121, 1, '2014-08-29 14:20:21', '2014-08-29 16:08:29'),
(3, 123, 1, '2014-09-02 10:54:13', '2014-09-04 17:09:04'),
(3, 124, 1, '2014-09-02 10:55:02', '2014-09-04 17:09:04'),
(3, 125, 1, '2014-09-05 11:09:26', '2014-09-10 17:27:21'),
(3, 126, 1, '2014-09-09 14:44:47', '2014-09-10 15:15:15'),
(3, 127, 1, '2014-09-19 09:06:14', '2014-09-19 09:07:24'),
(3, 131, 1, '2014-09-19 16:46:30', '2014-09-19 16:58:37'),
(3, 132, 1, '2014-09-22 15:13:58', '2014-09-23 10:46:57'),
(3, 133, 1, '2014-09-22 15:15:54', '2014-09-23 10:46:52'),
(3, 134, 1, '2014-09-24 08:50:40', '2014-09-24 09:34:44'),
(3, 135, 1, '2014-09-29 17:15:27', '2014-10-08 08:37:07'),
(3, 136, 1, '2014-09-29 17:15:38', '2014-10-08 08:38:38'),
(3, 137, 1, '2014-10-08 17:04:06', '2014-10-09 08:50:17'),
(3, 138, 1, '2014-10-08 17:32:51', '2014-10-10 10:23:26'),
(3, 139, 1, '2014-10-13 15:15:26', '2014-10-14 14:21:39'),
(3, 140, 1, '2014-10-14 10:37:14', '2014-10-14 14:21:57'),
(3, 141, 1, '2014-10-14 10:38:34', '2014-10-14 14:21:53'),
(3, 142, 1, '2014-10-24 16:59:52', '2014-10-27 09:06:19'),
(3, 143, 1, '2014-10-27 17:27:14', '2014-10-28 14:45:59'),
(3, 144, 1, '2014-10-30 14:57:02', '2014-10-30 16:35:37'),
(3, 145, 1, '2014-10-31 15:51:07', '2014-11-03 08:59:05'),
(3, 146, 1, '2014-11-10 10:41:58', '2014-11-10 12:53:21'),
(3, 147, 1, '2014-11-14 14:26:54', '2014-11-18 09:21:24'),
(3, 148, 1, '2014-11-20 09:46:57', '2014-11-21 09:59:05'),
(3, 149, 1, '2014-11-27 08:55:08', '2014-11-28 13:56:40'),
(3, 150, 1, '2014-12-10 09:39:42', '2014-12-12 11:32:04'),
(3, 151, 1, '2014-12-24 09:32:16', '2014-12-24 09:36:36'),
(3, 152, 1, '2014-12-29 09:14:27', '2014-12-29 11:41:29'),
(3, 153, 1, '2014-12-29 09:15:08', '2014-12-29 11:41:24'),
(3, 154, 1, '2015-01-04 10:12:51', '2015-01-04 10:39:21'),
(3, 155, 1, '2015-01-04 10:31:34', '2015-01-04 10:39:25'),
(3, 156, 1, '2015-01-04 10:35:20', '2015-01-04 10:39:17'),
(3, 157, 1, '2015-01-04 10:38:52', '2015-01-04 10:39:29'),
(3, 158, 1, '2015-01-06 09:31:46', '2015-01-06 10:55:53'),
(3, 159, 1, '2015-01-06 14:24:07', '2015-01-06 14:43:36'),
(3, 160, 1, '2015-01-06 15:19:15', '2015-01-06 15:54:45'),
(3, 161, 1, '2015-01-07 11:24:51', '2015-01-08 10:47:20'),
(3, 163, 1, '2015-01-09 16:58:36', '2015-01-09 17:06:25'),
(3, 164, 1, '2015-01-09 16:59:11', '2015-01-09 17:06:20'),
(3, 167, 1, '2015-01-15 14:35:17', '2015-01-16 11:31:03'),
(3, 168, 1, '2015-01-20 17:14:20', '2015-01-21 14:57:47'),
(3, 169, 1, '2015-01-22 09:12:22', '2015-01-26 15:01:06'),
(3, 170, 1, '2015-01-22 09:12:43', '2015-01-26 14:59:12'),
(3, 171, 1, '2015-01-27 10:05:29', '2015-01-27 16:25:40'),
(3, 172, 1, '2015-01-28 15:38:23', '2015-01-28 16:27:52'),
(3, 173, 1, '2015-01-28 15:43:49', '2015-01-28 16:27:48'),
(3, 174, 1, '2015-01-28 16:29:15', '2015-01-28 17:06:13'),
(3, 177, 1, '2015-01-28 17:00:12', '2015-01-28 17:06:18'),
(3, 178, 1, '2015-01-29 14:03:47', '2015-01-29 14:45:24'),
(3, 179, 1, '2015-01-29 14:46:12', '2015-01-29 14:46:20'),
(3, 180, 1, '2015-01-29 15:00:59', '2015-01-29 17:06:59'),
(3, 181, 1, '2015-01-29 15:01:26', '2015-01-29 17:07:04'),
(3, 182, 1, '2015-01-30 09:14:52', '2015-02-02 11:30:49'),
(3, 183, 1, '2015-02-02 11:35:25', '2015-02-05 14:25:25'),
(4, 6, 1, '2014-01-02 08:48:29', '2014-01-06 10:01:06'),
(4, 7, 1, '2014-01-02 08:51:08', '2014-01-06 10:01:06'),
(4, 8, 1, '2014-01-02 08:51:35', '2014-01-06 10:01:06'),
(4, 9, 1, '2014-01-02 09:04:44', '2014-01-06 10:01:06'),
(4, 10, 1, '2014-01-02 09:07:38', '2014-01-06 10:01:06'),
(4, 11, 1, '2014-01-02 09:39:38', '2014-01-06 10:01:06'),
(4, 12, 1, '2014-01-03 11:06:08', '2014-01-06 10:01:06'),
(4, 13, 1, '2014-01-03 16:46:02', '2014-01-06 10:01:06'),
(4, 14, 1, '2014-01-03 16:48:24', '2014-01-06 10:01:06'),
(4, 15, 1, '2014-01-06 10:55:13', '2014-01-06 11:01:06'),
(4, 16, 1, '2014-01-06 13:14:08', '2014-01-06 15:01:06'),
(4, 17, 1, '2014-01-06 17:16:29', '2014-01-06 17:01:06'),
(4, 18, 1, '2014-01-06 17:32:03', '2014-01-06 17:01:06'),
(4, 19, 1, '2014-01-07 09:13:04', '2014-01-07 09:01:07'),
(4, 20, 1, '2014-01-07 09:31:57', '2014-01-07 09:01:07'),
(4, 21, 1, '2014-01-07 09:52:15', '2014-01-07 10:01:07'),
(4, 22, 1, '2014-01-07 10:05:16', '2014-01-07 10:01:07'),
(4, 24, 1, '2014-01-07 13:52:36', '2014-01-07 14:01:07'),
(4, 37, 1, '2014-01-15 12:38:37', '2014-01-15 14:01:15'),
(4, 40, 1, '2014-01-20 15:03:15', '2014-01-20 15:01:20'),
(4, 41, 1, '2014-01-22 12:01:49', '2014-01-22 14:01:22'),
(4, 42, 1, '2014-01-23 11:31:57', '2014-01-24 10:01:24'),
(4, 43, 1, '2014-01-24 16:11:51', '2014-01-26 10:01:26'),
(4, 44, 1, '2014-01-24 16:16:03', '2014-01-26 10:01:26'),
(4, 45, 1, '2014-01-24 16:17:46', '2014-01-26 10:01:26'),
(4, 46, 1, '2014-01-24 16:19:06', '2014-01-26 10:01:26'),
(4, 47, 1, '2014-01-26 11:07:18', '2014-01-26 11:01:26'),
(4, 48, 1, '2014-01-26 11:12:55', '2014-01-26 15:01:26'),
(4, 49, 1, '2014-01-26 11:15:42', '2014-01-26 15:01:26'),
(4, 50, 1, '2014-01-28 14:25:55', '2014-02-11 14:02:11'),
(4, 51, 1, '2014-02-08 11:32:47', '2014-02-11 14:02:11'),
(4, 52, 1, '2014-02-11 09:13:46', '2014-02-11 14:02:11'),
(4, 53, 1, '2014-02-11 09:20:47', '2014-02-11 14:02:11'),
(4, 54, 1, '2014-02-11 09:23:31', '2014-02-11 14:02:11'),
(4, 55, 1, '2014-02-12 15:20:36', '2014-02-14 09:02:14'),
(4, 57, 1, '2014-02-21 14:41:55', '2014-02-25 16:02:25'),
(4, 58, 1, '2014-02-25 16:06:06', '2014-03-03 11:03:03'),
(4, 60, 1, '2014-02-27 17:19:54', '2014-03-03 11:03:03'),
(4, 61, 1, '2014-02-27 17:33:25', '2014-03-03 11:03:03'),
(4, 62, 1, '2014-02-28 14:39:10', '2014-03-03 11:03:03'),
(4, 63, 1, '2014-02-28 16:35:22', '2014-03-03 11:03:03'),
(4, 64, 1, '2014-02-28 16:59:27', '2014-03-04 11:03:04'),
(4, 65, 1, '2014-02-28 17:08:23', '2014-03-05 10:03:05'),
(4, 66, 1, '2014-03-03 09:54:30', '2014-03-05 10:03:05'),
(4, 67, 1, '2014-03-04 17:09:51', '2014-03-05 10:03:05'),
(4, 68, 1, '2014-03-07 17:40:11', '2014-03-10 09:03:10'),
(4, 70, 1, '2014-03-11 10:16:21', '2014-03-11 16:03:11'),
(4, 71, 1, '2014-03-11 10:20:21', '2014-03-11 16:03:11'),
(4, 72, 1, '2014-03-11 10:21:41', '2014-03-11 16:03:11'),
(4, 74, 1, '2014-03-21 17:24:43', '2014-03-24 15:03:24'),
(4, 75, 1, '2014-03-21 17:25:28', '2014-03-24 15:03:24'),
(4, 76, 1, '2014-03-24 09:42:45', '2014-03-24 15:03:24'),
(4, 78, 1, '2014-03-25 09:46:29', '2014-03-25 09:03:25'),
(4, 79, 1, '2014-03-27 16:28:42', '2014-03-28 14:03:28'),
(4, 80, 1, '2014-03-28 15:48:36', '2014-03-31 10:03:31'),
(4, 81, 1, '2014-03-31 10:42:06', '2014-03-31 11:03:31'),
(4, 82, 1, '2014-04-02 10:40:20', '2014-04-03 11:04:03'),
(4, 83, 1, '2014-04-02 14:41:10', '2014-04-03 11:04:03'),
(4, 84, 1, '2014-04-03 09:22:20', '2014-04-03 11:04:03'),
(4, 85, 1, '2014-04-03 10:56:51', '2014-04-03 11:04:03'),
(4, 86, 1, '2014-04-03 10:57:25', '2014-04-03 11:04:03'),
(4, 89, 1, '2014-04-08 10:55:18', '2014-04-08 10:04:08'),
(4, 93, 1, '2014-05-05 09:02:26', '2014-05-05 11:05:05'),
(4, 95, 1, '2014-05-29 14:34:10', '2014-05-29 15:05:29'),
(4, 96, 1, '2014-05-30 17:15:09', '2014-06-03 09:06:03'),
(4, 97, 1, '2014-06-09 09:31:53', '2014-06-12 11:06:12'),
(4, 98, 1, '2014-06-09 09:34:38', '2014-06-12 11:06:12'),
(4, 99, 1, '2014-06-11 10:49:41', '2014-06-12 11:06:12'),
(4, 100, 1, '2014-06-13 11:13:32', '2014-06-13 14:06:13'),
(4, 101, 1, '2014-06-13 14:11:33', '2014-06-13 14:06:13'),
(4, 103, 1, '2014-06-17 14:39:37', '2014-06-18 09:06:18'),
(4, 104, 1, '2014-06-17 15:40:42', '2014-06-18 09:06:18'),
(4, 106, 1, '2014-06-25 17:37:03', '2014-06-26 11:06:26'),
(4, 108, 1, '2014-06-25 18:10:07', '2014-06-26 11:06:26'),
(4, 109, 1, '2014-07-01 16:28:06', '2014-07-03 09:07:03'),
(4, 111, 1, '2014-07-09 10:14:27', '2014-07-09 15:07:09'),
(4, 113, 1, '2014-07-14 09:33:22', '2014-07-14 11:07:14'),
(4, 114, 1, '2014-07-14 09:35:48', '2014-07-14 11:07:14'),
(4, 115, 1, '2014-07-16 11:03:04', '2014-07-17 10:07:17'),
(4, 116, 1, '2014-07-23 10:32:32', '2014-07-23 11:07:23'),
(4, 117, 1, '2014-07-28 16:44:47', '2014-07-30 11:07:30'),
(4, 118, 1, '2014-08-06 11:39:43', '2014-08-06 14:08:06'),
(4, 121, 1, '2014-08-29 14:20:21', '2014-09-01 10:09:01'),
(4, 123, 1, '2014-09-02 10:54:13', '2014-09-02 17:09:02'),
(4, 124, 1, '2014-09-02 10:55:02', '2014-09-02 17:09:02'),
(4, 126, 1, '2014-09-09 14:44:47', '2014-09-09 17:09:09'),
(4, 127, 1, '2014-09-19 09:06:14', '2014-09-19 15:23:24'),
(4, 131, 1, '2014-09-19 16:46:30', '2014-09-28 14:14:59'),
(4, 132, 1, '2014-09-22 15:13:58', '2014-09-28 14:15:15'),
(4, 133, 1, '2014-09-22 15:15:54', '2014-09-28 14:14:46'),
(4, 134, 1, '2014-09-24 08:50:40', '2014-09-28 14:14:25'),
(4, 135, 1, '2014-09-29 17:15:27', '2014-10-09 09:13:55'),
(4, 136, 1, '2014-09-29 17:15:38', '2014-10-09 09:14:11'),
(4, 137, 1, '2014-10-08 17:04:06', '2014-10-08 17:15:45'),
(4, 138, 1, '2014-10-08 17:32:51', '2014-10-09 09:14:04'),
(4, 139, 1, '2014-10-13 15:15:26', '2014-10-13 15:24:22'),
(4, 140, 1, '2014-10-14 10:37:14', '2014-10-17 16:03:33'),
(4, 141, 1, '2014-10-14 10:38:34', '2014-10-17 16:03:31'),
(4, 142, 1, '2014-10-24 16:59:52', '2014-10-24 17:06:23'),
(4, 143, 1, '2014-10-27 17:27:14', '2014-10-29 11:06:06'),
(4, 144, 1, '2014-10-30 14:57:02', '2014-10-31 16:42:46'),
(4, 145, 1, '2014-10-31 15:51:07', '2014-10-31 15:51:48'),
(4, 146, 1, '2014-11-10 10:41:58', '2014-11-10 10:50:52'),
(4, 147, 1, '2014-11-14 14:26:54', '2014-11-17 11:23:06'),
(4, 148, 1, '2014-11-20 09:46:57', '2014-11-20 14:05:07'),
(4, 149, 1, '2014-11-27 08:55:08', '2014-11-28 09:21:47'),
(4, 150, 1, '2014-12-10 09:39:42', '2014-12-15 16:58:20'),
(4, 151, 1, '2014-12-24 09:32:16', '2014-12-26 14:02:22'),
(4, 152, 1, '2014-12-29 09:14:27', '2015-01-20 09:26:17'),
(4, 153, 1, '2014-12-29 09:15:08', '2015-01-20 09:26:03'),
(4, 154, 1, '2015-01-04 10:12:51', '2015-01-20 09:29:30'),
(4, 155, 1, '2015-01-04 10:31:34', '2015-01-20 09:30:04'),
(4, 156, 1, '2015-01-04 10:35:20', '2015-01-20 09:30:31'),
(4, 157, 1, '2015-01-04 10:38:52', '2015-01-20 09:30:29'),
(4, 158, 1, '2015-01-06 09:31:46', '2015-01-20 09:26:08'),
(4, 159, 1, '2015-01-06 14:24:07', '2015-01-06 14:49:16'),
(4, 160, 1, '2015-01-06 15:19:15', '2015-01-20 09:29:19'),
(4, 161, 1, '2015-01-07 11:24:51', '2015-01-09 17:20:17'),
(4, 163, 1, '2015-01-09 16:58:36', '2015-01-20 09:29:39'),
(4, 164, 1, '2015-01-09 16:59:11', '2015-01-20 09:30:24'),
(4, 167, 1, '2015-01-15 14:35:17', '2015-01-20 09:30:26'),
(4, 168, 1, '2015-01-20 17:14:20', '2015-01-29 08:50:38'),
(4, 169, 1, '2015-01-22 09:12:22', '2015-01-22 17:13:03'),
(4, 170, 1, '2015-01-22 09:12:43', '2015-01-29 08:51:06'),
(4, 171, 1, '2015-01-27 10:05:29', '2015-01-29 08:50:56'),
(4, 172, 1, '2015-01-28 15:38:23', '2015-01-29 08:51:19'),
(4, 173, 1, '2015-01-28 15:43:49', '2015-01-29 08:51:16'),
(4, 174, 1, '2015-01-28 16:29:15', '2015-01-29 08:50:53'),
(4, 177, 1, '2015-01-28 17:00:12', '2015-01-29 08:50:59'),
(4, 178, 1, '2015-01-29 14:03:47', '2015-02-05 15:17:41'),
(4, 179, 1, '2015-01-29 14:46:12', '2015-02-05 15:17:43'),
(4, 180, 1, '2015-01-29 15:00:59', '2015-02-05 15:17:48'),
(4, 181, 1, '2015-01-29 15:01:26', '2015-02-05 15:17:50'),
(4, 182, 1, '2015-01-30 09:14:52', '2015-02-05 15:17:46'),
(4, 183, 1, '2015-02-02 11:35:25', '2015-02-05 11:43:15'),
(5, 6, 1, '2014-01-02 08:48:29', '2014-01-10 14:01:10'),
(5, 7, 1, '2014-01-02 08:51:08', '2014-01-10 14:01:10'),
(5, 8, 1, '2014-01-02 08:51:35', '2014-01-10 14:01:10'),
(5, 9, 1, '2014-01-02 09:04:44', '2014-01-10 14:01:10'),
(5, 10, 1, '2014-01-02 09:07:38', '2014-01-10 14:01:10'),
(5, 11, 1, '2014-01-02 09:39:38', '2014-01-03 11:01:03'),
(5, 13, 1, '2014-01-03 16:46:02', '2014-01-10 14:01:10'),
(5, 14, 1, '2014-01-03 16:48:24', '2014-01-10 14:01:10'),
(5, 15, 1, '2014-01-06 10:55:13', '2014-01-10 14:01:10'),
(5, 16, 1, '2014-01-06 13:14:08', '2014-01-10 14:01:10'),
(5, 17, 1, '2014-01-06 17:16:29', '2014-01-10 14:01:10'),
(5, 18, 1, '2014-01-06 17:32:03', '2014-01-10 14:01:10'),
(5, 19, 1, '2014-01-07 09:13:04', '2014-01-10 14:01:10'),
(5, 20, 1, '2014-01-07 09:31:57', '2014-01-10 14:01:10'),
(5, 21, 1, '2014-01-07 09:52:15', '2014-01-10 14:01:10'),
(5, 22, 1, '2014-01-07 10:05:16', '2014-01-10 14:01:10'),
(5, 24, 1, '2014-01-07 13:52:36', '2014-01-10 14:01:10'),
(5, 26, 1, '2014-01-09 09:09:47', '2014-01-09 11:01:09'),
(5, 27, 1, '2014-01-09 09:10:26', '2014-01-09 11:01:09'),
(5, 28, 1, '2014-01-09 09:11:12', '2014-01-09 11:01:09'),
(5, 29, 1, '2014-01-13 14:08:26', '2014-01-14 15:01:14'),
(5, 30, 1, '2014-01-13 14:08:58', '2014-01-14 15:01:14'),
(5, 31, 1, '2014-01-13 17:23:14', '2014-01-14 15:01:14'),
(5, 32, 1, '2014-01-14 09:41:14', '2014-01-14 15:01:14'),
(5, 33, 1, '2014-01-14 10:03:37', '2014-01-14 15:01:14'),
(5, 34, 1, '2014-01-14 10:04:12', '2014-01-14 15:01:14'),
(5, 35, 1, '2014-01-14 10:05:10', '2014-01-14 15:01:14'),
(5, 36, 1, '2014-01-14 10:27:17', '2014-01-14 15:01:14'),
(5, 37, 1, '2014-01-15 12:38:37', '2014-01-16 09:01:16'),
(5, 40, 1, '2014-01-20 15:03:15', '2014-01-26 11:01:26'),
(5, 41, 1, '2014-01-22 12:01:49', '2014-01-26 11:01:26'),
(5, 42, 1, '2014-01-23 11:31:57', '2014-01-26 14:01:26'),
(5, 43, 1, '2014-01-24 16:11:51', '2014-01-26 14:01:26'),
(5, 44, 1, '2014-01-24 16:16:03', '2014-01-26 14:01:26'),
(5, 45, 1, '2014-01-24 16:17:46', '2014-01-26 14:01:26'),
(5, 46, 1, '2014-01-24 16:19:06', '2014-01-26 14:01:26'),
(5, 47, 1, '2014-01-26 11:07:18', '2014-01-26 14:01:26'),
(5, 48, 1, '2014-01-26 11:12:55', '2014-01-26 14:01:26'),
(5, 49, 1, '2014-01-26 11:15:42', '2014-01-26 14:01:26'),
(5, 50, 1, '2014-01-28 14:25:55', '2014-02-07 15:02:07'),
(5, 51, 1, '2014-02-08 11:32:47', '2014-02-27 15:02:27'),
(5, 52, 1, '2014-02-11 09:13:46', '2014-02-27 15:02:27'),
(5, 53, 1, '2014-02-11 09:20:47', '2014-02-27 15:02:27'),
(5, 54, 1, '2014-02-11 09:23:31', '2014-02-27 15:02:27'),
(5, 55, 1, '2014-02-12 15:20:36', '2014-02-27 15:02:27'),
(5, 56, 1, '2014-02-21 09:39:33', '2014-02-27 15:02:27'),
(5, 57, 1, '2014-02-21 14:41:55', '2014-02-27 15:02:27'),
(5, 58, 1, '2014-02-25 16:06:06', '2014-02-27 15:02:27'),
(5, 59, 1, '2014-02-27 09:57:40', '2014-02-27 15:02:27'),
(5, 60, 1, '2014-02-27 17:19:54', '2014-04-22 09:04:22'),
(5, 61, 1, '2014-02-27 17:33:25', '2014-04-22 09:04:22'),
(5, 62, 1, '2014-02-28 14:39:10', '2014-02-28 14:02:28'),
(5, 63, 1, '2014-02-28 16:35:22', '2014-04-22 09:04:22'),
(5, 64, 1, '2014-02-28 16:59:27', '2014-04-22 09:04:22'),
(5, 65, 1, '2014-02-28 17:08:23', '2014-04-22 09:04:22'),
(5, 66, 1, '2014-03-03 09:54:30', '2014-04-22 09:04:22'),
(5, 68, 1, '2014-03-07 17:40:11', '2014-04-22 09:04:22'),
(5, 70, 1, '2014-03-11 10:16:21', '2014-04-22 09:04:22'),
(5, 71, 1, '2014-03-11 10:20:21', '2014-04-22 09:04:22'),
(5, 72, 1, '2014-03-11 10:21:41', '2014-04-22 09:04:22'),
(5, 73, 1, '2014-03-11 16:35:43', '2014-04-22 09:04:22'),
(5, 74, 1, '2014-03-21 17:24:43', '2014-04-22 09:04:22'),
(5, 75, 1, '2014-03-21 17:25:28', '2014-05-26 15:05:26'),
(5, 76, 1, '2014-03-24 09:42:45', '2014-04-22 09:04:22'),
(5, 78, 1, '2014-03-25 09:46:29', '2014-05-26 15:05:26'),
(5, 79, 1, '2014-03-27 16:28:42', '2014-04-22 09:04:22'),
(5, 80, 1, '2014-03-28 15:48:36', '2014-04-22 09:04:22'),
(5, 81, 1, '2014-03-31 10:42:06', '2014-04-22 09:04:22'),
(5, 82, 1, '2014-04-02 10:40:20', '2014-04-22 09:04:22'),
(5, 83, 1, '2014-04-02 14:41:10', '2014-05-26 15:05:26'),
(5, 84, 1, '2014-04-03 09:22:20', '2014-05-26 16:05:26'),
(5, 85, 1, '2014-04-03 10:56:51', '2014-05-26 16:05:26'),
(5, 86, 1, '2014-04-03 10:57:25', '2014-05-26 16:05:26'),
(5, 87, 1, '2014-04-03 11:12:02', '2014-04-22 09:04:22'),
(5, 89, 1, '2014-04-08 10:55:18', '2014-04-22 09:04:22'),
(5, 90, 1, '2014-04-08 10:58:45', '2014-04-22 09:04:22'),
(5, 91, 1, '2014-04-23 10:29:43', '2014-05-26 15:05:26'),
(5, 93, 1, '2014-05-05 09:02:26', '2014-05-26 15:05:26'),
(5, 95, 1, '2014-05-29 14:34:10', '2014-06-04 14:06:04'),
(5, 96, 1, '2014-05-30 17:15:09', '2014-06-04 14:06:04'),
(5, 97, 1, '2014-06-09 09:31:53', '2014-06-12 10:06:12'),
(5, 98, 1, '2014-06-09 09:34:38', '2014-06-10 17:06:10'),
(5, 99, 1, '2014-06-11 10:49:41', '2014-06-12 10:06:12'),
(5, 100, 1, '2014-06-13 11:13:32', '2014-06-16 15:06:16'),
(5, 101, 1, '2014-06-13 14:11:33', '2014-06-13 14:06:13'),
(5, 103, 1, '2014-06-17 14:39:37', '2014-06-17 17:06:17'),
(5, 105, 1, '2014-06-25 09:21:37', '2014-06-25 10:06:25'),
(5, 106, 1, '2014-06-25 17:37:03', '2014-06-26 14:06:26'),
(5, 107, 1, '2014-06-25 17:40:44', '2014-06-26 14:06:26'),
(5, 108, 1, '2014-06-25 18:10:07', '2014-06-26 14:06:26'),
(5, 109, 1, '2014-07-01 16:28:06', '2014-07-02 10:07:02'),
(5, 110, 1, '2014-07-03 16:47:37', '2014-07-04 10:07:04'),
(5, 111, 1, '2014-07-09 10:14:27', '2014-07-09 14:07:09'),
(5, 112, 1, '2014-07-09 15:16:24', '2014-07-09 17:07:09'),
(5, 113, 1, '2014-07-14 09:33:22', '2014-07-14 11:07:14'),
(5, 114, 1, '2014-07-14 09:35:48', '2014-07-14 11:07:14'),
(5, 115, 1, '2014-07-16 11:03:04', '2014-07-17 09:07:17'),
(5, 116, 1, '2014-07-23 10:32:32', '2014-07-24 09:07:24'),
(5, 117, 1, '2014-07-28 16:44:47', '2014-07-30 10:07:30'),
(5, 118, 1, '2014-08-06 11:39:43', '2014-08-06 11:08:06'),
(5, 119, 1, '2014-08-07 15:27:58', '2014-08-07 17:08:07'),
(5, 121, 1, '2014-08-29 14:20:21', '2014-09-01 15:09:01'),
(5, 123, 1, '2014-09-02 10:54:13', '2014-09-02 14:09:02'),
(5, 124, 1, '2014-09-02 10:55:02', '2014-09-02 14:09:02'),
(5, 125, 1, '2014-09-05 11:09:26', '2014-09-05 16:09:05'),
(5, 126, 1, '2014-09-09 14:44:47', '2014-09-09 17:09:09'),
(5, 127, 0, '2014-09-19 09:06:14', '2014-09-19 09:06:14'),
(5, 131, 0, '2014-09-19 16:46:30', '2014-09-19 16:46:30'),
(5, 132, 0, '2014-09-22 15:13:58', '2014-09-22 15:13:58'),
(5, 133, 0, '2014-09-22 15:15:54', '2014-09-22 15:15:54'),
(5, 134, 0, '2014-09-24 08:50:40', '2014-09-24 08:50:40'),
(5, 135, 0, '2014-09-29 17:15:27', '2014-09-29 17:15:27'),
(5, 136, 0, '2014-09-29 17:15:38', '2014-09-29 17:15:38'),
(5, 137, 0, '2014-10-08 17:04:06', '2014-10-08 17:04:06'),
(5, 138, 0, '2014-10-08 17:32:51', '2014-10-08 17:32:51'),
(5, 139, 0, '2014-10-13 15:15:26', '2014-10-13 15:15:26'),
(5, 140, 0, '2014-10-14 10:37:14', '2014-10-14 10:37:14'),
(5, 141, 0, '2014-10-14 10:38:34', '2014-10-14 10:38:34'),
(5, 142, 0, '2014-10-24 16:59:52', '2014-10-24 16:59:52'),
(5, 143, 0, '2014-10-27 17:27:14', '2014-10-27 17:27:14'),
(5, 144, 0, '2014-10-30 14:57:02', '2014-10-30 14:57:02'),
(5, 145, 0, '2014-10-31 15:51:07', '2014-10-31 15:51:07'),
(5, 146, 0, '2014-11-10 10:41:58', '2014-11-10 10:41:58'),
(5, 147, 0, '2014-11-14 14:26:54', '2014-11-14 14:26:54'),
(5, 148, 0, '2014-11-20 09:46:57', '2014-11-20 09:46:57'),
(5, 149, 0, '2014-11-27 08:55:08', '2014-11-27 08:55:08'),
(5, 150, 0, '2014-12-10 09:39:42', '2014-12-10 09:39:42'),
(5, 151, 0, '2014-12-24 09:32:16', '2014-12-24 09:32:16'),
(5, 152, 0, '2014-12-29 09:14:27', '2014-12-29 09:14:27'),
(5, 153, 0, '2014-12-29 09:15:08', '2014-12-29 09:15:08'),
(5, 154, 0, '2015-01-04 10:12:51', '2015-01-04 10:12:51'),
(5, 155, 0, '2015-01-04 10:31:34', '2015-01-04 10:31:34'),
(5, 156, 0, '2015-01-04 10:35:20', '2015-01-04 10:35:20'),
(5, 157, 0, '2015-01-04 10:38:52', '2015-01-04 10:38:52'),
(5, 158, 0, '2015-01-06 09:31:46', '2015-01-06 09:31:46'),
(5, 159, 0, '2015-01-06 14:24:07', '2015-01-06 14:24:07'),
(5, 160, 0, '2015-01-06 15:19:15', '2015-01-06 15:19:15'),
(5, 161, 0, '2015-01-07 11:24:51', '2015-01-07 11:24:51'),
(5, 163, 0, '2015-01-09 16:58:36', '2015-01-09 16:58:36'),
(5, 164, 0, '2015-01-09 16:59:11', '2015-01-09 16:59:11'),
(5, 167, 0, '2015-01-15 14:35:17', '2015-01-15 14:35:17'),
(5, 168, 0, '2015-01-20 17:14:20', '2015-01-20 17:14:20'),
(5, 169, 0, '2015-01-22 09:12:22', '2015-01-22 09:12:22'),
(5, 170, 0, '2015-01-22 09:12:43', '2015-01-22 09:12:43'),
(5, 171, 0, '2015-01-27 10:05:29', '2015-01-27 10:05:29'),
(5, 172, 0, '2015-01-28 15:38:23', '2015-01-28 15:38:23'),
(5, 173, 0, '2015-01-28 15:43:49', '2015-01-28 15:43:49'),
(5, 174, 0, '2015-01-28 16:29:15', '2015-01-28 16:29:15'),
(5, 177, 0, '2015-01-28 17:00:12', '2015-01-28 17:00:12'),
(5, 178, 0, '2015-01-29 14:03:47', '2015-01-29 14:03:47'),
(5, 179, 0, '2015-01-29 14:46:12', '2015-01-29 14:46:12'),
(5, 180, 0, '2015-01-29 15:00:59', '2015-01-29 15:00:59'),
(5, 181, 0, '2015-01-29 15:01:26', '2015-01-29 15:01:26'),
(5, 182, 0, '2015-01-30 09:14:52', '2015-01-30 09:14:52'),
(5, 183, 0, '2015-02-02 11:35:25', '2015-02-02 11:35:25'),
(6, 6, 1, '2014-01-02 08:48:29', '2014-01-02 08:01:02'),
(6, 7, 1, '2014-01-02 08:51:08', '2014-01-02 08:01:02'),
(6, 8, 1, '2014-01-02 08:51:35', '2014-01-02 08:01:02'),
(6, 9, 1, '2014-01-02 09:04:44', '2014-01-02 09:01:02'),
(6, 10, 1, '2014-01-02 09:07:38', '2014-01-02 09:01:02'),
(6, 12, 1, '2014-01-03 11:06:08', '2014-01-03 11:01:03'),
(6, 15, 1, '2014-01-06 10:55:13', '2014-01-06 17:01:06'),
(6, 16, 1, '2014-01-06 13:14:08', '2014-01-06 17:01:06'),
(6, 17, 1, '2014-01-06 17:16:29', '2014-01-06 17:01:06'),
(6, 18, 1, '2014-01-06 17:32:03', '2014-01-06 17:01:06'),
(6, 19, 1, '2014-01-07 09:13:04', '2014-01-07 15:01:07'),
(6, 20, 1, '2014-01-07 09:31:57', '2014-01-07 15:01:07'),
(6, 21, 1, '2014-01-07 09:52:15', '2014-01-07 15:01:07'),
(6, 22, 1, '2014-01-07 10:05:16', '2014-01-07 15:01:07'),
(6, 24, 1, '2014-01-07 13:52:36', '2014-01-07 15:01:07'),
(6, 26, 1, '2014-01-09 09:09:47', '2014-01-09 10:01:09'),
(6, 27, 1, '2014-01-09 09:10:26', '2014-01-09 10:01:09'),
(6, 28, 1, '2014-01-09 09:11:12', '2014-01-09 10:01:09'),
(6, 29, 1, '2014-01-13 14:08:26', '2014-01-13 14:01:13'),
(6, 30, 1, '2014-01-13 14:08:58', '2014-01-13 14:01:13'),
(6, 31, 1, '2014-01-13 17:23:14', '2014-01-13 17:01:13'),
(6, 32, 1, '2014-01-14 09:41:14', '2014-01-14 11:01:14'),
(6, 33, 1, '2014-01-14 10:03:37', '2014-01-14 11:01:14'),
(6, 34, 1, '2014-01-14 10:04:12', '2014-01-14 11:01:14'),
(6, 35, 1, '2014-01-14 10:05:10', '2014-01-14 11:01:14'),
(6, 36, 1, '2014-01-14 10:27:17', '2014-01-14 11:01:14'),
(6, 41, 1, '2014-01-22 12:01:49', '2014-01-22 14:01:22'),
(6, 42, 1, '2014-01-23 11:31:57', '2014-01-24 08:01:24'),
(6, 43, 1, '2014-01-24 16:11:51', '2014-01-24 17:01:24'),
(6, 44, 1, '2014-01-24 16:16:03', '2014-01-24 17:01:24'),
(6, 45, 1, '2014-01-24 16:17:46', '2014-01-24 17:01:24'),
(6, 46, 1, '2014-01-24 16:19:06', '2014-01-24 17:01:24'),
(6, 49, 1, '2014-01-26 11:15:42', '2014-01-26 11:01:26'),
(6, 52, 1, '2014-02-11 09:13:46', '2014-02-11 09:02:11'),
(6, 53, 1, '2014-02-11 09:20:47', '2014-02-11 14:02:11'),
(6, 54, 1, '2014-02-11 09:23:31', '2014-02-11 14:02:11'),
(6, 56, 1, '2014-02-21 09:39:33', '2014-02-21 09:02:21'),
(6, 58, 1, '2014-02-25 16:06:06', '2014-02-26 09:02:26'),
(6, 59, 1, '2014-02-27 09:57:40', '2014-02-27 15:02:27'),
(6, 60, 1, '2014-02-27 17:19:54', '2014-02-28 14:02:28'),
(6, 62, 1, '2014-02-28 14:39:10', '2014-02-28 14:02:28'),
(6, 63, 1, '2014-02-28 16:35:22', '2014-03-03 14:03:03'),
(6, 64, 1, '2014-02-28 16:59:27', '2014-03-03 14:03:03'),
(6, 65, 1, '2014-02-28 17:08:23', '2014-03-03 14:03:03'),
(6, 66, 1, '2014-03-03 09:54:30', '2014-03-03 10:03:03'),
(6, 67, 1, '2014-03-04 17:09:51', '2014-03-04 17:03:04'),
(6, 70, 1, '2014-03-11 10:16:21', '2014-03-11 12:03:11'),
(6, 71, 1, '2014-03-11 10:20:21', '2014-03-11 12:03:11'),
(6, 72, 1, '2014-03-11 10:21:41', '2014-03-11 12:03:11'),
(6, 73, 1, '2014-03-11 16:35:43', '2014-03-11 17:03:11'),
(6, 76, 1, '2014-03-24 09:42:45', '2014-03-24 11:03:24'),
(6, 81, 1, '2014-03-31 10:42:06', '2014-03-31 11:03:31'),
(6, 82, 1, '2014-04-02 10:40:20', '2014-04-02 11:04:02'),
(6, 87, 1, '2014-04-03 11:12:02', '2014-04-03 11:04:03'),
(6, 89, 1, '2014-04-08 10:55:18', '2014-04-08 17:04:08'),
(6, 90, 1, '2014-04-08 10:58:45', '2014-04-08 17:04:08'),
(6, 91, 1, '2014-04-23 10:29:43', '2014-04-23 10:04:23'),
(6, 99, 1, '2014-06-11 10:49:41', '2014-06-11 11:06:11'),
(6, 100, 1, '2014-06-13 11:13:32', '2014-06-13 11:06:13'),
(6, 101, 1, '2014-06-13 14:11:33', '2014-06-13 16:06:13'),
(6, 103, 1, '2014-06-17 14:39:37', '2014-06-17 15:06:17'),
(6, 104, 1, '2014-06-17 15:40:42', '2014-06-18 10:06:18'),
(6, 105, 1, '2014-06-25 09:21:37', '2014-06-25 10:06:25'),
(6, 107, 1, '2014-06-25 17:40:44', '2014-06-25 17:06:25'),
(6, 108, 1, '2014-06-25 18:10:07', '2014-06-25 18:06:25'),
(6, 110, 1, '2014-07-03 16:47:37', '2014-07-03 16:07:03'),
(6, 112, 1, '2014-07-09 15:16:24', '2014-07-09 16:07:09'),
(6, 115, 1, '2014-07-16 11:03:04', '2014-07-16 11:07:16'),
(6, 119, 1, '2014-08-07 15:27:58', '2014-08-08 09:08:08'),
(6, 125, 1, '2014-09-05 11:09:26', '2014-09-05 11:09:05'),
(6, 127, 1, '2014-09-19 09:06:14', '2014-09-19 09:28:01'),
(6, 131, 1, '2014-09-19 16:46:30', '2014-09-19 17:30:10'),
(6, 132, 1, '2014-09-22 15:13:58', '2014-09-29 09:22:57'),
(6, 133, 1, '2014-09-22 15:15:54', '2014-09-29 09:22:07'),
(6, 134, 1, '2014-09-24 08:50:40', '2014-09-29 09:22:03'),
(6, 135, 1, '2014-09-29 17:15:27', '2014-09-29 17:16:21'),
(6, 136, 1, '2014-09-29 17:15:38', '2014-09-29 17:16:24'),
(6, 137, 1, '2014-10-08 17:04:06', '2014-10-08 17:04:44'),
(6, 138, 1, '2014-10-08 17:32:51', '2014-10-09 09:14:46'),
(6, 139, 1, '2014-10-13 15:15:26', '2014-10-13 17:12:58'),
(6, 140, 1, '2014-10-14 10:37:14', '2014-10-14 14:26:16'),
(6, 141, 1, '2014-10-14 10:38:34', '2014-10-14 14:24:12'),
(6, 142, 1, '2014-10-24 16:59:52', '2014-10-27 10:30:15'),
(6, 143, 1, '2014-10-27 17:27:14', '2014-10-28 16:25:40'),
(6, 144, 1, '2014-10-30 14:57:02', '2014-10-30 14:57:09'),
(6, 145, 1, '2014-10-31 15:51:07', '2014-10-31 15:51:30'),
(6, 146, 1, '2014-11-10 10:41:58', '2014-11-10 10:42:21'),
(6, 147, 1, '2014-11-14 14:26:54', '2014-11-14 14:54:35'),
(6, 148, 1, '2014-11-20 09:46:57', '2014-11-20 09:47:03'),
(6, 149, 1, '2014-11-27 08:55:08', '2014-11-27 08:55:16'),
(6, 150, 1, '2014-12-10 09:39:42', '2014-12-10 10:36:12'),
(6, 151, 1, '2014-12-24 09:32:16', '2014-12-24 09:36:52'),
(6, 152, 1, '2014-12-29 09:14:27', '2015-01-06 11:05:59'),
(6, 153, 1, '2014-12-29 09:15:08', '2015-01-06 11:05:55'),
(6, 154, 1, '2015-01-04 10:12:51', '2015-01-06 12:47:05'),
(6, 155, 1, '2015-01-04 10:31:34', '2015-01-06 12:46:03'),
(6, 156, 1, '2015-01-04 10:35:20', '2015-01-06 12:49:15'),
(6, 157, 1, '2015-01-04 10:38:52', '2015-01-06 12:49:20'),
(6, 158, 1, '2015-01-06 09:31:46', '2015-01-06 11:05:50'),
(6, 159, 1, '2015-01-06 14:24:07', '2015-01-06 15:23:33'),
(6, 160, 1, '2015-01-06 15:19:15', '2015-01-06 15:23:24'),
(6, 161, 1, '2015-01-07 11:24:51', '2015-01-08 09:02:29'),
(6, 163, 1, '2015-01-09 16:58:36', '2015-01-09 16:59:24'),
(6, 164, 1, '2015-01-09 16:59:11', '2015-01-09 16:59:21'),
(6, 167, 1, '2015-01-15 14:35:17', '2015-01-15 14:35:56'),
(6, 168, 1, '2015-01-20 17:14:20', '2015-01-21 15:01:54'),
(6, 169, 1, '2015-01-22 09:12:22', '2015-01-22 09:17:10'),
(6, 170, 1, '2015-01-22 09:12:43', '2015-01-22 09:17:14'),
(6, 171, 1, '2015-01-27 10:05:29', '2015-01-28 13:51:05'),
(6, 172, 1, '2015-01-28 15:38:23', '2015-01-28 15:43:15'),
(6, 173, 1, '2015-01-28 15:43:49', '2015-01-28 15:53:43'),
(6, 174, 1, '2015-01-28 16:29:15', '2015-01-28 16:38:17'),
(6, 177, 1, '2015-01-28 17:00:12', '2015-01-29 08:58:00'),
(6, 178, 1, '2015-01-29 14:03:47', '2015-01-29 15:06:41'),
(6, 179, 1, '2015-01-29 14:46:12', '2015-01-29 14:57:46'),
(6, 180, 1, '2015-01-29 15:00:59', '2015-01-29 15:06:45'),
(6, 181, 1, '2015-01-29 15:01:26', '2015-01-29 15:06:48'),
(6, 182, 1, '2015-01-30 09:14:52', '2015-01-30 14:06:14'),
(6, 183, 1, '2015-02-02 11:35:25', '2015-02-02 11:35:33'),
(7, 6, 1, '2014-01-02 08:48:29', '2014-01-02 15:01:02'),
(7, 7, 1, '2014-01-02 08:51:08', '2014-01-03 09:01:03'),
(7, 8, 1, '2014-01-02 08:51:35', '2014-01-03 09:01:03'),
(7, 9, 1, '2014-01-02 09:04:44', '2014-01-03 10:01:03'),
(7, 10, 1, '2014-01-02 09:07:38', '2014-01-03 10:01:03'),
(7, 11, 1, '2014-01-02 09:39:38', '2014-01-03 09:01:03'),
(7, 12, 1, '2014-01-03 11:06:08', '2014-01-06 16:01:06'),
(7, 13, 1, '2014-01-03 16:46:02', '2014-01-07 15:01:07'),
(7, 14, 1, '2014-01-03 16:48:24', '2014-01-07 15:01:07'),
(7, 15, 1, '2014-01-06 10:55:13', '2014-01-07 16:01:07'),
(7, 16, 1, '2014-01-06 13:14:08', '2014-01-07 16:01:07'),
(7, 17, 1, '2014-01-06 17:16:29', '2014-01-07 16:01:07'),
(7, 18, 1, '2014-01-06 17:32:03', '2014-01-07 16:01:07'),
(7, 19, 1, '2014-01-07 09:13:04', '2014-01-07 16:01:07'),
(7, 20, 1, '2014-01-07 09:31:57', '2014-01-08 10:01:08'),
(7, 21, 1, '2014-01-07 09:52:15', '2014-01-08 10:01:08'),
(7, 22, 1, '2014-01-07 10:05:16', '2014-01-08 10:01:08'),
(7, 24, 1, '2014-01-07 13:52:36', '2014-01-08 10:01:08'),
(7, 26, 1, '2014-01-09 09:09:47', '2014-01-09 09:01:09'),
(7, 27, 1, '2014-01-09 09:10:26', '2014-01-09 10:01:09'),
(7, 28, 1, '2014-01-09 09:11:12', '2014-01-09 10:01:09'),
(7, 29, 1, '2014-01-13 14:08:26', '2014-01-13 14:01:13'),
(7, 30, 1, '2014-01-13 14:08:58', '2014-01-13 15:01:13'),
(7, 31, 1, '2014-01-13 17:23:14', '2014-01-13 17:01:13'),
(7, 32, 1, '2014-01-14 09:41:14', '2014-01-14 09:01:14'),
(7, 33, 1, '2014-01-14 10:03:37', '2014-01-15 10:01:15'),
(7, 34, 1, '2014-01-14 10:04:12', '2014-01-15 11:01:15'),
(7, 35, 1, '2014-01-14 10:05:10', '2014-01-15 11:01:15'),
(7, 36, 1, '2014-01-14 10:27:17', '2014-01-15 11:01:15'),
(7, 37, 1, '2014-01-15 12:38:37', '2014-01-15 13:01:15'),
(7, 40, 1, '2014-01-20 15:03:15', '2014-01-20 15:01:20'),
(7, 42, 1, '2014-01-23 11:31:57', '2014-01-23 16:01:23'),
(7, 43, 1, '2014-01-24 16:11:51', '2014-01-26 09:01:26'),
(7, 44, 1, '2014-01-24 16:16:03', '2014-01-26 09:01:26'),
(7, 45, 1, '2014-01-24 16:17:46', '2014-01-26 09:01:26'),
(7, 46, 1, '2014-01-24 16:19:06', '2014-01-26 09:01:26'),
(7, 47, 1, '2014-01-26 11:07:18', '2014-01-28 11:01:28'),
(7, 48, 1, '2014-01-26 11:12:55', '2014-01-28 11:01:28'),
(7, 50, 1, '2014-01-28 14:25:55', '2014-01-28 15:01:28'),
(7, 51, 1, '2014-02-08 11:32:47', '2014-02-17 15:02:17'),
(7, 52, 1, '2014-02-11 09:13:46', '2014-02-17 17:02:17'),
(7, 53, 1, '2014-02-11 09:20:47', '2014-02-17 17:02:17'),
(7, 54, 1, '2014-02-11 09:23:31', '2014-02-17 17:02:17'),
(7, 55, 1, '2014-02-12 15:20:36', '2014-02-17 17:02:17'),
(7, 56, 1, '2014-02-21 09:39:33', '2014-02-21 14:02:21'),
(7, 57, 1, '2014-02-21 14:41:55', '2014-02-21 16:02:21'),
(7, 58, 1, '2014-02-25 16:06:06', '2014-02-26 08:02:26'),
(7, 59, 1, '2014-02-27 09:57:40', '2014-02-27 12:02:27'),
(7, 60, 1, '2014-02-27 17:19:54', '2014-02-28 10:02:28'),
(7, 61, 1, '2014-02-27 17:33:25', '2014-02-28 11:02:28'),
(7, 62, 1, '2014-02-28 14:39:10', '2014-02-28 14:02:28'),
(7, 63, 1, '2014-02-28 16:35:22', '2014-03-03 10:03:03'),
(7, 64, 1, '2014-02-28 16:59:27', '2014-03-03 10:03:03'),
(7, 65, 1, '2014-02-28 17:08:23', '2014-03-03 10:03:03'),
(7, 66, 1, '2014-03-03 09:54:30', '2014-03-03 10:03:03'),
(7, 67, 1, '2014-03-04 17:09:51', '2014-03-05 09:03:05'),
(7, 68, 1, '2014-03-07 17:40:11', '2014-03-10 09:03:10'),
(7, 70, 1, '2014-03-11 10:16:21', '2014-03-11 11:03:11'),
(7, 71, 1, '2014-03-11 10:20:21', '2014-03-11 11:03:11'),
(7, 72, 1, '2014-03-11 10:21:41', '2014-03-11 11:03:11'),
(7, 73, 1, '2014-03-11 16:35:43', '2014-03-12 08:03:12'),
(7, 74, 1, '2014-03-21 17:24:43', '2014-03-24 08:03:24'),
(7, 75, 1, '2014-03-21 17:25:28', '2014-03-24 08:03:24'),
(7, 78, 1, '2014-03-25 09:46:29', '2014-03-25 10:03:25'),
(7, 79, 1, '2014-03-27 16:28:42', '2014-03-28 14:03:28'),
(7, 80, 1, '2014-03-28 15:48:36', '2014-03-28 17:03:28'),
(7, 81, 1, '2014-03-31 10:42:06', '2014-03-31 15:03:31'),
(7, 82, 1, '2014-04-02 10:40:20', '2014-04-08 09:04:08'),
(7, 83, 1, '2014-04-02 14:41:10', '2014-04-08 09:04:08'),
(7, 84, 1, '2014-04-03 09:22:20', '2014-04-10 09:04:10'),
(7, 85, 1, '2014-04-03 10:56:51', '2014-04-08 09:04:08'),
(7, 86, 1, '2014-04-03 10:57:25', '2014-04-08 09:04:08'),
(7, 87, 1, '2014-04-03 11:12:02', '2014-04-10 10:04:10'),
(7, 89, 1, '2014-04-08 10:55:18', '2014-04-08 11:04:08'),
(7, 90, 1, '2014-04-08 10:58:45', '2014-04-08 11:04:08'),
(7, 91, 1, '2014-04-23 10:29:43', '2014-04-23 11:04:23'),
(7, 93, 1, '2014-05-05 09:02:26', '2014-05-06 09:05:06'),
(7, 95, 1, '2014-05-29 14:34:10', '2014-05-30 11:05:30'),
(7, 96, 1, '2014-05-30 17:15:09', '2014-06-03 09:06:03'),
(7, 97, 1, '2014-06-09 09:31:53', '2014-06-09 14:06:09'),
(7, 98, 1, '2014-06-09 09:34:38', '2014-06-09 14:06:09'),
(7, 99, 1, '2014-06-11 10:49:41', '2014-06-11 14:06:11'),
(7, 100, 1, '2014-06-13 11:13:32', '2014-06-13 14:06:13'),
(7, 103, 1, '2014-06-17 14:39:37', '2014-06-18 16:06:18'),
(7, 104, 1, '2014-06-17 15:40:42', '2014-06-18 16:06:18'),
(7, 105, 1, '2014-06-25 09:21:37', '2014-06-25 09:06:25'),
(7, 106, 1, '2014-06-25 17:37:03', '2014-06-26 11:06:26'),
(7, 107, 1, '2014-06-25 17:40:44', '2014-06-26 11:06:26'),
(7, 108, 1, '2014-06-25 18:10:07', '2014-06-26 11:06:26'),
(7, 109, 1, '2014-07-01 16:28:06', '2014-07-02 14:07:02'),
(7, 110, 1, '2014-07-03 16:47:37', '2014-07-04 09:07:04'),
(7, 111, 1, '2014-07-09 10:14:27', '2014-07-09 11:07:09'),
(7, 112, 1, '2014-07-09 15:16:24', '2014-07-09 15:07:09'),
(7, 113, 1, '2014-07-14 09:33:22', '2014-07-14 09:07:14'),
(7, 114, 1, '2014-07-14 09:35:48', '2014-07-14 09:07:14'),
(7, 115, 1, '2014-07-16 11:03:04', '2014-07-16 15:07:16'),
(7, 116, 1, '2014-07-23 10:32:32', '2014-07-23 14:07:23'),
(7, 117, 1, '2014-07-28 16:44:47', '2014-07-29 10:07:29'),
(7, 118, 1, '2014-08-06 11:39:43', '2014-08-06 16:08:06'),
(7, 119, 1, '2014-08-07 15:27:58', '2014-08-08 08:08:08'),
(7, 121, 1, '2014-08-29 14:20:21', '2014-08-29 14:08:29'),
(7, 123, 1, '2014-09-02 10:54:13', '2014-09-09 11:09:09'),
(7, 124, 1, '2014-09-02 10:55:02', '2014-09-09 11:09:09'),
(7, 125, 1, '2014-09-05 11:09:26', '2014-09-09 11:09:09'),
(7, 126, 1, '2014-09-09 14:44:47', '2014-09-10 14:09:10'),
(7, 127, 1, '2014-09-19 09:06:14', '2014-10-28 14:29:18'),
(7, 131, 1, '2014-09-19 16:46:30', '2014-10-28 14:28:30'),
(7, 132, 1, '2014-09-22 15:13:58', '2014-11-25 15:55:36'),
(7, 133, 1, '2014-09-22 15:15:54', '2014-11-25 15:35:44'),
(7, 134, 1, '2014-09-24 08:50:40', '2014-11-25 11:49:19'),
(7, 135, 1, '2014-09-29 17:15:27', '2014-11-25 11:53:23'),
(7, 136, 1, '2014-09-29 17:15:38', '2014-11-25 14:59:42'),
(7, 137, 1, '2014-10-08 17:04:06', '2014-10-29 17:25:50'),
(7, 138, 1, '2014-10-08 17:32:51', '2014-10-28 14:28:53'),
(7, 139, 1, '2014-10-13 15:15:26', '2014-11-25 15:02:48'),
(7, 140, 1, '2014-10-14 10:37:14', '2014-10-22 09:33:56'),
(7, 141, 1, '2014-10-14 10:38:34', '2014-11-25 14:38:59'),
(7, 142, 1, '2014-10-24 16:59:52', '2014-10-27 09:09:59'),
(7, 143, 1, '2014-10-27 17:27:14', '2014-11-25 14:58:37'),
(7, 144, 1, '2014-10-30 14:57:02', '2014-11-25 15:53:44'),
(7, 145, 1, '2014-10-31 15:51:07', '2014-11-06 16:46:15'),
(7, 146, 1, '2014-11-10 10:41:58', '2014-11-25 15:38:16'),
(7, 147, 1, '2014-11-14 14:26:54', '2014-11-25 11:54:03'),
(7, 148, 1, '2014-11-20 09:46:57', '2014-11-25 11:50:56'),
(7, 149, 1, '2014-11-27 08:55:08', '2014-11-27 09:23:31'),
(7, 150, 1, '2014-12-10 09:39:42', '2014-12-11 09:40:52'),
(7, 151, 1, '2014-12-24 09:32:16', '2014-12-24 09:33:59'),
(7, 152, 1, '2014-12-29 09:14:27', '2014-12-29 11:15:15'),
(7, 153, 1, '2014-12-29 09:15:08', '2015-01-20 11:46:52'),
(7, 154, 1, '2015-01-04 10:12:51', '2015-01-20 10:26:12'),
(7, 155, 1, '2015-01-04 10:31:34', '2015-01-20 11:15:15'),
(7, 156, 1, '2015-01-04 10:35:20', '2015-01-20 11:36:36'),
(7, 157, 1, '2015-01-04 10:38:52', '2015-01-20 10:46:48'),
(7, 158, 1, '2015-01-06 09:31:46', '2015-01-06 15:15:53'),
(7, 159, 1, '2015-01-06 14:24:07', '2015-01-15 10:27:52'),
(7, 160, 1, '2015-01-06 15:19:15', '2015-01-15 16:19:10'),
(7, 161, 1, '2015-01-07 11:24:51', '2015-01-20 11:39:07'),
(7, 163, 1, '2015-01-09 16:58:36', '2015-01-20 10:26:06'),
(7, 164, 1, '2015-01-09 16:59:11', '2015-01-20 10:58:30'),
(7, 167, 1, '2015-01-15 14:35:17', '2015-01-20 11:01:19'),
(7, 168, 1, '2015-01-20 17:14:20', '2015-01-22 10:27:49'),
(7, 169, 1, '2015-01-22 09:12:22', '2015-01-22 10:00:50'),
(7, 170, 1, '2015-01-22 09:12:43', '2015-01-22 10:00:27'),
(7, 171, 1, '2015-01-27 10:05:29', '2015-01-28 10:24:30'),
(7, 172, 1, '2015-01-28 15:38:23', '2015-01-29 10:49:50'),
(7, 173, 1, '2015-01-28 15:43:49', '2015-01-29 10:33:57'),
(7, 174, 1, '2015-01-28 16:29:15', '2015-01-29 11:20:54'),
(7, 177, 1, '2015-01-28 17:00:12', '2015-01-29 11:21:01'),
(7, 178, 1, '2015-01-29 14:03:47', '2015-01-29 14:44:42'),
(7, 179, 1, '2015-01-29 14:46:12', '2015-01-29 15:14:16'),
(7, 180, 1, '2015-01-29 15:00:59', '2015-01-29 15:13:14'),
(7, 181, 1, '2015-01-29 15:01:26', '2015-01-29 15:13:32'),
(7, 182, 1, '2015-01-30 09:14:52', '2015-02-02 11:44:48'),
(7, 183, 1, '2015-02-02 11:35:25', '2015-02-10 08:56:21'),
(9, 95, 1, '2014-05-29 14:34:10', '2014-06-04 09:06:04'),
(9, 96, 1, '2014-05-30 17:15:09', '2014-06-04 09:06:04'),
(9, 97, 1, '2014-06-09 09:31:53', '2014-06-09 09:06:09'),
(9, 98, 1, '2014-06-09 09:34:38', '2014-06-09 09:06:09'),
(9, 99, 1, '2014-06-11 10:49:41', '2014-06-11 14:06:11'),
(9, 100, 1, '2014-06-13 11:13:32', '2014-06-13 11:06:13'),
(9, 101, 1, '2014-06-13 14:11:33', '2014-06-13 15:06:13'),
(9, 103, 1, '2014-06-17 14:39:37', '2014-06-17 14:06:17'),
(9, 104, 1, '2014-06-17 15:40:42', '2014-06-17 16:06:17'),
(9, 105, 1, '2014-06-25 09:21:37', '2014-06-25 10:06:25'),
(9, 106, 1, '2014-06-25 17:37:03', '2014-06-25 18:06:25'),
(9, 107, 1, '2014-06-25 17:40:44', '2014-06-25 18:06:25'),
(9, 109, 1, '2014-07-01 16:28:06', '2014-07-01 16:07:01'),
(9, 110, 1, '2014-07-03 16:47:37', '2014-07-03 16:07:03'),
(9, 111, 1, '2014-07-09 10:14:27', '2014-07-09 10:07:09'),
(9, 112, 1, '2014-07-09 15:16:24', '2014-07-09 15:07:09'),
(9, 113, 1, '2014-07-14 09:33:22', '2014-07-14 09:07:14'),
(9, 114, 1, '2014-07-14 09:35:48', '2014-07-14 09:07:14'),
(9, 116, 1, '2014-07-23 10:32:32', '2014-07-23 10:07:23'),
(9, 117, 1, '2014-07-28 16:44:47', '2014-07-28 16:07:28'),
(9, 118, 1, '2014-08-06 11:39:43', '2014-08-06 14:08:06'),
(9, 119, 1, '2014-08-07 15:27:58', '2014-08-07 15:08:07'),
(9, 121, 1, '2014-08-29 14:20:21', '2014-08-29 14:08:29'),
(9, 123, 1, '2014-09-02 10:54:13', '2014-09-02 11:09:02'),
(9, 124, 1, '2014-09-02 10:55:02', '2014-09-02 11:09:02'),
(9, 125, 1, '2014-09-05 11:09:26', '2014-09-05 11:09:05'),
(9, 126, 1, '2014-09-09 14:44:47', '2014-09-09 16:09:09'),
(9, 127, 1, '2014-09-19 09:06:14', '2014-09-19 09:09:07'),
(9, 131, 1, '2014-09-19 16:46:30', '2014-09-19 17:34:03'),
(9, 132, 1, '2014-09-22 15:13:58', '2014-09-23 09:03:03'),
(9, 133, 1, '2014-09-22 15:15:54', '2014-09-23 09:02:42'),
(9, 134, 1, '2014-09-24 08:50:40', '2014-09-24 08:50:49'),
(9, 135, 1, '2014-09-29 17:15:27', '2014-09-29 17:31:20'),
(9, 136, 1, '2014-09-29 17:15:38', '2014-09-29 17:31:24'),
(9, 137, 1, '2014-10-08 17:04:06', '2014-10-09 08:51:09'),
(9, 138, 1, '2014-10-08 17:32:51', '2014-10-09 09:03:11'),
(9, 139, 1, '2014-10-13 15:15:26', '2014-10-13 17:02:27'),
(9, 140, 1, '2014-10-14 10:37:14', '2014-10-14 10:38:43'),
(9, 141, 1, '2014-10-14 10:38:34', '2014-10-14 10:38:50'),
(9, 142, 1, '2014-10-24 16:59:52', '2014-10-24 17:33:01'),
(9, 143, 1, '2014-10-27 17:27:14', '2014-10-27 17:38:58'),
(9, 144, 1, '2014-10-30 14:57:02', '2014-10-30 15:05:40'),
(9, 145, 1, '2014-10-31 15:51:07', '2014-10-31 15:52:17'),
(9, 146, 1, '2014-11-10 10:41:58', '2014-11-10 11:16:16'),
(9, 147, 1, '2014-11-14 14:26:54', '2014-11-14 14:40:45'),
(9, 148, 1, '2014-11-20 09:46:57', '2014-11-20 09:53:50'),
(9, 149, 1, '2014-11-27 08:55:08', '2014-11-27 09:14:15'),
(9, 150, 1, '2014-12-10 09:39:42', '2014-12-10 09:44:31'),
(9, 151, 1, '2014-12-24 09:32:16', '2014-12-24 09:33:24'),
(9, 152, 1, '2014-12-29 09:14:27', '2014-12-29 09:24:29'),
(9, 153, 1, '2014-12-29 09:15:08', '2014-12-29 09:24:25'),
(9, 154, 1, '2015-01-04 10:12:51', '2015-01-04 11:15:43'),
(9, 155, 1, '2015-01-04 10:31:34', '2015-01-04 11:15:48'),
(9, 156, 1, '2015-01-04 10:35:20', '2015-01-04 11:15:36'),
(9, 157, 1, '2015-01-04 10:38:52', '2015-01-04 11:16:32'),
(9, 158, 1, '2015-01-06 09:31:46', '2015-01-06 09:35:55'),
(9, 159, 1, '2015-01-06 14:24:07', '2015-01-06 14:24:26'),
(9, 160, 1, '2015-01-06 15:19:15', '2015-01-06 15:20:40'),
(9, 161, 1, '2015-01-07 11:24:51', '2015-01-07 11:55:36'),
(9, 163, 1, '2015-01-09 16:58:36', '2015-01-09 17:03:05'),
(9, 164, 1, '2015-01-09 16:59:11', '2015-01-09 17:20:13'),
(9, 167, 1, '2015-01-15 14:35:17', '2015-01-15 14:43:57'),
(9, 168, 1, '2015-01-20 17:14:20', '2015-01-20 17:14:39'),
(9, 169, 1, '2015-01-22 09:12:22', '2015-01-22 09:15:15'),
(9, 170, 1, '2015-01-22 09:12:43', '2015-01-22 09:13:50'),
(9, 171, 1, '2015-01-27 10:05:29', '2015-01-27 10:17:34'),
(9, 172, 1, '2015-01-28 15:38:23', '2015-01-28 15:54:36'),
(9, 173, 1, '2015-01-28 15:43:49', '2015-01-28 15:54:39'),
(9, 174, 1, '2015-01-28 16:29:15', '2015-01-28 16:49:33'),
(9, 177, 1, '2015-01-28 17:00:12', '2015-01-28 17:23:43'),
(9, 178, 1, '2015-01-29 14:03:47', '2015-01-29 14:10:36'),
(9, 179, 1, '2015-01-29 14:46:12', '2015-01-29 15:48:07'),
(9, 180, 1, '2015-01-29 15:00:59', '2015-01-29 18:50:56'),
(9, 181, 1, '2015-01-29 15:01:26', '2015-01-29 18:51:00'),
(9, 182, 1, '2015-01-30 09:14:52', '2015-01-30 10:01:42'),
(9, 183, 1, '2015-02-02 11:35:25', '2015-02-02 14:26:47');

-- --------------------------------------------------------

--
-- 表的结构 `cbd_project`
--

CREATE TABLE IF NOT EXISTS `cbd_project` (
  `id` int(11) NOT NULL AUTO_INCREMENT,
  `org_id` int(11) NOT NULL COMMENT '机构ID',
  `land_id` int(11) NOT NULL COMMENT '地块ID',
  `name` varchar(30) NOT NULL COMMENT '项目名称',
  `s_price` int(11) DEFAULT NULL COMMENT '地价单价',
  `t_price` decimal(5,2) DEFAULT NULL COMMENT '购地总价（亿元）',
  `buy_date` date DEFAULT NULL COMMENT '购地日期',
  `invest_value` decimal(5,2) DEFAULT NULL COMMENT '投资额',
  `finish_date` date DEFAULT NULL COMMENT '预计完成时间',
  `create_time` datetime NOT NULL DEFAULT CURRENT_TIMESTAMP,
  `update_time` datetime NOT NULL DEFAULT CURRENT_TIMESTAMP,
  PRIMARY KEY (`id`)
) ENGINE=InnoDB  DEFAULT CHARSET=utf8 COMMENT='项目表' AUTO_INCREMENT=17 ;

--
-- 转存表中的数据 `cbd_project`
--

INSERT INTO `cbd_project` (`id`, `org_id`, `land_id`, `name`, `s_price`, `t_price`, `buy_date`, `invest_value`, `finish_date`, `create_time`, `update_time`) VALUES
(1, 2, 22, '金融城起步区棠下村集体物业复建项目', 0, '0.00', '0000-00-00', '6.00', '2017-09-01', '2014-01-16 16:35:07', '2014-01-16 16:35:07'),
(2, 16, 23, '金融城起步区石东村集体物业复建项目', 0, '0.00', NULL, '3.50', '2017-06-01', '2014-01-16 16:41:52', '2014-01-16 16:41:52'),
(3, 17, 87, '金融城起步区车陂村集体物业复建项目', 0, '0.00', NULL, '1.50', '2018-01-01', '2014-01-16 16:52:36', '2014-01-16 16:52:36'),
(4, 2, 80, '金融城起步区棠下新墟村民住宅复建项目', 0, '0.00', NULL, '10.00', '2016-12-31', '2014-01-16 16:54:07', '2014-01-16 16:54:07'),
(5, 2, 84, '金融城起步区棠下集体物业复建项目', 0, '0.00', NULL, '4.00', '2017-05-31', '2014-01-16 16:55:57', '2014-01-16 16:55:57'),
(6, 2, 86, '金融城起步区棠下集体物业复建项目', 0, '0.00', NULL, '2.00', '2017-05-31', '2014-01-16 16:56:47', '2014-01-16 16:56:47'),
(7, 18, 2, '长江大厦', 17762, '39.90', '2013-02-07', '100.00', '2016-02-01', '2014-01-20 15:21:51', '2014-01-20 15:21:51'),
(8, 19, 8, 'A003项目', 12551, '32.00', '2013-02-07', '32.00', '2016-01-02', '2014-01-20 15:56:21', '2014-01-20 15:56:21'),
(9, 20, 12, '金融城绿地中心', 12551, '64.00', '2013-02-07', '40.00', '2016-12-31', '2014-02-18 10:27:35', '2014-02-18 10:27:35'),
(10, 21, 13, 'A005-2地块项目', 12551, '64.00', '2013-02-07', '0.00', '2016-12-31', '2014-02-18 10:31:19', '2014-02-18 10:31:19'),
(11, 22, 17, 'A007-1地块项目', 12413, '26.00', '2013-02-07', '0.00', '2016-12-31', '2014-02-18 10:33:10', '2014-02-18 10:33:10'),
(12, 23, 18, 'A007-2地块项目', 12413, '26.00', '2013-02-07', '35.00', '2016-12-31', '2014-02-18 10:51:08', '2014-02-18 10:51:08'),
(13, 24, 33, '南粤银行项目', 19078, '18.21', '2013-08-26', '0.00', '2016-12-31', '2014-02-18 10:54:31', '2014-02-18 10:54:31'),
(14, 25, 38, '万联+国际控股项目', 18723, '14.08', '2013-08-26', '0.00', '2016-12-31', '2014-02-18 10:58:01', '2014-02-18 10:58:01'),
(15, 26, 40, '平安不动产项目', 14910, '10.97', '2013-08-26', '0.00', '2016-12-31', '2014-02-18 11:11:14', '2014-02-18 11:11:14'),
(16, 27, 42, '新华人寿项目', 13195, '13.52', '2013-08-26', '0.00', '2016-12-31', '2014-02-18 11:20:29', '2014-02-18 11:20:29');

-- --------------------------------------------------------

--
-- 表的结构 `cbd_protrack`
--

CREATE TABLE IF NOT EXISTS `cbd_protrack` (
  `id` int(11) NOT NULL AUTO_INCREMENT,
  `pro_id` int(11) NOT NULL COMMENT '项目id，对应项目表中的一项',
  `user_id` int(11) NOT NULL COMMENT '跟进人id，对应跟进人',
  `track_info` varchar(300) NOT NULL COMMENT '跟进情况',
  `track_date` date NOT NULL COMMENT '跟进时间',
  `create_time` datetime NOT NULL DEFAULT CURRENT_TIMESTAMP,
  `update_time` datetime NOT NULL DEFAULT CURRENT_TIMESTAMP,
  PRIMARY KEY (`id`),
  KEY `pro_id` (`pro_id`),
  KEY `user_id` (`user_id`)
) ENGINE=InnoDB  DEFAULT CHARSET=utf8 COMMENT='项目跟进表' AUTO_INCREMENT=172 ;

--
-- 转存表中的数据 `cbd_protrack`
--

INSERT INTO `cbd_protrack` (`id`, `pro_id`, `user_id`, `track_info`, `track_date`, `create_time`, `update_time`) VALUES
(3, 7, 3, '已缴清土地出让金，目前正在修改修建性详细规划，正在准备基坑施工，计划于今年6月份动工建设', '2014-03-06', '2014-03-10 10:01:25', '2014-03-10 10:01:25'),
(4, 9, 3, '市规划局已于2014年1月29日批复该地块修建性详细规划（穗规批[2014]36号）', '2014-03-10', '2014-03-10 10:13:22', '2014-03-10 10:13:22'),
(5, 1, 7, '已完成设计招标；正在做修详规设计，因村领导出外不在，设计方案未能确定。', '2014-02-27', '2014-03-10 15:35:58', '2014-03-10 15:35:58'),
(6, 4, 7, '修详规设计基本完成，预计下周报市规划局审查。', '2014-02-27', '2014-03-10 15:37:33', '2014-03-10 15:37:33'),
(7, 5, 7, '修详规设计基本完成，预计下周报市规划局审查。', '2014-02-27', '2014-03-10 15:38:21', '2014-03-10 15:38:21'),
(8, 6, 7, '已取得区国土局关于先行办理建设用地规划许可证的复函，并于2014-2-26向市规划局办理建设用地规划许可证审批咨询服务。', '2014-02-27', '2014-03-10 15:43:00', '2014-03-10 15:43:00'),
(9, 2, 7, '村已取得市规划局关于建设用地规划许可证审批咨询服务的反馈意见，市规划局提出，村应提供国土部门核定村留用地指标的书面意见及天河区政府对在本复建地块上统筹解决村留用地的处置意见，才能办理《建设用地规划许可证》。\r\n建议村以市规划局之前批出的关于本复建地块规划情况的复函，尽快启动设计招标工作。', '2014-02-20', '2014-03-10 16:08:43', '2014-03-10 16:08:43'),
(10, 2, 7, '村已委托招标代理机构，正在做设计招标的前期准备工作；村已与街道沟通，请街道协助村对接区规划局，拟请区规划局协调市规划局，指导村加快办理建设用地规划许可证。', '2014-03-05', '2014-03-10 16:15:50', '2014-03-10 16:15:50'),
(11, 3, 7, '2014-2-25，村向区国土局发函，申请先行办理复建地块建设用地规划许可证，区国土局正在办理复函审批手续，预计本周内可完成复函的办理。', '2014-02-27', '2014-03-10 16:21:41', '2014-03-10 16:21:41'),
(12, 8, 6, '1月17日，市规划局召开A003地块建筑设计方案专家会，专家建议在方案一（方形塔楼）基础上进行优化。其中，塔楼部分，建议进一步优化，简化顶部造型，并增加空中绿化。85米高副楼建议适当压低；骑楼部分，在保持水街柱廊式骑楼连续性和岭南风貌的前提下，可以做适当的变化。', '2014-01-17', '2014-03-12 14:28:11', '2014-03-12 14:28:11'),
(13, 9, 6, '1月17日，市规划局召开A005-1地块建筑设计方案专家会，专家建议在方案三基础上进行优化。塔楼部分，顶部的方形体量比例建议作适当优化；增加空中绿化；无柱式骑楼的做法不妥当，应该强调柱廊式骑楼的良好比例和连续性，并进行塑造岭南风貌。', '2014-01-17', '2014-03-12 14:29:38', '2014-03-12 14:29:38'),
(14, 12, 6, '1月17日，市规划局召开A007-2地块建筑设计方案专家会，专家认为指挥中心的体量关系不理想，应该进一步协调；塔楼部分增加空中绿化；骑楼部分，应该强调柱廊式骑楼的良好比例和连续性，并精心塑造岭南风貌。', '2014-01-17', '2014-03-12 14:31:37', '2014-03-12 14:31:37'),
(15, 2, 4, '经多方协调，我委于3月7日拟文《关于请予支持石东村复建工作的函》至区府办，并由区政府报送至市规划局，协调市规划局同意据此为石东村先行办理《建设用地规划许可证》，推进起步区复建工作开展。', '2014-03-12', '2014-03-12 14:33:17', '2014-03-12 14:33:17'),
(16, 15, 6, '1月23日，市规划局召开金融城起步区AT090940地块（深圳平安不动产）建筑设计方案专家评审会，专家建议塔楼平面应调整到48×48m以内，建筑高度控制可以适当放宽至135m以下，顶部设计适当收分，裙楼高度统一为24m，立面材料以石材为主，色彩偏米黄，设计风格应典雅、大气，不应使用大面积玻璃幕墙，与方程整体建筑风格协调。', '2014-01-23', '2014-03-12 14:35:23', '2014-03-12 14:35:23'),
(17, 12, 6, '1月23日，市规划局召开金融城起步区A007-2地块（城际中心）建筑设计方案专家评审会，专家再次审议了修改后的建筑方案，认为调度中心部分的建筑高度（女儿墙）应由52m降至45m以下，骑楼按楼层高度9m控制，并服从市重点办整体设计。', '2014-01-23', '2014-03-12 14:37:41', '2014-03-12 14:37:41'),
(18, 11, 6, '1月23日，市规划局召开A007-1地块建筑设计方案专家会，专家建议在方案一（自命名“波澜壮阔”）基础上进行优化，塔楼东西立面应进一步优化，以保持形体完整，裙楼南面的雨篷不应外伸出建筑边线；塔楼北面入口处可外飘雨篷；中庭加盖应计入建筑密度，骑楼按楼层高度9m控制，并服从市重点办整体设计。', '2014-01-23', '2014-03-12 14:40:53', '2014-03-12 14:40:53'),
(19, 10, 6, '1月23日，市规划局召开A005-2地块建筑设计方案专家会，专家建议在方案一（自命名“波澜壮阔”）基础上进行优化，塔楼东西立面应进一步优化，以保持形体完整，裙楼南面的雨篷不应外伸出建筑边线；塔楼北面入口处可外飘雨篷；中庭加盖应计入建筑密度，骑楼按楼层高度9m控制，并服从市重点办整体设计。', '2014-01-23', '2014-03-12 14:41:25', '2014-03-12 14:41:25'),
(20, 2, 3, '3月13日丘卫青常委、市规划局林隽总规划师、市金融城领导小组办公室黄家添就石东村办理《建设用地规划许可证》的问题进行协调，形成决议：由石东公司向市规划局出具承诺函，承诺解决历史留用地问题和二期抵扣后，多出面积由区政府无条件按成本价购买。市规划局收文后，呈龚海杰副秘书长批示后，再办理规划许可证。', '2014-03-13', '2014-03-13 14:32:33', '2014-03-13 14:32:33'),
(21, 9, 3, '该公司正在办理《建设工程规划许可证》，需开展设计方案的消防审查。市公安消防局提出，应地块地下空间与公共地下空间整体联通，单体项目消防设计审查需结合公共地下空间部分的设计一并进行。目前，市重点办最快于今年5月底前完成地下空间I-a区的设计招标，将对单体项目的规划报建产生影响。', '2014-03-13', '2014-03-13 15:47:43', '2014-03-13 15:47:43'),
(22, 1, 7, '设计方案已基本确定，正在做修详规设计。', '2014-03-14', '2014-03-14 14:11:14', '2014-03-14 14:11:14'),
(23, 4, 7, '正向市规划局办理修建性详细规划的修详通电子文件审查。', '2014-03-14', '2014-03-14 14:15:17', '2014-03-14 14:15:17'),
(24, 5, 7, '正向市规划局办理修建性详细规划的修详通电子文件审查。', '2014-03-14', '2014-03-14 14:15:38', '2014-03-14 14:15:38'),
(25, 6, 7, '建设用地规划许可证办理进展：市规划局已通知村里取回该申报案，并要求村里提供本项目拆迁复建量的核定文件。', '2014-03-14', '2014-03-14 14:19:49', '2014-03-14 14:19:49'),
(26, 3, 7, '明确本复建项目的分管村领导是麦总；已取得区规划局关于先行办理建设用地规划许可证的复函，正与相关社沟通协调，以配合建设用地规划许可证申报资料准备工作，并拟近日向市规划局咨询办理程序等事宜。', '2014-03-11', '2014-03-14 14:38:24', '2014-03-14 14:38:24'),
(27, 13, 3, '拜访南粤银行，就项目推进情况、开发报建面临的问题进行了交流。目前南粤银行拟成立专业部门来推进此项目', '2014-03-26', '2014-03-26 11:48:33', '2014-03-26 11:48:33'),
(28, 3, 3, '车陂村到访我委，就复建项目目前进展情况进行交流。该村3月18日已向市国土房管局申请6.54亩留用地指标，待市国土房管局批复。项目招标事宜要待新一届村领导决议后方实施', '2014-03-26', '2014-03-27 14:11:34', '2014-03-27 14:11:34'),
(29, 10, 3, '市规划局正式批复项目修建性详细规划', '2014-03-17', '2014-03-28 09:03:56', '2014-03-28 09:03:56'),
(30, 14, 5, '拜访万联证券。就项目进展情况、存在问题、需协调解决的事项、我委创新服务内容等进行交流。本次走访为我委提供进一步服务打下基础。', '2014-03-28', '2014-03-28 11:52:01', '2014-03-28 11:52:01'),
(31, 7, 3, '1、基坑支护设计正在征求市地铁公司意见，等待回复；\r\n2、因最终控规湾融路改变，导致地块用地红线改变（多了800㎡），需与市国土房管局签订补充协议后，方可办理用地规划许可证；\r\n3、方案设计一直在修改，换了几个设计公司，老板均不满意', '2014-04-03', '2014-04-03 10:52:11', '2014-04-03 10:52:11'),
(32, 15, 3, '拜访平安不动产（创展中心）。目前，该项目正在重新修改设计方案，基坑开挖正在与市重点办协调，希望你尽快开工。', '2014-04-09', '2014-04-10 10:45:18', '2014-04-10 10:45:18'),
(33, 4, 3, '市规划局已就修规情况反馈意见（穗规咨询〔2014〕15号），涉及市政规划路、退让退界、电力开关房、绿化率等诸多问题。目前，该村正积极与市规划局对接，就修规修改问题与规划局作进一步确认', '2014-04-09', '2014-04-10 10:49:11', '2014-04-10 10:49:11'),
(34, 5, 3, '市规划局已就报送的修规反馈意见（穗规咨询〔2014〕14号），涉及功能业态改变、市政规划路、绿化率等诸多问题。棠下村目前正积极与市规划局沟通，请规划局对修规修改问题进行进一步明确', '2014-04-09', '2014-04-10 10:52:00', '2014-04-10 10:52:00'),
(35, 16, 5, '我处走访新华保险送服务上门，对该企业金融城项目的存在问题进行沟通，帮助企业解决难题。', '2014-04-17', '2014-04-21 14:22:56', '2014-04-21 14:22:56'),
(36, 4, 3, '协助棠下村跟市金融城领导小组办公室对接，明确以下事项：1、地下空间审批可跟市重点办张艳芳部长联系，已协调好，村发文市重点办，市重点办直接回复即可；2、限高问题可跟广空后勤部营房处邹建参谋联系，此项不作为规划报批的前置条件，在申领施工许可的时候由建委把关。', '2014-04-23', '2014-04-23 17:57:14', '2014-04-23 17:57:14'),
(37, 15, 5, '深圳平安投资部一行来访，与我委对该项目配套问题进行沟通。', '2014-04-25', '2014-04-28 17:28:33', '2014-04-28 17:28:33'),
(38, 16, 5, '经与吴经理了解，新华保险给市政府的报告目前正由市国土局办理，市国土局将于一周后函复新华保险。', '2014-05-06', '2014-05-06 15:50:59', '2014-05-06 15:50:59'),
(39, 15, 5, '向平安了解项目公司问题，市金融办反对意见最大，市金融城办、规划、国土等部门基本没意见。平安建议拜访我委详细面谈。', '2014-05-06', '2014-05-06 15:54:05', '2014-05-06 15:54:05'),
(40, 15, 5, '5月7日上午，平安不动产林蕾、王侃来访，我处与其就项目公司问题的解决办法进行探讨，并给予建议。', '2014-05-07', '2014-05-07 17:32:09', '2014-05-07 17:32:09'),
(41, 4, 3, '市金融城办召开协调会，议定有棠下设计团队与交研所、规划团队对接，探讨从技术角度能否解决12米规划路的问题。如无法解决，则按程序申请修改控规', '2014-05-07', '2014-05-07 18:01:55', '2014-05-07 18:01:55'),
(42, 6, 3, '市金融城办召开协调会，讨论本地块申报用地规划许可证问题。会议议定：由天河区政府召集区农园局、区法制办、区国土房管分局、市规划局地规处、法务处对项目报建主体问题的法律规定进行讨论，确定解决办法。具体协调时间定于2014年5月12日', '2014-05-07', '2014-05-07 18:05:24', '2014-05-07 18:05:24'),
(43, 2, 3, '已于2014-5-6获得建设用地规划许可证', '2014-05-07', '2014-05-07 18:06:13', '2014-05-07 18:06:13'),
(44, 2, 3, '市金融城办召开协调会，讨论本地块用地移交问题。市土发中心承诺3个月内可拆除员村热电厂设备地块，并表示将从石东复建用地开始拆起。石东可先行开展地块勘测作业', '2014-05-07', '2014-05-07 18:08:29', '2014-05-07 18:08:29'),
(45, 5, 3, '市金融城办召开协调会，讨论本地块用地移交问题。会议议定：下周召开现场工作会，由市土发中心划线明确地块范围，市重点办根据地块范围确定施工便道修建方案，并征求市交警意见，待施工便道修建完成后移交。', '2014-05-07', '2014-05-07 18:10:47', '2014-05-07 18:10:47'),
(46, 3, 3, '市金融城办召开协调会，讨论本地块用地移交问题。会议议定：下周召开现场工作会，由市土发中心划线明确地块范围，市重点办根据地块范围确定施工便道修建方案，并征求市交警意见，待施工便道修建完成后移交。', '2014-05-07', '2014-05-07 18:11:01', '2014-05-07 18:11:01'),
(47, 6, 3, '市金融城办召开协调会，讨论本地块用地移交问题。会议议定：下周召开现场工作会，由市土发中心划线明确地块范围，市重点办根据地块范围确定施工便道修建方案，并征求市交警意见，待施工便道修建完成后移交。', '2014-05-07', '2014-05-07 18:11:17', '2014-05-07 18:11:17'),
(48, 2, 4, 'AT090923地块建设用地规划许可证已批复。', '2014-05-07', '2014-05-08 09:37:15', '2014-05-08 09:37:15'),
(49, 4, 3, '丘常委召开协调会议，专题讨论12米规划路事宜。会议议定，请棠下村备齐相关资料（方案前后对比），区领导将持此资料与市领导对接。', '2014-05-08', '2014-05-09 15:04:24', '2014-05-09 15:04:24'),
(50, 6, 3, '丘常委、黄国和召开协调会，专题讨论报建主体问题。经会议讨论，由棠下村以村经济联社名义申办建设用地规划许可证，后期招标手续等可委托村公司代办或者直接以经济联社名义办理。棠下村委讨论后确定一种方式。', '2014-05-08', '2014-05-09 15:06:41', '2014-05-09 15:06:41'),
(51, 16, 5, '经向新华保险了解，多次上报市政府的关于项目公司报告目前仍未收到相关回复。新华保险集团副总一行拟于6月4日拜访我委。', '2014-05-27', '2014-05-27 14:50:07', '2014-05-27 14:50:07'),
(52, 7, 4, '1、地保办已复函，正申请科技委图纸审查，同步开展基坑招标；\r\n2、工地安保问题已跟街道沟通，希望予以加强；\r\n3、地上建筑设计方案已修改，需先做咨询案，由何院士审核确定；\r\n4、计划在天河成立新的项目公司（君杰），将土地证办到新项目公司。\r\n', '2014-05-30', '2014-05-30 11:34:20', '2014-05-30 11:34:20'),
(53, 4, 3, '丘卫青常委在我委会议室与市规划局林隽总工程对接，协调村民复建地块12米规划路事宜。初步议定采取将地块东侧河涌东移4米，地块内建筑整体西移2米的方式解决。', '2014-05-21', '2014-06-09 14:56:31', '2014-06-09 14:56:31'),
(54, 4, 3, '跟棠下村对接：市规划局地规处已约见棠下村，地规处拟采取东侧河涌东移6米的方式解决棠下村12米规划路问题。请棠下村提供设计方案等资料，市规划局内部征求意见后再征求市水务局意见。', '2014-06-05', '2014-06-09 14:59:48', '2014-06-09 14:59:48'),
(55, 5, 3, '本地块设计方案与起步区城市设计差距较大，专家审查会专家不同意此方案，需请设计单位按照起步区城市设计方案重新设计', '2014-05-23', '2014-06-09 15:03:44', '2014-06-09 15:03:44'),
(56, 6, 3, '本地块设计方案与起步区城市设计方案差距较大，专家审查会专家不通过此方案，需设计单位按照已批复的起步区城市设计方案重新设计', '2014-05-23', '2014-06-09 15:05:05', '2014-06-09 15:05:05'),
(57, 8, 4, '走访合景泰富，就项目推进情况、开发报建面临的问题进行了交流。据了解，该地块由合景、华润、世茂三家出资的项目公司“广州穗荣房地产开发有限公司”开发建设，注册地在白云区。报建审批事宜主要由合景负责。同时，协调永旺集团与合景见面对接，初步交流了永旺集团意向入驻的可能性等合作事宜。', '2014-06-09', '2014-06-13 09:31:43', '2014-06-13 09:31:43'),
(58, 9, 7, '2014-6-9我处走访项目现场，了解项目进展情况。正在进行土方开挖工程，已出土约20万立方米；因施工场地限制，本项目拟分两期建设；施工总承包单位：中建三局第一建设工程有限公司；正在办理施工许可证。', '2014-06-09', '2014-06-13 09:58:11', '2014-06-13 09:58:11'),
(59, 10, 4, '走访保利集团，就项目推进情况、开发报建面临的问题进行了交流。据了解，邦杰公司由保利全资建设，拟于近期与绿地集团谈地块拆分事宜。因市重点办工程进度缓慢，原定于3月15日完成基坑开挖交地给保利，目前只完成四分之一。', '2014-06-18', '2014-06-18 16:27:35', '2014-06-18 16:27:35'),
(60, 11, 4, '走访保利集团，就项目推进情况、开发报建面临的问题进行了交流。据了解，守鸿公司在天河区注册，正在筹备融资事宜。因市重点办工程进度缓慢，原定于3月15日完成基坑开挖交地给保利，目前只完成四分之一。', '2014-06-18', '2014-06-18 16:29:18', '2014-06-18 16:29:18'),
(61, 8, 5, '设计经办人来访征求我委对AT090908地块项目配套设施的意见。', '2014-06-12', '2014-06-27 15:22:15', '2014-06-27 15:22:15'),
(62, 8, 6, '我委向穗荣公司出具了关于AT090908地块配套设施意见的复函，建议修改电影院建筑设计方案以符合控规及相关建筑规范。', '2014-06-26', '2014-07-10 14:22:46', '2014-07-10 14:22:46'),
(63, 8, 6, '市规划局批复了该地块修建性详细规划，并在网上进行了公示。', '2014-07-10', '2014-07-10 14:23:46', '2014-07-10 14:23:46'),
(64, 8, 6, '广州穗荣公司金融城项目经理刘芳怡及设计部韦工就该地块配建电影院事宜拜访我委，陈处、曾科、田猛参加了接待，并坚持我委之前出具的意见不再做修改。', '2014-07-08', '2014-07-10 14:27:42', '2014-07-10 14:27:42'),
(65, 12, 6, '我委向铁投置业出具了关于AT090918地块配套设施意见的复函，原则同意各配套设施的配建。', '2014-06-03', '2014-07-10 14:33:41', '2014-07-10 14:33:41'),
(66, 12, 6, '建设开发处处长带队拜访金融城受地企业广东省铁投置业有限公司。双方就目前进展情况、计划、存在问题、需协调解决的事项、我委创新服务内容等进行交流。本次走访为我委提供进一步服务打下基础。', '2014-04-04', '2014-07-10 14:35:23', '2014-07-10 14:35:23'),
(67, 15, 6, '我委向平安不动产出具了关于AT090940地块配套设施意见的复函，建议按照相关规范要求进一步修改完善设计方案。', '2014-07-03', '2014-07-10 14:38:01', '2014-07-10 14:38:01'),
(68, 15, 6, '在我委会议室，由天河中央商务区管委会建设开发处陈财新处长主持召开金融城起步区AT090940地块配套设施协调会，由深圳平安不动产有限公司介绍该地块配套设施的建筑设计方案，各区职能部门参会并就设计方案提出意见。', '2014-05-16', '2014-07-10 14:39:44', '2014-07-10 14:39:44'),
(69, 12, 9, '市规划局7月7日批准了AT090918地块（城际中心）修建性详细规划，并于7月12日在网上进行了公示。', '2014-07-12', '2014-07-14 09:30:02', '2014-07-14 09:30:02'),
(70, 7, 6, '长江企业集团秦经理来我委就AT090902地块配套设施征求意见和与棠下村复建地块连廊衔接问题进行沟通，并收到该地块的建筑设计总平面图。', '2014-07-29', '2014-08-04 16:29:23', '2014-08-04 16:29:23'),
(71, 7, 6, '我委已向广州联鸿实业投资有限公司出具AT090902地块公共服务设施意见的复函，建议其进一步深化项目建筑设计方案，并已将回复意见送至秦经理。', '2014-08-11', '2014-08-25 14:16:33', '2014-08-25 14:16:33'),
(72, 8, 6, '广州穗荣房地产开发有限公司吕鑫主管前来我委咨询AT090908地块配建电影院相关事宜。', '2014-08-08', '2014-08-25 14:20:24', '2014-08-25 14:20:24'),
(73, 8, 6, '根据我委对电影院设计方案的修改意见，穗荣公司正式来文征求我委关于该配套设施的意见，并对设计图做进一步优化。', '2014-08-13', '2014-08-25 14:28:53', '2014-08-25 14:28:53'),
(74, 8, 6, 'AT090908地块配套设施意见已经委领导审定，并于今日通知穗荣公司（吕鑫业务主管）前来领取，但吕经理电话告知正在出差，预计下周前来领取。', '2014-08-22', '2014-08-25 14:30:59', '2014-08-25 14:30:59'),
(75, 5, 3, '棠下村对方案进行了修改，提出3个优化方案，并在市金融城办的牵头下征求华工院专家组意见。华工院专家组偏向于方案二（方块），但坚持必须考虑建筑间的相连性。棠下村将根据专家意见对方案进行修改，修改完善后该村集体物业、村民住宅拟于下个月上专家会。', '2014-08-25', '2014-08-25 16:53:22', '2014-08-25 16:53:22'),
(76, 6, 3, '棠下村对方案进行了修改，提出3个优化方案，并在市金融城办的牵头下征求华工院专家组意见。华工院专家组偏向于方案二（方块），但坚持必须考虑建筑间的相连性。棠下村将根据专家意见对方案进行修改，修改完善后该村集体物业、村民住宅拟于下个月上专家会。', '2014-08-25', '2014-08-25 16:57:43', '2014-08-25 16:57:43'),
(77, 4, 3, '棠下村根据水务局意见修改的方案，市水务局已基本同意，从工程实施角度，拟选择扩大河涌开口的方式实现与现有河涌的对接。市园林局建议可通过路边种树的方式补足绿化带。市金融城领导小组办公室本周内发文正式征求市水务局、市园林局意见，拟于下周内根据上述单位复函对河涌调整一事进行明确。', '2014-08-25', '2014-08-25 17:01:01', '2014-08-25 17:01:01'),
(78, 7, 3, '已办理建设用地规划许可证', '2014-08-25', '2014-08-25 17:18:02', '2014-08-25 17:18:02'),
(79, 4, 3, '棠下村复建进程倒排工期，预计明年2月份左右基坑可以动工建设', '2014-08-26', '2014-08-26 17:42:13', '2014-08-26 17:42:13'),
(80, 2, 4, '1、石东村提出诉求希望加快推进喜龙地块建设批准；2、石东村补充协议（起步区拆迁时由村先行垫支，包括租户搬迁激励费、电话线费用等共计1200万元左右）已初步由区政府同意，即将提交区政府常务会议审议；签订补充协议后，石东村承诺交地，并由区国土部门办理征地结案手续后划拨地块给村，再办理用地批准书。起步区复建地块设计招标手续因邀标单位资质不够，将重新选择设计单位。', '2014-08-26', '2014-08-27 09:25:17', '2014-08-27 09:25:17'),
(81, 11, 6, '市规划局正式批复项目修建性详细规划', '2014-08-29', '2014-08-29 14:17:47', '2014-08-29 14:17:47'),
(82, 2, 4, '石东村复建项目合作方为广州市立新房地产开发有限公司，方案设计费用也由该公司出资，自5月初拿到建设用地规划许可证后，石东村花近两个月时间慎重选择设计单位，但在确定并签合同后才发现设计单位资质能力等不足，并于8月初终止合同，目前仍在寻找新的设计单位。', '2014-09-04', '2014-09-09 10:19:32', '2014-09-09 10:19:32'),
(83, 4, 3, '广建监理杨思明到访，村民住宅复建地块报修详规涉及3个问题需协调：1、地块西面建筑面宽超2/3；2、东面红线退缩是按照市政路还是小区路进行退缩；3、地块内部建筑间距不符合控规条件。请我委协助协调', '2014-09-11', '2014-09-11 10:17:13', '2014-09-11 10:17:13'),
(84, 4, 3, '12米规划路市水务局已原则同意，市规划局地规处已开展调规事宜。市金融城办定于本周四召开协调会，明确控规调整相关事项。', '2014-09-23', '2014-09-23 16:34:09', '2014-09-23 16:34:09'),
(85, 7, 4, '因环评意见需走流程，市建委暂无法出具临时施工复函，但已单独出文批准长江项目先行动工。预计2015年1月可取得临时施工复函，2015年底取得施工许可证。目前长江已开始动工，预计将于12月份开挖。', '2014-09-30', '2014-09-30 11:30:20', '2014-09-30 11:30:20'),
(86, 7, 4, 'A001地块项目公司名暂定“君超”，目前正在工商部门办理注册登记。', '2014-09-30', '2014-09-30 11:31:37', '2014-09-30 11:31:37'),
(87, 4, 3, '上午，丘常委、棠下村、市规划局林总、市金融城办黄家添召开协调对接会。会上，黄家添明确12米规划路调整问题市园林局、市水务局已同意并经陈如桂常务副市长批准。市规划局就复建地块内退缩问题、连续面宽问题进行了协调，明确由市规划局重新出具规划条件，支持村里复建。至此，12米规划路一系列问题得以圆满解决。', '2014-10-09', '2014-10-09 16:28:29', '2014-10-09 16:28:29'),
(88, 4, 3, '拟于10月21日召开金融城起步区专家评审会，棠下村3个项目同时上会', '2014-10-09', '2014-10-09 16:29:36', '2014-10-09 16:29:36'),
(89, 4, 3, '到棠下村调研，目前市规划局已重新出具规划条件，待协调市规划局建管处后可进行修建性详细规划审查。同步开展基坑支护设计工作', '2014-10-20', '2014-10-21 17:08:15', '2014-10-21 17:08:15'),
(90, 4, 3, '陈建华市长调研棠下村民住宅复建项目，明确要求加快复建进度，争取年内动工。市建委、市规划局表示予以大力支持配合。', '2014-10-21', '2014-10-21 17:09:55', '2014-10-21 17:09:55'),
(91, 4, 3, '因何院士受伤，原定于10月28日召开的外立面专家评审会改期至11月初召开', '2014-10-21', '2014-10-21 17:11:35', '2014-10-21 17:11:35'),
(92, 2, 4, '我处原定于10月17日前对石东村村合作公司进行业务指导对接，以加快推进该村复建进程。经多次电话沟通，目前仍无法安排对接，且该村设计招标工作仍无进展，在前期手续办理并无明显阻力的情况下，该村主观消极导致复建进度严重滞缓。', '2014-10-27', '2014-10-27 14:52:09', '2014-10-27 14:52:09'),
(93, 16, 7, '对接办公室吴志雄总务经理：成立项目公司的手续办理得差不多了，预计本月底能完成；向区发改局申请投资项目立项备案还未完成，还有一些障碍。', '2014-10-14', '2014-11-10 11:22:51', '2014-11-10 11:22:51'),
(94, 3, 7, '车陂村对金融城起步区征拆补偿安置补充协议稿的意见已提交区国土局，但区国土局未有反馈信息。', '2014-10-16', '2014-11-10 11:47:41', '2014-11-10 11:47:41'),
(95, 5, 7, '已完成《建设用地预审意见》更名手续。', '2014-10-17', '2014-11-10 14:08:18', '2014-11-10 14:08:18'),
(96, 1, 7, '已完成《建设用地预审意见》更名手续。', '2014-10-17', '2014-11-10 14:09:00', '2014-11-10 14:09:00'),
(97, 6, 7, '已完成《建设用地预审意见》更名手续。', '2014-10-17', '2014-11-10 14:09:24', '2014-11-10 14:09:24'),
(98, 4, 7, '已完成《建设用地预审意见》更名手续。', '2014-10-17', '2014-11-10 14:13:37', '2014-11-10 14:13:37'),
(99, 7, 7, '已完成基坑施工、监理招标；已入案申请安全监督；正在做基坑支护桩；修详规审查咨询案已完成，规划局已出具答复意见，正在做修详规修改调整，准备入正式案；已入案申请《建设用地批准书》。', '2014-10-20', '2014-11-10 14:51:31', '2014-11-10 14:51:31'),
(100, 8, 7, '已完成施工总承包、监理招标；正在办理建设工程规划许可证、施工许可证；基坑土方开挖已完成98%(剩余1立方米左右)；塔楼区域正在做人工挖孔桩基础；D栋结构局部已完成至4~5层，大部分完成至3层。', '2014-10-20', '2014-11-10 15:21:40', '2014-11-10 15:21:40'),
(101, 3, 7, '车陂村对金融城起步区征拆补偿安置补充协议稿的意见已由区土地开发中心提交区政府审核，待区府办答复。 ', '2014-10-23', '2014-11-11 10:20:48', '2014-11-11 10:20:48'),
(102, 12, 7, '正在报建设工程规划许可证咨询案；关于控高问题咨询空军意见时，空军答复最高限124米，拟待办理施工许可证时再申请空军同意开工的意见。', '2014-10-27', '2014-11-12 09:52:15', '2014-11-12 09:52:15'),
(103, 2, 7, '正在比选拟邀请参加勘察设计投标的设计单位；征拆安置补偿补充协议稿已经区政府审核基本同意，待本周或下周上区政府常务会议审议通过后即可签订。', '2014-10-29', '2014-11-12 10:03:05', '2014-11-12 10:03:05'),
(104, 16, 7, '仍在办理投资项目立项备案(以总公司名义)；成立项目公司事宜基本完成，其征询过天河区地税局，土地使用权转入项目公司时，不需缴纳相关税费。', '2014-11-06', '2014-11-12 10:40:30', '2014-11-12 10:40:30'),
(105, 15, 7, '已发函市重点办，明确自行开挖基坑。', '2014-11-06', '2014-11-12 10:47:35', '2014-11-12 10:47:35'),
(106, 3, 7, '关于金融城起步区征拆补偿安置补充协议条款内容，村里仍在与区国土局协商。', '2014-09-12', '2014-11-14 10:29:37', '2014-11-14 10:29:37'),
(107, 13, 7, '已完成环境影响评价，正在做节能评估和申报投资项目备案(立项)；征集设计方案：设计单位已提交方案，正在比选中。', '2014-09-12', '2014-11-14 11:06:20', '2014-11-14 11:06:20'),
(108, 16, 7, '决定成立项目公司：广州粤融项目建设管理有限公司，正在办理税务登记证、组织机构代码证等相关证照；已确定招标代理单位，准备进行设计招标；准备投资项目备案(立项)相关资料，以向区发改局申请备案(立项)。', '2014-09-12', '2014-11-14 11:08:25', '2014-11-14 11:08:25'),
(109, 14, 7, '业主称因规划、国土、市重点办等职能部门原因，本项目暂停办理相关手续，目前无进展。', '2014-09-12', '2014-11-14 11:10:52', '2014-11-14 11:10:52'),
(110, 12, 7, '已完成卫生防疫审查；基坑工程仍然处于停工状态。', '2014-09-17', '2014-11-14 11:22:35', '2014-11-14 11:22:35'),
(111, 12, 7, '正在办理施工图设计审查、建设项目设计卫生审查；即将完成环境影响评价文件审批；基坑由市重点办开挖，目前因多种因素制约，土方开挖工程已暂停。', '2014-08-27', '2014-11-14 11:25:24', '2014-11-14 11:25:24'),
(112, 2, 7, '正在比选拟邀请参加勘察设计投标的设计单位；征拆安置补偿补充协议稿已与区国土局沟通，待安排起步区三个村的补充协议同时上区政府常务会议审议；办理建设用地批准书事宜：村里仍未交地给国土部门，需待完成征地结案、国土部门将复建用地划拨给村里后，才能办理。', '2014-09-18', '2014-11-14 11:53:43', '2014-11-14 11:53:43'),
(113, 3, 7, '村里盖章确认的补充协议条款内容已提交区国土局，区国土局基本同意，待区国土局下一步办理。', '2014-09-18', '2014-11-14 11:59:16', '2014-11-14 11:59:16'),
(114, 2, 7, '征拆交地问题，村里垫付了租户的拆迁补偿费用，待与区国土局签订补充协议(收回该费用)后，才能将被征土地交给区国土局。', '2014-08-07', '2014-11-14 16:12:32', '2014-11-14 16:12:32'),
(115, 3, 7, '需与区国土局签订征拆补偿安置补偿协议，明确留用地指标(6.54亩)等相关问题后，村里才能具体推进下一步工作；该补充协议签订问题，区国土局还未有具体意见反馈给村里。', '2014-08-07', '2014-11-14 16:22:05', '2014-11-14 16:22:05'),
(116, 4, 7, '已完成立项备案证、招标核准意见、建设项目规划选址意见书的更名手续，正在办理建设用地预审意见、建设用地规划许可证更名手续；已完成地质勘察招标；正在协调12米宽规划路设置问题；待12米宽规划路问题解决后，拟报专家会审核外立面方案。', '2014-08-07', '2014-11-14 16:25:21', '2014-11-14 16:25:21'),
(117, 1, 7, '已完成立项备案证、招标核准意见、建设项目规划选址意见书的更名手续，正在办理建设用地预审意见、建设用地规划许可证更名手续；已完成地质勘察招标；总平面已基本稳定，待上专家会。何院士不在广州，短期内无法组织专家会。', '2014-08-07', '2014-11-14 16:27:07', '2014-11-14 16:27:07'),
(118, 5, 7, '已完成立项备案证、招标核准意见、建设项目规划选址意见书的更名手续，正在办理建设用地预审意见、建设用地规划许可证更名手续；已完成地质勘察招标；第一版方案被否决，现在已重新设计了3个不同方案，待上专家会。', '2014-08-07', '2014-11-14 16:28:55', '2014-11-14 16:28:55'),
(119, 6, 7, '已完成立项备案证、招标核准意见、建设项目规划选址意见书的更名手续，正在办理建设用地预审意见、建设用地规划许可证更名手续；已完成地质勘察招标；第一版方案被否决，现在已重新设计了3个不同方案，待上专家会。 ', '2014-08-07', '2014-11-14 16:29:54', '2014-11-14 16:29:54'),
(120, 3, 7, '关于区国土局的补充协议稿内容，村层面没有意见，主要看社里意见，社长表示可能要召开社员大会才能确定，因为其中涉及到放弃追讨金融城起步区范围内历史征地遗留问题补偿的约定条款。', '2014-08-26', '2014-11-14 17:02:26', '2014-11-14 17:02:26'),
(121, 3, 7, '车陂村麦子豪、苏志均来访我委，反映对复建地块建设承诺书(稿)内容的意见和建议，希望我委协助该村向区有关领导反映村民的相关诉求。', '2014-07-02', '2014-11-17 11:28:44', '2014-11-17 11:28:44'),
(122, 2, 7, '设计招标文件已报区招标办审查，正根据区招标办意见进行修改；建设用地批准书申报资料已报区国土局，按程序应由区国土局上报市国土局，最终由市国土局发批文，区国土局称村里还缺征地结案证明及勘测定界报告等交地资料。', '2014-07-16', '2014-11-17 14:13:54', '2014-11-17 14:13:54'),
(123, 16, 7, '地价款、税金已交齐；正进行招标代理机构的比选；正在办理项目公司注册手续，注册资金1000万元；建设模式未定：代建或者是监理、施工总承包？', '2014-07-23', '2014-11-17 15:27:21', '2014-11-17 15:27:21'),
(124, 13, 7, '正进行设计方案征集比选工作，预计8月中旬基本确定设计方案；办理项目立项备案手续。', '2014-07-28', '2014-11-17 15:42:01', '2014-11-17 15:42:01'),
(125, 14, 7, '项目前期策划工作即将完成；方案设计前期准备工作，进行设计单位摸查。', '2014-07-28', '2014-11-17 15:49:03', '2014-11-17 15:49:03'),
(126, 12, 7, '已完成初步设计审查及施工图设计，准备办理施工图设计审查；正在办理环境影响评价文件审批、建设项目设计卫生审查；基坑委托重点办开挖，已挖至-6.5m(最大开挖深度-15.9m)。', '2014-07-29', '2014-11-17 15:50:33', '2014-11-17 15:50:33'),
(127, 1, 3, '市规划局召开建筑设计方案专家评审会。本地块设计方案较普通，专家意见：1、建筑方案应与科韵路沿线绿化加强联系；2、加强建筑物楼顶及楼层间绿化。', '2014-11-17', '2014-11-18 08:35:24', '2014-11-18 08:35:24'),
(128, 5, 3, '市规划局召开本项目建筑设计方案专家评审会。本项目所在地块是起步区最有特点的滨水位置，希望建筑方案跟方城能有所区别，做出特点：1、AT091014地块内两栋建筑联系需改进，强化连接的功能，可做成游泳池；2、AT091014与AT091016两栋间应加强联系，可在低位进行连接。', '2014-11-17', '2014-11-18 08:46:34', '2014-11-18 08:46:34'),
(129, 4, 3, '市规划局召开建筑设计方案专家评审会。本项目专家意见：1、色调太过厚重，可选用明快简洁色调，不需特别强调青砖白瓦；2、建议在方案二基础上进一步深化设计；3、地块西侧建筑由南北向扭转成东西向，不利于居住，同时对金融方城造成很强的压迫感，建议尽量予以调整；4、华光庙等历史文保设施应提前予以考虑', '2014-11-17', '2014-11-18 08:52:43', '2014-11-18 08:52:43'),
(130, 6, 3, '市规划局召开本项目建筑设计方案专家评审会。本项目所在地块是起步区最有特点的滨水位置，希望建筑方案跟方城能有所区别，做出特点：1、AT091014地块内两栋建筑联系需改进，强化连接的功能，可做成游泳池；2、AT091014与AT091016两栋间应加强联系，可在低位进行连接。 ', '2014-11-17', '2014-11-18 08:54:22', '2014-11-18 08:54:22'),
(131, 13, 7, '已交清土地出让金及契税；暂未能办理国有土地使用证，因为存在需缴纳土地出让金利息(约1000多万元)问题；市规划局来函，因规划调整(地块编号改变等)，要求该行与市国土局签订补充合同明确，完善相关手续后，才可申办建设用地规划许可证；准备进行设计方案征集，拟于下月确定设计方案。', '2014-06-09', '2014-11-18 12:00:32', '2014-11-18 12:00:32'),
(132, 14, 7, '前期策划单位已确定，准备制定总体规划方案；正在物色建筑设计单位；拟成立项目公司，再办理国有土地使用证等手续。', '2014-06-09', '2014-11-18 14:21:44', '2014-11-18 14:21:44'),
(133, 16, 7, '成立项目公司问题仍在协调中；地下空间规划未稳定，无法确定设计单位；已与国土部门签署交地确认书；基坑开挖工程拟委托市重点项目办实施。', '2014-06-09', '2014-11-18 14:31:02', '2014-11-18 14:31:02'),
(134, 2, 7, '正准备资料，申办《建设用地批准书》；出具资金证明文件，准备委托进行勘察设计招标(邀标)。', '2014-06-23', '2014-11-19 09:51:13', '2014-11-19 09:51:13'),
(135, 4, 7, '已完成立项备案证、招标核准意见(邀标)更名手续，已向市规划局入案办理建设项目规划选址意见书的更名手续。', '2014-06-25', '2014-11-19 10:57:47', '2014-11-19 10:57:47'),
(136, 2, 4, '10月22日的区府常务会议已原则同意石东村补充协议签订事宜，由区国土分局按规定办理，目前村里正在进行盖章流程。', '2014-11-18', '2014-11-19 11:00:00', '2014-11-19 11:00:00'),
(137, 1, 7, '已完成立项备案证、招标核准意见(邀标)更名手续，已向市规划局入案办理建设项目规划选址意见书的更名手续。', '2014-06-25', '2014-11-19 11:03:37', '2014-11-19 11:03:37'),
(138, 5, 7, '已完成立项备案证、招标核准意见(邀标)更名手续，已向市规划局入案办理建设项目规划选址意见书的更名手续。', '2014-06-25', '2014-11-19 11:04:25', '2014-11-19 11:04:25'),
(139, 6, 7, '已完成立项备案证、招标核准意见(邀标)更名手续，已向市规划局入案办理建设项目规划选址意见书的更名手续；拟向区国土局申请用地预审替代函，再向市规划局申办建设用地规划许可证。', '2014-06-25', '2014-11-19 11:42:38', '2014-11-19 11:42:38'),
(140, 16, 7, '已取得投资项目备案证(立项)——以总公司名义办理；基坑开挖问题，还未确定是否委托市重点办实施。', '2014-11-27', '2014-11-28 15:54:00', '2014-11-28 15:54:00'),
(141, 14, 7, '无明显进展：因地块编码改变等情况，需与市国土局重新签订土地出让合同，但目前还未签订；基坑开挖问题，认为市重点办应先提出开挖基坑的计划方案，他们才能研究确定是否委托市重点办实施，但市重点办未有相关反馈信息。', '2014-11-27', '2014-11-28 16:03:27', '2014-11-28 16:03:27'),
(142, 13, 7, '已取得投资项目备案证(立项)、招标核准意见(公开招标)；已入案申办建设用地批准书及建设用地规划许可证；设计方案需重新进行公开招标；基坑开挖问题，还未能确定是否委托市重点办实施。', '2014-11-27', '2014-11-28 16:13:45', '2014-11-28 16:13:45'),
(143, 3, 7, '对接车陂村，关于补充协议签订问题，区国土局仍未有进一步的反馈信息。', '2014-11-20', '2014-12-01 15:25:40', '2014-12-01 15:25:40'),
(144, 7, 7, '已取得国有土地使用证；正在办理项目环境影响评价文件。', '2014-12-03', '2014-12-04 09:36:48', '2014-12-04 09:36:48'),
(145, 9, 7, '基坑支护和土方工程正在施工。', '2014-07-25', '2014-12-04 09:43:52', '2014-12-04 09:43:52'),
(146, 9, 7, '承台基础底板钢筋开始绑扎，计划8月中旬浇筑完成北侧主楼底板。基坑支护和土方工程正在穿插施工。', '2014-08-11', '2014-12-04 09:45:11', '2014-12-04 09:45:11'),
(147, 9, 7, '北侧主楼部位底板浇筑完成，项目正在申请质监安监先行介入，并报装塔吊。', '2014-09-16', '2014-12-04 09:45:58', '2014-12-04 09:45:58'),
(148, 9, 7, '项目已申请质监安监先行介入，塔吊于9月30日安装完成。', '2014-10-13', '2014-12-04 09:46:40', '2014-12-04 09:46:40'),
(149, 9, 7, '北侧主楼完成至负二层梁板结构浇筑。', '2014-11-03', '2014-12-04 09:47:20', '2014-12-04 09:47:20'),
(150, 2, 4, '目前，石东村项目已基本确定设计单位，拟于近日报区招标办开展招标手续；已于12月初签订补充协议并报区国土分局，拟办理交地手续并申办用地批准书。我处建议石东村加快开展项目方案设计及用地批准书手续办理。', '2014-12-08', '2014-12-08 11:33:31', '2014-12-08 11:33:31'),
(151, 9, 7, '北侧主楼分两段施工，其中60%完成至正负零结构梁板，剩余东侧部分计划12月10日前完成至正负零。', '2014-12-15', '2014-12-15 14:30:24', '2014-12-15 14:30:24'),
(152, 13, 7, '已取得投资项目备案证(立项)、《建设用地规划许可证》及《建设用地批准书》', '2014-12-26', '2014-12-26 15:33:46', '2014-12-26 15:33:46'),
(153, 2, 4, '石东村前期手续由美林基业集团有限公司两名经办人员具体跟进办理。目前，石东村已办理交地确认书，区国土正在办理征地结案手续；已初步确定设计单位“煜景”，同步开展勘察、地址灾害评估和现场围蔽等工作；计划2015年春节前修详规报审，1月底出设计方案，4月左右基坑施工，8月取得施工许可证。', '2015-01-05', '2015-01-05 11:52:58', '2015-01-05 11:52:58'),
(154, 15, 6, '我处就AT090940地块配套设施情况与平安不动产相关负责人进行沟通，并于第二天出具了该地块配套设施的意见，通知企业经办人员领取意见。', '2015-01-06', '2015-01-12 15:26:54', '2015-01-12 15:26:54'),
(155, 15, 6, '我处收到来函征求我委关于AT090940地块配套设施意见，企业已根据上次回复意见对方案进行了修改完善。', '2014-12-11', '2015-01-12 15:28:07', '2015-01-12 15:28:07'),
(156, 3, 7, '走访车陂村。关于金融城起步区车陂村征拆安置补偿补充协议签订问题，区土地开发中心仍未有进一步的反馈信息。村的意见是，考虑到村集体资金使用的规范性，只有明确了上述相关问题，村里才能开展复建项目的下一步报建报批工作。', '2015-01-14', '2015-01-15 09:46:51', '2015-01-15 09:46:51'),
(157, 15, 7, '平安不动产张永明、王侃来参加企业服务处主持召开的金融城统计工作会议，项目以总部名义(不动产有限公司)开发，修详规审查即将完成；反映报建方面阻力较大，多头管理、标准不协调，政府协调力度不足，造成空军限高、地下空间消防审批等问题受阻。', '2015-01-15', '2015-01-19 10:43:41', '2015-01-19 10:43:41'),
(158, 12, 7, '省铁投集团代表来参加企业服务处主持召开的金融城统计工作会议。省铁投集团委托市重点办开挖基坑，但运土手续无法办理，导致无法出土，影响市重点办交付基坑的时间及项目建设进度。', '2015-01-15', '2015-01-19 10:59:28', '2015-01-19 10:59:28'),
(159, 13, 7, '南粤银行黄海、刘显峰来参加企业服务处主持召开的金融城统计工作会议。项目以广州分行(拍地企业)名义开发，是否成立项目管理公司仍在考虑中，现处于项目设计公开招标报名阶段。', '2015-01-15', '2015-01-19 11:08:03', '2015-01-19 11:08:03'),
(160, 16, 7, '新华人寿吴志雄等来参加企业服务处主持召开的金融城统计工作会议。项目建成后将作为华南区总部；已成立项目公司拟进行本项目开发，但现在感觉作用不大，因为若将土地转入本项目公司，需缴纳巨额交易税费(约5000万元)；现正推动项目方案设计工作。', '2015-01-15', '2015-01-19 11:18:24', '2015-01-19 11:18:24'),
(161, 14, 7, '万联证券公司戴司雄、郑乾曦来参加企业服务处主持召开的金融城统计工作会议。考虑到目前情况下，土地由总公司转入项目公司将涉及缴纳巨额税费问题，是否成立项目公司仍在观望。', '2015-01-15', '2015-01-19 11:24:48', '2015-01-19 11:24:48'),
(162, 7, 7, '联鸿公司胡萍、秦立来参加企业服务处主持召开的金融城统计工作会议。已取得国有土地使用证及基坑工程临时施工复函，但因运土手续问题未解决无法开挖；关于配建的110KV变电站设置问题，消防局的意见与规划设计条件有矛盾，企业无所适从，希望政府职能部门拿出协调一致的意见。', '2015-01-15', '2015-01-19 11:48:11', '2015-01-19 11:48:11'),
(163, 9, 7, '下午，在绿地中心项目工地现场，丘常委召集我处、区农园局、市重点办、绿地公司，协调解决绿地中心北侧道路临时开口问题：同意绿地中心按施工需求在地块北侧道路开设新的出入口，同时必须封闭北侧的原有出入口，且新出入口只作为工地材料设备运输的入口，不得作为出口；工地余泥、材料设备应经起步区内部由临江大道运出，请市重点办配合，做好起步区内部的交通组织；工地北侧围蔽整治应按市重点办标准实施，若需占用绿化带的，须办理相关审批手续；新开设的路口须经区农园局、区建水局确认同意后，方可使用。我处已将上述情况知会区农园局、区建水局等相关单位。', '2015-01-30', '2015-02-02 17:10:27', '2015-02-02 17:10:27'),
(164, 16, 6, '市规划局已核发金融城起步区AT090942地块建设用地规划许可证。（新华保险）', '2015-01-20', '2015-02-03 09:32:10', '2015-02-03 09:32:10'),
(165, 9, 6, '市规划局已核发金融城起步区AT090912地块建设工程规划许可证。（金融城绿地中心）', '2015-01-20', '2015-02-03 09:34:13', '2015-02-03 09:34:13'),
(166, 1, 6, '市规划局已批复AT090922地块修规（棠下集体物业地块） 。', '2015-01-27', '2015-02-03 09:39:13', '2015-02-03 09:39:13'),
(167, 3, 7, '对接车陂村苏志均。为尽快启动金融城起步区复建项目建设，村里决定在办理拆迁安置补偿补充协议的同时，同步开展复建项目报建报批工作。苏志均询问本复建项目规划指标情况及相邻的棠下村复建项目修详规报审情况。将我处掌握的起步区控规中本复建地块相关规划指标知会苏志均，供村里参考，并建议村里进行复建项目方案设计前，先与市规划局沟通确认规划条件(口头上或发函)。\r\n', '2015-02-03', '2015-02-05 09:45:18', '2015-02-05 09:45:18'),
(168, 4, 3, '举行简单而隆重的奠基仪式，市金融城办黄家添常务副主任、丘卫青常委及区各职能部门1名领导参加。丘常委在奠基仪式上发言', '2015-02-02', '2015-02-09 10:04:30', '2015-02-09 10:04:30'),
(169, 4, 3, '村民住宅项目招标手续已报区招标办，力争本周五前报送市招标中心', '2015-02-09', '2015-02-09 11:27:04', '2015-02-09 11:27:04'),
(170, 5, 3, '修建性详细规划已报送市规划局（正式案）', '2015-02-09', '2015-02-09 11:27:54', '2015-02-09 11:27:54'),
(171, 6, 3, '修建性详细规划已报送市规划局（正式案）', '2015-02-09', '2015-02-09 11:28:27', '2015-02-09 11:28:27');

-- --------------------------------------------------------

--
-- 表的结构 `cbd_receive`
--

CREATE TABLE IF NOT EXISTS `cbd_receive` (
  `id` int(11) NOT NULL AUTO_INCREMENT,
  `office_no` char(10) NOT NULL COMMENT '综合处办文编号',
  `rec_no` char(12) NOT NULL COMMENT '处室的收文编号',
  `article_no` varchar(20) DEFAULT NULL COMMENT '来文文号',
  `title` varchar(200) NOT NULL COMMENT '来文标题',
  `come_from` varchar(30) NOT NULL COMMENT '来文单位',
  `summary` varchar(255) NOT NULL COMMENT '来文摘要',
  `struct` varchar(255) DEFAULT NULL COMMENT '处室领导批示',
  `rec_time` datetime NOT NULL DEFAULT CURRENT_TIMESTAMP COMMENT '处室收文时间',
  `rec_person` int(11) NOT NULL COMMENT '收文人员',
  `dead_time` datetime DEFAULT NULL COMMENT '要求办结时间',
  `state` tinyint(4) NOT NULL DEFAULT '1' COMMENT '状态：1正在办理；2待归档；0已归档',
  `write_id` int(11) DEFAULT '0' COMMENT '发文id(仅指复函)',
  `deal_info` varchar(500) DEFAULT NULL COMMENT '收文办理情况',
  `download_name` varchar(200) DEFAULT NULL COMMENT '下载文件全名',
  `file_name` varchar(150) DEFAULT NULL COMMENT '下载的文件名',
  `create_time` datetime NOT NULL DEFAULT CURRENT_TIMESTAMP COMMENT '记录生成时间',
  `update_time` datetime NOT NULL DEFAULT CURRENT_TIMESTAMP COMMENT '记录修改时间',
  PRIMARY KEY (`id`),
  KEY `rec_person` (`rec_person`),
  KEY `title` (`title`)
) ENGINE=InnoDB  DEFAULT CHARSET=utf8 COMMENT='收文表' AUTO_INCREMENT=561 ;

--
-- 转存表中的数据 `cbd_receive`
--

INSERT INTO `cbd_receive` (`id`, `office_no`, `rec_no`, `article_no`, `title`, `come_from`, `summary`, `struct`, `rec_time`, `rec_person`, `dead_time`, `state`, `write_id`, `deal_info`, `download_name`, `file_name`, `create_time`, `update_time`) VALUES
(38, '2014010201', 'JS201401-001', '无', '天河区人民政府办公室关于内环路至广深沿江高速公路连接项目的意见', '区府办', '市交委征求我区对内环路与广深沿江高速连接方案的意见，区交通局牵头汇总，林区批示请我委提出意见，并于1月7日前报至区府办。', '请曾科牵头、田猛主办速处。', '2014-01-02 11:50:00', 5, '2014-01-07 16:00:00', 0, 5, '曾科(2014-01-07 15:01:40):根据丘常委批示，我委对该线路规划持反对意见，并提出六点意见。已于2014年1月7日15:30报送至区府办;田猛（2014-01-07 15:30:00）', '', '', '2014-01-02 12:49:49', '2014-01-07 16:01:30'),
(39, '2014010202', 'JS201401-002', '石化股份粤穗发函〔2013〕95号', '关于请求在临江大道建设绿岛加油站的函', '中国石油化工股份有限公司广东广州石油分公司', '中国石油化工股份有限公司广东广州石油分公司发函至区政府，请求在临江大道建设绿岛加油站。区政府转来此函征求我委意见。', '传阅。请小何阅处。', '2014-01-02 15:01:18', 5, '2014-01-10 11:00:00', 0, 1, '曾科(2014-01-02 15:01:08);田猛(2014-01-02 17:01:00);陈军(2014-01-02 17:01:46);何碧莹(2014-01-03 15:01:53):1月3日已函复区府办。;姚科(2014-01-06 09:01:42)', '', '', '2014-01-02 15:24:26', '2014-01-06 09:01:21'),
(40, '2014010301', 'JS201401-003', '穗发改函〔2013〕2330号', '广州市发展改革委关于征求《广州市新型有轨电车线网规划》、《广州市新型有轨电车线网规划评估报告》和发展思路意见的函', '市发改委', '区府办转来此件，请我委认真研究提出意见。', '传阅。请曾科牵头，田猛主办。', '2014-01-03 10:00:00', 5, '2014-01-08 00:00:00', 0, 6, '何碧莹(2014-01-03 11:01:07);姚科(2014-01-06 09:01:20);陈军(2014-01-06 16:01:10);田猛(2014-01-07 15:01:31):已于1月7日下午15点报送区发改局;曾科(2014-01-07 15:01:51)', '', '', '2014-01-03 10:57:31', '2014-01-07 16:01:15'),
(41, '2014010302', 'JS201401-004', '穗天发改函〔2014〕4号', '关于加快报送2013年天河区重点建设项目和天河区政府投资项目全年进度情况的函', '区发改局', '区发改局来文要求我委于2014年1月6日（星期一）前登陆区重点建设项目信息系统，填报区重点建设项目和政府投资基本建设项目进度情况。', '传阅。请曾科、小何、姚科阅处。', '2014-01-03 12:01:25', 4, '2014-01-06 09:01:25', 0, 0, '陈军(2014-01-06 16:01:28);田猛(2014-01-06 17:01:48);曾科(2014-01-07 11:01:16);何碧莹(2014-01-07 11:01:53):投资处经询区发改局，我处根据区发改局提供的村民安置房复建项目信息月报表（区发改局从市发改局的系统导出），填写区发改局的系统有关内容；另外，把我委的账号、密码提供给长江、绿地、粤海（这三个项目由我处跟进），请企业定期自行登录系统填报。;姚科(2014-01-07 11:01:28)', '', '', '2014-01-06 09:51:12', '2014-01-07 11:01:50'),
(42, '2014010305', 'JS201401-005', '穗天发改函〔2014〕8号', '关于征求《广州市天河区2013年国民经济和社会发展计划执行情况与2014年计划草案的报告（征求意见稿）》意见的函', '区发改局', '区发改局来文请我委补充修改文中数据和内容，以及提出补充意见。', '传阅。请曾科牵头，姚科阅处。', '2014-01-03 17:30:31', 4, '2014-01-07 00:00:00', 0, 0, '姚科(2014-01-06 14:01:36):1月6日14:55报至综合处小麦。内容如下：\r\n第5页“广州国际金融城开发建设全面提速”段最后一句改为“总价超186亿元的两批7宗地块成功出让，长江大厦、绿地中心等优质项目即将动工建设。6月21日，省委常委、广州市委书记万庆良在广州国际金融城建设动员大会上宣布广州国际金融城动工，标志着金融城从规划、征拆全面转入大开发、大建设阶段。”\r\n第14页第4行“西区核心区”改为“核心西区”;曾科(2014-01-06 15:01:41);陈军(2014-01-06 16:01:00);田猛(2014-01-06 17:01:17);何碧莹(2014-01-', '', '', '2014-01-06 09:56:06', '2014-01-07 11:01:49'),
(43, '2014010304', 'JS201401-006', '', '关于报送天河区2013年100项重点督办工作进展情况的通知', '区委办', '区委办来文请我委报送我区2013年100项重点督办工作进展情况。本文由综合处主办，1月8日前汇总至综合处。', '传阅。请曾科牵头，姚科阅处。', '2014-01-03 17:30:21', 4, '2014-01-08 00:00:00', 0, 0, '姚科(2014-01-06 10:01:15);曾科(2014-01-06 10:01:28):2014年1月6日综合处小卢称该文已办理完毕，我处无需理会;陈军(2014-01-06 16:01:13);田猛(2014-01-06 17:01:30);何碧莹(2014-01-07 11:01:39)', '', '', '2014-01-06 10:01:37', '2014-01-07 11:01:01'),
(44, '2014010601', 'JS201401-007', '穗电建办〔2014〕42号', '林道平区长在《广州市电力设施建设协调工作联系会议办公室关于报送2014年电网建设需求计划的通知》上的批示', '区府办', '区府办来文要求我委按林区指示对电网建设需求计划提出意见，于1月6日（星期一）11:00前报至区建水局。', '传阅。请陈军、碧莹阅处。', '2014-01-06 10:45:48', 4, '2014-01-06 11:00:48', 0, 4, '姚科(2014-01-06 11:01:18);曾科(2014-01-06 11:01:31);何碧莹(2014-01-06 14:01:44);田猛(2014-01-06 17:01:39);陈军(2014-01-07 12:01:42):区府办转来《广州市电力设施建设协调工作联席会议办公室关于报送2014年电网建设需求计划的通知》，需报送2014年电网建设需求计划至区建水局，我委无需求计划报送。考虑到金融城起步区AT090902地块内拟规划配套一座110KV变电站，将相关情况报区建水局，供其参考。', '', '', '2014-01-06 11:01:29', '2014-01-07 16:01:30'),
(45, '2014010203', 'JS201401-008', '无', '广州国际金融城开发建设工作领导小组办公室关于协调金融城起步区管线迁改等问题的会议纪要', '广州国际金融城开发建设工作领导小组办公室', '2013年12月18日，会议内容：1.协调关于员村五横路污水管迁改施工借用车陂南路绿化用地问题；2.金融城起步区骑楼和连廊方案设计费用问题；3.起步区集中供冷项目投资商招标及新型轨道交通项目设计方案有关问题。', '传阅', '2014-01-07 09:30:00', 5, '0000-00-00 00:00:00', 0, 0, '曾科(2014-01-07 10:01:29);姚科(2014-01-07 11:01:24);何碧莹(2014-01-07 11:01:49);陈军(2014-01-07 11:01:12);田猛(2014-01-07 15:01:25)', '', '', '2014-01-07 10:42:46', '2014-01-07 16:01:57'),
(46, '2014010705', 'JS201401-009', '穗天发改〔2014〕1号', '关于编报天河区2014年重点建设项目和重点建设预备项目计划的补充通知', '区发改局', '我处配合投资处填写表中我委牵头负责的项目信息。', '传阅。请曾科牵头，碧莹、姚科、陈军阅处。', '2014-01-07 15:35:47', 5, '2014-01-09 00:00:00', 0, 0, '姚科(2014-01-07 16:01:02);陈军(2014-01-07 16:01:56);何碧莹(2014-01-07 16:01:09);田猛(2014-01-08 10:01:09);曾科(2014-01-09 10:01:31):经与区发改联系，我处无报送项目', './App/Public/Receive/52cbb6eaed6c4.rar', '编报天河区2014年重点建设项目和重点建设预备项目计划.rar', '2014-01-07 16:12:26', '2014-01-09 11:01:25'),
(47, '2014010701', 'JS201401-010', '穗国房函〔2014〕17号', '市国土房管局关于征求金融城二期土地收储工作实施方案意见的函', '市国土房管局', '区府办转来此件，请我委认真研究提出意见并报至区国土分局。张主任批示：此件区府办已报丘常委，请建开处办理，必要时可电话请示丘常委。报出前需丘常委审定。', '传阅。请曾科牵头，姚科阅处。', '2014-01-07 16:50:00', 5, '2014-01-08 17:00:00', 0, 8, '陈军(2014-01-08 09:01:10);田猛(2014-01-08 10:01:12);何碧莹(2014-01-08 11:01:18);曾科(2014-01-09 09:01:37);姚科(2014-01-08 17:01:00):我委提出我区只负责二期村集体土地征拆工作、建议尽快开展二期村集体土地前期测算摸查工作、二期村集体土地补偿单价涨幅不低于二期国有土地征收补偿单价涨幅等3条意见。', './App/Public/Receive/52cbc23cc663a.ceb', '二期金融城土地收储-穗国房函〔2014〕17号.ceb', '2014-01-07 17:00:44', '2014-01-09 15:01:02'),
(48, '无', 'JS201401-011', '天河信息（工作交流专刊）〔2013〕第5', '区项目办攻坚克难狠抓落实确保多项民生工程顺利交付', '中共广州市天河区委办公室', '区项目办2013年工作方法经验。', '传阅。', '2014-01-07 13:01:35', 5, '0000-00-00 00:00:00', 0, 0, '曾科(2014-01-08 08:01:51);田猛(2014-01-08 09:01:02);何碧莹(2014-01-08 11:01:28);姚科(2014-01-08 11:01:27);陈军(2014-01-08 16:01:23)', NULL, NULL, '2014-01-08 08:53:37', '2014-01-08 16:01:13'),
(49, '2014010707', 'JS201401-012', '穗金融城办〔2014〕63号', '广州国际金融城开发建设工作领导小组办公室关于协调金融城起步区出让地块开发建设规划报建等问题的会议纪要', '广州国际金融城开发建设工作领导小组办公室', '2013年12月25日会议内容：1.起步区出让地块规划报建手续办理问题；2.棠下新墟拆迁拖欠水费、丢失水表赔偿等问题；3.金融城起步区新建供水管线和旧供水管线处置问题；4.临江大道东延长线用地结案工作涉及省农资公司和市农资公司原产权证注销问题；5.起步区公共地下空间等项目的设计工作。', '传阅', '2014-01-07 17:30:17', 5, '0000-00-00 00:00:00', 0, 0, '曾科(2014-01-08 09:01:19);田猛(2014-01-08 10:01:59);何碧莹(2014-01-08 11:01:36);姚科(2014-01-08 11:01:47);陈军(2014-01-08 14:01:24)', NULL, NULL, '2014-01-08 09:41:20', '2014-01-08 16:01:29'),
(50, '2014010708', 'JS201401-013', '穗天财函〔2014〕5号', '关于征求《广州市天河区2013年预算执行情况和2014年预算草案的报告（征求意见稿）》意见的函', '区财局', '综合处牵头办理。', '传阅。请小何阅处。', '2014-01-07 17:30:22', 5, '2014-01-08 17:30:00', 0, 0, '曾科(2014-01-08 09:01:42);田猛(2014-01-08 10:01:42);陈军(2014-01-08 10:01:44);何碧莹(2014-01-08 11:01:42):我处无修改意见，已反馈综合处。;姚科(2014-01-08 11:01:47)', './App/Public/Receive/52ccad8b967c4.tif', '的报告（征求意见稿）》意见的函.tif', '2014-01-08 09:44:43', '2014-01-08 16:01:39'),
(51, '2014010704', 'JS201401-014', '穗公天函〔2014〕371号', '广州市公安局天河区分局关于开展2013年广州国际金融城起步区开发建设保障组工作的函', '广州市公安局天河区分局', '2013年总结。丘常委批示：区公安分局的工作是可圈可点的，特别是推动征拆、维护稳定、保障秩序等方面。请在金融城整体工作中汇总体现。', '请曾科、田猛阅处。落实领导指示。', '2014-01-09 15:15:53', 5, '0000-00-00 00:00:00', 0, 0, '田猛(2014-01-09 17:01:46);曾科(2014-01-13 09:01:22)', NULL, NULL, '2014-01-09 16:58:38', '2014-01-13 09:01:07'),
(52, '2014010901', 'JS201401-015', '无', '关于报送2013年度区政府常务会议和区长办公会议决定事项落实情况的通知', '区府办', '我委配合报送金融城少年宫、港澳台医疗中心两项工作情况。', '传阅。请碧莹阅处。', '2014-01-09 15:15:03', 5, '2014-01-09 17:00:00', 0, 9, '田猛(2014-01-09 17:01:19);姚科(2014-01-09 20:01:46);何碧莹(2014-01-09 14:01:03):已将电子表格发至区卫生局、区教育局经办人员。;陈军(2014-01-10 17:01:40);曾科(2014-01-13 08:01:32)', NULL, NULL, '2014-01-09 17:02:16', '2014-01-13 09:01:42'),
(53, '2014011001', 'JS201401-016', '无', '填报需国家及其部委支持的事项', '区府办', '填附表，综合处牵头。', '传阅。请曾科牵头阅处。', '2014-01-10 17:20:00', 5, '2014-01-13 00:00:00', 0, 0, '何碧莹(2014-01-13 09:01:51);姚科(2014-01-13 09:01:47);田猛(2014-01-13 09:01:20);曾科(2014-01-13 09:01:30):我处无需要部委支持的事项，已回复综合处小麦;陈军(2014-01-13 09:01:23)', NULL, NULL, '2014-01-13 09:17:42', '2014-01-13 14:01:58'),
(54, '2014011301', 'JS201401-017', '穗国房函〔2014〕77号', '市国土房管局关于请协助提供11个战略性发展平台扶持政策意见的函', '区府办转市国土房管局', '投资处牵头会我处办理。提出金融城扶持政策相关意见。', '请小何阅处。', '2014-01-13 09:35:00', 5, '2014-01-11 10:00:00', 0, 0, '何碧莹(2014-01-13 17:01:38):我处无意见，已反馈投资处。投资处函复无意见。', NULL, NULL, '2014-01-13 14:04:39', '2014-01-14 10:01:15'),
(55, '2014011305', 'JS201401-018', '穗天经报〔2014〕186号', '区领导在区经贸局《关于在广州国际金融城起步区政务中心安排区投资服务中心办公场地的请示》上的批示', '区经贸局', '区经贸局拟在金融城起步区政务中心安排1000平方米场地作为辖下事业单位“广州市天河区投资服务中心”的办公场所。陈祖进副区长批示：“由于金融城仍在建设中，是否在区政府周边先租用办公场所。待金融城建好后再报，呈林区。”林区批示：“待金融城时间太长，请树军同志梳理一下且周边是否有合适的地方，如人社局旧址等；如确无合适，租用如何？还请祖进同志牵头协调一下。”', '传阅。', '2014-01-14 09:01:00', 5, '0000-00-00 00:00:00', 0, 0, '姚科(2014-01-14 09:01:35);曾科(2014-01-14 09:01:53);田猛(2014-01-14 11:01:10);何碧莹(2014-01-14 15:01:10);陈军(2014-01-14 17:01:12)', './App/Public/Receive/52d498a2bebea.tif', '关于在广州国际金融城起步区政务中心安排投资服务中心办公场地的请示区领导批示.tif', '2014-01-14 09:53:38', '2014-01-15 14:01:08'),
(56, '2014011306', 'JS201401-019', '无', '关于征求林道平区长《在中共广州市天河区委八届六次全会上的讲话》意见的函', '区府办', '综合处牵头。', '请曾科牵头，小何阅处。', '2014-01-14 09:01:40', 5, '2014-01-14 17:00:00', 0, 0, '曾科(2014-01-14 14:01:38):我处无修改意见，已复综合处;何碧莹(2014-02-14 15:02:00):我处无意见，已反馈综合处。', './App/Public/Receive/52d49966d22a3.doc', '市天河区委八届六次全会上的讲话.doc', '2014-01-14 09:56:54', '2014-01-14 15:01:22'),
(57, '2014011307', 'JS201401-020', '无', '广州市国际金融城开发建设工作领导小组办公室关于花城大道东延线二期征地拆迁等问题的会议纪要', '区府办转广州市国际金融城开发建设工作领导小组办公室', '2014年1月2日。1.花城大道东延线二期征地拆迁问题，2.起步区棠下村已收储的集体土地临时围蔽问题。', '传阅。', '2014-01-14 09:01:59', 5, '0000-00-00 00:00:00', 0, 0, '曾科(2014-01-14 10:01:33);姚科(2014-01-14 10:01:56);田猛(2014-01-14 11:01:04);何碧莹(2014-01-14 15:01:15);陈军(2014-01-14 17:01:34)', './App/Public/Receive/52d49ab16a8c0.tif', '广州市国际金融城开发建设工作领导小组办公室关于花城大道东延线二期征地拆迁等问题的会议纪要.tif', '2014-01-14 10:02:25', '2014-01-15 15:01:09'),
(58, '2014011402', 'JS201401-021', '无', '建华在《关于中兴通讯与广州市政府合作的报告》上的批示', '区府办转', '中兴通讯股份有限公司一部分项目落户金融城，天河金融城总部办公用地地块需求为20亩。请我委认真研究提出意见。投资处牵头会建开处办理。', '传阅。请小何阅处。', '2014-01-14 14:01:41', 5, '2014-01-15 10:00:00', 0, 0, '姚科(2014-01-14 14:01:46);曾科(2014-01-14 16:01:02);田猛(2014-01-14 16:01:27);陈军(2014-01-15 09:01:07);何碧莹(2014-01-16 16:01:07):投资处于1月16日邀请该企业参观展厅、座谈，并我处配合带领参观员村热电厂内沙盘。', './App/Public/Receive/52d4de54eadfa.ceb', '计划〔2014〕9号.ceb', '2014-01-14 14:51:01', '2014-01-16 16:01:49'),
(59, '2014011404', 'JS201401-022', '无', '市政府在市规划纲要办报告件上的批示', '区发改局', '请我委与市建委袁皥沟通，以书面材料说明广州国际金融城2013年投资额缺口5亿元的情况。', '请姚科阅处。', '2014-01-14 17:30:00', 5, '0000-00-00 00:00:00', 0, 0, '姚科(2014-01-15 16:01:00):目前，市规划纲要办已去文市建委，请市建委提供有关书面说明，市建委已就此事发文征求市土发中心等各有关部门意见，待收集整理各部门意见后行文报市规划纲要办，故我委暂不需要作相关书面材料说明。', NULL, NULL, '2014-01-15 14:33:33', '2014-01-16 16:01:07'),
(60, '2014011502', 'JS201401-023', '无', '广州市发展改革委关于做好广州市2014年重大项目招商推介会项目组织落实工作的预通知', '市发改委', '区发改局牵头，1月20日起每周向市发改委报送重大项目进展情况。投资处牵头会建开处办理。', '传阅。请小何跟进。', '2014-01-15 14:25:34', 5, '0000-00-00 00:00:00', 0, 0, '曾科(2014-01-15 14:01:25);田猛(2014-01-15 17:01:52);陈军(2014-01-15 17:01:59);姚科(2014-01-16 15:01:45);何碧莹(2014-01-17 10:01:42):我处配合投资处做好报送工作。', './App/Public/Receive/52d62dfb888d5.rar', '重大项目招商推介会.rar', '2014-01-15 14:43:07', '2014-01-26 10:01:12'),
(61, '2014011503', 'JS201401-024', '穗国房函〔2014〕103号', '关于征求《关于加快推动我市11个战略性发展平台的若干意见（征求意见稿）》意见的函', '区府办转', '根据上一次征求意见（档案编号：JF201401-019），综合市里各单位意见后再次征求意见。请我委研究提出意见。', '传阅。请小何阅处。', '2014-01-15 14:01:09', 5, '2014-01-15 14:01:09', 0, 12, '曾科(2014-01-15 15:01:19);田猛(2014-01-15 17:01:18);何碧莹(2014-01-15 17:01:27):无修改意见，已函复区府办秘书科。;陈军(2014-01-16 11:01:55);姚科(2014-01-16 15:01:57)', './App/Public/Receive/52d62f17dfc89.ceb', '穗国房函〔2014〕103号.ceb', '2014-01-15 14:47:51', '2014-01-16 16:01:37'),
(62, '2014011405', 'JS201401-025', '粤农信联报〔2014〕1号', '关于支持广东省农村信用社联合社在员村金融商务区建设总部大楼的请示', '区府办转', '广东省农村信用社联合社计划在员村金融商务区购买20亩建设用地，用于建设省联社总部大楼，建筑面积约6万平方米。张海波主任批示：“请投资处主办，建开处协助，并争取尽早与对方对接一次，可邀请对方来参观展厅。”', '传阅。请小何跟进。', '2014-01-14 17:25:15', 5, '0000-00-00 00:00:00', 0, 0, '曾科(2014-01-15 15:01:14);田猛(2014-01-15 17:01:27);陈军(2014-01-16 11:01:26);姚科(2014-01-16 15:01:52);何碧莹(2014-02-07 15:02:16):我处协助投资处跟进。', './App/Public/Receive/52d6305e4ea94.ceb', '011405.ceb', '2014-01-15 14:53:18', '2014-02-07 15:02:52'),
(63, '2014011506', 'JS201401-026', '无', '关于征求2014年政府工作报告意见的函', '区府办', '林道平区长在广州市天河区第八届人民代表大会第四次会议上的报告。（请留意文内红色批注）', '请曾科、姚科阅处。', '2014-01-15 17:46:57', 5, '2014-01-16 17:00:00', 0, 0, '曾科(2014-01-16 09:01:47);姚科(2014-01-16 10:01:00):已回复综合处两点修改意见：1、建设动员大会时间为6月21日；2、长江集团项目名称为“长江大厦”。', './App/Public/Receive/52d7338de9cf4.doc', '2014年政府工作报告意见的函.doc', '2014-01-16 09:19:09', '2014-01-16 16:01:14'),
(64, '2014011601', 'JS201401-027', '穗金融城办〔2014〕1号', '广州国际金融城开发建设工作领导小组办公室关于报送2014年金融城开发建设工作计划的函', '广州国际金融城开发建设工作领导小组办公室', '我委为主办单位，认真研究提出2014年工作计划并汇总各单位意见。', '请曾科、陈军、姚科阅处。', '2014-01-16 15:46:52', 5, '2014-01-20 11:00:00', 0, 14, '陈军(2014-01-20 14:01:26);曾科(2014-01-26 10:01:59);姚科(2014-01-24 17:01:00):根据林区和丘常委批示，经与市金融城开发建设工作领导小组办公室沟通，报送了金融城起步区村民复建房建设计划和二期土地征拆收储计划。因区国土分局未能及时报送材料，报送时间推迟。', NULL, NULL, '2014-01-16 15:51:56', '2014-01-26 11:01:04'),
(65, '2014011602', 'JS201401-028', '无', '征求意见函(石奇珠同志《在区委八届六次全会上的报告（征求意见稿）》、林道平同志《在区委八届六次全会上的讲话（征求意见稿）》及《中共广州市天河区委贯彻落实&lt;中共中央关于全面深化改革若干重大问题的决定&gt;的意见（征求意见稿）》)', '区委办', '分别报区委办、区府办。综合处牵头。', '请姚科阅处。', '2014-01-17 09:51:42', 5, '2014-01-17 12:00:00', 0, 0, '姚科(2014-01-17 10:01:00):回复综合处两点修改意见：1、”11万多平方米小配套……“改为”10万多平方米小配套……“；2、”积极推进绿地中心、长江集团、起步区复建房等重大项目“改为”积极推进绿地中心、长江大厦、起步区复建房等重大项目“。', './App/Public/Receive/52dc9e267fc90.doc', '意见》征求意见函（区属各单位）.doc', '2014-01-20 11:55:18', '2014-01-20 17:01:50'),
(66, '2014010904', 'JS201401-029', '无', '关于烦请安排普华永道拜会丘卫青常委及张海波主任并参观广州国际金融城的函', '普华永道', '拟接待安排：1.行程：参观广州国际金融城现场，在员村热电厂听取金融城沙盘讲解；参观天河CBD管委会展厅，听取讲解员介绍天河CBD规划；在管委会会议室召开座谈会。2.陪同领导：拟请张主任、全处、陈处全程陪同。投资处牵头，建开处配合。丘常委如有时间可参加或部分参加。', '无', '2014-01-20 10:10:47', 5, '0000-00-00 00:00:00', 0, 0, '姚科(2014-01-22 12:01:00):已配合投资处完成接待。', NULL, NULL, '2014-01-20 14:13:22', '2014-01-23 09:01:07'),
(67, '无', 'JS201401-030', '无', '广州市天河区人大常委会城建环资工委2013年工作总结及2014年工作计划', '天河区人大常委会城建环资工委主任 李宝绿', '其中涉及“调研国际金融城征拆安置和起步区建设情况”', '张主任：请建开处阅存。', '2014-01-17 17:12:21', 5, '0000-00-00 00:00:00', 0, 0, '曾科(2014-01-20 14:01:44);田猛(2014-01-20 15:01:49);姚科(2014-01-20 15:01:36);陈军(2014-01-20 16:01:16);何碧莹(2014-01-21 08:01:30)', NULL, NULL, '2014-01-20 14:17:21', '2014-01-21 15:01:26'),
(68, '2014012301', 'JS201401-031', '无', '关于核实我区2013年重点建设项目完成情况的函', '区发改局', '请我委核实关于“金融城起步区集体土地征拆及复建安置房工程的2013年计划投资额280000万元，已完成投资额为28000万元”。', '请小何阅处。', '2014-01-23 10:30:23', 5, '2014-01-23 11:00:00', 0, 0, '何碧莹(2014-01-22 17:01:38):2013年投资计划及完成投资非我委报送，且2013年复建房项目尚未正式开工，故我委不掌握投资情况。', './App/Public/Receive/52e20a41de60a.rar', '编报天河区2014年重点建设项目和重点建设预备项目计划.rar', '2014-01-24 14:37:53', '2014-01-26 10:01:31'),
(69, '2014011303', 'JS201401-032', '穗天经贸〔2014〕4号', '关于征求守鸿置地等重点企业奖励方案意见的函', '区经贸局', '投资促进处向区经贸局提出修改意见：增加绿地。', '传阅。', '2014-01-23 15:28:40', 5, '0000-00-00 00:00:00', 0, 0, '姚科(2014-01-24 15:01:13);曾科(2014-01-24 15:01:07);田猛(2014-01-24 16:01:03);陈军(2014-01-24 16:01:55);何碧莹(2014-01-26 10:01:55)', NULL, NULL, '2014-01-24 15:31:26', '2014-01-26 10:01:03'),
(70, '2014012304', 'JS201401-033', '无', '关于协助提供创建国家循环经济示范城市重点支撑项目的函', '区经贸局', '根据附件2填写附件3、4。张主任批示：请建开处与经贸局联系，按市里的文的要求，似乎无需我区报金融城情况。', '传阅。请小何阅处。', '2014-01-23 15:32:23', 5, '2014-01-24 15:00:00', 0, 0, '姚科(2014-01-24 15:01:15);田猛(2014-01-24 15:01:55);曾科(2014-01-24 15:01:07);陈军(2014-01-24 16:01:20);何碧莹(2014-01-24 17:01:24):（发送邮件给陈松炯）关于暂不提供创建国家循环经济示范城市重点职称项目的情况说明：1.根据《广州国际金融城起步区开发建设工作方案》，广州国际金融城开发工作是由广州国际金融城领导小组（办公室设在市建委）牵头，项目业主是市土地开发中心，我区主要负责集体土地征拆安置复建工作及相关配合协调工作，所以我区不掌握项目的具体情况。2.广州国际金融城水、路、电、气、通讯等重大基础设施规划建设按照统一规划、统一收储、统一出让、滚动开发、分项实施、整体建设的模式，由广州国际金融城开发建设工作领导小组办公室牵头，市重点办负责统筹实施。目前，A003、A005、A007等已出让地块的基坑支护及土方开挖工程由市重点办实施。3.广州国际金融城起步区控制性详细规划于2014年1月2日由市规划局对外公布实施。4.广州国际金融城起步区目前已出让第一、第二批地块，未完全出让；现各受地企', './App/Public/Receive/52e217bb9eccf.rar', '国家循环经济示范城市重点支撑项目函.rar', '2014-01-24 15:35:23', '2014-01-26 10:01:10'),
(71, '2014012601', 'JS201401-034', '无', '关于再次征求《天河区“三规合一”决策支持平台运行管理办法（试行）》意见的函', '区规划分局', '综合处牵头。', '传阅。请小何阅处。', '2014-01-26 14:28:06', 5, '2014-01-29 17:30:00', 0, 0, '何碧莹(2014-01-26 14:01:21):已反馈综合处无意见。;田猛(2014-01-26 15:01:35);姚科(2014-01-26 15:01:07);陈军(2014-01-26 15:01:55);曾科(2014-01-27 09:01:05)', './App/Public/Receive/52e4b03c64bc3.doc', '台运行管理办法（试行）V4[1].0.doc', '2014-01-26 14:50:36', '2014-01-27 14:01:52'),
(72, '2014012201', 'JS201401-035', '穗天府办函〔2014〕10号', '广州市天河区人民政府办公室关于内环路至广深沿江高速公路连接线项目规划建设的意见', '区府办', '丘常委批示：请建开处阅存，千方百计保护好CBD的城市环境和投资环境是我们工作中的重要原则，在招商引资、项目建设中应着眼全局、着眼长远，绝不因一城一池的得失而一叶障目。', '传阅。', '2014-01-27 10:03:45', 5, '0000-00-00 00:00:00', 0, 0, '曾科(2014-01-27 10:01:31);田猛(2014-01-27 10:01:05);何碧莹(2014-01-27 14:01:14);陈军(2014-01-27 14:01:23);姚科(2014-02-11 14:02:42)', './App/Public/Receive/52e5bf278b3b7.ceb', '天河区人民政府关于广深沿江高速公路连接线项目规划建设的意见.ceb', '2014-01-27 10:06:31', '2014-02-28 16:02:42'),
(73, '2014012701', 'JS201401-036', '无', '关于做好我区2014年调研计划报送工作的通知', '区府办', '综合处牵头，填写2014年调研工作安排表。', '', '2014-01-27 14:14:57', 5, '2014-02-17 17:30:00', 0, 0, '田猛(2014-01-28 08:01:36);姚科(2014-02-11 14:02:30);陈军(2014-02-17 15:02:25);何碧莹(2014-02-10 17:02:00):我处没有调研计划报送，已反馈综合处。;曾科(2014-01-27 11:01:00):我处无需要报送的调研计划，已复综合处', NULL, NULL, '2014-01-27 14:18:08', '2014-03-05 11:03:24'),
(74, '2014012702', 'JS201401-037', '穗发改函〔2014〕167号', '广州市发展改革委《关于征求广州市新一代孵化器建设发展方案（征求意见稿）》意见的函', '区府办转市发改委', '综合处牵头提出意见。', '', '2014-01-27 17:09:02', 5, '2014-02-08 17:30:00', 0, 0, '田猛(2014-01-28 08:01:47);曾科(2014-01-28 10:01:38);陈军(2014-01-28 11:01:22);何碧莹(2014-02-10 15:02:04);姚科(2014-02-11 14:02:47)', './App/Public/Receive/52e62302c9adf.ceb', '广州市发展改革委《关于征求广州市新一代孵化器建设发展方案（征求意见稿）》意见的函(穗发改函〔2014〕167号).ceb', '2014-01-27 17:12:34', '2014-02-28 16:02:52'),
(75, '2014012403', 'JS201402-001', '穗天发改函〔2014〕49号', '关于再次征求《广州市天河区2013年国民经济和社会发展计划执行情况与2014年计划草案的报告（征求意见稿）》意见的函', '区发改局', '综合处牵头', '请小何阅处。', '2014-01-26 10:20:00', 5, '2014-01-27 17:30:00', 0, 0, '何碧莹(2014-01-27 15:01:00):无意见，已反馈综合处。', './App/Public/Receive/52f486b7a14ac.tif', '穗天发改函【2014】49号.tif', '2014-02-07 15:09:43', '2014-02-07 15:02:12'),
(76, '无', 'JS201402-002', '无', '关于协助提供林道平区长接受南方日报采访相关内容的函', '区府办', '请我委根据提纲要求，将答案意见发回区府办综合科。', '根据张主任指示，由我处回答金融城部分问题。', '2014-02-28 09:30:00', 5, '2014-02-28 12:00:00', 0, 18, '曾科(2014-02-28 15:02:50):按照张主任电话口述，对相关问题进行了回答', NULL, NULL, '2014-02-28 14:58:22', '2014-02-28 15:02:17'),
(77, '2014012902', 'JS201401-038', '市规划纲要办〔2014〕5号', '实施珠三角规划纲要2014年主要工作任务（征求意见稿）', '区府办', '区府办转来省府办公厅《实施珠三角规划纲要2014年主要工作任务》（征求意见稿），请我委提出意见报区规划纲要办。', '请姚科阅处。', '2014-01-29 09:00:00', 4, '2014-02-08 00:00:00', 0, 19, '姚科(2014-02-10 09:02:00):无意见，已于2月10日报区规划纲要办。', './App/Public/Receive/53169d1fa3b5b.rar', '2014012902实施珠三角规划纲要2014年主要工作任务（征求意见稿）.rar', '2014-03-05 11:42:23', '2014-03-05 11:03:46'),
(78, '2014012903', 'JS201401-039', '无', '区纪委八届四次全会工作报告（征求意见稿）', '区纪委办', '区纪委办发来此件，请我委提出意见。', '传阅。', '2014-01-29 12:00:00', 4, '2014-02-10 12:00:00', 0, 0, '姚科(2014-03-05 13:03:23);何碧莹(2014-03-05 13:03:55);曾科(2014-03-05 13:03:07);田猛(2014-03-05 13:03:11);陈军(2014-03-05 13:03:06):我处无意见。补办传阅手续', './App/Public/Receive/5316bc3e9804c.doc', '2014012903区纪委八届四次全会工作报告--征求意见函（以此件为准）[1].doc', '2014-03-05 13:55:10', '2014-03-05 13:03:25'),
(79, '2014013002', 'JS201402-003', '无', '龚海杰副秘书长在《关于金融城起步区新型轨道交通规划方案、第三批土地出让（含第三批土地置换）和集体土地征收结案工作情况的报告》上的批示', '区府办', '《报告》涉及金融城新型轨道交通项目、金融城起步区第三批土地出让方案、金融城起步区集体土地征收结案工作计划等内容，丘常委批示：“请管委会密切跟进。”', '传阅。', '2014-02-10 16:00:00', 4, '0000-00-00 00:00:00', 0, 0, '姚科(2014-03-05 14:03:19);陈军(1970-01-01 08:01:00);曾科(2014-03-05 14:03:15):补录传阅信息;田猛(2014-03-05 14:03:09);何碧莹(2014-03-05 14:03:43)', NULL, NULL, '2014-03-05 14:11:11', '2014-03-05 14:03:51'),
(80, '2014020801', 'JS201402-004', '无', '关于再次征求2014年政府工作报告意见的函', '区府办', '区府办发来此件，请我委对文稿中涉及我委工作内容的文字和数字进行核准。', '阅。', '2014-02-08 09:00:00', 4, '2014-02-08 16:00:00', 0, 0, '姚科(2014-03-05 14:03:01);何碧莹(2014-03-05 14:03:43);陈军(2014-03-05 14:03:00);田猛(2014-03-05 14:03:40);曾科(2014-03-05 14:03:49):补录传阅信息', './App/Public/Receive/5316c192cbb1f.doc', '2014020801-2014年政府工作报告意见的函.doc', '2014-03-05 14:17:54', '2014-03-05 14:03:24'),
(81, '2014020802', 'JS201402-005', '无', '关于上报本单位职权范围内民生热点难点问题情况的通知', '区政府纠风办', '区政府纠风办要求我委报送本单位职权范围内与群众生活密切相关的热点难点问题。', '传阅。', '2014-02-10 16:00:00', 4, '2014-02-12 17:00:00', 0, 0, '姚科(2014-03-05 14:03:29);田猛(2014-03-05 14:03:29);陈军(2014-03-05 14:03:48);何碧莹(2014-03-10 14:03:29):我处无情况报送;曾科(2014-03-05 14:03:59):补签传阅手续', './App/Public/Receive/5316c6caee663.rar', '民生热点难点.rar', '2014-03-05 14:40:10', '2014-03-05 14:03:22'),
(82, '2014021002', 'JS201402-006', '无', '关于石东公司粘板岗地块项目开发建设的报告', '区府办', '区府办转来石东公司关于粘板岗地块项目建设的报告，丘常委和黄国和党组分别做出批示，由我处跟进办理。', '请曾科、陈军、姚科阅处。（补签）3.4', '2014-02-10 16:00:00', 4, '0000-00-00 00:00:00', 0, 0, '姚科(2014-03-05 14:03:20);陈军(2014-03-05 14:03:42);曾科(2014-03-05 14:03:54):已跟进相关情况，补签传阅信息。', './App/Public/Receive/5316c994c45f1.rar', '石东公司粘板岗地块项目开发建设的报告.rar', '2014-03-05 14:52:04', '2014-03-05 14:03:23'),
(83, '2014021201', 'JS201402-007', '无', '天河都会区优化提升的实施意见（征求意见稿）', '区委办', '区委办发来《天河都会区优化提升的实施意见（征求意见稿）》征求我委意见。', '传阅。小田阅处（3.4补签）', '2014-02-12 11:50:00', 4, '2014-02-14 12:00:00', 0, 0, '姚科(2014-03-05 15:03:15);陈军(2014-03-05 15:03:24);田猛(2014-02-13 15:02:00):我处无意见，已回复综合处。;何碧莹(2014-03-05 15:03:44);曾科(2014-03-05 15:03:01):补签传阅信息', './App/Public/Receive/5316cca12f894.doc', '天河都会区优化提升的实施意见.doc', '2014-03-05 15:05:05', '2014-03-05 15:03:21'),
(84, '2014021401', 'JS201402-008', '穗发改资环〔2014〕13号', '广州市发展改革委关于中兴通讯与广州市政府合作报告的意见', '市发改委', '区府办转来市发改委《广州市发展改革委关于中兴通讯与广州市政府合作报告的意见》，征求我委意见，并于2月14日前报区发改局。', '请小何阅处（3.4补签）', '2014-02-14 09:50:00', 4, '2014-02-15 00:00:00', 0, 0, '何碧莹(2014-02-14 15:02:00):我处无意见，已反馈投资处', './App/Public/Receive/5316cf5edbdbd.rar', '中兴通讯与广州市政府合作报告意见.rar', '2014-03-05 15:16:46', '2014-03-05 15:03:13'),
(85, '2014021403', 'JS201402-009', '穗规天河〔2014〕114号', '广州市规划局天河分局关于征集天河区增设城市雕塑相关需求意见的函', '市规划局天河分局', '市规划局天河分局转来规划局《关于开展雕塑总体规划商请协助调研工作的函》，请我委提出意见及建议。', '请姚科阅处。', '2014-02-14 09:50:00', 4, '2014-02-14 12:00:00', 0, 20, '姚科(2014-02-14 15:02:00):我委无意见，已于2月14日函复区规划分局', NULL, NULL, '2014-03-05 15:25:35', '2014-03-05 15:03:33'),
(86, '2014021203', 'JS201402-010', '穗自来水〔2014〕45号', '广州市自来水公司关于征询广州国际金融城起步区AT091003地块内环卫站及消毒站、环卫加水站设置需求的函', '广州市自来水公司', '广州市自来水公司来文征询原车陂加压站地块AT091003内配建环卫站及消毒站、环卫加水站的设置要求，以便该公司编写项目建议书和可研报告。', '请曾科、田猛与街道、城管商议后办理（3.5补签）', '2014-02-14 09:52:00', 4, '0000-00-00 00:00:00', 0, 21, '田猛(2014-02-22 15:02:00):已将复函交至广州市自来水公司。;曾科(2014-02-21 15:02:00):已发函请员村街道办、区城管局提出配套设施配置要求，并已函复市自来水公司', NULL, NULL, '2014-03-05 15:34:36', '2014-03-05 15:03:32'),
(87, '2014021402', 'JS201402-011', '无', '关于报送先进称号的通知', '区委组织部', '请我委报送获得省级以上集体或个人荣誉称号材料，于2月14日12:00前报综合处。', '请小何办理。', '2014-02-14 09:52:00', 4, '2014-02-14 12:00:00', 0, 0, '何碧莹(2014-02-14 10:02:00):我处无相关情况报送，已回复综合处', NULL, NULL, '2014-03-05 15:38:36', '2014-03-05 15:03:35'),
(88, '2014021302', 'JS201402-012', '无', '关于报送天河区2014-2015年期间开工竣工民生重点建设项目的通知', '区府办', '区府办根据林区批示，要求我委报送2014-2015年期间开工竣工民生重点建设项目。', '传阅（3.4补签）', '2014-02-14 11:00:00', 4, '2014-02-19 10:00:00', 0, 0, '姚科(2014-03-05 16:03:08);田猛(2014-03-05 16:03:26);陈军(2014-03-05 16:03:29);何碧莹(2014-02-14 16:02:00):我处无相关情况报送，已复综合处;曾科(2014-03-05 16:03:24):补录传阅信息', './App/Public/Receive/5316da19dee4a.rar', '报送天河区2014-2015期间开工竣工民生重点建设项目的通知.rar', '2014-03-05 16:02:33', '2014-03-05 16:03:37'),
(89, '2014021801', 'JS201402-013', '无', '关于进一步梳理完善2013年区政府常务会议和区长办公会议决定事项落实情况的通知', '区府办', '区府办通知梳理2013年区政府常务会议和区长办公会议决定事项落实情况，于2月21日前报综合处汇总', '请曾科牵头落实（3.4补签）', '2014-02-18 14:41:00', 4, '2014-02-21 00:00:00', 0, 22, '何碧莹(2014-02-18 16:02:00):修改了港澳台医疗中心、区少年宫的最新进展，已复综合处小麦;曾科(2014-03-05 16:03:44):补签信息', './App/Public/Receive/5316dc36c8cff.rar', '关于进一步梳理2013年区政府常务会议和区长办公会议决定事项落实情况的通知.rar', '2014-03-05 16:11:34', '2014-03-05 16:03:58'),
(90, '2014021901', 'JS201402-014', '无', '关于编报2014年政府性债务举债和偿债计划的通知', '区财政局', '区财政局要求2月25日前报送2014年政府性债务举债和偿债计划，综合处牵头办理', '传阅（3.4补签）', '2014-02-20 14:18:00', 4, '2014-02-25 00:00:00', 0, 0, '田猛(2014-03-05 16:03:58);姚科(2014-03-05 16:03:59);陈军(2014-03-05 16:03:00);何碧莹(2014-02-20 16:02:00):我处无相关情况报送，已反馈综合处;曾科(2014-03-05 16:03:56):补签传阅信息', './App/Public/Receive/5316dfaac0a58.rar', '政府性债务举债和偿债计划的通知.rar', '2014-03-05 16:26:18', '2014-03-05 16:03:07'),
(91, '2014021903', 'JS201402-015', '无', '区领导在《广州市文化广电新闻出版局关于征求&lt;广州市”图书馆之城“建设规划（征求意见稿）&gt;修改意见的函》上的批示', '区府办', '区府办转来区领导关于区图书馆的批示，丘常委批示：”请建开处在对接协调金融城二期配套时按林区长批示推进落实。“', '传阅。请曾科、田猛跟进（3.4补签）', '2014-02-20 14:18:00', 4, '0000-00-00 00:00:00', 0, 0, '陈军(2014-03-05 16:03:15);姚科(2014-03-05 16:03:34);何碧莹(2014-03-05 16:03:55);曾科(2014-03-05 16:03:25):已跟进。补签传阅信息;田猛(2014-03-05 16:03:23):3月5日与区文广新局黄洁对接天河区图书馆相关事宜，黄洁尽快向领导汇报有关情况并研究落实图书馆建设规模等信息', './App/Public/Receive/5316e1677277d.rar', '区领导关于区图书馆的批示.rar', '2014-03-05 16:33:43', '2014-03-05 16:03:51'),
(92, '2014021904', 'JS201402-016', '穗扩函〔2014〕74号', '广州市道路扩建工程办公室关于广州国际金融城起步区棠下村集体物业房屋征拆补偿面积审核情况的函', '市道扩办', '市道扩办就棠下村集体物业房屋征拆补偿面积向区土发中心发文', '传阅（3.4补签）', '2014-02-20 14:18:00', 4, '0000-00-00 00:00:00', 0, 0, '何碧莹(2014-03-05 16:03:14);姚科(2014-03-05 16:03:23);陈军(2014-03-05 16:03:30);田猛(2014-03-05 16:03:36);曾科(2014-03-05 16:03:43):补签传阅信息', './App/Public/Receive/5316e4c1e7e5e.tif', '穗扩函[2014]74号.tif', '2014-03-05 16:48:02', '2014-03-05 16:03:07'),
(93, '2014022102', 'JS201402-017', '无', '关于报送天河区广州国际金融城项目在地综合服务工作小组成员名单的通知', '区府办', '区府办来文，成立天河区广州国际金融城项目在地综合服务工作，请我委报送成员名单', '请小何阅处（3.4补签）', '2014-02-21 11:00:00', 4, '2014-02-24 10:00:00', 0, 23, '何碧莹(2014-02-21 10:02:00):报送陈财新处长为副组长、何碧莹为组员。已以电子邮件形式报送区府办综合科', './App/Public/Receive/5317e2ab2f1c4.doc', '关于报送天河区广州国际金融城项目在地综合服务领导小组及工作小组的通知.doc', '2014-03-06 10:51:23', '2014-03-06 10:03:06'),
(94, '2014022403', 'JS201402-018', '穗府督字〔2014〕6号', '关于征求对2014年市政府重点工作责任分工意见的函', '市府督查室', '区府办转来市府督查室《关于征求对2014年市政府重点工作责任分工意见的函》，请我委对金融城分工提出意见', '请小何阅处（3.4补签）', '2014-02-25 09:00:00', 4, '2014-02-25 09:00:00', 0, 24, '何碧莹(2014-02-25 11:02:00):根据市金融城开发建设方案，建议将我区改为配合单位', './App/Public/Receive/5317e5308fc67.rar', '2014022403.rar', '2014-03-06 11:02:08', '2014-03-06 11:03:02'),
(95, '2014022602', 'JS201402-019', '穗土开函〔2014〕117号', '广州市土地开发中心关于征求广州市轨道交通沿线土地储备开发方案意见的函', '市土发中心', '区府办转来市土发中心征求意见函，请我委研究提出意见，报区国土房管分局', '请姚科阅处（3.4补签）', '2014-02-28 09:20:00', 4, '2014-03-03 00:00:00', 0, 27, '姚科(2014-03-03 12:03:00):我委无意见，已反馈区国土房管分局。', './App/Public/Receive/5317e8e303f2b.ceb', '关于征求广州市轨道交通沿线土地储备开发方案意见的函（穗土开函〔2014〕117号）.ceb', '2014-03-06 11:17:55', '2014-03-07 10:03:40'),
(96, '2014022605', 'JS201402-020', '无', '关于办理广州市第十四届人民代表大会第四次会议代表建议及广州市政协十二届三次会议委员提案的通知', '区府办', '区府办发来通知，请我委牵头主办人大建议“关于加快解决广州国际金融城路网建设问题的建议”，于3月21日前办理完毕报区府办督办科', '请姚科阅处。', '2014-02-28 09:20:00', 4, '2014-03-21 00:00:00', 0, 41, '姚科(2014-03-24 10:03:00):经会区交通局、区建水局、区规划分局研究，我委草拟办理意见并报送区府办。', './App/Public/Receive/5317eab3b884c.rar', '人大建议和政协提案办理分工.rar', '2014-03-06 11:25:39', '2014-03-24 14:03:41'),
(97, '2014022603', 'JS201402-021', '穗金融城办〔2013〕59号', '广州国际金融城开发建设工作领导小组办公室关于广州国际金融城2013年工作完成情况和2014年工作思路的报告', '区府办', '区府办转来市区领导在《广州国际金融城开发建设工作领导小组办公室关于广州国际金融城2013年工作完成情况和2014年工作思路的报告》上的批示，林区批示：“落实好万书记、陈市长的批示”。', '传阅（3.4补签）', '2014-02-28 09:20:00', 4, '0000-00-00 00:00:00', 0, 0, '田猛(2014-03-06 11:03:43);何碧莹(2014-03-06 11:03:56);曾科(2014-03-06 11:03:14);陈军(2014-03-06 11:03:26);姚科(2014-03-07 11:03:22)', './App/Public/Receive/5317ebc6e5cd7.tif', '2014022603市、区领导在《广州国际金融城开发建设工作领导小组办公室关于广州国际金融城2013年工作完成情况和2014年工作思路的报告（穗金融城办[2013]59号）.tif', '2014-03-06 11:30:14', '2014-03-07 11:03:48'),
(98, '2014022801', 'JS201402-022', '穗府会纪〔2014〕34号', '关于广州国际金融城村民复建有关工作的会议纪要', '市府办公厅', '区府办转来《关于广州国际金融城村民复建有关工作的会议纪要》，该纪要对金融城起步区村民复建问题进行了全面的协调解决，是一揽子解决起步区复建问题的重要会议纪要。', '传阅', '2014-02-28 17:00:00', 4, '0000-00-00 00:00:00', 0, 0, '田猛(2014-03-06 11:03:43);何碧莹(2014-03-06 11:03:03);曾科(2014-03-06 11:03:21);陈军(2014-03-06 11:03:32);姚科(2014-03-07 11:03:38)', './App/Public/Receive/5317ef8aaa02c.ceb', '2014022801关于广州国际金融城村民复建有关工作的会议纪要（穗府会纪〔2014〕34号）.ceb', '2014-03-06 11:46:18', '2014-03-07 11:03:58'),
(99, '2014022802', 'JS201402-023', '穗交函〔2014〕351号', '广州市交通委员会关于再次征求广深沿江高速公路连接线工程项目意见的函', '市交委', '区府办转来《广州市交通委员会关于再次征求广深沿江高速公路连接线工程项目意见的函》，请我委研究提出意见，于3月3日11:00前报区交通局', '请田猛阅处', '2014-02-28 17:00:00', 4, '2014-03-03 11:00:00', 0, 26, '田猛(2014-03-04 11:03:11):已按丘常委批示意见修改并报送至区交通局。', './App/Public/Receive/5317f1d606e25.rar', '2014022802广深高速再次征求意见.rar', '2014-03-06 11:56:06', '2014-03-07 10:03:05'),
(100, '2014022701', 'JS201403-001', '无', '预通知', '区府办', '区府办发来此件（非正式来文），请我委牵头、相关街道配合，根据林道平区长2014年2月24日在《广州国际金融城起步区旧村改造情况介绍》上的批示要求，按照2014年1月20日林区主持召开的金融城起步区复建工作会议议定事项整理并报送起步区各村复建工作的推进落实情况。', '请曾科牵头，姚科阅处。', '2014-02-26 20:00:00', 4, '2014-02-27 17:00:00', 0, 29, '姚科(2014-02-27 15:02:00):我委牵头会员村街、车陂街、棠下街，整理了金融城起步区各村复建工作推进情况，并报送至区府办。;曾科(2014-03-07 11:03:16)', './App/Public/Receive/53193eac4829e.doc', '预通知(金融城起步区复建工作).doc', '2014-03-07 11:36:12', '2014-03-07 11:03:32'),
(101, '2014030303', 'JS201403-002', '穗天教函〔2014〕55号', '广州市天河区教育局关于提请以区政府办公室的名义向团市委提供我区新建少年宫选址相关资料的函', '区府办', '区政府办抄送团市委《关于提供新建少年宫选址相关资料的函》的复函给我委，林区批示：“可以提供一个初步选址图，注明即可。”', '传阅。请田猛跟进落实。', '2014-03-06 09:00:00', 4, '0000-00-00 00:00:00', 0, 0, '姚科(2014-03-07 14:03:27);曾科(2014-03-07 16:03:50);陈军(2014-03-07 16:03:33);田猛(2014-03-10 09:03:00);何碧莹(2014-03-10 09:03:20)', NULL, NULL, '2014-03-07 14:24:04', '2014-03-10 09:03:29'),
(102, '2014030503', 'JS201403-003', '穗发改函〔2014〕338号', '广州市发展改革委关于征求广州市分布式光伏发电推广应用工作方案意见的函', '市发改委', '区政府办转来此件，请我委认真研究提出意见。', '请陈军阅处。', '2014-03-06 17:00:00', 4, '2014-03-07 17:30:00', 0, 30, '陈军(2014-03-07 14:03:17):我委无修改意见。', './App/Public/Receive/531966b461d91.ceb', '穗发改函〔2014〕338号.ceb', '2014-03-07 14:27:00', '2014-03-07 15:03:08'),
(103, '2014030505', 'JS201403-004', '穗天棠〔2014〕6号', '关于金融城起步区棠下复建房项目合并招标的请示', '区府办', '区政府办转来此件，请我委认真研究提出意见。', '请曾科、陈军阅处。', '2014-03-06 17:00:00', 4, '2014-03-10 17:30:00', 0, 33, '陈军(2014-03-10 11:03:14):已复函区府办，支持棠下村自主确定复建房项目招标方案。;曾科(2014-03-10 15:03:21)', './App/Public/Receive/53196745c1909.tif', '区棠下复建房项目合并招标的请示.tif', '2014-03-07 14:29:25', '2014-03-10 15:03:56'),
(104, '2014030507', 'JS201403-005', '穗天发改函〔2014〕100号', '关于征求《天河区推进落实2014年经济发展目标任务总体工作方案（征求意见稿）》意见的函', '区发改局', '区发改局发来此件，请我委认真研究提出意见。此件由综合处牵头会企服处、投资处和我处办理。', '传阅。请田猛阅处。', '2014-03-06 09:30:00', 4, '2014-03-06 12:00:00', 0, 0, '姚科(2014-03-07 14:03:15);田猛(2014-03-06 14:03:43):已将修改意见反馈至综合处。;陈军(2014-03-07 14:03:37);曾科(2014-03-07 16:03:48);何碧莹(2014-03-10 09:03:48)', './App/Public/Receive/531968d8e8435.tif', '穗天发改函【2014】100号.tif', '2014-03-07 14:36:08', '2014-03-10 09:03:54'),
(105, '2014030603', 'JS201403-006', '无', '关于为《广州国际金融城起步区开发建设纪实》提供相关素材的通知', '区府办', '按照区政府主要领导的指示，区政府办公室已成立工作小组编纂《广州国际金融城起步区开发建设纪实》，请我委提供相关材料。', '请曾科牵头。处内全员配合，小田办理。', '2014-03-06 17:00:00', 4, '2014-03-10 17:00:00', 0, 0, '田猛(2014-03-10 14:03:57):已将相关资料发至联系人邮箱。;曾科(2014-03-10 15:03:45);姚科(2014-03-10 15:03:49);何碧莹(2014-03-10 15:03:03);陈军(2014-03-10 15:03:43)', NULL, NULL, '2014-03-07 14:40:01', '2014-03-10 15:03:21');
INSERT INTO `cbd_receive` (`id`, `office_no`, `rec_no`, `article_no`, `title`, `come_from`, `summary`, `struct`, `rec_time`, `rec_person`, `dead_time`, `state`, `write_id`, `deal_info`, `download_name`, `file_name`, `create_time`, `update_time`) VALUES
(106, '2014030703', 'JS201403-007', '无', '关于到访广州市天河中央商务区讨论天河城以南地块拆迁、规划等事项的函', '恒隆地产', '恒隆地产发来此件，计划3月13日来我区考察天河城以南地块拆迁、规划等事项。投资处牵头，我处配合。', '请姚科做好配合。', '2014-03-10 15:00:00', 4, '2014-03-13 17:30:00', 0, 0, '姚科(2014-03-13 16:03:00):3月13日下午，投资处张皓、区规划分局冯惠香、区城改办王如坤等陪同恒隆地产来访人员前往六运小区、马场路等进行实地考察。', NULL, NULL, '2014-03-10 15:07:42', '2014-03-14 14:03:09'),
(107, '2014031002', 'JS201403-008', '无', '区委宣传部关于印发《2014年天河区年度新闻宣传工作方案（征求意见稿）》的通知', '区委宣传部', '区委宣传部发来此件，请我委认真研究提出意见。综合处牵头会各处室办理。', '请小何阅处。', '2014-03-11 14:50:00', 4, '2014-03-12 17:30:00', 0, 0, '何碧莹(2014-03-11 17:03:00):我处无意见，已回复综合处', './App/Public/Receive/531eb92387b1a.doc', '工作方案（征求意见稿）》的通知.doc', '2014-03-11 15:20:03', '2014-03-12 08:03:06'),
(108, '2014031003', 'JS201403-009', '无', '关于报送区域规划调整、引进重点项目等情况的函', '区经贸局', '区经贸局发来此件，请我委按要求填写附件表格。此件由我处协助投资处办理。', '请陈军、小何阅处。', '2014-03-11 14:50:00', 4, '2014-03-21 17:00:00', 0, 0, '陈军(2014-03-20 09:03:53):我处是本文的协办处室。摸查了金融城起步区第一、第二批受地企业及拆迁复建村集体的13个新建项目的情况，填写了《天河区重大项目用电情况摸查表》，交投资促进处(主办处室)陈兴煌。;何碧莹(2014-03-20 09:03:29)', './App/Public/Receive/531eb9bf807b4.xls', '天河区重大项目情况摸查表.xls', '2014-03-11 15:22:39', '2014-03-20 09:03:42'),
(109, '2014031101', 'JS201403-010', '无', '关于协助提供市金融办约稿稿件的函', '区府办', '区府办发来此件，请我委就金融城2013年建设情况和对2014年的展望代区政府拟稿，供制作《2014广州金融白皮书》。', '请曾科牵头办理。', '2014-03-11 14:50:00', 4, '2014-03-19 17:30:00', 0, 42, '田猛(2014-03-12 14:03:44);陈军(2014-03-13 15:03:04);姚科(2014-03-24 10:03:00):我处已草拟《2013广州国际金融城建设情况与2014年展望》并报送区府办。;何碧莹(2014-03-24 14:03:05);曾科(2014-03-24 14:03:18)', NULL, NULL, '2014-03-11 15:26:28', '2014-03-24 14:03:37'),
(110, '2014031104', 'JS201403-011', '广府联函〔2014〕2号', '关于首届世界广府人恳请大会永久纪念雕塑《故土的召唤》移交广州市天河区的函', '广东省广府人珠玑巷后裔海外联谊会', '区府办转来此件，拟由我区安排落实主题雕塑“故土的召唤”永久放置在花城广场事宜。丘常委批示：“请区政府办告知联谊会，花城广场目前仍由新中轴线公司管理，请他们亦致一函该公司。请管委会配合协调。”', '请田猛阅处，落实跟进常委指示办理情况。', '2014-03-12 14:00:00', 4, '0000-00-00 00:00:00', 0, 0, '田猛(2014-03-13 17:03:07):张主任已致电广府人联谊会何会长，请广府人联谊会直接发函给新中轴建设开发有限公司，下一步由我委继续与广府人联谊会、市规划局、越秀区政府做好沟通协调工作。', './App/Public/Receive/5320027a38860.rar', '关于首届世界广府人恳请大会永久纪念雕塑《故土的召唤》移交广州市天河区的函.rar', '2014-03-12 14:45:14', '2014-03-13 17:03:22'),
(111, '2014031105', 'JS201403-012', '穗天国房函〔2014〕133号', '关于征求解决原村办学校校舍产权问题工作方案的意见', '区国土房管分局', '区国土房管分局发来此件，请我委认真研究提出意见。', '请曾科、田猛阅处。', '2014-03-12 14:00:00', 4, '2014-03-14 17:30:00', 0, 34, '田猛(2014-03-13 16:03:56):已将复函发至区国土房管分局。;曾科(2014-03-13 16:03:01)', NULL, NULL, '2014-03-12 14:47:06', '2014-03-13 17:03:02'),
(112, '2014031203', 'JS201403-013', '无', '关于征求《天河区党政机关工作人员问责暂行办法》意见的函', '区纪委办', '区纪委办发来此件，请我委认真研究提出修改意见。', '请姚科阅处。', '2014-03-13 10:00:00', 4, '2014-03-14 17:00:00', 0, 0, '姚科(2014-03-13 14:03:00):无意见，已反馈综合处。', './App/Public/Receive/5321508fe5775.doc', '人员问责暂行办法（征求意见稿）.doc', '2014-03-13 14:30:39', '2014-03-14 14:03:54'),
(113, '2014031204', 'JS201403-014', '穗港局函〔2014〕49号', '广州港务局关于征求《广州港老港区转型升级规划研究（送审稿）》意见的函', '广州港务局', '区府办转来此件，请我委认真研究，于3月14日上午11:00前将意见函复区建水局。', '请曾科、田猛阅处。', '2014-03-13 10:00:00', 4, '2014-03-14 11:00:00', 0, 35, '田猛(2014-03-13 16:03:57):已发至区建水局。;曾科(2014-03-13 17:03:27)', './App/Public/Receive/5321513d2f505.rar', '穗港局函[2014]49号.rar', '2014-03-13 14:33:33', '2014-03-13 17:03:18'),
(114, '2014031201', 'JS201403-015', '穗建路桥纪〔2014〕92号', '广州国际金融城开发建设工作领导小组办公室关于金融城开发建设第五次工作例会的纪要', '市建委', '市建委发来此件，研究金融城周边区域道路指示标牌设置、九号码头用地移交、临江大道东延线用地结案等议题。由于开会时及会后的协调沟通中未就金融城周边区域道路指示标牌设置达成一致意见，故本次会议纪要没有表述相关决策内容。', '传阅。', '2014-03-13 14:55:00', 4, '0000-00-00 00:00:00', 0, 0, '姚科(2014-03-13 15:03:47);曾科(2014-03-13 15:03:55);陈军(2014-03-13 15:03:54);田猛(2014-03-13 17:03:17);何碧莹(2014-03-14 14:03:21)', NULL, NULL, '2014-03-13 15:05:38', '2014-03-14 14:03:16'),
(115, '无', 'JS201403-016', '无', '广州国际金融城开发建设工作专刊〔2014〕第2期', '市金融城办', '广州国际金融城2014年1、2月份各项工作进展情况', '传阅。综合岗做好收集整理简报归档工作。', '2014-03-13 15:00:00', 4, '0000-00-00 00:00:00', 0, 0, '姚科(2014-03-14 14:03:04);曾科(2014-03-14 14:03:58);田猛(2014-03-14 14:03:00);陈军(2014-03-14 14:03:53);何碧莹(2014-03-14 15:03:46)', './App/Public/Receive/5322a1526f9aa.zip', '国际金融城开发建设工作专刊〔2014〕第2期.zip', '2014-03-14 14:27:30', '2014-03-14 15:03:55'),
(116, '2014031401', 'JS201403-017', '穗人社函〔2014〕499号', '广州市人力资源和社会保障局关于再次征求《广州市人才资源服务产业园规划建设方案》（征求意见稿）意见的函', '市人社局', '区府办转来此件，请我委认真研究提出意见。由我处牵头会企服处办理。', '请姚科阅处。', '2014-03-14 11:00:00', 4, '2014-03-14 17:00:00', 0, 36, '姚科(2014-03-14 15:03:00):经研究，我委无意见。', './App/Public/Receive/5322a6044e3b4.ceb', '穗人社函〔2014〕499号.ceb', '2014-03-14 14:47:32', '2014-03-14 15:03:37'),
(117, '2014031802', 'JS201403-018', '', '林区在《天河区推进广州国际金融城起步区开发建设工作进展情况汇总表》批示', '区府办', '林区在《天河区推进广州国际金融城起步区开发建设工作进展情况汇总表》批示', '请田猛跟进办理。', '2014-03-18 16:28:43', 6, '0000-00-00 00:00:00', 0, 0, '田猛(2014-03-18 16:03:06):已与区文广新局沟通，区文广新局正按林区指示以区政府名义发函至市金融城领导小组办公室协调相关事宜。', './App/Public/Receive/5328079603a40.tif', '林区批示[1].tif', '2014-03-18 16:45:10', '2014-03-18 16:03:33'),
(118, '2014031902', 'JS201403-019', '穗发改函〔2014〕444号', '广州市发展改革委关于征求对广州市退二进三2013年工作总结与2014年重点工作安排的修改意见的函', '广州市发展改革委', '广州市发展改革委关于征求对广州市退二进三2013年工作总结与2014年重点工作安排的修改意见的函', '传阅。请田猛阅处。', '2014-03-20 14:45:00', 6, '2014-03-20 15:02:57', 0, 0, '田猛(2014-03-20 15:03:37):我处无意见，已报至企服处。;曾科(2014-03-20 15:03:01);姚科(2014-03-21 09:03:15);陈军(2014-03-21 10:03:11);何碧莹(2014-03-21 11:03:24)', './App/Public/Receive/532a932133380.ceb', '穗发改函〔2014〕444号.ceb', '2014-03-20 15:05:05', '2014-03-21 11:03:55'),
(119, '2014031903', 'JS201403-020', '粤发改经贸〔2013〕733号', '关于印发《广东省进口商品交易中心建设规划》的通知', '区政府办', '区政府办转来《关于印发&lt;广东省进口商品交易中心建设规划&gt;的通知》，林区批示：“转请卫青、海波同志阅，如金融城没有大宗商品或生产要素交易中心，始终是一个缺陷”。丘常委批示：“请海波并企服处、投资处阅研，在金融城布点有形商品交易中心及配套的仓储、物流、集散基地似不符合其功能定位，重点应放在电子商务平台、无形产品交易以及要素市场（知识产权、人才经济、大宗商品的远期交易等）方面，适当时候主动与市发改委、市金融办对接。”', '传阅。请按委领导指示落实。', '2014-03-21 09:36:04', 6, '0000-00-00 00:00:00', 0, 0, '田猛(2014-03-21 10:03:26);陈军(2014-03-21 14:03:39);曾科(2014-03-21 14:03:24);姚科(2014-03-24 11:03:19);何碧莹(2014-03-24 14:03:43)', './App/Public/Receive/532ba33984aa9.zip', '关于印发《广东省进口商品交易中心建设规划》的通知.zip', '2014-03-21 10:26:01', '2014-03-24 14:03:49'),
(120, '2014032103', 'JS201403-021', '穗天建水函〔2014〕74号', '关于协助提供金融城起步区建设计划及相关资料的函', '区建水局', '关于协助提供金融城起步区建设计划及相关资料的函', '请曾科、陈军与市金融城办联系、落实。', '2014-03-24 09:53:14', 6, '2014-03-25 17:30:33', 0, 44, '陈军(2014-03-24 09:03:34):于2014-3-24复函，关于棠下涌改造工程相关事宜，建议区建水局直接向市水务局、市重点办咨询详细情况。;曾科(2014-03-25 09:03:05)', NULL, NULL, '2014-03-24 11:05:48', '2014-03-25 09:03:07'),
(121, '2014032101', 'JS201403-022', '〔2014〕', '关于报送2014年以区委、区政府名义召开的全区性会议和重要政务活动安排的通知', '区委办', '区委办发来《关于报送2014年以区委、区政府名义召开的全区性会议和重要政务活动安排的通知》，请我委填写安排一览表，于3月26日（星期三）11:00前报至区委办。拟转综合处牵头会各处室办理。', '请田猛阅处。', '2014-03-24 09:52:17', 6, '2014-03-26 11:00:33', 0, 0, '田猛(2014-03-24 11:03:56):我处无会议活动安排。', NULL, NULL, '2014-03-24 11:10:08', '2014-03-24 11:03:22'),
(122, '2014032101', 'JS201403-023', '穗金融城办〔2014〕14号', '关于金融城开发建设第六次工作例会的纪要', '市金融城办', '市金融城办发来《关于金融城开发建设第六次工作例会的纪要》，拟转公共事务协调处、建设开发处阅。（关于金融城起步区路牌指引设置问题）', '传阅。', '2014-03-24 11:33:46', 6, '0000-00-00 00:00:00', 0, 0, '曾科(2014-03-24 13:03:42);田猛(2014-03-24 13:03:13);陈军(2014-03-24 14:03:39);何碧莹(2014-03-24 14:03:05);姚科(2014-03-24 14:03:32)', './App/Public/Receive/532fae1079703.ceb', '穗金融城办〔2014〕14号.ceb', '2014-03-24 12:01:20', '2014-03-24 14:03:39'),
(123, '2014032401', 'JS201403-024', '〔2014〕', '关于进一步核实我区民生重点建设项目进展情况的通知', '区府办', '区政府办发来《关于进一步核实我区民生重点建设项目进展情况的通知》，请我委认真研究提出意见，于3月24日前报至区政府办。', '请田猛阅处。', '2014-03-24 11:34:44', 6, '2014-03-24 17:00:54', 0, 0, '田猛(2014-03-24 14:03:36):我处无意见。', './App/Public/Receive/532faf4ee5f92.xls', '开工竣工民生重点建设项目汇总表.xls', '2014-03-24 12:06:38', '2014-03-24 14:03:31'),
(124, '2014031803', 'JS201403-025', '穗天财〔2014〕105号', '关于印发《2014年天河区财政监督检查工作计划》的通知', '区财政局', '区财政局发来《关于印发&lt;2014年天河区财政监督检查工作计划&gt;的通知》，综合处办理。', '传阅。', '2014-03-21 14:20:08', 6, '0000-00-00 00:00:00', 0, 0, '田猛(2014-03-24 14:03:08);姚科(2014-03-24 14:03:40);曾科(2014-03-24 16:03:22);陈军(2014-03-24 16:03:06)', NULL, NULL, '2014-03-24 14:33:59', '2014-03-24 16:03:27'),
(125, '', 'JS201403-026', '委务会纪〔2014〕1号', '管委会委务会议纪要', '综合处', '议题：一、讨论林穗生同志转任为企服处副处长工作；二、讨论管委会内部审计工作小组名单；三、讨论2013年财政购买服务评审工作；四、听取《广州市中央商务区管理办法》2014年度工作计划的汇报；五、听取关于金融城指示路牌设置工作情况的汇报；六、听取关于开设珠江新城双层巴士观光线路工作情况的汇报；七、研究党的群众路线教育实践活动相关工作。', '传阅。', '2014-03-18 10:03:15', 6, '0000-00-00 00:00:00', 0, 0, '田猛(2014-03-25 10:03:02);陈军(2014-03-25 10:03:07);曾科(2014-03-25 10:03:08);姚科(2014-03-25 14:03:30);何碧莹(2014-03-26 17:03:23)', NULL, NULL, '2014-03-25 10:04:50', '2014-03-26 17:03:32'),
(126, '', 'JS201403-027', '委务会纪〔2014〕2号', '管委会委务会议纪要', '综合处', '议题：一、讨论潘华玲同志辞职事宜；二、讨论《广州市中央商务区管理办法》（初稿）；三、讨论关于协调办理商务楼宇和商场场地证明工作；四、讨论政府购买服务考评企业评价表事项；五、讨论广州珠江工程建设监理有限公司合同尾款支付事宜；六、讨论与区体育局联合主办“天河CBD杯”羽毛球、篮球邀请赛事宜；七、通报管委会2014年1-2月经费预算执行情况；八、研究党的群众路线教育实践活动工作。', '传阅、归档。', '2014-03-24 10:12:01', 6, '0000-00-00 00:00:00', 0, 0, '田猛(2014-03-25 10:03:07);陈军(2014-03-25 10:03:54);曾科(2014-03-25 10:03:39);姚科(2014-03-25 14:03:34);何碧莹(2014-03-26 17:03:28)', NULL, NULL, '2014-03-25 10:17:39', '2014-03-26 17:03:33'),
(127, '2014032502', 'JS201403-028', '穗旧改函〔2014〕134号', '关于征求《广州市城市更新工作总体方案（2014-2020年）》（征求意见稿）的函', '区政府办', '区政府办发来《关于征求&lt;广州市城市更新工作总体方案（2014-2020年）&gt;（征求意见稿）的函》，请我委配合区城改办认真研究提出意见。', '传阅。请曾科牵头研处，姚科具体办理。', '2014-03-25 17:41:49', 6, '2014-03-26 17:00:10', 0, 45, '姚科(2014-03-26 16:03:00):经研究，我委无意见。;曾科(2014-03-27 09:03:32);陈军(2014-03-27 10:03:07);田猛(2014-03-27 10:03:11);何碧莹(2014-03-31 10:03:13)', './App/Public/Receive/53322bf0df3a5.zip', '032502.zip', '2014-03-26 09:22:56', '2014-03-31 11:03:43'),
(128, '2014032509', 'JS201403-029', '穗规编〔2014〕7号', '关于征求《广州国际金融城二期城市设计及控制性详细规划历史文化保护规划、公共服务设施规划、旧村拆迁安置规划》意见的函', '市编研中心', '区政府办发来《关于征求&lt;广州国际金融城二期城市设计及控制性详细规划历史文化保护规划、公共服务设施规划、旧村拆迁安置规划&gt;意见的函》，请我委牵头相关单位认真研究提出意见，于3月28日11:00前回复区政府办。', '传阅。请田猛阅处。', '2014-03-25 17:41:33', 6, '2014-03-28 11:00:48', 0, 60, '陈军(2014-03-27 11:03:53);何碧莹(2014-03-31 11:03:32);姚科(2014-04-03 10:04:35);曾科(2014-04-16 13:04:08);田猛(2014-04-23 11:04:20):已发至区府办。', './App/Public/Receive/533231c97e9a9.zip', '032509.zip', '2014-03-26 09:47:53', '2014-04-28 09:04:54'),
(129, '2014032501', 'JS201403-030', '穗府办信〔2014〕8号', '关于报送广州国际金融城建设情况的通知', '区府办', '区政府办发来《关于报送广州国际金融城建设情况的通知》，请我委梳理广州国际金融城建设进展、存在问题及下一步措施的情况，于4月1日前报至区政府办。张主任批示“请建开处协调区府办，让他们向市府办请示，金融城应由市建委来报送，我区报送易以偏盖全，勿耽误全市的工作。”', '传阅。请小何落实主任指示，姚科协助。', '2014-03-26 09:00:24', 6, '2014-04-01 17:00:42', 0, 48, '陈军(2014-03-27 10:03:42);田猛(2014-03-27 10:03:20);曾科(2014-03-28 08:03:37);姚科(2014-04-01 14:04:00):已发送电子版至区府办信息科。（仅需电子版）;何碧莹(2014-04-02 09:04:21)', './App/Public/Receive/53324dd00399b.ceb', '032501.ceb', '2014-03-26 11:47:28', '2014-04-02 09:04:24'),
(130, '2014032505', 'JS201403-031', '穗天府法征〔2014〕6号', '广州市天河区2014年依法行政工作重点和责任分工（征求意见稿）', '区法制办', '区法制办发来《广州市天河区2014年依法行政工作重点和责任分工（征求意见稿）》，请我委认真研究提出意见，于3月31日前报至区法制办。', '传阅。请姚科阅处。', '2014-03-26 09:00:28', 6, '2014-03-31 11:51:23', 0, 0, '姚科(2014-03-26 17:03:37);曾科(2014-03-27 09:03:02);陈军(2014-03-27 10:03:46);田猛(2014-03-27 10:03:57);何碧莹(2014-03-31 10:03:33)', './App/Public/Receive/53324f2ddb601.zip', '032505.zip', '2014-03-26 11:53:17', '2014-03-31 11:03:05'),
(131, '2014032105', 'JS201403-032', '金融城办〔2014〕3号', '粤港直通杂志社金融城专题报道采访工作方案', '区政府办', '区政府办发来《粤港直通杂志社金融城专题报道采访工作方案》，林区批示：“请卫青、海波同志准备好，到时代表天河的材料送我阅。”拟转投资促进处、建设开发处阅。', '传阅。', '2014-03-26 09:00:01', 6, '0000-00-00 00:00:00', 0, 0, '姚科(2014-03-26 17:03:17);曾科(2014-03-27 09:03:33);田猛(2014-03-27 10:03:29);陈军(2014-03-27 11:03:24);何碧莹(2014-03-31 10:03:38)', './App/Public/Receive/5332504d88bc3.zip', '032105.zip', '2014-03-26 11:58:05', '2014-03-31 11:03:15'),
(132, '2014032402', 'JS201403-033', '〔2014〕', '关于办理广州市第十四届人民代表大会第2062号、第2192号建议及广州市政协十二届三次会议第1019号提案的通知', '区府办', '区政府办转来《关于办理广州市第十四届人民代表大会第2062号、第2192号建议及广州市政协十二届三次会议第1019号提案的通知》，请我委配合区文广新局办理议题《监理广州文化收储品储存》（第1019号提案）。拟转综合处牵头会投资促进处、建设开发处办理。', '传阅，请田猛阅处。', '2014-03-26 09:00:33', 6, '2014-04-30 12:39:00', 0, 0, '曾科(2014-03-27 09:03:08);陈军(2014-03-27 11:03:51);何碧莹(2014-03-31 10:03:35);姚科(2014-03-31 11:03:48);田猛(2014-04-01 10:04:15):建议该项目尽快与规划部门对接落实选址意向，我委将做好服务、协调工作。已将意见反馈至综合处。', './App/Public/Receive/53325a8a5b53d.zip', '032402.zip', '2014-03-26 12:41:46', '2014-04-01 10:04:09'),
(133, '2014032503', 'JS201403-034', '〔2014〕', '关于征求对《天河区2014年落实党风廉政建设责任制工作暨廉洁天河建设部署的分工》修改意见函', '区纪委办', '区纪委办发来《关于征求对&lt;天河区2014年落实党风廉政建设责任制工作暨廉洁天河建设部署的分工&gt;修改意见函》，请我委认真研究提出意见，于3月27日前报至区纪委党廉室。拟转综合处牵头会各处室办理。', '传阅，请小何阅处。', '2014-03-25 17:41:35', 6, '2014-03-27 12:43:47', 0, 0, '何碧莹(2014-03-26 17:03:23):无意见，已反馈综合处。;曾科(2014-03-27 09:03:14);陈军(2014-03-27 10:03:56);田猛(2014-03-27 10:03:36);姚科(2014-03-31 11:03:27)', './App/Public/Receive/53325b6fc0670.doc', '032503.doc', '2014-03-26 12:45:35', '2014-03-31 11:03:24'),
(134, '2014032512', 'JS201403-035', '穗天教函〔2014〕92号', '天河区教育局关于商请提供广州国际金融城二期规划出台时间的函', '区教育局', '区教育局发来《天河区教育局关于商请提供广州国际金融城二期规划出台时间的函》，请我委提供广州国际金融城二期规划出台的准确时间，拟转建设开发处办理。', '传阅，请田猛阅处。', '2014-03-26 09:00:41', 6, '0000-00-00 00:00:00', 0, 46, '陈军(2014-03-27 11:03:24);曾科(2014-03-27 16:03:35);何碧莹(2014-03-28 11:03:42);田猛(2014-03-28 14:03:57):已拟复函并发至区教育局。;姚科(2014-03-28 14:03:21)', './App/Public/Receive/53325c2a8a7a8.tif', '032512.tif', '2014-03-26 12:48:42', '2014-03-28 14:03:56'),
(135, '2014032406', 'JS201403-036', '穗规会〔2014〕46号', '关于推进“首届世广会”纪念雕塑设置工作的会议纪要', '市规划局', '市规划局发来《关于推进“首届世广会”纪念雕塑设置工作的会议纪要》，拟转建设开发处跟进办理。张主任批示“请建开处衔接跟进好，近期我们与城投等有关单位商量一次。”', '请田猛落实。', '2014-03-26 17:03:34', 6, '0000-00-00 00:00:00', 0, 0, '田猛(2014-03-27 11:03:16):已与市规划局、广府人联谊会、花城广场业主单位（广州城投下属资产经营管理有限公司）跟进落实相关事宜。', NULL, NULL, '2014-03-27 11:04:15', '2014-03-27 11:03:46'),
(136, '2014032702', 'JS201403-037', '穗天商管〔2014〕7号', '关于金融城起步区路牌设置问题的报告', '区政府办', '区政府办发来《关于金融城起步区路牌设置问题的报告》，林区批示：“做得好！金融城路牌的设置既可方便市民群众，更是一个最好的广告牌，其作用不言而喻。”拟转公共事务协调处、建设开发处阅。林区批示已由区政府办呈丘常委阅。', '传阅。请姚科继续跟进配合。', '2014-03-27 14:39:11', 6, '0000-00-00 00:00:00', 0, 0, '曾科(2014-03-28 09:03:47);陈军(2014-03-28 14:03:50);姚科(2014-03-28 14:03:13);田猛(2014-03-31 11:03:17);何碧莹(2014-04-02 09:04:44)', './App/Public/Receive/5334cbefb4e74.tif', '城起步区路牌设置问题报告上批示.tif', '2014-03-28 09:10:07', '2014-04-02 09:04:32'),
(137, '2014032703', 'JS201403-038', '穗发改函〔2014〕504号', '广州市发展改革委关于再次征求广州市率先全面建成小康社会一揽子方案有关文件意见的函', '市发改委', '区政府办转来市发改委《关于再次征求广州市率先全面建成小康社会一揽子方案有关文件意见的函》，请我我认真研究提出意见，于3月28日（星期五）10:00前报至区发改委。拟转综合处牵头会各处室办理。', '传阅。请小何阅处。', '2014-03-27 14:39:04', 6, '2014-03-28 10:00:30', 0, 0, '何碧莹(2014-03-28 09:03:00):无意见，已反馈综合处。;曾科(2014-03-28 11:03:47);陈军(2014-03-28 13:03:55);田猛(2014-03-31 11:03:28);姚科(2014-04-02 10:04:56)', './App/Public/Receive/5334ce4bc6411.rar', '社会一揽子方案有关文件意见的函.rar', '2014-03-28 09:20:11', '2014-04-02 10:04:00'),
(138, '2014032707', 'JS201403-039', '穗天财〔2014〕132号', '关于配合做好建立事权与支出责任相适应制度专题调研准备工作的通知', '区财政局', '区财政局发来《关于配合做好建立事权与支出责任相适应制度专题调研准备工作的通知》，请我委按照调研提纲准备书面材料，特别着重第4、5、7、9点内容要求，于4月2日前报至区财政局。拟转综合处办理。', '请小何阅处。', '2014-03-28 11:00:41', 6, '2014-04-02 12:39:57', 0, 0, '何碧莹(2014-04-04 09:04:13):我处无报送意见，已反馈综合处。', './App/Public/Receive/5334fd90878c5.tif', '032707.tif', '2014-03-28 12:41:52', '2014-04-04 09:04:37'),
(139, '2014032706', 'JS201403-040', '〔2014〕', '关于协助提供服务对象联系方式的通知', '区纠风办', '区纠风办发来《关于协助提供服务对象联系方式的通知》，请我我提供今年第一季度100名服务对象的联系方式，于4月2日前报至区纠风办。', '请小何阅处。', '2014-03-28 11:00:38', 6, '2014-04-02 12:42:49', 0, 0, '何碧莹(2014-03-31 18:03:07):已将民意调查企业联系方式提供给企业服务处。', './App/Public/Receive/5334fe29d45f2.tif', '032706.tif', '2014-03-28 12:44:25', '2014-03-31 18:03:29'),
(140, '2014032802', 'JS201403-041', '穗天财函〔2014〕189号', '关于征询《天河区部门预算项目支出预算管理办法》意见的函', '区财政局', '区财政局发来《关于征询&lt;天河区部门预算项目支出预算管理办法&gt;意见的函》，请我委认真研究提出意见，于4月10日前报至区财政局，拟转综合处牵头各处室办理。', '传阅。请小何阅处。', '2014-03-28 15:26:06', 6, '2014-04-10 15:41:00', 0, 0, '曾科(2014-03-28 15:03:52);田猛(2014-03-31 11:03:03);陈军(2014-03-31 15:03:56);何碧莹(2014-03-31 18:03:29):已反馈综合处无意见。;姚科(2014-04-01 10:04:12)', './App/Public/Receive/5335280a727cf.tif', '项目支出预算管理办法》意见的函.tif', '2014-03-28 15:43:06', '2014-04-01 10:04:17'),
(141, '2014033101', 'JS201404-001', '穗府 2014', '关于征求2014年市政府重点工作我区责任分工意见的函', '区府办', '区府办发来此件，请我委与有关单位对接并填写《2014年市政府重点我区配合项目表》及《各单位对2014年市政府重点工作责任分工意见表》，于4月8日（星期二）下午5时前报送区府办督办科。', '请曾科牵头阅处。', '2014-04-01 17:00:00', 4, '2014-04-08 17:00:00', 0, 0, '田猛(2014-04-04 09:04:19):以报相关信息。;姚科(2014-04-04 11:04:00):经与市金融城办对接，明确我委工作任务为“协调加快金融城起步区复建安置房项目建设”，确定了有关配合单位名单，并已报送电子版至区府办（无需报送纸质版）。;陈军(2014-04-04 11:04:15);曾科(2014-04-04 11:04:10)', './App/Public/Receive/533b71c6ae604.rar', '市政府重点工作.rar', '2014-04-02 10:11:18', '2014-04-04 11:04:14'),
(142, '2014033103', 'JS201404-002', '无', '关于征求《2014年广州市网上办事大厅天河分厅建设工作方案（征求意见稿）》的通知', '区政务办', '区政务办发来此件，请我委认真研究提出意见。', '请姚科、陈军阅处。', '2014-04-01 17:00:00', 4, '2014-04-03 17:30:00', 0, 0, '陈军(2014-04-02 13:04:12);姚科(2014-04-04 09:04:00):无意见，已反馈综合处。', './App/Public/Receive/533b72ddb5eaf.doc', '工作方案（征求意见稿）》的通知.doc', '2014-04-02 10:15:57', '2014-04-04 09:04:38'),
(143, '2014040101', 'JS201404-003', '无', '关于编写《天河年鉴·2014》的通知', '区年鉴编辑部', '区年鉴编辑部发来此件，请我委配合编写2014年天河年鉴，并附上相关工作照片和附表。由综合处牵头。', '请姚科阅处。', '2014-04-01 17:00:00', 4, '2014-04-10 17:30:00', 0, 0, '姚科(2014-04-02 10:04:00):已将修改意见反馈综合处。', './App/Public/Receive/533b73b0a2de1.tif', '040101天河年鉴.tif', '2014-04-02 10:19:28', '2014-04-03 10:04:07'),
(144, '2014040201', 'JS201404-004', '穗交函〔2014〕591号', '广州市交通委员会关于征求广州市高快速路衔接及城市主要道路网完善工作方案有关意见的函', '广州市交通委员会', '区府办转来此件，请我委认真研究提出意见。', '传阅。请陈军、田猛阅处。', '2014-04-02 18:15:00', 4, '2014-04-04 17:30:00', 0, 49, '姚科(2014-04-03 10:04:22);曾科(2014-04-04 09:04:19);田猛(2014-04-04 09:04:54):已发至区交通局。;陈军(2014-04-04 09:04:08)', './App/Public/Receive/533cbd6f03480.ceb', '穗交函〔2014〕591号.ceb', '2014-04-03 09:46:23', '2014-04-04 09:04:10'),
(145, '2014040306', 'JS201404-005', '无', '区委宣传部关于印发《2014年天河区年度新闻宣传工作方案》的通知', '区委宣传部', '区委宣传部发来此件，要求我委做好各项宣传工作。该件由公共事务协调处办理，张主任批示：“照拟，并请各处处长及信息员阅知。”', '请姚科阅知。', '2014-04-04 10:00:00', 4, '0000-00-00 00:00:00', 0, 0, '姚科(2014-04-04 10:04:00):已阅知。', './App/Public/Receive/533e1fc1dddf1.doc', '区年度新闻宣传工作方案》的通知.doc', '2014-04-04 10:58:09', '2014-04-04 10:04:46'),
(146, '2014040403', 'JS201404-006', '穗交〔2014〕198号', '广州市交通委员会关于开展BRT网络拓展方案研究后续工作的请示', '广州市交通委员会', '区府办转来此件，请我单位认真研究提出意见，并对文件内容严格保密。', '请田猛阅处。', '2014-04-04 11:50:00', 4, '2014-04-04 14:00:00', 0, 51, '田猛(2014-04-04 14:04:24):已传真至交通局。', NULL, NULL, '2014-04-04 11:53:04', '2014-04-04 14:04:27'),
(147, '2014040903', 'JS201404-007', '无', '关于征求对我区2013年度推进新型城市化发展考核指标意见的通知', '区委组织部', '区委组织部发来此件，请我委对涉及本单位的考核指标、指标解释和评分办法分工认真研究，提出意见。由综合处牵头会各处室办理。', '传阅。请姚科阅处。', '2014-04-09 11:11:00', 4, '2014-04-09 12:00:00', 0, 0, '田猛(2014-04-09 15:04:17);姚科(2014-04-09 15:04:00):无意见，已反馈综合处。;陈军(2014-04-10 09:04:54);曾科(2014-04-10 09:04:29)', './App/Public/Receive/5344e3ae728ec.rar', '新型城市化.rar', '2014-04-09 14:07:42', '2014-04-10 13:04:06'),
(148, '2014040303', 'JS201404-008', '穗规批〔2014〕65号', '关于同意修建性详细规划方案的复函（起步区A005-2地块项目）', '市规划局', '区府办转来市规划局批复广州市邦杰置业有限公司修建性详细规划方案的复函。由我处阅存。', '传阅。请田猛跟进。', '2014-04-09 17:28:00', 4, '0000-00-00 00:00:00', 0, 0, '姚科(2014-04-09 17:04:09);田猛(2014-04-10 09:04:34);陈军(2014-04-10 09:04:48);曾科(2014-04-10 09:04:52)', './App/Public/Receive/5345187dc4322.tif', '关于同意修建性详细规划方案的复函（金融城起步区A005-2地块项目）.tif', '2014-04-09 17:53:01', '2014-04-10 13:04:13'),
(149, '2014040908', 'JS201404-009', '穗发改函〔2014〕589号', '广州市发展改革委关于报送“2+3+11”重大发展平台2014年第一季度建设进展情况的通知', '市发改委', '区府办转来此件，请我委填写金融城2014年第一季度进展情况，报送前呈丘常委阅示。', '请曾科牵头阅处。', '2014-04-09 16:20:00', 4, '2014-04-10 17:30:00', 0, 0, '曾科(2014-04-10 09:04:53):分别与市金融城办郭盛恩、市发改委魏羽秀（83123757）联系，此表内容由市金融城办统一报送，我区可不需报送。;陈军(2014-04-10 09:04:04);姚科(2014-04-10 13:04:01);姚科(2014-04-10 13:04:02);田猛(2014-04-10 13:04:44)', './App/Public/Receive/534519b525b3a.rar', '2+3+11.rar', '2014-04-09 17:58:13', '2014-04-10 13:04:57'),
(150, '2014040902', 'JS201404-010', '无', '关于征求区八届人大四次会议人大代表建议及区政协第七届委员会第四次会议政协提案责任分工意见的函', '区府办', '区府办发来此件，请我委对人大建议及政协提案的责任分工认真研究、提出意见。由综合处牵头会各处室办理。', '请曾科牵头阅处。', '2014-04-11 10:10:00', 4, '2014-04-16 12:00:00', 0, 0, '陈军(2014-04-14 16:04:09);田猛(2014-04-14 17:04:26);曾科(2014-04-16 13:04:45):我处无修改意见;姚科(2014-04-17 09:04:45)', './App/Public/Receive/53475a3931093.rar', '人大建议及政协提案分工.rar', '2014-04-11 10:58:01', '2014-04-17 14:04:24'),
(151, '2014041001', 'JS201404-011', '穗水函〔2014〕402号', '广州市水务局关于征求广州市生态水城建设规划（2014—2020年）和广州市生态水城建设实施方案（2014—2016年）意见的函', '广州市水务局', '区府办转来此件，请我委认真研究提出意见。', '请田猛阅处。', '2014-04-11 10:10:00', 4, '2014-04-11 15:00:00', 0, 53, '田猛(2014-04-14 10:04:27):我委无意见，已交换。', './App/Public/Receive/53478a2189e0e.rar', '穗水函〔2014〕402号.rar', '2014-04-11 14:22:25', '2014-04-14 10:04:18'),
(152, '2014032704', 'JS201404-012', '穗规〔2014〕717号', '广州市规划局关于尽快明确“首届世广会”纪念雕塑建设主体单位的函', '市规划局', '区府办转来此件，请我委认真研究提出意见。', '请田猛跟进办理。', '2014-03-27 15:00:00', 4, '0000-00-00 00:00:00', 0, 0, '田猛(2014-04-30 09:04:00):已发会议纪要，无需复函。', NULL, NULL, '2014-04-14 09:29:20', '2014-05-04 09:05:16'),
(153, '2014040404', 'JS201404-013', '无', '关于征求《天河区城市化：嬗变与超越》（征求意见稿）意见的函', '区地方志办', '区地方志办发来此件，请我委认真研究、修改，可提出其他意见。由综合处牵头会各处室办理。', '传阅。请曾科、姚科阅处。', '2014-04-10 14:40:00', 4, '2014-05-15 17:30:00', 0, 0, '田猛(2014-04-14 17:04:31);陈军(2014-04-16 10:04:22);姚科(2014-05-06 15:05:00):无意见，已反馈综合处。;曾科(2014-05-09 10:05:54)', './App/Public/Receive/534b413c97c68.docx', '天河区城市化修改稿10.docx', '2014-04-14 10:00:28', '2014-05-09 14:05:41'),
(154, '无', 'JS201404-014', '委务会纪〔2014〕3号', '管委会委务会议纪要', '综合处', '议题：一、企服处关于《2014年度购买服务工作方案》（初稿）的汇报；二、企服处和凡拓公司关于《数字化展厅形象片》（初稿）的汇报；三、企服处关于《广州市天河中央商务区管理办法》（第二次讨论稿）的汇报；四、珠江监理公司关于起步区技术咨询服务工作和我处聘请咨询服务事宜的汇报；五、协调处关于开设天河CBD双层巴士观光线路的情况报告；六、综合处关于群众路线教育实践活动工作的汇报。', '传阅。', '2014-04-11 15:00:00', 4, '0000-00-00 00:00:00', 0, 0, '姚科(2014-04-14 11:04:08);曾科(2014-04-14 11:04:41);陈军(2014-04-14 14:04:47);田猛(2014-04-14 14:04:21)', NULL, NULL, '2014-04-14 11:49:58', '2014-04-14 14:04:37'),
(155, '2014041401', 'JS201404-015', '穗国房函〔2014〕526号', '市国土房管局关于征求《关于广州市国有土地上房屋征收与补偿的实施意见（修订版征求意见稿）》修改意见的函', '市国土房管局', '区府办转来此件，请我委结合金融城征收补偿案例对文件进行认真研究、提出意见。', '传阅。请姚科阅处。', '2014-04-14 15:30:00', 4, '2014-04-15 17:30:00', 0, 54, '田猛(2014-04-14 17:04:48);曾科(2014-04-15 09:04:14);陈军(2014-04-16 10:04:16);姚科(2014-04-16 11:04:00):我委无意见，已反馈区国土房管分局。', './App/Public/Receive/534b9179f2516.ceb', '穗国房函〔2014〕526号.ceb', '2014-04-14 15:42:50', '2014-04-16 11:04:27'),
(156, '2014041601', 'JS201404-016', '无', '区人大代表审议政府工作的意见建议任务分解表（征求意见稿）', '区府办转', '请我单位对分工情况提出意见。', '请小何阅处。', '2014-04-16 16:49:25', 5, '2014-04-18 17:00:00', 0, 0, '何碧莹(2014-04-17 14:04:50):已将意见反馈综合处。（34：协办单位加上区建水局、区城改办。35：承办单位应为国土局，我委为协办单位。）', NULL, NULL, '2014-04-16 17:12:29', '2014-04-17 14:04:10'),
(157, '2014041604', 'JS201404-017', '穗天执字函〔2014〕142号', '关于征求广州国际金融城二期城市设计及控制详细规划意见有关问题的复函', '区城管执法局', '回复我委之前发送的征求意见函。', '请田猛阅处。', '2014-04-17 11:25:49', 5, '0000-00-00 00:00:00', 0, 0, '田猛(2014-04-17 11:04:30):已在广州国际金融城二期城市设计及控制详细规划有关意见的复函中落实。', NULL, NULL, '2014-04-17 11:27:38', '2014-04-17 14:04:42'),
(158, '2014041605', 'JS201404-018', '穗天财〔2014〕163号', '关于进一步加强财政支出执行工作的通知', '区财政局', '请我单位根据工作计划，在批准的预算额度内及时制定年度支出执行计划并提出支付申请。', '请曾科、碧莹阅处。', '2014-04-17 11:58:47', 5, '2014-04-30 17:30:00', 0, 0, '曾科(2014-04-28 13:04:52);何碧莹(2014-04-29 14:04:57):根据要求，配合综合处做好本处室2014年内金融城专项工作资金使用计划。', './App/Public/Receive/534f51ebe416f.tif', '关于进一步加强财政支出执行工作的通知.tif', '2014-04-17 12:00:44', '2014-04-29 14:04:35'),
(159, '2014041801', 'JS201404-019', '穗水投资〔2014〕25号', '市水投集团关于建议广州国际金融城使用猎德污水处理厂再生水的请示', '区府办转', '区建水局牵头，我委配合。', '请曾科牵头阅处。', '2014-04-21 09:10:15', 5, '2014-04-22 16:00:00', 0, 56, '陈军(2014-04-21 10:04:29);田猛(2014-04-21 10:04:32):无意见;曾科(2014-04-21 15:04:44);姚科(2014-04-21 15:04:00):无意见，已反馈区建水局。;何碧莹(2014-04-21 16:04:26)', './App/Public/Receive/5354759828396.ceb', '城建〔2014〕386号.ceb', '2014-04-21 09:34:16', '2014-04-21 16:04:03'),
(160, '2014041803', 'JS201404-020', '穗港澳办函〔2014〕54号', '广州市人民政府港澳事务办公室关于商请安排参观广州国际金融城的函', '区外事办转', '4月23日下午，香港特别行政区中央政策组首席顾问邵善波先生一行到天河区调研广州国际金融城规划情况。投资处牵头，建设开发处配合。', '请姚科做好配合工作，陈处23日-25日培训。', '2014-04-21 09:16:15', 5, '2014-04-23 00:00:00', 0, 0, '姚科(2014-04-23 17:04:00):丘卫青常委在数字化展厅进行讲解，张海波主任陪同前往金融城现场工地考察，并请重点办工作人员对工地进展情况进行了讲解。', NULL, NULL, '2014-04-21 09:38:14', '2014-04-24 09:04:15'),
(161, '2014042201', 'JS201404-021', '穗国房函〔2014〕740号', '市国土房管局关于征求对《广州市土地房屋征收补偿指导意见（试行）》（征求意见稿）意见的函', '区府办转', '区国土局牵头，我委会办。', '传阅。请姚科阅处。', '2014-04-22 09:17:21', 5, '2014-04-22 16:00:00', 0, 58, '何碧莹(2014-04-22 09:04:56);陈军(2014-04-22 16:04:58);田猛(2014-04-23 09:04:33);曾科(2014-04-23 10:04:16);姚科(2014-04-23 10:04:00):无意见，已反馈区国土分局。', './App/Public/Receive/5355c56b5044d.ceb', '市国土局关于征求对《广州市土地房屋征收补偿指导意见（试行）》（征求意见稿）意见的函（穗国房函〔2014〕740号）.ceb', '2014-04-22 09:27:07', '2014-04-23 14:04:59'),
(162, '2014042102', 'JS201404-022', '无', '中共广州市天河区委办公室 广州市天河区人民政府办公室关于印发《天河区2014年重点督办工作》的通知', '区委办', '6月、9月、12月的30日前分别将金融城项目情况报至区委办督办科和区府办督办科。综合处汇总报送。', '请曾科牵头、碧莹阅处。', '2014-04-22 10:31:05', 5, '0000-00-00 00:00:00', 0, 0, '曾科(2014-04-28 13:04:39);何碧莹(1970-01-01 08:01:00):将继续跟进办理。', NULL, NULL, '2014-04-23 10:32:24', '2014-04-29 14:04:49'),
(163, '2014042202', 'JS201404-023', '无', '征求意见函（《天河区委全面深化改革领导小组专项小组成员建议名单》等文件）', '区委办', '综合处牵头提出修改意见。', '', '2014-04-23 15:26:17', 5, '2014-04-24 12:00:00', 0, 0, '陈军(2014-04-23 16:04:32);姚科(2014-04-24 09:04:11);何碧莹(2014-04-24 10:04:00):我处无意见，已反馈综合处。;田猛(2014-04-24 16:04:25):无意见;曾科(2014-04-28 10:04:45)', './App/Public/Receive/53576cef55fb2.pdf', '征求意见函.pdf', '2014-04-23 15:34:07', '2014-04-29 14:04:56'),
(164, '2014042302', 'JS201404-024', '穗金融城办〔2014〕22号', '广州国际金融城开发建设工作领导小组办公室关于请协助解决起步区员村五横路污水管迁改施工遭恶意阻挠问题的函', '广州国际金融城开发建设工作领导小组办公室', '4月5日，员村五横路污水管迁改施工遭江源半岛开发商恶意阻挠，导致施工停滞。金融城办发函至天河区政府请求协助解决该问题。黄国和批示：“建议请车陂街道先协调，仍解决不了，我协调。”丘常委批示：“同意国和同志意见，提区国土房管分局核实相关工地红线，如存在非法阻挠金融城施工实施，应依法处置。”', '', '2014-04-23 15:53:13', 5, '0000-00-00 00:00:00', 0, 0, '何碧莹(2014-04-23 15:04:10);陈军(2014-04-23 16:04:00);曾科(2014-04-23 17:04:54);姚科(2014-04-24 09:04:31);田猛(2014-04-25 16:04:26)', './App/Public/Receive/5357717d306e3.ceb', '广州国际金融城开发建设工作领导小组办公室关于请协助解决起步区员村五横路污水管迁改施工遭恶意阻挠问题的函（穗金融城办[2014]22号）.ceb', '2014-04-23 15:53:33', '2014-04-28 09:04:07'),
(165, '2014042301', 'JS201404-025', '穗天国房函〔2014〕239号', '关于我区范围内北帝沙岛地块情况的函', '区国土房管局', '区国土房管局根据区领导指示，对北帝沙岛地块情况进行了核查，来函告知我委有关情况。', '', '2014-04-23 17:10:47', 5, '0000-00-00 00:00:00', 0, 0, '曾科(2014-04-23 17:04:48);何碧莹(2014-04-23 17:04:55);陈军(2014-04-24 09:04:33);姚科(2014-04-24 09:04:37);田猛(2014-04-25 16:04:26)', NULL, NULL, '2014-04-23 17:11:08', '2014-04-28 09:04:17'),
(166, '2014042305', 'JS201404-026', '穗少建办〔2014〕1号', '关于各区（县级市）少年宫建设进展情况的通报（第一期）', '市区少年宫建设联席会议办公室', '林区批示：“我认为天河图书馆可与少年宫一起建设，两栋连体楼可以联排；也可以一栋楼分上段下端来解决，当然最好是联排式的，一栋连体楼就解决。”丘常委批示：“请建开处按林区长指示跟落实。”', '', '2014-04-24 09:21:34', 5, '0000-00-00 00:00:00', 0, 0, '姚科(2014-04-24 10:04:24);陈军(2014-04-25 10:04:02);田猛(2014-04-25 16:04:21);何碧莹(2014-04-28 09:04:52);曾科(2014-04-28 10:04:54)', NULL, NULL, '2014-04-24 09:23:45', '2014-04-29 14:04:13'),
(167, '2014042306', 'JS201404-027', '穗建技函〔2014〕1090号', '广州市城乡建设委员会关于征求《广州市绿色建筑行动实施方案》（征求意见稿）意见的函', '市建委', '区建水局牵头，我委为会办单位。', '', '2014-04-24 09:24:28', 5, '0000-00-00 00:00:00', 0, 61, '陈军(2014-04-24 09:04:29);田猛(2014-04-25 16:04:10);何碧莹(2014-04-28 09:04:01):已发函建水局，我委无意见。;曾科(2014-04-28 10:04:55);姚科(2014-05-04 10:05:53)', './App/Public/Receive/5358684ac9604.ceb', '穗建技函〔2014〕1090号.ceb', '2014-04-24 09:26:34', '2014-05-04 10:05:26'),
(168, '2014042402', 'JS201404-028', '穗规编〔2014〕15号', '广州市城市规划编制研究中心关于征求广州国际金融城二期城市设计成果意见的函', '广州市城市规划编制研究中心', '我单位牵头会区相关单位提出意见。', '', '2014-04-24 09:05:22', 5, '2014-04-28 11:00:00', 0, 77, '何碧莹(2014-04-28 09:04:22);陈军(2014-04-29 13:04:49);姚科(2014-05-04 10:05:17);田猛(2014-05-16 10:05:59):已送至区府办。;曾科(2014-05-20 09:05:27)', './App/Public/Receive/5359b8d803380.pdf', '20140422金融城二期城市设计及控制性详细规划说明书.pdf', '2014-04-25 09:22:32', '2014-05-20 09:05:49'),
(169, '2014042401', 'JS201404-029', '穗科信函〔2014〕521号', '广州市科技和信息化局关于征求广州市宽带网络基础设施建设工作方案及督办工作方案意见的函', '广州市科技和信息化局', '综合处牵头会各处室办理。', '', '2014-04-25 11:40:53', 5, '2014-04-25 10:00:00', 0, 0, '何碧莹(2014-04-25 14:04:46):无意见，已反馈综合处。;田猛(2014-04-25 16:04:32);曾科(2014-04-28 10:04:07);陈军(2014-04-29 13:04:39);姚科(2014-05-04 10:05:31)', './App/Public/Receive/5359d9a568389.rar', '穗科信函〔2014〕521号.rar', '2014-04-25 11:42:29', '2014-05-04 10:05:54'),
(170, '2014042309', 'JS201404-030', '穗规会〔2014〕68号', '关于推进“首届世广会”几年雕塑设置工作的会议纪要', '市规划局', '丘常委批示：请建开处跟进区政府决策情况。', '', '2014-04-25 11:55:21', 5, '0000-00-00 00:00:00', 0, 0, '田猛(2014-04-25 16:04:41);何碧莹(2014-04-28 09:04:34);曾科(2014-04-28 10:04:43);陈军(2014-04-29 13:04:47);姚科(2014-05-04 10:05:38)', NULL, NULL, '2014-04-25 11:56:36', '2014-05-04 10:05:07'),
(171, '2014042404', 'JS201404-031', '无', '广州市天河区石东村关于AT090923地块5.47万平方米建筑面积的建设承诺书', '员村街', '石东村公司就超出5.47万㎡建筑面积部分的建设问题作出有关承诺。', '', '2014-04-25 11:57:52', 5, '0000-00-00 00:00:00', 0, 0, '田猛(2014-04-25 16:04:47);何碧莹(2014-04-28 09:04:11);曾科(2014-04-28 10:04:55);陈军(2014-04-29 13:04:32);姚科(2014-05-04 10:05:46)', NULL, NULL, '2014-04-25 11:59:07', '2014-05-04 10:05:16'),
(172, '2014042902', 'JS201404-032', '建路桥函〔2014〕1157号', '广州市城乡建设委员会关于报送涉铁路建设项目有关工作进展情况的函', '广州市城乡建设委员会', '请我单位梳理有有关已协调项目工作落实情况及新增需协调的问题，报至区建水局。', '请小何阅处。', '2014-04-29 11:15:55', 5, '2014-04-30 10:00:00', 0, 62, '何碧莹(2014-05-04 10:05:53):已发函区建水局，我委无涉铁路建设项目情况报送。', './App/Public/Receive/535f234c92eee.ceb', '广州市城乡建设委员会关于报送涉铁路建设项目有关工作进展情况的函（建路桥函〔2014〕1157号）.ceb', '2014-04-29 11:58:04', '2014-05-04 10:05:34'),
(173, '2014042903', 'JS201404-033', '无', '关于再次征求区人大代表审议政府工作报告意见建议责任分工的函（第二次征求意见））', '区府办', '区府办在吸纳个单位意见的基础上，再次征求各单位意见。', '请小何阅处。', '2014-04-29 11:15:55', 5, '2014-04-30 15:00:00', 0, 0, '何碧莹(2014-04-29 14:04:07):无意见，已反馈综合处。', './App/Public/Receive/535f407332a90.xls', '区人大代表审议政府工作报告的意见建议任务分解表.xls', '2014-04-29 14:02:27', '2014-04-29 14:04:23'),
(174, '2014042311', 'JS201405-001', '穗天府办函〔2014〕99号', '广州市天河区人民政府办公室关于11个战略性发展平台扶持政策的意见', '区府办', '区府办反馈至市国土局的意见，其中包括建议对金融城土地出让和开发模式予以政策支持。', '传阅。', '2014-04-25 10:57:00', 5, '0000-00-00 00:00:00', 0, 0, '何碧莹(2014-05-04 14:05:22);姚科(2014-05-06 09:05:26);田猛(2014-05-06 16:05:18);陈军(2014-05-07 11:05:18);曾科(2014-05-12 16:05:51)', NULL, NULL, '2014-05-04 10:59:46', '2014-05-13 10:05:35'),
(175, '2014050403', 'JS201405-002', '穗天发改〔2014〕29号', '关于报送整治“形象工程”和“政绩工程”自查自纠材料的通知', '区发改局', '综合处牵头。', '请小何阅处。', '2014-05-04 14:15:48', 5, '0000-00-00 00:00:00', 0, 0, '何碧莹(2014-05-04 14:05:18):无须报送项目，已反馈综合处。', './App/Public/Receive/5365de1a67428.tif', '关于报送整治“形象工程”和“政绩工程”自查自纠材料的通知（穗天发改〔2014〕29号）.tif', '2014-05-04 14:28:42', '2014-05-04 14:05:27'),
(176, '2014050501', 'JS201405-003', '穗天棠〔2014〕13号', '关于将金融城起步区棠下村集体物业安置面积缺口转移到“黄岗头”地块的请示', '棠下街道办', '棠下街道办建议将棠下村村民住宅安置面积缺口2.3万㎡在棠下村“黄岗头”地块的建设量予以安排落实。丘常委批示：“此事是新圩拆迁工作的后续，请商区国土局研究提出意见，但不应是把起步区的''缺口''转移到另一地块，而是同意支持其集体经济发展”', '请曾科、陈军阅处。', '2014-05-05 09:40:39', 5, '2014-05-06 17:30:00', 0, 78, '何碧莹(2014-05-05 17:05:37);姚科(2014-05-06 09:05:40);田猛(2014-05-06 16:05:42);曾科(2014-05-20 09:05:29);陈军(2014-05-19 10:05:07):按丘常委要求，先征求了区国土房管分局意见，区国土房管分局回复无意见，我委意见：建议协调市规划部门对提高棠下村“黄岗头”地块开发强度予以支持。', NULL, NULL, '2014-05-05 17:42:14', '2014-05-20 10:05:00');
INSERT INTO `cbd_receive` (`id`, `office_no`, `rec_no`, `article_no`, `title`, `come_from`, `summary`, `struct`, `rec_time`, `rec_person`, `dead_time`, `state`, `write_id`, `deal_info`, `download_name`, `file_name`, `create_time`, `update_time`) VALUES
(177, '无', 'JS201405-004', '穗金融城办〔2014〕26号', '广州国际金融城开发建设工作领导小组办公室关于金融城起步区棠下村复建房项目招标问题的复函', '广州国际金融城开发建设工作领导小组办公室', '同意棠下村开展起步区复建房施工、服务类招标工作。', '传阅。', '2014-05-05 17:42:23', 5, '0000-00-00 00:00:00', 0, 0, '何碧莹(2014-05-05 17:05:42);曾科(2014-05-06 09:05:43);陈军(2014-05-06 09:05:44);姚科(2014-05-06 09:05:47);田猛(2014-05-06 16:05:58)', NULL, NULL, '2014-05-05 17:44:28', '2014-05-07 14:05:17'),
(178, '2014050502', 'JS201405-005', '穗府办案〔2014〕11号', '广州市人民政府办公厅关于办理市人大代表在市十四届人大四次会议上有关具体意见和建议的通知', '广州市人民政府办公厅', '针对第14项内容分工提出意见。综合处汇总。', '传阅。请小何阅处。', '2014-05-06 11:00:00', 5, '2014-05-13 17:30:00', 0, 0, '田猛(2014-05-06 16:05:06);陈军(2014-05-07 11:05:40);何碧莹(2014-05-07 14:05:40):无意见，已反馈综合处。;姚科(2014-05-07 15:05:29);曾科(2014-05-09 11:05:17):已回复综合处，具体：1.稳步推进起步区村民住宅和集体物业的复建安置，协调办理用地规划许可证等前期规划报建工作。2.跟踪服务受地企业，加快推进项目建设。3.配合规划部门开展金融城二期规划编制工作。', './App/Public/Receive/536888fc75699.ceb', '广州市人民政府办公厅关于办理市人大代表在市十四届人大四次会议上有关具体意见和建议的通知（穗府办案〔2014〕11号）.ceb', '2014-05-06 15:02:20', '2014-05-09 14:05:16'),
(179, '2014050401', 'JS201405-006', '穗规编会〔2014〕12号', '广州国际金融城二期专项规划成果编制推进工作会议纪要', '市编研中心', '其中包括：请天河区政府、市重点办、市土发中心、市地铁总公司将相应的专项规划编制工作计划及安排书面意见，于4月30日之前提供至市规划编研中心；天河区政府、市重点办于4月28日前将城市设计成果中有关专项规划成果意见给市编研中心', '传阅。请田猛跟进代拟的回复意见办文情况。', '2014-05-06 10:48:00', 5, '0000-00-00 00:00:00', 0, 0, '曾科(2014-05-06 15:05:22);田猛(2014-05-06 16:05:02);陈军(2014-05-07 11:05:50);何碧莹(2014-05-07 14:05:48);姚科(2014-05-07 15:05:56)', NULL, NULL, '2014-05-06 15:09:36', '2014-05-07 17:05:39'),
(180, '2014050505', 'JS201405-007', '穗规〔2014〕1061号', '广州市规划局关于征求金融城起步区AT090924地块规划幼儿园有关意见的函', '广州市规划局', '根据控规，AT090924地块规划配套不少于2160㎡的幼儿园。根据地块用地情况，难以实现幼儿园独立用地。市规划局就幼儿园的设置形式问题征求我区意见，明确该幼儿园可否不以独立用地像是设置，或将该幼儿园改为不要求独立用地的学前儿童看护点。', '请曾科、田猛阅处。', '2014-05-05 16:09:21', 5, '2014-05-06 11:00:00', 0, 73, '曾科(2014-05-13 10:05:30);田猛(2014-05-16 09:05:36):已送至区府办。', './App/Public/Receive/536899ce1fe47.rar', '0924地块幼儿园问题.rar', '2014-05-06 16:14:06', '2014-05-19 09:05:33'),
(181, '2014050607', 'JS201405-008', '穗天建水报〔2014〕45号', '关于征拆花城大道东延线（首期）工程怡景花园六层楼的请示', '区建水局', '为完善花城大道东延线首期工程建设以及该区域排水系统，建议按照26000元/㎡征收怡景花园范围六层楼框架结构的小产权房屋。', '传阅。请姚科阅处。', '2014-05-06 17:40:00', 5, '2014-05-07 17:30:00', 0, 64, '田猛(2014-05-07 11:05:38);何碧莹(2014-05-07 14:05:55);陈军(2014-05-07 17:05:33);姚科(2014-05-09 10:05:00):无意见，已反馈区府办。;曾科(2014-05-09 11:05:09)', NULL, NULL, '2014-05-06 17:59:57', '2014-05-09 14:05:36'),
(182, '2014050601', 'JS201405-009', '无', '关于征求《强化天河路商圈西门户（天河体育中心西南角）形象设计》意见的函', '区经贸局', '广州市时尚商业城有限公司来问请求区政府同意其自行出资优化天河体育中心西南角下沉广场及连通下沉广场与“天河直通车”地下人防工程。林区批示：“可作为天河路商圈主体步行连廊的内容；有利于该商圈成为商业街的航空母舰，可依法依规推进，请祖进同志牵头，经贸局（商圈管委会办公室）协调推进。另外，商圈的工作区层面的由管委会协调，需市的再报联席会议。”', '传阅。请田猛阅处。', '2014-05-07 09:40:00', 5, '2014-05-09 16:00:00', 0, 67, '何碧莹(2014-05-07 14:05:01);姚科(2014-05-07 15:05:47);陈军(2014-05-07 17:05:17);曾科(2014-05-09 11:05:28);田猛(2014-05-09 17:05:22):已送至区经贸局。', './App/Public/Receive/5369cf465d0fa.pdf', '关于征求《强化天河路商圈西门户（天河体育中心西南角）形象设计》意见的函.pdf', '2014-05-07 14:14:30', '2014-05-12 09:05:08'),
(183, '2014050604', 'JS201405-010', '穗常督字〔2014〕15号', '市委常委会议决定事项督办通知书（4月21日万庆良召开市委常委会，总结第一季度我市经济社会发展情况，研究部署下一步全力以赴保增长工作。））', '市委督查室', '涉及我单位事项：抓平台建设。抓紧落实各平台2014年度工作计划 ，强化责任单位主体意识，狠抓建设进度、重点任务、重大项目落地。', '传阅。请小何阅处。', '2014-05-07 09:40:00', 5, '2014-05-13 17:30:00', 0, 0, '田猛(2014-05-07 14:05:13);姚科(2014-05-07 15:05:38);陈军(2014-05-07 17:05:39);何碧莹(2014-05-08 16:05:53);曾科(2014-05-09 11:05:27):已回复综合处，具体：1.稳步推进起步区村民住宅和集体物业的复建安置，协调办理用地规划许可证等前期规划报建工作。2.跟踪服务受地企业，加快推进项目建设。\r\n', './App/Public/Receive/5369d07e949b6.pdf', '穗常督字15号.pdf', '2014-05-07 14:19:42', '2014-05-09 14:05:26'),
(184, '2014050508', 'JS201405-011', '穗天文化〔2014〕24号', '广州市天河区文化广电新闻出版局关于天河区登记保护文物单位广州南方面粉厂旧仓库及连廊更名和调整保护对象的请示', '广州市天河区文化广电新闻出版局', '广州市天河区文化广电新闻出版局给区政府的请示。同意将南方面粉厂保护对象调整至南厂区，原北厂区中的部分有代表性的生产设施拆卸后移至南筒库保护区内战时，北厂区将不再作为登记保护文物单位予以保护。请我单位研究提出意见。', '请田猛落实5月4日会议精神复函', '2014-05-07 17:03:24', 5, '2014-05-09 11:00:00', 0, 66, '田猛(2014-05-09 17:05:48):已送至区府办。', NULL, NULL, '2014-05-08 14:04:46', '2014-05-12 09:05:17'),
(185, '2014050706', 'JS201405-012', '无', '广州市天河区人民政府办公室关于广州国际金融城二期城市设计及控制性详细规划（历史文化保护规划、公共服务设施规划、旧村拆迁安置规划）的意见', '区府办', '蓝区批示：建议CBD抓紧征集各村意见，一并成文上报以便市全盘统筹，及早一并解决，避免以往一些历史遗留问题再次发生。林区批示：拟同意，并将我5月4日下午协调会拟定的内容写入。', '请田猛阅处。昨日已与区府办沟通，区领导批示意见将在即将上报的第二次征求意见复函中反映。区府办拟先发本文。请田猛落实。', '2014-05-07 17:40:00', 5, '2014-05-09 17:30:00', 0, 0, '田猛(2014-05-08 16:05:06):已与区府办沟通，此文先行发送，区领导批示意见将在第二次征求意见中回复。', NULL, NULL, '2014-05-08 14:48:37', '2014-05-09 09:05:24'),
(186, '2014050703', 'JS201405-013', '穗天府办督字〔2014〕11号', '督办通知（《2014年市重点工作我区牵头项目任务分解表》和《2014年市重点工作我区配合项目任务分解表》）', '区府办', '按要求报送月度工作情况和季度、半年度、年度工作总结。综合处牵头。', '传阅。请曾科牵头，姚科具体阅处。', '2014-05-07 17:40:00', 5, '0000-00-00 00:00:00', 0, 0, '田猛(2014-05-08 16:05:48);何碧莹(2014-05-08 16:05:56);姚科(2014-05-09 10:05:56);陈军(2014-05-09 10:05:30);曾科(2014-05-12 16:05:59)', './App/Public/Receive/536b2abaaf250.rar', '2014市政府重点工作督办（给各处室）11号.rar', '2014-05-08 14:56:58', '2014-05-13 10:05:42'),
(187, '2014050702', 'JS201405-014', '穗天府办督字〔2014〕14号', '督办通知（《2014年市政府常务会议我区牵头事项责任分工表（5月）》及《2014年市政府常务会议我区配合事项责任分工表（5月）》）', '区府办', '每月18日前向区发改局反馈当月有关进展情况。企服处牵头。', '传阅。请曾科牵头、姚科具体办理。', '2014-05-07 17:40:00', 5, '0000-00-00 00:00:00', 0, 0, '何碧莹(2014-05-08 16:05:03);田猛(2014-05-08 16:05:51);姚科(2014-05-09 10:05:00);陈军(2014-05-09 10:05:41);曾科(2014-05-13 14:05:20)', './App/Public/Receive/536b3f565f6cb.rar', '市政府常务会议督办事（穗天府督字14号）.rar', '2014-05-08 16:24:54', '2014-05-13 14:05:47'),
(188, '2014050704', 'JS201405-015', '穗天群组〔2014〕16号', '关于印发《区委常委、党员副区长和区政府专职党组成员围绕作风建设征求意见建议整改分工方案》的通知', '区委实践办', '请我单位研究制定出“广州国际金融城起步区建设问题”的整改落实方案，经牵头区领导审核后报区委实践办。', '传阅。请曾科阅处。', '2014-05-07 17:40:00', 5, '2014-05-13 17:30:00', 0, 68, '何碧莹(2014-05-08 16:05:14);田猛(2014-05-08 16:05:44);姚科(2014-05-09 09:05:02);陈军(2014-05-09 10:05:05);曾科(2014-05-12 11:05:50):已将情况说明回复委实践办', NULL, NULL, '2014-05-08 16:48:44', '2014-05-13 14:05:03'),
(189, '2014050904', 'JS201405-016', '穗建路桥函〔2014〕1152号', '关于报送2014年市领导调研广州国际金融城工作实施方案的函', '市建委', '区府办转来此件，请我区做好2014年市领导调研金融城有关配合工作，由市有关部门负责、我处牵头会区各有关部门完成起步区工程建设专题报告、二期土地收储工作专题报告和梳理江源半岛小区等历史遗留问题。', '传阅。请曾科、姚科阅处。', '2014-05-12 09:00:00', 4, '2014-06-30 17:30:00', 0, 0, '田猛(2014-05-12 16:05:36);陈军(2014-05-13 08:05:32);曾科(2014-05-20 10:05:07);姚科(2014-06-11 12:06:00):陈如桂常务副市长已于6月11日上午到金融城开展实地调研，我处配合做好相关准备工作，此件已无需报送。', './App/Public/Receive/5370673a26ccb.ceb', '建路桥函[2014]1152号.ceb', '2014-05-12 14:16:26', '2014-06-12 10:06:19'),
(190, '2014042806', 'JS201405-017', '无', '关于珠江新城B2-6、B2-9地块规划问题的函', '广州市天河区冼村经济发展公司', '冼村公司发来此抄送件，常委批示：“阅，此事目前由蓝常委、区建水局协调”。', '传阅。', '2014-05-12 09:50:00', 4, '0000-00-00 00:00:00', 0, 0, '姚科(2014-05-12 15:05:53);田猛(2014-05-12 16:05:49);陈军(2014-05-12 17:05:18);曾科(2014-05-13 10:05:56)', NULL, NULL, '2014-05-12 14:33:29', '2014-05-13 10:05:24'),
(191, '2014050805', 'JS201405-018', '穗府办报〔2014〕22号', '关于加快落实人民日报广州国际传媒中心建设用地有关情况的报告', '广州市人民政府办公厅', '区府办转来此件，请我委与市有关部门对接，按省、市要求配合做好相关工作。', '传阅。请曾科、田猛阅处。', '2014-05-12 10:00:00', 4, '0000-00-00 00:00:00', 0, 0, '姚科(2014-05-12 15:05:38);田猛(2014-05-12 16:05:03);陈军(2014-05-12 17:05:36);曾科(2014-05-13 10:05:07)', './App/Public/Receive/537071487cbec.ceb', '督字〔2014〕403号 (3).ceb', '2014-05-12 14:59:20', '2014-05-13 10:05:48'),
(192, '2014050806', 'JS201405-019', '穗规编会〔2014〕14号', '广州国际金融城二期城市设计成果专责小组审查会会议纪要', '市编研中心', '区府办转来此件，请金融城天河区指挥部综合组、建设组牵头会相关单位根据会议纪要精神办理。', '传阅。', '2014-05-12 10:00:00', 4, '0000-00-00 00:00:00', 0, 0, '姚科(2014-05-12 15:05:30);田猛(2014-05-12 16:05:38);陈军(2014-05-12 16:05:55);曾科(2014-05-13 10:05:53)', NULL, NULL, '2014-05-12 15:03:35', '2014-05-13 10:05:07'),
(193, '2014050808', 'JS201405-020', '城建〔2014〕386号', '市水投集团关于建议广州国际金融城使用猎德污水处理厂再生水的请示', '市水投集团', '区府办转来此件，由我处阅存。', '传阅。请曾科牵头按此前办文意见处理。', '2014-05-12 10:00:00', 4, '0000-00-00 00:00:00', 0, 0, '姚科(2014-05-12 15:05:04);田猛(2014-05-12 16:05:06);陈军(2014-05-12 17:05:22);曾科(2014-05-13 10:05:47)', NULL, NULL, '2014-05-12 15:07:27', '2014-05-13 10:05:00'),
(194, '2014051201', 'JS201405-021', '穗府督字〔2014〕16号', '交办通知', '市府督查室', '区府办转来此件，请我单位根据通知要求认真梳理和填报需要省政府支持或协调解决的重点事项。', '传阅。请曾科牵头，结合近期类似事项梳理，由陈军办理。', '2014-05-12 09:30:00', 4, '2014-05-12 16:00:00', 0, 0, '陈军(2014-05-12 15:05:01):我处暂无需要省政府支持或协调解决的重点事项，已知会综合处。;田猛(2014-05-12 16:05:47);姚科(2014-05-12 16:05:28);曾科(2014-05-12 16:05:57)', NULL, NULL, '2014-05-12 15:13:38', '2014-05-13 10:05:16'),
(195, '2014050902', 'JS201405-022', '穗国房函〔2014〕850号', '关于征求市土地管理委员会2014年第六次会议议题的函', '市国土房管局', '区府办转来此件，请我单位认真研究，如有议题需上会，则报送至区国土房管局。', '请姚科阅处。', '2014-05-09 15:00:00', 4, '2014-05-12 17:30:00', 0, 69, '姚科(2014-05-13 10:05:00):无议题上报，已反馈区国土房管分局。', NULL, NULL, '2014-05-12 16:46:31', '2014-05-13 11:05:04'),
(196, '2014050707', 'JS201405-023', '穗天文化〔2014〕25号', '对市政协十二届三次会议提案第1019号的答复的函', '区文广新局', '区文广新局关于市政协十二届三次会议提案第1019号提案《建立广州文化收藏品储存交易博览中心》的答复意见，此为抄送件。', '传阅。请田猛跟进。', '2014-05-12 17:20:00', 4, '0000-00-00 00:00:00', 0, 0, '田猛(2014-05-13 10:05:52);曾科(2014-05-13 14:05:41);陈军(2014-05-13 14:05:16);姚科(2014-05-13 14:05:05)', NULL, NULL, '2014-05-13 09:51:14', '2014-05-13 14:05:34'),
(197, '2014051209', 'JS201405-024', '穗发改综〔2014〕1号', '关于印发开展全市稳增长调结构调研及任务分解方案的通知', '市发改委', '区府办转来此件，请我委根据方案要求报送相关材料。我处主要配合综合处办理第四条“工作分工与安排”第（八）“其他需是层面协调解决的具体问题”。', '请曾科牵头阅处。', '2014-05-12 17:20:00', 4, '2014-05-13 17:00:00', 0, 0, '曾科(2014-05-13 11:05:37):已回复综合处，我处无材料上报;陈军(2014-05-13 14:05:01);田猛(2014-05-13 14:05:24);姚科(2014-05-13 14:05:26)', './App/Public/Receive/53717c0256acb.rar', '稳增长调结构.rar', '2014-05-13 09:57:22', '2014-05-13 14:05:41'),
(198, '2014050807', 'JS201405-025', '无', '关于协调落实“首届世广会”永久纪念雕塑建设经费的请示', '区府办', '区府办转来此件，请我委与市城投集团沟通，明确相关的责任及经费，并牵头会区财政局研究，争取市有关经费支持。丘常委批示：“资金问题可争取市的支持，但为了加快落实市领导的指示，能否采取区先垫支的办法？”林区批示：同意卫青同志意见。', '请曾科、田猛阅处。', '2014-05-12 17:20:00', 4, '0000-00-00 00:00:00', 0, 0, '田猛(2014-05-19 10:05:20):我委将继续与区财政局对接，跟进相关事宜的进展。;曾科(2014-05-20 10:05:42)', NULL, NULL, '2014-05-13 10:04:14', '2014-05-20 10:05:09'),
(199, '2014050602', 'JS201405-026', '穗天府办函〔2014〕108号', '关于广州英国学校校区拓展选址的复函', '区府办', '区府办报市府办公厅的复函，抄送我委，由我处阅存。', '传阅。', '2014-05-09 09:39:00', 4, '0000-00-00 00:00:00', 0, 0, '姚科(2014-05-13 14:05:14);田猛(2014-05-13 14:05:10);陈军(2014-05-13 14:05:05);曾科(2014-05-13 14:05:49)', NULL, NULL, '2014-05-13 14:41:08', '2014-05-13 14:05:13'),
(200, '2014051211', 'JS201405-027', '穗天纪〔2014〕29号', '关于报送执行《广州市领导干部加强作风建设和廉洁自律“十个严禁”》相关问题的通知', '区纪委', '区纪委发来此件，请我委收集本单位领导干部对《“十个严禁”》的意见，及在贯彻执行中遇到的和需要上级部门作出解释的问题。由综合处牵头会各处室办理。', '请田猛阅处。', '2014-05-13 14:30:00', 4, '2014-05-14 12:00:00', 0, 0, '田猛(2014-05-13 17:05:43):无意见，已回复综合处。', './App/Public/Receive/5371e3bc3b72c.tif', '广州市领导干部加强作风建设和廉洁自律“十个严禁”》的通知.tif', '2014-05-13 17:19:56', '2014-05-13 17:05:47'),
(201, '2014051210', 'JS201405-028', '平不动产广投函〔2014〕1号', '关于广州金融城AT0909035地块市政配套的函', '广州平安投资管理有限公司', '广州平安投资管理有限公司发来此件，针对深圳平安不动产拍得的AT090940（最新地块编码）地块的市政配套设施提出几点考虑。', '请曾科、田猛阅处。', '2014-05-13 14:30:00', 4, '0000-00-00 00:00:00', 0, 96, '曾科(2014-05-15 16:05:39);田猛(2014-06-25 10:06:39):已发文。', './App/Public/Receive/5371e56c52313.rar', '综合改革试点.rar', '2014-05-13 17:27:08', '2014-06-25 10:06:35'),
(202, '2014051206', 'JS201405-029', '穗天发改函〔2014〕224号', '关于做好我区国家服务业综合改革试点情况报送工作的函', '区发改局', '区发改局发来此件，请我委明确第9项工作的联系人，并填写《进展情况表》，经单位主要领导审阅后，于每月16日前将情况报至区发改局。由投资促进处牵头会我处办理。', '请曾科牵头阅处。', '2014-05-13 14:30:00', 4, '0000-00-00 00:00:00', 0, 0, '姚科(2014-05-14 12:05:54);陈军(2014-05-14 14:05:51);田猛(2014-05-15 10:05:33);曾科(2014-05-20 09:05:39):已回复投资处，我处无意见', './App/Public/Receive/5371e68ba377b.rar', '综合改革试点.rar', '2014-05-13 17:31:55', '2014-05-20 09:05:55'),
(203, '2014051308', 'JS201405-030', '穗人社函〔2014〕987号', '关于再次征求《广州市人才资源服务产业园规划建设方案》第四次征求意见稿意见的函', '市人社局', '区府办转来此件，请我委对方案认真研究提出意见。', '请姚科阅处。', '2014-05-13 17:20:00', 4, '2014-05-14 12:00:00', 0, 71, '姚科(2014-05-14 11:05:00):无意见，已反馈区人社局。', './App/Public/Receive/5371ed0db8931.ceb', '穗人社函〔2014〕987号.ceb', '2014-05-13 17:59:41', '2014-05-14 11:05:41'),
(204, '2014051306', 'JS201405-031', '无', '关于协调解决金融城起步区村集体复建工作有关问题的函', '区府办', '区府办发来此件，请我委与市金融城领导小组办公室及 三个村对接，跟进相关工作。林区批示：“速完善后，再送卫青、国和通知核发。”', '请曾科、陈军跟进。', '2014-05-14 09:00:00', 4, '0000-00-00 00:00:00', 0, 0, '陈军(2014-05-14 14:05:15):待区府办发文后，与市金融城办、棠下村、石东村、车陂村对接，跟进相关工作。;曾科(2014-05-14 14:05:24)', NULL, NULL, '2014-05-14 11:44:18', '2014-05-14 16:05:35'),
(205, '2014051401', 'JS201405-032', '无', '关于再次报送涉铁路建设项目有关工作进展情况的函', '区建水局', '区建水局发来此件，请我委配合报送相关情况。此前区府办转来市建委《关于报送涉铁路建设项目有关工作进展情况的函》，区建水局已牵头梳理相关情况报区政府审定，林区批示：“执信中学的事要纳入，另外我区涉及铁路的项目可能不止内容这些，请小环同志或建水局领导召集各部门及街道（含村公司）再梳理一下，不要漏项，因为机会并非经常有。”故需再次梳理、报送。', '请陈军阅处。', '2014-05-14 10:50:00', 4, '2014-05-15 16:00:00', 0, 72, '陈军(2014-05-14 09:05:40):据林区指示，区建水局发来《关于再次报送涉铁路建设项目有关工作进展情况的函》。经再次梳理，我委无涉铁路建设项目情况报送。\r\n', './App/Public/Receive/5372e81980b5c.rar', '工作进展情况的函（以此件为准）.rar', '2014-05-14 11:50:49', '2014-05-15 09:05:15'),
(206, '2014051403', 'JS201405-033', '穗规〔2014〕1171号', '关于商请天河区政府明确金融城二期规划拆迁安置、历史文化和公共服务设施等相关材料的函', '市规划局', '区府办转来 此件，请我委按来文要求梳理相关材料速报区政府审定。', '请曾科、田猛阅处。', '2014-05-14 11:40:00', 4, '2014-05-15 17:30:00', 0, 0, '曾科(2014-05-29 17:05:19);田猛(2014-07-23 11:07:33):该文已分别呈黄国和党组成员及丘常委阅示，但对区国土局提供的二期征拆数据依然存在异议，暂不报送相关资料。（规划设计团队已私下取得相关资料）', './App/Public/Receive/5372ea450ac8c.tif', '穗规[2014]1171号.tif', '2014-05-14 12:00:05', '2014-07-23 11:07:18'),
(207, '2014042807', 'JS201405-034', '穗天国房报〔2014〕106号', '关于广州国际金融城起步区棠下经济联社集体土地征收补偿相关问题的请示', '区国土房管分局', '区府办转来此件，林区批示：“请卫青、国和同志逐项审核。”', '请曾科、姚科阅处。', '2014-05-04 15:00:00', 4, '0000-00-00 00:00:00', 0, 0, '姚科(2014-05-14 16:05:44);曾科(2014-05-20 10:05:53)', NULL, NULL, '2014-05-14 16:07:35', '2014-05-20 10:05:22'),
(208, '2014051503', 'JS201405-035', '穗规〔2014〕1199号', '关于再次征求《广州市关于提高工业用地土地利用效率和加强监管的意见》意见的函', '市规划局', '区府办转来此件，请我单位认真研究提出意见。', '传阅。请田猛、姚科阅处。', '2014-05-15 11:00:00', 4, '2014-05-16 12:00:00', 0, 76, '陈军(2014-05-16 14:05:26);姚科(2014-05-19 09:05:09);田猛(2014-05-19 09:05:18):已发送至规划分局。;曾科(2014-05-20 09:05:40)', './App/Public/Receive/537434746d053.ceb', '穗规〔2014〕1199号.ceb', '2014-05-15 11:28:52', '2014-05-20 10:05:00'),
(209, '2014051303', 'JS201405-036', '无', '通知', '中国商务区联盟', '中国商务区联盟发来此件，拟制作《中国CBD发展报告》，请我委报送相关材料。我处无牵头事项。', '传阅。请姚科阅处。', '2014-05-15 17:15:00', 4, '2014-05-19 12:00:00', 0, 0, '陈军(2014-05-19 10:05:45);田猛(2014-05-19 10:05:40);曾科(2014-05-20 09:05:29);姚科(2014-05-20 10:05:00):已将有关资料报送至各牵头处室。', './App/Public/Receive/5374896d6ba85.rar', 'CBD蓝皮书.rar', '2014-05-15 17:31:25', '2014-05-20 10:05:51'),
(210, '2014051602', 'JS201405-037', '穗规划纲要办〔2014〕1号', '关于征求《广州市实施珠三角规划纲要2014年重点工作任务（征求意见稿）》意见的函', '市规划纲要办', '区府办转来此件，请我委认真研究提出意见。由综合处牵头会各处室办理。', '传阅。请姚科、陈军阅处。', '2014-05-19 11:00:00', 4, '2014-05-20 17:30:00', 0, 0, '田猛(2014-05-19 17:05:34);曾科(2014-05-20 09:05:03);陈军(2014-05-20 09:05:46);姚科(2014-05-20 10:05:00):无意见，已反馈综合处。', './App/Public/Receive/5379a2d61c024.ceb', '穗规划纲要办函〔2014〕1号.ceb', '2014-05-19 14:21:10', '2014-05-20 10:05:44'),
(211, '2014051603', 'JS201405-038', '穗天纪〔2014〕33号', '关于印发《2014年天河区整治“四风”突出问题监督检查工作实施方案》的通知', '区纪委', '区纪委发来此件，传阅并由综合处牵头会各处室跟进办理。', '传阅。', '2014-05-19 11:00:00', 4, '0000-00-00 00:00:00', 0, 0, '姚科(2014-05-19 14:05:47);田猛(2014-05-19 16:05:11);陈军(2014-05-20 09:05:02);曾科(2014-05-20 10:05:57)', './App/Public/Receive/5379a33ab73a5.tif', '关于印发《2014年天河区整治“四风”突出问题监督检查工作实施方案》的通知.tif', '2014-05-19 14:22:50', '2014-05-20 10:05:15'),
(212, '2014051607', 'JS201405-039', '无', '关于征求《天河区政府投资建设项目规范管理风险防控效能监察实施意见》意见的函》', '区监察局', '区监察局发来此件，请我委认真研究提出意见。经查，我委不属于重点监察单位。由综合处牵头会各处室办理。', '传阅。请陈军阅处。', '2014-05-19 11:00:00', 4, '2014-05-21 12:00:00', 0, 0, '姚科(2014-05-19 14:05:30);田猛(2014-05-19 16:05:07);曾科(2014-05-20 08:05:56);陈军(2014-05-20 10:05:23):综合处是牵头部门，已知会综合处：我处无意见。', './App/Public/Receive/5379a44017de0.rar', '防控效能监察实施意见.rar', '2014-05-19 14:27:12', '2014-05-21 10:05:38'),
(213, '2014052001', 'JS201405-040', '无', '关于广州国际金融城二期城市设计成果的意见', '区府办', '区府办抄送来此件，根据林区批示精神征求区卫生局对金融城新增规划医院选址的意见及需求。', '传阅。请田猛阅处。', '2014-05-20 17:20:00', 4, '2014-05-21 17:30:00', 0, 0, '姚科(2014-05-21 09:05:43);田猛(2014-05-21 10:05:59):继续跟进。;陈军(2014-05-21 11:05:36);曾科(2014-05-22 17:05:11)', './App/Public/Receive/537bfe0c34108.rar', '关于广州国际金融城二期城市设计成果的意见.rar', '2014-05-21 09:14:52', '2014-05-23 09:05:33'),
(214, '2014052002', 'JS201405-041', '穗天教函〔2014〕187号', '关于征求天河区新建少年宫建设工作方案意见的函', '区教育局', '区教育局发来此件，请我单位认真研究提出意见。', '请曾科、田猛阅处。', '2014-05-20 17:20:00', 4, '2014-05-22 17:00:00', 0, 80, '田猛(2014-05-22 14:05:22):已送至区教育局。;曾科(2014-05-22 17:05:59)', './App/Public/Receive/537bfe71e98db.tif', '新建少年宫建设工作方案意见的函.tif', '2014-05-21 09:16:33', '2014-05-23 09:05:17'),
(215, '2014051902', 'JS201405-042', '无', '关于完善12345热线知识库信息的通知', '区政务办', '区政务办发来此件，请我委根据通知要求梳理本单位12345热线知识库信息。由综合处牵头会各处室办理。', '请姚科阅处。', '2014-05-20 17:20:00', 4, '2014-05-23 17:30:00', 0, 0, '姚科(2014-05-22 15:05:00):无意见，已反馈综合处。', './App/Public/Receive/537c01068b673.rar', '关于完善12345热线知识库信息的通知.rar', '2014-05-21 09:27:34', '2014-05-23 09:05:39'),
(216, '', 'JS201405-043', '委务会纪〔2014〕5号', '管委会委务会议纪要', '综合处', '议题：一、研究委领导班子成员分工调整事宜；二、讨论商务楼宇和商场场地证明的下一步工作；三、讨论《“粤港直通车”杂志合作协议》；四、讨论管委会与专业地产中介机构共同开展泛珠三角及高铁沿线招商的相关问题；五、讨论东塔封顶仪式的相关准备工作；六、讨论招商宣传册改版事宜；七、讨论2013年购买服务的验收工作；八、讨论“声动CBD”活动的筹备工作；九、讨论政府雇员劳动合同的续约事宜；十、通报管委会近期人事工作；十一、讨论关于与负责起草初稿工作的专家续签《&lt;广州市天河中央商务区管理办法&gt;后续工作服务合同》', '传阅。归档。', '2014-05-20 15:00:00', 4, '0000-00-00 00:00:00', 0, 0, '姚科(2014-05-22 10:05:43);田猛(2014-05-22 12:05:01);陈军(2014-05-22 14:05:31);曾科(2014-05-22 17:05:27)', NULL, NULL, '2014-05-22 10:27:36', '2014-05-23 09:05:45'),
(217, '2014052101', 'JS201405-044', '穗发改函〔2014〕860号', '关于征求广州市新型有轨电车线网规划和关于推进新型有轨电车规划建设的意见（征求意见稿）的函', '市发改委', '区府办转来此件，请我委认真研究提出意见。由我处牵头会协调处办理。', '传阅。请田猛阅处。', '2014-05-21 14:30:00', 4, '2014-05-22 11:00:00', 0, 79, '姚科(2014-05-22 10:05:22);田猛(2014-05-22 14:05:14):已送至区发改委。;陈军(2014-05-22 14:05:09);曾科(2014-05-22 17:05:20)', './App/Public/Receive/537d61b0cd900.rar', '关于征求广州市新型有轨电车线网规划和关于推进新型有轨电车规划建设的意见.rar', '2014-05-22 10:32:16', '2014-05-23 09:05:26'),
(218, '2014052006', 'JS201405-045', '穗委督字〔2014〕109号', '决策督查事项办理通知书', '市委督查室', '区发改局转来此件，请我委根据通知要求，梳理当前保持经济稳增长方面的困难、问题和建议。由企服处牵头会投资处、我处办理。', '传阅。请姚科办理。', '2014-05-21 09:00:00', 4, '0000-00-00 00:00:00', 0, 0, '田猛(2014-05-22 12:05:18);陈军(2014-05-22 14:05:47);曾科(2014-05-22 17:05:36);姚科(2014-05-23 13:05:00):已将项目公司问题反馈至企服处。', NULL, NULL, '2014-05-22 10:35:21', '2014-05-23 17:05:05'),
(219, '2014052103', 'JS201405-046', '无', '关于印发《服务小微企业问题整改方案》的函', '区经贸局', '区经贸局发来此件，请我委按照方案的分工安排开展工作，报送整改落实完成情况表。由企服处牵头会我处办理。', '传阅。请曾科、姚科办理。', '2014-05-21 15:00:00', 4, '2014-06-18 17:00:00', 0, 0, '田猛(2014-05-22 13:05:02);陈军(2014-05-22 14:05:26);姚科(2014-06-04 11:06:00):已报送整改落实情况表至企服处。;曾科(2014-06-04 11:06:35)', './App/Public/Receive/537d630d6f331.rar', '关于印发《服务小微企业问题整改方案》的函.rar', '2014-05-22 10:38:05', '2014-06-04 11:06:45'),
(220, '2014052204', 'JS201405-047', '无', '关于协助做好2013年度天河区推进新型城市化发展考核实地考察迎检工作的函', '区委组织部', '区委组织部发来此件，请我委配合做好5月27日推进新型城市化发展考核迎检工作。由综合处牵头会我处办理。', '请姚科负责落实、办理。', '2014-05-22 15:50:00', 4, '2014-05-27 17:30:00', 0, 0, '姚科(2014-05-27 17:05:00):已完成金融城现场考察任务。', NULL, NULL, '2014-05-23 10:03:27', '2014-05-27 17:05:43'),
(221, '2014052105', 'JS201405-048', '无', '关于征求《天河区2014年群众满意度测评工作实施方案》意见的函', '区监察局', '区监察局发来此件，请我委认真研究提出意见建议。由综合处牵头会各处室办理。', '请姚科阅处。', '2014-05-23 09:00:00', 4, '2014-05-30 17:00:00', 0, 0, '姚科(2014-05-29 15:05:00):无意见，已反馈综合处。', './App/Public/Receive/537f17bf369f5.tif', '意度测评工作实施方案》意见的函.tif', '2014-05-23 17:41:19', '2014-06-03 09:06:17'),
(222, '2014052104', 'JS201405-049', '穗天府办函〔2014〕126号', '关于广州市政协十二届三次会议第1019号提案的会办意见', '区府办', '区府办发来此件，请我委阅存。', '传阅。', '2014-05-23 09:00:00', 4, '0000-00-00 00:00:00', 0, 0, '姚科(2014-05-23 17:05:08);田猛(2014-05-26 08:05:37);陈军(2014-05-26 08:05:26);曾科(2014-05-26 09:05:11)', './App/Public/Receive/537f18a74b81b.ceb', '会议第1019号提案的会办意见.ceb', '2014-05-23 17:45:11', '2014-05-26 14:05:53'),
(223, '2014052202', 'JS201405-050', '跨国会函〔2014〕20号', '关于就在广州国际金融城建设“国际跨国公司广场”项目请求支持的函', '跨促会', '区府办转来此件，林区批示：“此事我区（CBD管委会）一直与促进会保持沟通，请卫青、海波同志继续跟踪服务好，我们认真落实好万书记的批示精神。”由投资处牵头会我处办理。', '传阅。请曾科、田猛阅处。', '2014-05-23 09:00:00', 4, '0000-00-00 00:00:00', 0, 0, '姚科(2014-05-23 17:05:01);陈军(2014-05-26 09:05:30);田猛(2014-05-26 09:05:07);曾科(2014-05-26 09:05:25)', './App/Public/Receive/537f19c469b27.rar', '国际跨国公司广场”项目请求支持的函.rar', '2014-05-23 17:49:56', '2014-05-26 14:05:08'),
(224, '2014052606', 'JS201405-051', '穗黄金岸线〔2014〕7号', '关于报送月度工作进展情况的函', '广州市珠江黄金岸线建设领导小组办公室', '区建水局发来此件，请我委指定专人负责珠江黄金岸线建设情况的报送工作，并报送1-5月的工作情况，及每月20日前报送当月工作情况。', '请曾科、小何阅处。', '2014-05-26 16:30:00', 4, '2014-05-26 17:30:00', 0, 84, '何碧莹(2014-05-27 14:05:42):经与区建水局计划科沟通：表格中“金融城规划”“海心沙东区观光游艇码头升级工程”“海心沙东区改造工程”三项为我委每月须报送项目情况。;曾科(2014-05-27 17:05:04)', NULL, NULL, '2014-05-27 09:39:13', '2014-05-27 17:05:17'),
(225, '2014052601', 'JS201405-052', '穗天发改〔2014〕36号', '关于落实广州国际金融城起步区复建工作有关事项的意见', '区发改局', '区府办转来此件，林区批示：转请卫青、国和通知阅研。', '传阅。请曾科阅处，落实区领导指示办理。', '2014-05-27 15:00:00', 4, '0000-00-00 00:00:00', 0, 0, '姚科(2014-05-28 09:05:45);田猛(2014-05-28 09:05:13);何碧莹(2014-06-03 10:06:16);曾科(2014-06-04 09:06:33)', NULL, NULL, '2014-05-28 09:14:37', '2014-06-04 09:06:33'),
(226, '2014052801', 'JS201405-053', '穗水函〔2014〕630号', '关于征求中心城区水更清建设项目及战略性发展平台内污水设施投资主体意见的函', '市水务局', '区府办转来此件，请我委认真研究提出意见。', '请小何阅处。（曾科代）', '2014-05-28 09:45:00', 4, '2014-05-28 17:00:00', 0, 85, '何碧莹(2014-05-28 14:05:01):已回复区建水局无意见。', './App/Public/Receive/5385435200eb9.ceb', '穗水函〔2014〕630号.ceb', '2014-05-28 10:00:50', '2014-05-28 14:05:58'),
(227, '2014052802', 'JS201405-054', '穗旧改函〔2014〕264号', '关于全市“三旧”改造调研反映问题汇总及解决措施征求意见的函', '市“三旧”改造办', '区府办转来此件，请我委认真研究提出意见。', '请姚科阅处。（曾科代）', '2014-05-28 10:17:00', 4, '2014-05-28 12:00:00', 0, 86, '姚科(2014-05-28 14:05:00):无意见，已反馈区城改办。', './App/Public/Receive/5385481dc4a16.rar', '关于全市“三旧”改造调研反映问题汇总及解决措施征求意见的函.rar', '2014-05-28 10:21:17', '2014-05-28 14:05:05'),
(228, '2014052901', 'JS201405-055', '穗府督字〔2014〕22号', '关于报送稳增长调结构工作中需市层面协调解决问题清单的通知', '市府督查室', '区府办转来此件，请我委认真梳理我区稳增长调结构工作中需市层面协调解决的问题，填报相关表格。由企服处牵头会投资处、我处办理。', '请姚科阅处。（曾科代）', '2014-05-29 09:10:00', 4, '2014-05-29 12:00:00', 0, 0, '姚科(2014-05-29 11:05:00):已报送项目公司问题相关情况表格至企服处。', './App/Public/Receive/538695e87b5a3.rar', '稳增长.rar', '2014-05-29 10:05:28', '2014-05-29 14:05:24'),
(229, '2014052804', 'JS201405-056', '无', '关于广州国际金融城二期城市设计成果的意见', '区府办', '区府办发来此件，为续办件，已经区领导批示，请我委根据批示精神跟进办理。', '传阅。请田猛阅处。', '2014-05-29 15:40:00', 4, '0000-00-00 00:00:00', 0, 0, '田猛(2014-05-29 16:05:57);姚科(2014-05-29 16:05:07);曾科(2014-05-30 09:05:09);陈军(2014-05-30 11:05:42);何碧莹(2014-06-03 10:06:24)', './App/Public/Receive/5386e94f06787.rar', '关于广州国际金融城二期城市设计成果的意见.rar', '2014-05-29 16:01:19', '2014-06-03 10:06:04'),
(230, '2014052702', 'JS201405-057', '穗常督字〔2014〕19号', '市委常委会议决定事项督办通知书', '市委督查室', '区委办转来此件，请我委落实“市领导牵头的12个专题督导组和各区（县级市）要认真梳理市重点项目和重大平台建设在用地、资金、审批等方面遇到的问题，及时上报市政府统筹解决”相关情况。由企服处牵头会投资处、我处办理。', '传阅。请曾科牵头阅处。', '2014-05-29 15:40:00', 4, '2014-06-07 17:30:00', 0, 0, '田猛(2014-05-29 16:05:58);陈军(2014-05-30 11:05:23);何碧莹(2014-06-03 10:06:30);姚科(2014-06-04 09:06:00):已将相关材料报送企服处。;曾科(2014-06-04 09:06:20)', './App/Public/Receive/5386eaf030a45.pdf', '穗常督字[2014]19号.pdf', '2014-05-29 16:08:16', '2014-06-04 10:06:01'),
(231, '2014052805', 'JS201405-058', '粤铁投集函〔2014〕93号', '关于明确省铁投集团国际金融城起步区A007-2（AT090918）地块城际中心项目公建配套问题的函', '省铁投集团', '省铁投集团发来此件，请我委对该项目涉及方案中有关公建配套等问题提出意见。', '传阅。请曾科、田猛阅处。', '2014-05-29 15:40:00', 4, '0000-00-00 00:00:00', 0, 87, '曾科(2014-05-30 09:05:27);田猛(2014-05-30 14:05:54):已发文。', NULL, NULL, '2014-05-29 16:11:25', '2014-05-30 14:05:23'),
(232, '2014053002', 'JS201405-059', '穗规〔2014〕1344号', '关于征求《广州市基本生态控制线管理规定征求意见稿》意见的函', '市规划局', '区法制办转来此件，请我委认真研究提出意见。', '请田猛阅处。', '2014-05-30 14:30:00', 4, '2014-06-03 11:00:00', 0, 89, '田猛(2014-06-03 16:06:32):已发送。', './App/Public/Receive/5388260372873.rar', '关于征求《广州市基本生态控制线管理规定征求意见稿》意见的函.rar', '2014-05-30 14:32:35', '2014-06-03 16:06:43'),
(233, '2014052907', 'JS201406-001', '穗天府〔2014〕11号', '转发市法制办关于征求《广州市建设项目占用水域管理办法（送审稿）》意见的通知', '区法制办', '区法制办转来此件，请我委认真研究提出意见。', '请小何阅处。', '2014-06-03 11:00:00', 4, '2014-06-05 17:30:00', 0, 90, '何碧莹(2014-06-04 09:06:20):已函复区法制办，我委无意见。', './App/Public/Receive/538d6c079039a.ceb', '穗府法征〔2014〕56号.ceb', '2014-06-03 14:32:39', '2014-06-04 09:06:52'),
(234, '2014052903', 'JS201406-002', '穗发改函〔2014〕919号', '市发改委关于报送希望纳入国家、省和市“十三五”规划基本思路的重点事项的函', '区府办', '区府办转来此件，请我委认真研究，拟定相关材料。由企服处牵头会投资处、我处办理。', '传阅。请姚科阅处。', '2014-06-03 11:00:00', 4, '2014-06-05 17:30:00', 0, 0, '田猛(2014-06-03 17:06:03);韦薇(2014-06-04 08:06:26);陈军(2014-06-04 09:06:24);曾科(2014-06-04 11:06:04);姚科(2014-06-04 14:06:00):无相关报送，已反馈企服处。;何碧莹(2014-06-04 14:06:02)', './App/Public/Receive/538d6cb75ac8f.rar', '关于报送希望纳入国家、省和市“十三五”规划基本思路的重点事项的函.rar', '2014-06-03 14:35:35', '2014-06-04 14:06:52'),
(235, '2014052904', 'JS201406-003', '穗金融城办〔2014〕31号', '关于金融城开发建设第八次工作例会的纪要', '市金融城办', '区府办转来此件，由我处根据会议精神跟进办理。', '传阅。', '2014-06-03 11:00:00', 4, '0000-00-00 00:00:00', 0, 0, '姚科(2014-06-03 15:06:07);何碧莹(2014-06-03 17:06:00);田猛(2014-06-03 17:06:43);曾科(2014-06-04 09:06:11);韦薇(2014-06-04 09:06:11);陈军(2014-06-04 09:06:44)', './App/Public/Receive/538d6d1622ac5.ceb', '穗金融城办〔2014〕31号.ceb', '2014-06-03 14:37:10', '2014-06-04 09:06:47'),
(236, '2014052905', 'JS201406-004', '穗金融城办〔2014〕33号', '关于金融城开发建设第九次工作例会的纪要', '市金融城办', '区府办转来此件，请我处根据会议精神跟进办理。', '传阅。（请各经办联系各村开展放线工作）', '2014-06-03 11:00:00', 4, '0000-00-00 00:00:00', 0, 0, '姚科(2014-06-03 15:06:01);何碧莹(2014-06-03 17:06:05);田猛(2014-06-03 17:06:49);曾科(2014-06-04 09:06:00);陈军(2014-06-04 09:06:58);韦薇(2014-06-04 09:06:27)', './App/Public/Receive/538d6d72c8a18.ceb', '穗金融城办〔2014〕33号.ceb', '2014-06-03 14:38:42', '2014-06-04 09:06:40'),
(237, '2014060301', 'JS201406-005', '无', '关于协助做好“2014年优秀大学生暑期赴天河社会实践活动”岗位摸查工作的函', '团区委', '团区委发来此件，请我委根据实际需求报送所需实习生数量。由综合处牵头会各处室办理。', '请曾科牵头阅处。', '2014-06-03 16:00:00', 4, '2014-05-30 17:00:00', 0, 0, '田猛(2014-06-03 17:06:36);陈军(2014-06-03 17:06:41);何碧莹(2014-06-03 17:06:12);韦薇(2014-06-04 08:06:28);姚科(2014-06-04 09:06:00):已将需求报送综合处。;曾科(2014-06-04 09:06:18)', './App/Public/Receive/538d902befe45.doc', '2014年优秀大学生暑期赴天河社会实践.doc', '2014-06-03 17:06:51', '2014-06-04 09:06:46'),
(238, '2014060403', 'JS201406-006', '穗天经函〔2014〕123号', '关于征求2014年天河区领导干部服务企业问题分工意见的函', '区经贸局', '区经贸局发来此件，请我委对工作分工、完成时限提出意见。由企服处牵头会相关处室办理。', '请曾科牵头阅处。', '2014-06-04 16:50:00', 4, '2014-06-05 17:30:00', 0, 0, '田猛(2014-06-05 10:06:30);陈军(2014-06-05 15:06:55);姚科(2014-06-05 15:06:00):无意见，已报送企服处。;韦薇(2014-06-06 09:06:20);何碧莹(2014-06-06 10:06:01);曾科(2014-06-06 14:06:28)', './App/Public/Receive/538fcc9681449.rar', '服务企业问题分工.rar', '2014-06-05 09:49:10', '2014-06-06 15:06:51'),
(239, '2014060602', 'JS201406-007', '无', '关于征求《天河区法定招标规模以下财政性投资建设工程项目发包暂行管理办法（修订稿）》（送审稿）意见的函', '区监察局', '区监察局发来此件，请我委认真研究提出意见。由综合处牵头会各处室办理。', '传阅。请陈军、小何阅处。', '2014-06-06 14:25:00', 4, '2014-06-06 17:00:00', 0, 0, '姚科(2014-06-06 15:06:23);田猛(2014-06-06 15:06:10);韦薇(2014-06-06 16:06:20);陈军(2014-06-06 17:06:06);何碧莹(2014-06-06 17:06:56):无意见，已反馈综合处。;曾科(2014-06-09 09:06:42)', './App/Public/Receive/53916787e05a9.doc', '管理办法(修订稿)》（送审稿）.doc', '2014-06-06 15:02:31', '2014-06-10 17:06:59'),
(240, '2014060604', 'JS201406-008', '穗府法征〔2014〕61号', '关于再次征求对《广州市行政机关负责人出庭应诉暂行规定》意见的函', '市法制办', '区法制办转来此件，请我委认真研究提出意见。', '传阅。请小何阅处。', '2014-06-06 14:25:00', 4, '2014-06-10 17:30:00', 0, 0, '姚科(2014-06-06 15:06:34);田猛(2014-06-06 15:06:19);韦薇(2014-06-06 16:06:00);陈军(2014-06-06 17:06:22);曾科(2014-06-10 09:06:41);何碧莹(2014-06-09 16:06:06):已反馈综合处无意见。', './App/Public/Receive/539167ff192fa.ceb', '复件 穗府法征〔2014〕61号.ceb', '2014-06-06 15:04:31', '2014-06-10 17:06:05'),
(241, '2014060401', 'JS201406-009', '无', '关于稳增长调结构需市层面协调解决问题清单及责任分工的说明', '区府办', '区府办发来此件，林区批示：“请志贤通知速再梳理，6月5日前再报市府。区府办与市府办沟通好。”我委此前上报的7项问题保留3项，包括我处报送的金融城第二批土地成立项目公司问题。', '传阅。', '2014-06-05 15:00:00', 4, '0000-00-00 00:00:00', 0, 0, '姚科(2014-06-11 15:06:50);韦薇(2014-06-11 15:06:16);曾科(2014-06-11 15:06:52);田猛(2014-06-11 16:06:04);何碧莹(2014-06-11 16:06:11);陈军(2014-06-12 11:06:09)', NULL, NULL, '2014-06-10 19:23:52', '2014-06-12 11:06:02'),
(242, '2014052005', 'JS201406-010', '无', '关于做好区八届人大四次会议代表审议政府工作报告意见建议办理工作的通知', '区府办', '区府办发来此件，我委为相关建议内容的承办单位和协助单位，请我委按照分工报送相关情况。', '请曾科牵头阅处。', '2014-06-09 17:30:00', 4, '2014-06-16 17:30:00', 0, 94, '韦薇(2014-06-11 15:06:59);田猛(2014-06-11 16:06:45);何碧莹(2014-06-11 16:06:45);陈军(2014-06-12 11:06:39);姚科(2014-06-17 15:06:00):已书面函复钟浩华代表，并抄送区府办。;曾科(2014-06-24 09:06:15)', './App/Public/Receive/5396eb8896673.xls', '区人大代表审议政府工作报告的意见建议任务分解表(2).xls', '2014-06-10 19:27:04', '2014-06-25 10:06:10'),
(243, '2014061002', 'JS201406-011', '穗天财〔2014〕213号', '关于发布2015年天河区部门预算项目支出申报的通知', '区财政局', '区财政局发来此件，请我委根据《申报指南》认真组织做好2015年部门预算项目支出预算申报工作。', '请曾科、小何阅处。', '2014-06-10 17:15:00', 4, '2014-06-30 17:30:00', 0, 0, '曾科(2014-06-23 10:06:48);何碧莹(2014-06-23 16:06:10):已按要求报送2015年金融城专项工作经费有关材料至综合处。（区级项目支出预算申报表、项目支出预算明细说明、财政支出项目绩效目标申报表等）', './App/Public/Receive/5397fd8162c91.rar', '2015年天河区部门预算相关文件及资料.rar', '2014-06-11 14:56:01', '2014-07-03 14:07:26'),
(244, '2014061001', 'JS201406-012', '穗天发改函〔2014〕297号', '关于报送“新广州 新商机”重大项目招商推介会签约项目进度的函', '区发改局', '区发改局发来此件，请我委填写有关情况表。由投资处会我处办理。', '请小何阅处。', '2014-06-10 15:30:00', 4, '2014-06-10 17:30:00', 0, 0, '何碧莹(2014-06-11 16:06:58):已报送长江、绿地项目进展情况。', NULL, NULL, '2014-06-11 14:58:02', '2014-06-12 09:06:14'),
(245, '2014060901', 'JS201406-013', '穗金融城办〔2014〕36号', '关于广州国际金融城起步区“小配套”公共服务设施移交方案的意见', '市金融城办', '区府办转来此件，林区批示：“按市各部门意见抓紧完善”，丘常委批示：“请建开处先组织区属有关部门先初议一次，然后我再开会研究”。', '传阅。请曾科、田猛抓紧落实领导指示。', '2014-06-10 15:30:00', 4, '0000-00-00 00:00:00', 0, 0, '田猛(2014-06-11 16:06:49);曾科(2014-06-12 11:06:23):根据常委指示，我委拟于6月16日召开会议讨论该方案的修改意见。', NULL, NULL, '2014-06-11 15:00:50', '2014-06-12 11:06:08'),
(246, '2014061102', 'JS201406-014', '穗规划纲要办函〔2014〕5号', '关于再次征求《广州市实施珠三角规划纲要2014年重点工作任务（征求意见稿）》意见的函', '市规划纲要办', '区府办转来此件，请我委认真研究提出意见。由综合处牵头会各处室办理。', '请曾科牵头阅处。', '2014-06-11 15:30:00', 4, '2014-06-11 17:30:00', 0, 0, '姚科(2014-06-12 10:06:00):无意见，已反馈综合处。;何碧莹(2014-06-12 10:06:56);曾科(2014-06-12 10:06:31);田猛(2014-06-12 10:06:07);韦薇(2014-06-12 10:06:49);陈军(2014-06-12 10:06:18)', './App/Public/Receive/5399084ead29b.rar', '广州市规划纲要办关于再次征求《广州市实施珠三角规划纲要2014年重点工作任务（征求意见稿）》意见的函.rar', '2014-06-12 09:54:22', '2014-06-12 11:06:15'),
(247, '2014061101', 'JS201406-015', '无', '督办通知', '区府办', '区府办发来此件，请我委报送稳增长调结构工作相关背景材料。由投资处、我处办理，并由综合处汇总上报。', '请曾科、姚科阅处。', '2014-06-11 12:30:00', 4, '2014-06-11 15:00:00', 0, 0, '姚科(2014-06-11 15:06:00):已将所报项目公司背景材料报送综合处。;曾科(2014-06-12 10:06:53)', NULL, NULL, '2014-06-12 10:04:37', '2014-06-12 10:06:59'),
(248, '2014061204', 'JS201406-016', '穗府法征〔2014〕66号', '关于征求《关于加快法治政府建设的若干意见（征求意见稿）》意见的函', '市法制办', '区府办转来此件，请我委认真研究提出意见。由综合处牵头会各处室办理。', '请姚科阅处。', '2014-06-13 14:30:00', 4, '2014-06-17 17:30:00', 0, 0, '姚科(2014-06-16 15:06:00):无意见，已反馈综合处。', './App/Public/Receive/539a9fe61b750.ceb', '穗府法征〔2014〕66号.ceb', '2014-06-13 14:53:26', '2014-06-16 15:06:11');
INSERT INTO `cbd_receive` (`id`, `office_no`, `rec_no`, `article_no`, `title`, `come_from`, `summary`, `struct`, `rec_time`, `rec_person`, `dead_time`, `state`, `write_id`, `deal_info`, `download_name`, `file_name`, `create_time`, `update_time`) VALUES
(249, '2014061205', 'JS201406-017', '无', '关于办理区八届人大四次会议人大代表议案、建议和区政协第七届委员会第四次会议政协提案的通知', '区府办', '区府办发来此件，请我委根据通知分工做好提案建议办理工作。由综合处统一呈批、反馈。', '请曾科牵头阅处。', '2014-06-13 15:00:00', 4, '2014-08-01 17:30:00', 0, 0, '陈军(2014-06-13 15:06:14);韦薇(2014-06-13 16:06:50);田猛(2014-06-13 16:06:48);何碧莹(2014-06-16 15:06:25);姚科(2014-06-25 15:06:00):已将2037号建议答复报至综合处。;曾科(2014-06-26 16:06:35):小何已将政协P1-4提案的回复移交提交综合处', './App/Public/Receive/539aa40dced28.rar', '区人大议案和政协提案（CBD部分）.rar', '2014-06-13 15:11:09', '2014-06-26 16:06:06'),
(250, '', 'JS201406-018', '委务会纪〔2014〕6号', '管委会委务会议纪要（5月19日）', '综合处', '一、会议听取了公共事务协调处关于“声动CBD”活动筹备工作的汇报并进行了讨论；二、会议听取了企业服务处关于《楼宇经济服务平台（数据库）建设方案》的汇报，并进行了讨论；三、会议听取了企业服务处关于《数字化展厅形象片》（第二稿）的回报，并进行了讨论；四、会议听取了投资促进处关于招商宣传册改版的汇报，并进行了讨论；五、会议传达天河区深入推荐党的群众路线教育实践活动工作会议精神，并研究管委会下一阶段的工作计划。', '传阅，存档。', '2014-06-16 08:50:44', 9, '0000-00-00 00:00:00', 0, 0, '韦薇(2014-06-16 09:06:43);陈军(2014-06-16 10:06:12);田猛(2014-06-16 11:06:11);姚科(2014-06-16 15:06:22);何碧莹(2014-06-16 15:06:38);曾科(2014-06-16 15:06:38)', NULL, NULL, '2014-06-16 09:34:04', '2014-06-16 15:06:29'),
(251, '2014061601', 'JS201406-019', '无', '关于报送我区战略性发展平台推进落实情况有关材料的函', '区发改局', '区发改局发来此件，万书记将于近期来我区视察各项工作进展情况，请我委报送相关平台推进落实情况。由综合处牵头会各处室办理。', '请曾科牵头研处。', '2014-06-16 09:19:28', 9, '2014-06-16 11:00:44', 0, 0, '韦薇(2014-06-16 11:06:14);陈军(2014-06-16 11:06:56);姚科(2014-06-16 14:06:00):已将金融城平台相关情况材料报送综合处。;何碧莹(2014-06-16 15:06:59);曾科(2014-06-16 15:06:51);田猛(2014-06-16 15:06:27)', NULL, NULL, '2014-06-16 11:21:39', '2014-06-16 15:06:08'),
(252, '2014060606', 'JS201406-020', '穗天国房发〔2014〕151号', '印发广州国际金融城起步区村民住宅、集体物业征拆补偿安置项目资金使用办法的通知', '区国土分局', '区国土分局发来此件，由我处阅处。', '传阅。', '2014-06-13 16:55:45', 9, '0000-00-00 00:00:00', 0, 0, '陈军(2014-06-16 14:06:33);姚科(2014-06-16 15:06:33);何碧莹(2014-06-16 15:06:35);曾科(2014-06-16 15:06:40);田猛(2014-06-16 15:06:17);韦薇(2014-06-16 15:06:21)', NULL, NULL, '2014-06-16 11:31:32', '2014-06-16 15:06:44'),
(253, '', 'JS201406-021', '委务会纪〔2014〕7号', '管委会委务会议纪要（6月11日）', '综合处', '一、会议听取了企业服务处关于《2014年政府购买服务工作方案》的汇报并进行了讨论；二、会议听取了企业服务处传达《天河区2014年重点经济指标增长措施落实工作会议》精神，请各处室按职能分工全力做好稳增长工作；三、会议听取了委实践办关于天河中央商务区管委会领导班子对照检查材料的汇报，并进行了讨论。', '传阅，存档。', '2014-06-16 15:15:23', 9, '0000-00-00 00:00:00', 0, 0, '曾科(2014-06-16 15:06:07);田猛(2014-06-16 15:06:11);陈军(2014-06-16 15:06:57);何碧莹(2014-06-16 15:06:40);韦薇(2014-06-16 15:06:11);姚科(2014-06-16 16:06:05)', NULL, NULL, '2014-06-16 15:27:23', '2014-06-16 16:06:34'),
(254, '2014061302', 'JS201406-022', '穗委督字〔2014〕129号', '决策督查事项办理通知书（穗委督字〔2014〕129号）', '区委办', '根据《关于2014年第一季度万庆良同志主持召开的市委办公会议决定事项落实情况的报告》：关于在国际金融城建设广州金融博物馆有关建设资金从国际金融城土地出让金中统筹解决的问题。市金融办建议尽快落实建设资金，加快立项建设，争取2016年底前建成。拟转市财政局、天河区政府研处。', '传阅。请曾科牵头，小何阅处。', '2014-06-17 14:54:47', 5, '2014-07-03 17:30:00', 0, 97, '韦薇(2014-06-17 16:06:48);陈军(2014-06-17 17:06:03);姚科(2014-06-18 09:06:12);田猛(2014-06-18 10:06:03);曾科(2014-06-23 10:06:43);何碧莹(2014-06-25 10:06:46):已将表格报至区委办督办科。', './App/Public/Receive/539ff07638218.tif', '穗委督字[2014]129号）.tif', '2014-06-17 15:38:30', '2014-06-25 10:06:02'),
(255, '2014061301', 'JS201406-023', '无', '申请函（广州穗荣房地产开发有限公司）', '广州穗荣房地产开发有限公司', '就金融城起步区A003地块规划要求配建2000拼房米商业服务设施，征求我委意见。', '请曾科、田猛阅处。', '2014-06-17 16:20:00', 5, '0000-00-00 00:00:00', 0, 98, '田猛(2014-06-25 18:06:02):已发送;曾科(2014-06-26 09:06:20)', NULL, NULL, '2014-06-17 17:17:40', '2014-06-26 09:06:39'),
(256, '2014061705', 'JS201406-024', '穗天发改〔2014〕52号', '关于做好广州市“2+3+11”平台建设现场会暨重大项目开工（竣工）动员会筹备工作的通知', '区发改局', '区发改局发来此件，请我委填写项目表格、准备现场点介绍材料、填写联系人信息表。由综合处牵头会各处室办理。', '请曾科、姚科、小何阅处。', '2014-06-17 17:33:24', 9, '2014-06-18 12:00:36', 0, 0, '何碧莹(2014-06-18 09:06:47);曾科(2014-06-23 10:06:11);姚科(2014-06-19 15:06:00):已将相关情况书面材料报综合处。', './App/Public/Receive/53a00e02dcbd3.rar', '关于做好广州市“2+3+11”平台建设现场会暨重大项目开工（竣工）动员会筹备工作的通知.rar', '2014-06-17 17:44:34', '2014-06-23 11:06:43'),
(257, '无', 'JS201406-025', '委务会纪〔2014〕4号', '管委会委务会议纪要（4月16日）', '综合处', '一、听取综合处关于续签管委会办公场地租赁合同的汇报，并进行了讨论；二、听取了公共事务协调处《关于“声动CBD”活动策划公司对比情况报告》的汇报，并进行了讨论；三、听取了企服处关于广州市天河区地税签订重大发展战略协议的汇报，并进行了讨论。', '传阅，存档。', '2014-04-25 15:36:00', 9, '0000-00-00 00:00:00', 0, 0, '曾科(2014-06-18 15:06:02);田猛(2014-06-18 15:06:32);韦薇(2014-06-18 15:06:21);何碧莹(2014-06-18 15:06:17);姚科(2014-06-18 15:06:22);陈军(2014-06-18 15:06:04)', NULL, NULL, '2014-06-18 15:37:16', '2014-06-18 15:06:04'),
(258, '2014061801', 'JS201406-026', '穗规〔2014〕1488号', '广州市规划局关于征求广州国际金融城二期控制性详细规划成果意见的函', '市规划局', '区府办转来此文，请我委牵头会相关单位认真研究提出意见（含复市文稿）。由我处办理。由于附件过大，田猛已于6月18日上传至我处共享。', '请曾科、田猛阅处。', '2014-06-18 16:22:00', 9, '2014-06-19 17:00:00', 0, 104, '田猛(2014-07-23 09:07:53):7月18日上午收到区国土意见后成文，已送至区府办。;曾科(2014-07-23 16:07:12)', NULL, NULL, '2014-06-18 16:40:00', '2014-07-23 16:07:05'),
(259, '2014061802', 'JS201406-027', '无', '关于提供抢占经济制高点相关材料的函', '区经贸局', '请我委提供天河CBD范围内抢占金融、科技、总部经济三个制高点的相关材料并填写附件表格。由综合处牵头投资处、企服处及我处办理。', '请小何阅处。（曾科代）', '2014-06-19 10:04:00', 9, '2014-06-23 17:00:00', 0, 0, '何碧莹(2014-06-20 16:06:34):按要求将广州国际控股集团有限公司及万联证券有限责任公司联合体竞得金融城起步区AT090938地块项目报至综合处（表格附后）。', './App/Public/Receive/53a24834738dd.xls', '占经济制高点相关材料的函-附件.xls', '2014-06-19 10:17:24', '2014-06-20 17:06:11'),
(260, '2014062001', 'JS201406-028', '无', '区政府在《关于请明确广州国际金融城起步区“小配套”公共服务设施相关事项的请示》的办理意见', '区府办', '由我委牵头会各相关单位按金融城起步区控规落实相关工作，并就市政配套设施面积问题做好沟通协调。', '请曾科、田猛阅处。', '2014-06-20 16:15:00', 9, '0000-00-00 00:00:00', 0, 0, '田猛(2014-06-23 10:06:34);曾科(2014-06-23 10:06:50)', './App/Public/Receive/53a783ef597e7.tif', '区领导批示 (23).tif', '2014-06-23 09:33:35', '2014-06-23 10:06:52'),
(261, '2014062004', 'JS201406-029', '穗国资函〔2014〕285号', '关于请协助提供在穗重大投资项目情况及存在问题的函', '市国资委', '区府办转来此文，林区批示：“要增加征求CBD及智慧城管委会的意见，CBD有很多同类企业（央企和省属）。”张主任批示：“建议应向粤海集团、绿地集团等企业了解，不要随便回复没意见。”由投资处牵头，企服处和我处配合办理。', '请曾科牵头，小何阅处。（仅是国企）', '2014-06-20 16:12:00', 9, '2014-06-24 11:00:00', 0, 0, '曾科(2014-06-24 09:06:27);何碧莹(2014-06-23 14:06:25):已将粤海、绿地在CBD投资项目情况（企业盖公章）汇总至投资处。', './App/Public/Receive/53a785b2e3301.rar', '请协助提供在穗重大投资项目情况及存在问题的函.rar', '2014-06-23 09:41:06', '2014-06-24 15:06:16'),
(262, '2014061905', 'JS201406-030', '无', '关于报送天河区推进“珠江黄金岸线”建设工作进度情况的函', '区建水局', '按照5月26日收文内容（穗黄金岸线〔2014〕7号），请我委填写相关表格。', '请小何阅处。', '2014-06-20 16:15:00', 9, '2014-06-23 17:30:00', 0, 95, '何碧莹(2014-06-20 15:06:17):已报至区建水局计划科。', './App/Public/Receive/53a7876e12bc4.rar', '“珠江黄金岸线”建设工作进度情况.rar', '2014-06-23 09:48:30', '2014-06-23 15:06:50'),
(263, '2014061902', 'JS201406-031', '无', '石书记、林区长在《市发改委关于做好市“2+3+11”平台建设现场会暨重大项目开工（竣工）动员会筹备工作的预通知》上的批示', '区府办', '石书记批示：“请祖进、志贤同志抓紧提出方案。”林区长批示：“准备好。”由综合处牵头投资处、企服处、我处跟进办理。', '传阅。', '2014-06-20 16:18:00', 9, '0000-00-00 00:00:00', 0, 0, '韦薇(2014-06-23 09:06:39);田猛(2014-06-23 09:06:49);陈军(2014-06-23 10:06:45);曾科(2014-06-23 10:06:57);姚科(2014-06-23 11:06:47);何碧莹(2014-06-23 15:06:53)', NULL, NULL, '2014-06-23 09:53:56', '2014-06-23 15:06:49'),
(264, '2014062006', 'JS201406-032', '无', '关于征求《天河区政府投资建设项目规范管理风险防控效能监察实施意见（二次征求意见稿）意见的通知》', '区监察局', '区监察局就《实施意见》的反馈情况（综合处文号：2014051607）进行了修改和完善，请我委认真研究提出二次意见。由综合处牵头会各处室办理。', '传阅。请曾科牵头，小何阅处。', '2014-06-23 10:14:00', 9, '2014-06-26 12:00:00', 0, 0, '韦薇(2014-06-23 10:06:37);姚科(2014-06-23 11:06:55);陈军(2014-06-23 14:06:11);何碧莹(2014-06-23 15:06:24):无意见，已反馈综合处。;田猛(2014-06-23 15:06:44);曾科(2014-06-24 09:06:25)', './App/Public/Receive/53a794542875f.rar', '关于征求《天河区政府投资建设项目规范管理风险防控效能监察实施意见》（二次征求意见稿）意见的通知.rar', '2014-06-23 10:43:32', '2014-06-24 09:06:43'),
(265, '2014062304', 'JS201406-033', '穗发改函〔2014〕1094号', '关于 报送“2+3+11”重大发展平台2014年上半年建设进展情况的通知', '市发改委', '区发改委转来此预报件，请我委填报广州国际金融城2014年平台建设进展情况。由我处办理。（可参考综合处来文编号2014040908处理）', '请曾科、姚科、小何阅处。', '2014-06-23 18:12:00', 9, '2014-07-04 17:30:00', 0, 0, '何碧莹(2014-06-24 14:06:12);姚科(2014-06-25 14:06:00):已与市金融城办郭盛恩对接，该件由市金融城办负责，我委无需报送；已跟区发改局冯志耘科长和区府办赖吉珂说明情况;曾科(2014-06-25 14:06:55)', './App/Public/Receive/53a800e4781b4.xls', '平台2014年度建设进展情况表.xls', '2014-06-23 18:26:44', '2014-06-25 14:06:43'),
(266, '201406241', 'JS201406-034', '无', '市会议通知（6月24日国家开发银行）', '市发改委', '区发改局转来此件，请我单位根据要求抓紧梳理具体需求、项目以及对接情况并上报。由投资处牵头会我处办理。', '请小何、陈军阅处。', '2014-06-24 09:58:00', 9, '2014-06-24 10:30:00', 0, 0, '陈军(2014-06-24 14:06:45);何碧莹(2014-06-24 14:06:45):投资处表示无需我委报送项目信息。', './App/Public/Receive/53a91ca74e9e9.ceb', '会议通知.ceb', '2014-06-24 14:37:27', '2014-06-24 14:06:42'),
(267, '2014062406', 'JS201406-035', '无', '项目调研申请函', '前海红橡冷热联供有限公司', '该公司拟于6月26日到我委调研座谈，由我处对接跟进。', '请曾科、陈军、小何做好对接准备工作。', '2014-06-24 16:25:00', 9, '0000-00-00 00:00:00', 0, 0, '陈军(2014-06-25 09:06:10);何碧莹(2014-06-26 11:06:25):6月26日上午，我处接待该企业，并向其介绍金融城项目情况。;曾科(2014-06-27 11:06:20)', NULL, NULL, '2014-06-25 09:01:20', '2014-06-27 11:06:27'),
(268, '2014062407', 'JS201406-036', '穗天发改函〔2014〕327号', '关于协调开展2014天河区稳增长促投资相关工作的函', '区发改局', '区发改局来文，请我委报送促投资工作台账。张主任批示：“一、照拟，请企服处与区发改局详细了解需我委负责的具体工作内容和要求，涉及投资处、建开处的工作请相关处室落实。二、附件2中我委的2个项目为投资处主办，请投资处抓紧跟进，做好验收服务。”', '传阅。', '2014-06-24 17:22:00', 9, '2014-06-25 17:30:00', 0, 0, '曾科(2014-06-25 09:06:47);韦薇(2014-06-25 09:06:42);陈军(2014-06-25 09:06:10);田猛(2014-06-25 10:06:07);何碧莹(2014-06-25 10:06:32);姚科(2014-06-25 14:06:26)', './App/Public/Receive/53aa210e9c47b.rar', '关于协调开展2014年天河区稳增长促投资相关工作的函.rar', '2014-06-25 09:08:30', '2014-06-25 14:06:07'),
(269, '2014062405', 'JS201406-037', '穗府会纪〔2014〕138号', '关于广州国际金融城建设工作的会议纪要（6月11日）', '市政府办', '一、关于金融城地下空间工程管理问题。二、关于车陂加压站地块收储工作。三、关于起步区220千伏员村热变电站的建设问题。四、关于棠下新墟复建项目涉及规划道路宽度调整问题。五、关于员村五横路污水管改迁问题。六、关于员村热电厂按工业基准地价追加地块补偿款问题。七、关于起步区地下空间设计进度问题。八、要尽快启动起步区范围临江大道的建设。九、关于车陂村6.54亩历史留用地指标问题。十、关于开发企业成立项目公司问题。十一、关于村复建项目减免市政配套设施建设费问题。十二、关于起步区村民住宅和集体物业复建房建设问题。十三、', '传阅。复一份给我。', '2014-06-25 17:07:00', 9, '0000-00-00 00:00:00', 0, 0, '韦薇(2014-06-26 09:06:21);田猛(2014-06-26 10:06:55);姚科(2014-06-26 11:06:55);何碧莹(2014-06-26 11:06:38);(2014-06-26 11:06:56);陈军(2014-06-26 11:06:21);曾科(2014-06-26 15:06:58)', './App/Public/Receive/53ab772ba7ec6.ceb', '穗府会纪〔2014〕138号.ceb', '2014-06-26 09:28:11', '2014-06-26 15:06:10'),
(270, '2014063001', 'JS201406-038', '穗天发改函〔2014〕339号', '关于征求《广州市城际轨道交通项目红线外TOD开发工作方案（送审修改稿）意见的函》', '区发改局', '区发改局发来此文，请我委提出意见，涉及TOD开发的主要目的、相关政策、资金筹集责任分摊原则、开发工作原则、开发工作机制和开发工作分工。', '请曾科牵头阅处。', '2014-06-30 09:13:00', 9, '2014-06-30 12:00:00', 0, 100, '姚科(2014-06-30 10:06:01);韦薇(2014-06-30 10:06:47);陈军(2014-06-30 11:06:07);曾科(2014-06-30 13:06:15);何碧莹(2014-07-01 09:07:26);田猛(2014-07-01 16:07:43):已发至发改局。', './App/Public/Receive/53b0bde78cdbd.rar', '征求《广州市城际轨道交通项目红线外TOD开发工作方案.rar', '2014-06-30 09:31:19', '2014-07-01 16:07:44'),
(271, '2014063002', 'JS201407-001', '无', '关于填报2014年5月20日至6月20日会议、活动情况统计表的通知', '区府办', '填报区间时间内主办或承办的需相关单位主要负责通知参加的会议、活动（含承办的上集电视电话会议）情况，由综合处牵头会各处室办理。', '请小韦阅处。', '2014-07-01 09:10:00', 9, '2014-07-01 12:00:00', 0, 0, '韦薇(2014-07-01 11:07:38):已将两个复建例会材料报送至综合处小苏。（附文见后）', './App/Public/Receive/53b214102085f.doc', '日至6月20日）（区政府系统）.doc', '2014-07-01 09:51:12', '2014-07-01 16:07:16'),
(272, '2014062704', 'JS201407-002', '穗规〔2014〕1584号', '关于棠下村“黄岗头”地块提高开发强度问题的复函', '市规划局', '区府办转来此件，请金融城起步区开发建设天河区指挥部综合组研处。林区批示：“请指导好棠下村公司按市规划局的要求做好工作，送一份地块的位置图给我。”区府办已将此件呈丘常委阅，由我处阅处。', '传阅。请曾科牵头跟进。', '2014-07-01 09:18:00', 9, '0000-00-00 00:00:00', 0, 0, '姚科(2014-07-01 11:07:44);田猛(2014-07-01 11:07:31);韦薇(2014-07-01 11:07:25);何碧莹(2014-07-01 14:07:31);陈军(2014-07-01 16:07:01);曾科(2014-07-01 16:07:43)', './App/Public/Receive/53b2259a0ffe9.ceb', '穗规〔2014〕1584号.ceb', '2014-07-01 11:06:02', '2014-07-01 16:07:34'),
(274, '2014070101', 'JS201407-003', '穗市长会纪〔2014〕64号', '市长办公会议纪要（6月13日）', '市府办', '区府办发来林区批示：“会议议定事项中：第一项（p1）请中央商务区（CBD）管委会跟踪对接好。”此项为关于国际金融城受让土地企业成立项目公司问题。由我处根据领导批示跟进办理。此件政府办已呈丘常委阅。', '传阅。复一份给我。', '2014-07-02 14:28:00', 9, '0000-00-00 00:00:00', 0, 0, '陈军(2014-07-03 09:07:31);姚科(2014-07-03 09:07:22);田猛(2014-07-03 09:07:28);何碧莹(2014-07-03 10:07:01);韦薇(2014-07-03 12:07:25);曾科(2014-07-03 13:07:26)', './App/Public/Receive/53b3c5569c39b.rar', '市长办公会议纪要.rar', '2014-07-02 16:39:50', '2014-07-03 14:07:11'),
(275, '2014070103', 'JS201407-004', '穗府会纪〔2014〕143号', '关于工作国际金融城二期规划方案等问题的会议纪要', '市府办', '区府办发来此文，请金融城起步区天河区指挥部综合组、建设组牵头会有关单位根据会议纪要精神办理。由我处跟进办理，此件区府办已呈丘常委阅。', '传阅。', '2014-07-02 14:28:00', 9, '0000-00-00 00:00:00', 0, 0, '田猛(2014-07-03 09:07:14);姚科(2014-07-03 09:07:30);陈军(2014-07-03 10:07:08);何碧莹(2014-07-03 10:07:37);韦薇(2014-07-03 12:07:37);曾科(2014-07-03 13:07:34)', './App/Public/Receive/53b3c64928cd5.ceb', '穗府会纪〔2014〕143号.ceb', '2014-07-02 16:43:53', '2014-07-03 14:07:33'),
(276, '2014070104', 'JS201407-005', '无', '关于印发《天河区委常委稳增长调结构督导工作方案》的通知', '中共广州市天河区委办公室', '区委办发来此文，由区常委组成督导组对重大项目建设、重大平台建设等进行督导。由各处室结合处室工作跟进落实。', '传阅。', '2014-07-02 14:28:00', 9, '0000-00-00 00:00:00', 0, 0, '田猛(2014-07-03 09:07:05);陈军(2014-07-03 09:07:59);姚科(2014-07-03 09:07:05);何碧莹(2014-07-03 10:07:10);韦薇(2014-07-03 12:07:03);曾科(2014-07-03 13:07:46)', './App/Public/Receive/53b3c7aea44b9.pdf', '天河区委常委稳增长调结构督导工作方案.pdf', '2014-07-02 16:49:50', '2014-07-03 14:07:22'),
(277, '2014070106', 'JS201407-006', '无', '关于印发《2014年天河区领导干部服务企业问题分工汇总表》', '区委办、区府办', '区委办发来此件，该表经区委、区政府同意，请我单位遵照执行。由企服处牵头会各处室办理。', '传阅。请曾科牵头，姚科阅处。', '2014-07-02 14:28:00', 9, '2014-09-30 17:30:00', 0, 0, '田猛(2014-07-03 09:07:13);何碧莹(2014-07-03 10:07:30);韦薇(2014-07-03 12:07:30);陈军(2014-07-03 15:07:31);曾科(2014-08-29 17:08:20);姚科(2014-09-30 15:32:28):已建议企业先行与规划部门对接，了解落实金融城相关能源规划情况，并报送推进落实情况至企服处', './App/Public/Receive/53b3c93378dbd.pdf', '《服务企业问题分工汇总表》的通知.pdf', '2014-07-02 16:56:19', '2014-10-09 09:25:56'),
(278, '2014070105', 'JS201407-007', '无', '关于报送2014年上半年区政府常务会议和区长办公会议决定事项落实情况的通知', '区府办', '来文中涉及我处（配合单位）的工作有：一、关于新建区少年宫问题；二、关于《天河区法定招投标规模以下财政性投资建设工程项目发包暂行办法（修订稿）》问题。', '传阅。请曾科牵头，小何、小韦阅处，其他人员配合。', '2014-07-02 14:28:00', 9, '2014-07-07 17:30:00', 0, 0, '姚科(2014-07-03 09:07:19);田猛(2014-07-03 09:07:36);韦薇(2014-07-03 15:07:04):已将两个表格内容报送至综合处小苏。（表格附后）;曾科(2014-07-03 15:07:29);何碧莹(2014-07-03 15:07:37);陈军(2014-07-03 15:07:53)', './App/Public/Receive/53b3caaf848b8.rar', '关于报送2014年上半年区政府常务会议和区长办公会议决定事项落实情况的通知.rar', '2014-07-02 17:02:39', '2014-07-03 15:07:45'),
(279, '2014063002', 'JS201407-008', '穗天教请〔2014〕25号', '关于提请审批天河区新建少年宫建设工作方案的请示', '区教育局', '区教育局发来此件，已经区领导批示，请我单位跟进办理。由我处跟进。丘常委批示：“请积极支持。”', '请曾科、田猛阅处。', '2014-07-03 09:38:00', 9, '0000-00-00 00:00:00', 0, 0, '曾科(2014-07-03 13:07:02);田猛(2014-07-03 14:07:16)', './App/Public/Receive/53b4e17bd4bca.rar', '广州市天河区教育局关于提请审批天河区新建少年宫建设工作方案的请示.rar', '2014-07-03 12:52:11', '2014-07-03 14:07:05'),
(280, '2014070202', 'JS201407-009', '无', '关于征求2014年天河区电网建设工作实施方案及2014年天河区电网建设工作任务书意见的函', '区建水局', '区建水局发来此文，请我单位认真研究后提出意见。由协调处牵头会我处办理。', '请碧莹、陈军阅处。', '2014-07-03 09:38:00', 9, '2014-07-04 17:30:00', 0, 0, '何碧莹(2014-07-03 14:07:13):无意见，已反馈协调处。;陈军(2014-07-03 14:07:52)', './App/Public/Receive/53b4e2c4b5e05.rar', '关于征求2014年天河区电网建设工作实施方案及2014年天河区电网建设工作任务书意见的函.rar', '2014-07-03 12:57:40', '2014-07-03 14:07:54'),
(281, '2014070204', 'JS201407-010', '无', '关于报送2014年上半年工作总结和下半年工作计划的通知', '区府办', '区府办发来此文，请我单位及时总结2014年上半年工作，并科学谋划制定下半年工作计划。由各处室提供本处室材料，由综合处汇总整理报送。', '请曾科、小韦阅处。', '2014-07-03 09:38:00', 9, '0000-00-00 00:00:00', 0, 0, '韦薇(2014-07-03 10:07:27):与综合处小麦沟通过，之前已发过我处14年半年工作总结，此次无需再报。;曾科(2014-07-03 15:07:23)', './App/Public/Receive/53b4f086815e8.doc', '14年上半年工作情况总结的通知.doc', '2014-07-03 13:56:22', '2014-07-03 15:07:38'),
(282, '2014070703', 'JS201407-011', '粤发改稽查〔2014〕342号', '关于扎实推进我省整治“形象工程”和“政绩工程”专项行动工作的通知', '省发改委 省监察厅', '区发改局转来此件，请我委根据内容填写统计表。由综合处牵头会各处室办理。', '传阅。请小韦阅处。（可报无）', '2014-07-07 14:54:00', 9, '2014-07-09 17:30:00', 0, 0, '田猛(2014-07-07 15:07:07);韦薇(2014-07-07 15:07:07):已与综合处小卢对接，我处无内容需报送。;曾科(2014-07-07 15:07:27);何碧莹(2014-07-07 16:07:23);姚科(2014-07-08 09:07:32);陈军(2014-07-08 09:07:57)', './App/Public/Receive/53ba4aadb47a8.rar', '专项行动工作.rar', '2014-07-07 15:22:21', '2014-07-08 09:07:33'),
(283, '2014070801', 'JS201407-012', '穗规〔2014〕1687号', '关于征求金融城起步区棠下村住宅复建用地规划支路调整方案的函', '市规划局', '区府办转来此抄送件，由我处阅。', '请曾科、田猛、陈军阅，并跟进后续进展。（常委已协调过区规划、建水局）', '2014-07-08 14:43:00', 9, '0000-00-00 00:00:00', 0, 0, '曾科(2014-07-08 16:07:30);陈军(2014-07-08 16:07:51);田猛(2014-07-08 16:07:32)', './App/Public/Receive/53bbaec8908cd.rar', '广州市规划局关于征求金融城起步区棠下村住宅复建用地规划支路调整方案的函.rar', '2014-07-08 16:41:44', '2014-07-08 16:07:03'),
(284, '2014070804', 'JS201407-013', '穗发改函〔2014〕1215号', '关于征求广州市推广应用新能源汽车管理办法征求意见稿意见的函', '市发改委', '区府办转来此件，征求意见稿中P7提及建议在金融城规划建设自用、专用、公用等充电设施，请我委认真研究提出意见并报至发改局。由协调处牵头会我处办理。', '请曾科牵头阅处。', '2014-07-09 09:11:00', 9, '2014-07-09 17:30:00', 0, 0, '田猛(2014-07-09 10:07:05);曾科(2014-07-09 10:07:39):我处无意见，已回复协调处小关;韦薇(2014-07-09 10:07:56);陈军(2014-07-09 11:07:28);何碧莹(2014-07-09 17:07:07);姚科(2014-07-09 17:07:14)', './App/Public/Receive/53bc9b5eac221.ceb', '穗发改函〔2014〕1215号.ceb', '2014-07-09 09:31:10', '2014-07-09 17:07:57'),
(285, '2014070803', 'JS201407-014', '穗天发改〔2014〕59号', '关于报送我区2014年上半年经济工作总结的通知', '区发改局', '要求我委按要求报送2014年上半年CBD区域内经济工作总结。由企服处牵头会协调处、投资处和我处办理。', '请曾科牵头阅处。', '2014-07-09 09:11:00', 9, '2014-07-14 17:30:00', 0, 0, '田猛(2014-07-09 10:07:21);陈军(2014-07-09 14:07:16);何碧莹(2014-07-09 17:07:57);韦薇(2014-07-10 10:07:06):已将金融城开发建设2014年上半年工作总结电子版报给企服处杨阳。\r\n;曾科(2014-07-11 11:07:36);姚科(2014-07-11 11:07:38)', NULL, NULL, '2014-07-09 09:40:28', '2014-07-11 13:07:17'),
(286, '2014071001', 'JS201407-015', '穗建前期函〔2014〕2037号', '关于征求中心城区慢行交通优化提升工作方案意见的函', '市城建委', '区府办转来此件，请我委认真研究提出意见。重大发展平台慢行交通规划检讨及建议中含金融城内容，典型性片区慢行交通建设中天河区选取珠江新城、体育中心2个片区。由协调处牵头会我处办理。', '请曾科、田猛阅处。', '2014-07-10 11:42:00', 9, '2014-07-11 10:00:00', 0, 0, '田猛(2014-07-10 14:07:12):我处无意见，已将意见反馈至协调处。;曾科(2014-07-10 16:07:46)', './App/Public/Receive/53be2be575364.rar', '广州市城乡建设委员会关于征求中心城区慢行交通优化提升工作方案意见的函.rar', '2014-07-10 14:00:05', '2014-07-10 17:07:32'),
(287, '', 'JS201407-016', '委务会纪〔2014〕8号', '管委会委务会议纪要（6月24日）', '综合处', '一、听取综合处关于管委会2015年项目支出预算申报工作的汇报并进行了讨论；二、听取投资处关于管委会与深圳市粤港直通广告公司合作发行宣传资料工作的汇报并进行了讨论；三、听取企服处关于《广州市天河中央商务区管理办法》的汇报并进行了讨论；四、听取企服处关于管委会保增长工作进展和下一步工作措施的汇报并进行了讨论；五、听取建开处关于《关于协调落实“首届世广会”永久纪念雕塑建设经费的请示》的汇报并进行了讨论。', '传阅。存档。', '2014-07-11 14:35:00', 9, '0000-00-00 00:00:00', 0, 0, '姚科(2014-07-11 15:07:22);田猛(2014-07-11 15:07:07);曾科(2014-07-11 15:07:13);何碧莹(2014-07-11 15:07:02);韦薇(2014-07-11 15:07:56);陈军(2014-07-14 10:07:39)', NULL, NULL, '2014-07-11 15:04:14', '2014-07-14 10:07:31'),
(288, '2014071404', 'JS201407-017', '穗金融函〔2014〕502号', '关于建设我市首批互联网金融产业基地有关事项的函', '市金融办', '区府办转来此文，请我委配合经贸局认真研究，拟定我区相关材料并提出意见（含复市文稿）。由投资处牵头会我处办理。', '传阅。请小何阅处。', '2014-07-14 17:12:00', 9, '2014-08-20 17:30:00', 0, 0, '曾科(2014-07-15 09:07:35);田猛(2014-07-15 09:07:55);韦薇(2014-07-15 10:07:09);何碧莹(2014-07-15 11:07:13);姚科(2014-07-15 15:07:03);陈军(2014-07-15 15:07:21)', './App/Public/Receive/53c48051c8b1e.rar', '广州市金融办关于建设我市首批互联网金融产业基地有关事项的函.rar', '2014-07-15 09:13:53', '2014-07-21 16:07:18'),
(289, '无', 'JS201407-018', '穗天常办函〔2014〕34号', '印送《关于天河区“三旧”改造工作情况专题询问的审议意见》的函', '区人大常委办公室', '区人大常委对6月11日黄国和专职党组关于“三旧”改造工作的报告进行的审议，进行询问和提出意见和建议。张主任批示：“建开处阅存。”', '', '2014-07-14 16:59:00', 9, '0000-00-00 00:00:00', 0, 0, '曾科(2014-07-15 10:07:37);何碧莹(2014-07-15 10:07:17);田猛(2014-07-15 11:07:37);韦薇(2014-07-15 11:07:29);姚科(2014-07-15 15:07:58);陈军(2014-07-15 15:07:34)', NULL, NULL, '2014-07-15 09:58:50', '2014-07-15 15:07:56'),
(290, '2014071501', 'JS201407-019', '穗天统报〔2014〕8号', '关于协调几家房地产企业在地统计的请示', '区统计局', '区府办发来此件，林区批示：“请小环同志协调。”请我委协调广州市邦杰置业有限公司尽快办理项目注册天河区手续，打消企业迁移其他区的顾虑。张主任批示：“涉及稳增长工作，请建开处、投资处高度重视。”由我处牵头会投资处办理。', '传阅。请曾科牵头跟进。', '2014-07-15 10:56:00', 9, '0000-00-00 00:00:00', 0, 0, '田猛(2014-07-15 13:07:36);陈军(2014-07-15 15:07:05);何碧莹(2014-07-15 16:07:40);韦薇(2014-07-15 16:07:37);姚科(2014-07-15 15:07:00):邦杰公司为保利集团项目公司，注册地位于白云区，目前暂无实际办公地址，尚在海珠区保利集团总部办公。在市统计局登记入库过程中，企业将其办公地址填报为员村，拟注册迁移到天河区，但目前尚未落实具体办公选址。该项工作应由员村街道尽快落实。;曾科(2014-07-25 15:07:12)', './App/Public/Receive/53c49da5c85db.rar', '关于协调几家房地产企业在地统计的请示.rar', '2014-07-15 11:19:01', '2014-07-25 15:07:11'),
(291, '2014071503', 'JS201407-020', '机构〔2014〕12号', '关于调整清理各类议事协调机构（联席会议）的函', '市委办公厅', '区府办转来此文，请我委认真研究提出意见并填写表格。由综合处牵头会各处办理，报送前呈常委阅。', '请小何、小韦阅处。', '2014-07-15 10:56:00', 9, '2014-07-15 16:00:00', 0, 0, '韦薇(2014-07-15 11:07:51):我处无内容需报送，已报综合处小苏。;何碧莹(2014-07-15 16:07:07)', './App/Public/Receive/53c4a03b9e951.rar', '市府办公厅转市委办公厅《关于调整清理各类议事协调机构（联席会议）的函》.rar', '2014-07-15 11:30:03', '2014-07-15 16:07:19'),
(292, '2014071101', 'JS201407-021', '穗天财监函〔2014〕第62号', '财政检查通知', '区财政局', '区财政局于7月16日起，对我委进行财政监察。现请我委按要求对部门预算编制、执行及财务收支情况进行财政自查。由综合处办理，各处室配合。', '请小何、小韦做好配合。', '2014-07-15 15:11:00', 9, '0000-00-00 00:00:00', 0, 0, '韦薇(2014-07-16 09:07:43);何碧莹(2014-07-17 09:07:38)', './App/Public/Receive/53c4da262aeb7.tif', '财政检查通知.tif', '2014-07-15 15:37:10', '2014-07-17 10:07:02'),
(293, '2014071003', 'JS201407-022', '穗天交函〔2014〕51号', '关于做好全区村镇居民公交出行情况摸查工作的函', '区交通局', '区交通局来文，请我委填写《摸查汇总表》，并针对CBD范围内是否需要增加站点等情况提出要求。由协调处主办，我处协助，报送前经丘常委审定。', '请小韦阅处。', '2014-07-15 15:11:00', 9, '2014-07-22 17:30:00', 0, 0, '韦薇(2014-07-22 09:07:00):已与协调处关靖怡沟通，我处无内容报送。', './App/Public/Receive/53c4dc1b8ef20.rar', '关于做好全区村镇居民公交出行情况摸查工作的函.rar', '2014-07-15 15:45:31', '2014-07-22 14:07:55'),
(294, '2014071504', 'JS201407-023', '八届90次〔2014〕17号', '区政府常务会议纪要（7月3日）', '区府办', '会议议题五：审议《关于支付广州国际金融城起步区集体土地征拆劳务费的请示》并原则通过，由市国土房管局天河分局负责，按规定办理。', '请曾科、姚科阅。', '2014-07-16 10:46:00', 9, '0000-00-00 00:00:00', 0, 0, '曾科(2014-07-17 09:07:46);姚科(2014-07-18 15:07:29)', './App/Public/Receive/53c604701c5a6.ceb', '17号区政府常务会议纪要.ceb', '2014-07-16 12:49:52', '2014-07-21 09:07:43'),
(295, '2014071505', 'JS201407-024', '穗天国房函〔2014〕446号', '关于广州国际金融城二期范围集资房情况的说明', '区国土分局', '区府办发来此件。林区批示：“请区府办会国土房管局起草向市政府的请示，关于集资房问题，具体是小产权房还是什么集资房。请研究并规范。”此件为抄送件，请我委阅知。张主任批示：“此件注意保密，妥善保管。”', '请曾科、田猛、姚科阅。注意 保密。', '2014-07-16 10:46:00', 9, '0000-00-00 00:00:00', 0, 0, '田猛(2014-07-17 09:07:32);曾科(2014-07-17 09:07:32);姚科(2014-07-17 10:07:46)', NULL, NULL, '2014-07-16 12:55:52', '2014-07-17 10:07:13'),
(296, '2014071602', 'JS201407-025', '穗国房函〔2014〕1294号', '关于解决车陂村临江大道东延线及车陂南路留用地问题意见的函', '市国土房管局', '区府办转来此件，林区批示：“同意卫青同志及拟办意见。”丘常委批示：“请区国土局、CBD管委会按我布置的落实后补充协议和认定工作。”由我处跟进办理。', '请曾科及车陂经办同志阅处。', '2014-07-16 17:32:00', 9, '0000-00-00 00:00:00', 0, 0, '曾科(2014-07-17 09:07:33);何碧莹(2014-07-21 16:07:05):区土发中心已草拟补充协议并征求区法制办、区城改办意见（均无意见）。丘常委初步同意该补充协议内容，并请区国土房管分局即与市国土局对接，获同意并明确下一步操作细则后，可签署。', './App/Public/Receive/53c723e9c1762.rar', '关于解决车陂村临江大道东延线及车陂南路留用地问题意见的函.rar', '2014-07-17 09:16:25', '2014-07-21 16:07:03'),
(297, '2014071002', 'JS201407-026', '穗少建办〔2014〕2号', '关于各区（县级市）少年宫建设进展情况的通报（第二期）', '市少建办', '区府办发来此件，将近期工作进展情况及下一步计划进行通报。由我处配合区教育局跟进办理。', '请曾科、田猛阅。', '2014-07-23 17:32:00', 9, '0000-00-00 00:00:00', 0, 0, '田猛(2014-07-17 10:07:26);曾科(2014-07-17 10:07:05)', './App/Public/Receive/53c7256277cb8.tif', '穗少建办[2014]2号.tif', '2014-07-17 09:22:42', '2014-07-17 10:07:46'),
(298, '2014071702', 'JS201407-027', '穗府法征〔2014〕77号', '关于征求《广州市重大行政决策听证试行办法》意见的函', '市法制办', '区府办发来此件，请我委认真研究提出意见。由企服处牵头会协调处、投资处及我处办理。', '请小韦阅处。', '2014-07-17 14:52:00', 9, '2014-07-21 11:00:00', 0, 0, '韦薇(2014-07-18 15:07:55):已报企服处刘彦麟，我处无修改意见。', './App/Public/Receive/53c775c3104c7.rar', '广州市人民政府法制办公室关于征求《广州市重大行政决策听证试行办法》意见的函.rar', '2014-07-17 15:05:39', '2014-07-18 15:07:19'),
(299, '2014071704', 'JS201407-028', '穗天府会纪〔2014〕56号', '关于广州国际金融城起步区村民住宅和集体物业复建工作例会的纪要', '区府办', '一、关于棠下涌补偿问题；二、关于石东村电话、宽带网、有线电视等费用票据问题；三、关于金融城二期开发建设工作总体方案；四、关于车陂村公司征拆安置补充协议；五、关于复建工作例会纪要。', '传阅。', '2014-07-18 11:26:00', 9, '0000-00-00 00:00:00', 0, 0, '何碧莹(2014-07-18 14:07:30);曾科(2014-07-18 14:07:14);田猛(2014-07-18 14:07:21);韦薇(2014-07-18 14:07:36);姚科(2014-07-18 15:07:35);陈军(2014-07-22 09:07:26)', './App/Public/Receive/53c89a70cff8d.ceb', '穗天府会纪﹝2014﹞56号.ceb', '2014-07-18 11:54:24', '2014-07-22 10:07:20'),
(300, '无', 'JS201407-029', '委务会纪〔2014〕9号', '管委会委务会议纪要（7月9日）', '综合处', '一、听取了综合处关于管委会2015年项目预算申报工作的汇报并进行了讨论；二、会议听取了企服处关于《2013年政府购买服务年终决算报告》的汇报并进行了讨论；三、会议听取了委实践办关于管委会党的群众路线教育实践活动工作的汇报，同时邀请区委第一督导组成员到管委会指导教育实践活动工作，并对下一步工作提出建议。', '传阅。存档。', '2014-07-21 13:55:00', 9, '0000-00-00 00:00:00', 0, 0, '田猛(2014-07-21 14:07:05);曾科(2014-07-21 14:07:05);韦薇(2014-07-21 14:07:36);何碧莹(2014-07-21 16:07:43);陈军(2014-07-22 09:07:15);姚科(2014-07-22 14:07:56)', NULL, NULL, '2014-07-21 14:00:34', '2014-07-22 14:07:11'),
(301, '2014071103', 'JS201407-030', '穗天纪〔2014〕53号', '关于印发《天河区法定招标规模以下财政性投资建设工程项目发包暂行管理办法》的通知', '区纪委、区发改局、区监察局、区财政局、区建水局、区审计局', '区纪委等六部门发来此件，由正副处长阅。', '请小韦复印一份处内传阅（尤其工程建设岗同志）。', '2014-07-18 17:31:00', 9, '0000-00-00 00:00:00', 0, 0, '田猛(2014-07-21 14:07:17);曾科(2014-07-21 14:07:58);韦薇(2014-07-21 14:07:56);何碧莹(2014-07-21 16:07:34);陈军(2014-07-22 10:07:59);姚科(2014-07-22 14:07:09)', './App/Public/Receive/53ccb33088498.tif', '关于印发《天河区法定招标规模以下财政性投资建设工程项目发包暂行管理办法》的通知.tif', '2014-07-21 14:29:04', '2014-07-22 14:07:07'),
(302, '2014072102', 'JS201407-031', '穗建路桥函〔2014〕2122号', '关于商请提供金融城片区市政道路综合管理工作方案的函', '市城建委', '区府办转来此件，请我委认真研究提出意见。由协调处牵头会我处办理。', '请曾科牵头工程建设岗同志阅处。', '2014-07-21 14:16:00', 9, '2014-07-22 17:30:00', 0, 0, '曾科(2014-07-23 16:07:43);何碧莹(2014-07-22 16:07:26):协调处反映，经与区建水局沟通，我委无需报送方案。', './App/Public/Receive/53ccb4a64e6a6.rar', '关于商请提供金融城片区市政道路综合管理工作方案的函.rar', '2014-07-21 14:35:18', '2014-07-23 16:07:13'),
(303, '2014071703', 'JS201407-032', '穗天府法〔2014〕13号', '关于报送联合聘请常年法律顾问申请的通知', '区法制办', '区府办发来此文，请我委根据工作需求，提出书面申请。由企服处牵头会各处办理。', '请小何、小韦阅处。', '2014-07-21 17:08:00', 9, '2014-07-25 17:30:00', 0, 0, '韦薇(2014-07-22 14:07:00):已与企服处王洁玲沟通，我处无内容报送。;何碧莹(2014-07-22 14:07:24)', './App/Public/Receive/53ccdad4ea9f0.rar', '关于报送联合聘请常年法律顾问申请.rar', '2014-07-21 17:18:12', '2014-07-22 14:07:43'),
(304, '2014072202', 'JS201407-033', '无', '关于报送天河区推进“珠江黄金岸线”建设工作进度情况的函', '区建水局', '区建水局发来此件，请我委报送相关工作进展。由我处办理。', '请小何阅处。', '2014-07-22 10:48:00', 9, '2014-07-23 17:30:00', 0, 102, '已于7月21日将情况报区建水局', './App/Public/Receive/53cdf072a4f67.rar', '建水局.rar', '2014-07-22 13:02:42', '2014-07-22 13:02:42'),
(305, '2014072203', 'JS201407-034', '穗港局函〔2014〕211号', '关于通报建筑废弃物装卸点、运输船舶现场执法检查情况的函', '广州港务局', '区府办转来此件，由我处阅。', '传阅。', '2014-07-22 10:48:00', 9, '0000-00-00 00:00:00', 0, 0, '田猛(2014-07-22 14:07:14);陈军(2014-07-22 14:07:23);韦薇(2014-07-22 14:07:44);何碧莹(2014-07-22 14:07:34);曾科(2014-07-22 14:07:09);姚科(2014-07-22 14:07:39)', './App/Public/Receive/53cdfd72b2dcb.rar', '广州港务局关于通报建筑废弃物装卸点、运输船舶现场执法检查情况的函.rar', '2014-07-22 13:58:10', '2014-07-22 14:07:37'),
(306, '2014072201', 'JS201407-035', '无', '关于印发《区委石奇珠书记听取村改制公司和社区干部意见办理分工方案》的通知', '区委实践办', '区委实践办发来此件，其中第八项由我委牵头办理，请我委制定整改落实方案，并于8月中旬前向群众做好解释答复及迎接区委办督办。由我委实践办牵头会我处办理。报送前呈丘常委阅。', '请曾科牵头阅处。', '2014-07-22 10:48:00', 9, '2014-07-25 17:30:00', 0, 0, '陈军(2014-07-22 14:07:34);田猛(2014-07-22 15:07:47);韦薇(2014-07-22 16:07:22);曾科(2014-07-24 09:07:41):该文与之前《区委常委、党员副区长和区政府专职党组成员围绕作风建设征求意见建议整改分工方案》中其中一点相同，参照上次回复意见整理情况说明，于7月23日报送至委实践办张梦娥处;何碧莹(2014-07-24 09:07:46);姚科(2014-07-24 09:07:37)', './App/Public/Receive/53ce01397de9a.rar', '关于印发《区委石奇珠书记听取村改制公司和社区干部意见办理分工方案》的通知.rar', '2014-07-22 14:14:17', '2014-07-24 09:07:55'),
(307, '2014071802', 'JS201407-036', '专送〔2014〕191号', '广州市少年宫建设发展情况存在问题及对策建议', '团市委', '区府办发来此件，陈建华市长批示：“各区少年宫改造建设情况一月一报。”由区新建少年宫建设工作领导小组牵头会相关单位按要求及时向团市委报送我区少年宫建设情况。由我处跟进办理。', '请曾科、田猛、小韦阅。', '2014-07-23 10:18:00', 9, '0000-00-00 00:00:00', 0, 0, '田猛(2014-07-23 11:07:09);韦薇(2014-07-23 14:07:18);曾科(2014-07-23 16:07:55)', './App/Public/Receive/53cf239fb5e18.rar', '广州市少年宫建设发展情况存在问题及对策建议.rar', '2014-07-23 10:53:19', '2014-07-23 16:07:53'),
(308, '2014072303', 'JS201407-037', '无', '关于协调佛奥广场环境分步验收的申请', '广州同润房地产开发有限公司', '上述单位来文，请我委协调区环保局协助其办理环保验收相关工作。张主任批示：”此事为林区长交办事，待林区长批示后，再与区环保局衔接。“丘常委批示：”同意海波同志意见，也可以先了解情况，有时候房地产商提供的信息往往只是选有利的。“由我处办理。', '请曾科、陈军、小何阅处。', '2014-07-24 09:36:00', 9, '0000-00-00 00:00:00', 0, 0, '曾科(2014-08-15 13:08:20):林区已批示，蓝小环常委已召集区环保局召开现场办公会议，佛奥广场分步验收问题已妥善解决。;陈军(2014-08-15 13:08:14);何碧莹(2014-08-15 14:08:26)', NULL, NULL, '2014-07-24 13:58:35', '2014-08-15 14:08:35'),
(309, '2014072301', 'JS201407-038', '无', '关于印发《关于组织开展2014年上半年经济分析会现场参观活动的方案》的通知》', '区委办、区府办', '区府办发来此件，请我委做好宏城广场、广州周大福金融中心、金融城起步区等参观点的联系和准备工作，做好介绍准备；负责提供三个现场参观点各500字背景材料；报送一名主要负责同事参加。张主任批示：“按我与综合处、投资处、建开处研究的方案办理。”', '', '2014-07-23 09:44:54', 9, '2014-07-23 15:00:00', 0, 0, '姚科(2014-07-25 14:07:01);曾科(2014-07-25 15:07:21)', './App/Public/Receive/53d1fd4f41f58.doc', '上半年经济工作会议现场参观活动方案.doc', '2014-07-25 14:46:39', '2014-07-25 15:07:50'),
(310, '2014072502', 'JS201407-039', '无', '关于组织处级退休干部参观广州国际金融城起步区的函', '区委老干局', '区委老干局发来此件，组织退休干部参观起步区沙盘。张主任批示：“综合处负责与老干局对接，建开处负责现场。”', '请曾科、姚科做好准备工作，衔接好具体事项。', '2014-07-25 14:32:00', 9, '0000-00-00 00:00:00', 0, 0, '曾科(2014-07-29 11:07:20);姚科(2014-07-30 11:07:00):已完成两天四批共225名退休处级老干部的接待工作。', NULL, NULL, '2014-07-25 15:21:18', '2014-07-30 15:07:46'),
(311, '2014072801', 'JS201407-040', '无', '关于修改《广州国际金融城二期控制性详细规划成果的意见》的函', '区府办', '区府办发来此件，林区批示：“个别再修改完善。”请我委速对文稿进行修改完善。由我处办理，报送前呈丘常委阅。', '请曾科、田猛、小韦阅处。', '2014-07-28 16:23:00', 9, '0000-00-00 00:00:00', 0, 0, '田猛(2014-07-28 17:07:51):区交通局已根据林区批示对文稿进行了修改并报送至区府办，我委无补充内容需要报送。;韦薇(2014-07-28 17:07:38);曾科(2014-07-29 11:07:41)', './App/Public/Receive/53d613381663c.rar', '广州市天河区人民政府办公室关于广州国际金融城二期控制性详细规划成果的意见.rar', '2014-07-28 17:09:12', '2014-07-29 14:07:31'),
(312, '2014072901', 'JS201407-041', '粤中银函〔2014〕28号', '关于推进广州市天河区人民政府与中国银行股份有限公司广东省分行签订《合作意向书》（征求意见稿）的函', '中行广东省分行', '区府办发来此文，由区经贸局牵头，我委为会办单位。由企服处牵头会投资处、我处办理。报送前呈丘常委阅。', '请曾科、小韦阅处。', '2014-07-29 14:02:00', 9, '2014-07-29 17:30:00', 0, 0, '韦薇(2014-07-29 14:07:07):已报企服处刘彦麟，我处无意见。;曾科(2014-07-29 15:07:23)', './App/Public/Receive/53d73c204fc4c.rar', '关于推进广州市天河区人民政府与中国银行股份有限公司广东省分行签订《合作意向书》（征求意见稿）的函.rar', '2014-07-29 14:16:00', '2014-07-29 15:07:35'),
(313, '2014072904', 'JS201407-042', '穗发改函〔2014〕1313号', '关于报送珠江黄金岸线产业转型升级工作进展情况的通知', '市发改委', '区府办转来此文，请我委总结2014年上半年所做的工作和下一步工作计划，并填报工作表。由我处办理。', '请小何阅处。', '2014-07-29 15:46:00', 9, '2014-07-29 17:00:00', 0, 105, '何碧莹(2014-07-30 10:07:30):已将项目工作表报至区发改局。', './App/Public/Receive/53d754fd37498.rar', '广州市发展改革委关于报送珠江黄金岸线产业转型升级工作进展情况的通知.rar', '2014-07-29 16:02:05', '2014-07-30 10:07:51');
INSERT INTO `cbd_receive` (`id`, `office_no`, `rec_no`, `article_no`, `title`, `come_from`, `summary`, `struct`, `rec_time`, `rec_person`, `dead_time`, `state`, `write_id`, `deal_info`, `download_name`, `file_name`, `create_time`, `update_time`) VALUES
(314, '2014072902', 'JS201407-043', '穗天发改函〔2014〕406号', '关于征求《广州市天河区国民经济和社会发展第十三个五年规划编制工作方案（征求意见稿）》意见的函', '区发改局', '区发改局发来此文，请我委研究并提出意见。专项规划和前期研究课题中我委负责牵头的有两项，需提出建议配合单位名单。张主任批示：“建议：一、将金融城发展规划并入CBD发展规划。二、按职能，请企服处牵头，投资处、建开处、协调处配合。三、领导小组成员报我、联络员报陶处、经办负责人报林处。以上妥否？呈丘常委阅示。”丘常委批示：“金融城仍单列，余同意海波同志意见。”', '传阅。请曾科牵头，姚科、田猛、小韦阅处。', '2014-07-30 11:36:00', 9, '2014-08-05 17:30:00', 0, 0, '姚科(2014-07-30 14:07:09);田猛(2014-07-30 14:07:01);陈军(2014-07-30 15:07:39);何碧莹(2014-07-30 16:07:43);韦薇(2014-07-31 14:07:28):已将金融城“十三五”发展规划建议配合单位名单纸质版报林处，电子版发杨阳。（名单附后）;曾科(2014-08-01 11:08:35)', './App/Public/Receive/53d88bb37288c.rar', '关于征求《广州市天河区国民经济和社会发展第十三个五年规划编制工作方案（征求意见稿）》意见的函.rar', '2014-07-30 14:07:47', '2014-08-08 09:08:28'),
(315, '2014073001', 'JS201407-044', '穗天发改〔2014〕67号', '关于做好我区固定资产投资项目进度及审批、核准、备案信息报送工作的通知', '区发改局', '区发改局发来此文。经核对附件二内天河区2013年以来（截至2014年7月）立项总投资1000万元以上的项目建设情况中我委无相关负责项目。现请我委提出需修改信息和需新增加的项目并备注说明情况。每月2日需报。由投资处牵头会我处办理。', '传阅。请小何、小韦阅处。', '2014-07-30 14:32:00', 9, '2014-08-02 17:30:00', 0, 0, '姚科(2014-07-30 15:07:33);韦薇(2014-07-30 15:07:50):已报投资处庆伟，我处无内容报送。;田猛(2014-07-30 15:07:53);陈军(2014-07-30 16:07:37);何碧莹(2014-07-30 16:07:57);曾科(2014-07-30 16:07:40)', './App/Public/Receive/53d896dc6855f.rar', '关于做好我区固定资产投资项目进度及审批、核准、备案信息报送工作的通知.rar', '2014-07-30 14:55:24', '2014-07-30 16:07:35'),
(316, '2014073002', 'JS201407-045', '穗天发改〔2014〕66号', '关于征集天河区2015政府投资基本建设项目计划的通知', '区发改局', '区发改局来文，根据项目申报范围，我委如有申报项目，需在规定时间内登录重点建设项目信息管理系统提交相关材料。由投资处牵头会我处办理。', '传阅。请曾科、小韦阅处。', '2014-07-30 14:32:00', 9, '2014-08-30 17:30:00', 0, 0, '姚科(2014-07-30 15:07:38);韦薇(2014-07-30 15:07:08):已复投资处庆伟，我处无内容报送。;田猛(2014-07-30 15:07:56);陈军(2014-07-30 16:07:02);何碧莹(2014-07-30 16:07:05);曾科(2014-07-30 16:07:57)', './App/Public/Receive/53d898123f7f0.rar', '关于征集天河区2015年政府投资基本建设项目计划的通知.rar', '2014-07-30 15:00:34', '2014-07-30 16:07:44'),
(317, '2014073003', 'JS201407-046', '无', '广州市天河区金融城片区市政道路精细化综合管理工作方案', '区建水局', '区府办转来此件，根据穗建路桥函〔2014〕2122号要求，区建水局草拟此件，请我委认真研究提出意见。由协调处牵头会我处办理。报送前呈丘常委阅。', '请曾科牵头携工程岗同志阅处。', '2014-07-30 15:24:00', 9, '2014-08-01 17:30:00', 0, 0, '陈军(2014-07-31 10:07:02);曾科(2014-08-04 11:08:39);何碧莹(2014-07-31 15:07:00):我处已将相关意见反馈协调处。（1.范围应为金融城起步区；2.关于方案中提出的管理模式，我处建议需先征求委领导意见。）', './App/Public/Receive/53d99bb53147d.rar', '广州市城乡建设委员会关于商请提供金融城片区市政道路综合管理工作方案的函.rar', '2014-07-31 09:28:21', '2014-08-04 15:08:20'),
(318, '2014073101', 'JS201407-047', '穗府法征〔2014〕81号', '关于征求《广州市居住区配套公共服务设施管理规定（送审稿）》意见的函', '市法制办', '区府办转来此文，请我委认真研究提出意见。由我处会协调处办理。', '传阅。请田猛、小韦阅处。', '2014-07-31 11:46:00', 9, '2014-08-04 17:30:00', 0, 106, '姚科(2014-07-31 14:07:55);陈军(2014-07-31 15:07:42);何碧莹(2014-07-31 16:07:14);韦薇(2014-08-04 14:08:53);田猛(2014-08-04 15:08:27):已送至区法制办。;曾科(2014-08-04 16:08:10)', './App/Public/Receive/53d9bf2037c8f.rar', '关于征求《广州市居住区配套公共服务设施管理规定送审稿》意见的函.rar', '2014-07-31 11:59:28', '2014-08-07 10:08:12'),
(319, '2014073103', 'JS201408-001', '穗金融城办〔2014〕44号', '关于在金融城二期建设天河区图书馆问题的复函', '金融城开发建设领导小组办公室', '区府办转来此件，市规划局就区图书馆新址选址提出建议：我区与市文广新局协调，将太古汇内建筑面积1万平方米的图书馆用作区图书馆新址，避免重复建设。由我处阅处。此件已由区府办呈丘常委阅。', '传阅。请田猛、小韦跟进。', '2014-08-01 09:12:00', 9, '0000-00-00 00:00:00', 0, 0, '陈军(2014-08-01 15:08:20);姚科(2014-08-01 15:08:19);韦薇(2014-08-04 09:08:37);田猛(2014-08-04 09:08:41);曾科(2014-08-04 11:08:49);何碧莹(2014-08-04 15:08:20)', './App/Public/Receive/53db0110c6bbc.rar', '广州国际金融城开发建设工作领导小组办公室关于在金融城二期内落实天河区图书馆建设规划的复函.rar', '2014-08-01 10:53:04', '2014-08-04 15:08:23'),
(320, '2014080101', 'JS201408-002', '穗金融城办〔2014〕42号', '金融城开发建设工作第十一次会议的纪要', '金融城开发建设领导小组办公室', '区府办转来此件，由我处阅。此件已由区府办呈丘常委阅。', '传阅。', '2014-08-01 15:15:00', 9, '0000-00-00 00:00:00', 0, 0, '田猛(2014-08-01 17:08:08);韦薇(2014-08-01 17:08:18);陈军(2014-08-04 11:08:08);姚科(2014-08-04 14:08:20);何碧莹(2014-08-04 15:08:06);曾科(2014-08-06 09:08:01)', './App/Public/Receive/53db5f99a6618.rar', '广州国际金融城开发建设工作领导小组办公室金融城开发建设工作第十一次会议的纪要.rar', '2014-08-01 17:36:25', '2014-08-06 09:08:37'),
(321, '2014080102', 'JS201408-003', '无', '关于进一步做好2015年项目预算申报（项目库）工作的通知', '区财政局', '区财政局发来此件，请我委再次对在项目库申报的明年所有项目及预算进行审核，区财政局将项目锁库时间延至8月8日。由综合处牵头会各处室办理。', '请曾科、小何、小韦认真配合。', '2014-08-04 09:02:00', 9, '0000-00-00 00:00:00', 0, 0, '何碧莹(2014-08-05 10:08:02):根据我处6月23日报送的2015年我处经费复核后，已将有关意见反馈综合处。;韦薇(2014-08-05 11:08:26);曾科(2014-08-06 09:08:32)', './App/Public/Receive/53deee40b24e0.tif', '关于进一步做好2015年项目预算申报（项目库）工作的通知.tif', '2014-08-04 10:21:52', '2014-08-06 09:08:03'),
(322, '2014080103', 'JS201408-004', '穗天人社〔2014〕88号', '关于印发《天河区财政拨付人员经费的编外人员管理暂行办法》的通知', '区人社局', '区人社局发来此件，本办法自2014年8月1日起，有效期3年。现请我委按要求执行，并填写表格。由综合处牵头会各处室办理。', '传阅。', '2014-08-04 09:02:00', 9, '0000-00-00 00:00:00', 0, 0, '韦薇(2014-08-04 10:08:05);陈军(2014-08-04 11:08:23);姚科(2014-08-04 14:08:26);何碧莹(2014-08-04 15:08:42);田猛(2014-08-04 15:08:04);曾科(2014-08-06 09:08:10)', './App/Public/Receive/53deef8e9c2ea.rar', '关于印发《天河区财政拨付人员经费的编外人员管理暂行办法》的通知.rar', '2014-08-04 10:27:26', '2014-08-06 09:08:23'),
(323, '2014080401', 'JS201408-005', '无', '关于征求2014上半年工作情况和下半年工作安排的报告意见的函', '区府办', '区府办发来此件，请我委核准涉及本单位工作内容的文字和数字。由综合处牵头会各处室办理。报送前呈丘常委阅。', '请曾科牵头、小韦阅处。', '2014-08-04 11:12:00', 9, '2014-08-05 17:30:00', 0, 0, '韦薇(2014-08-04 16:08:36):已报综合处苏中文，我处无内容需修改。;曾科(2014-08-04 16:08:18)', './App/Public/Receive/53defedb0e69f.doc', '下半年工作安排报告（报人大稿）.doc', '2014-08-04 11:32:43', '2014-08-04 17:08:53'),
(324, '2014080502', 'JS201408-006', '无', '区领导在《广州国际金融城开发建设工作领导小组办公室关于在金融城二期内落实天河区图书馆建设规划的复函》上的批示', '区府办', '区府办发来此件，林区批示：“请建华同志牵头，速持建华市长的批示与市文广新局沟通，将太古汇的图书馆及艺术中心划拨给我区，沟通后的情况速报我。同时，可请区文广新局代拟一个函件，由区府去文给市文广新局。”丘常委批示：“能否建议金融城二期原图书馆选址改为大都会艺术中心（学习纽约的做法），呈林区批示。”林区就丘常委意见作批示：“原则同意卫青通知意见，也可统筹作为中学，研究取最优。”由我处阅。此件已由区府办呈丘常委阅。', '传阅。请曾科、田猛、小韦跟进。', '2014-08-05 14:07:00', 9, '0000-00-00 00:00:00', 0, 0, '陈军(2014-08-05 17:08:26);韦薇(2014-08-06 08:08:50);姚科(2014-08-06 08:08:53);田猛(2014-08-06 09:08:07);何碧莹(2014-08-06 09:08:46);曾科(2014-08-06 09:08:18)', './App/Public/Receive/53e0781a61869.rar', '林道平区长在《广州国际金融城开发建设工作领导小组办公室关于在金融城二期内落实天河区图书馆建设规划的复函 》上的批示.rar', '2014-08-05 14:22:18', '2014-08-06 09:08:31'),
(325, '2014080504', 'JS201408-007', '穗金融城办〔2014〕45号', '关于征求金融机构设立金融城项目公司的方案（稿）意见的函', '金融城开发建设领导小组办公室', '区府办发来此件，征求关于设立项目公司的方案的意见。我委为牵头单位，由我委认真研究提出意见。由我处牵头办理，投资处、企服处协办。此件已由区府办呈丘常委阅，我委报送前呈丘常委阅。', '传阅。请曾科、小何阅处。', '2014-08-05 17:24:00', 9, '2014-08-07 16:00:00', 0, 108, '田猛(2014-08-06 11:08:24);韦薇(2014-08-06 14:08:31);陈军(2014-08-06 16:08:33);何碧莹(2014-08-07 16:08:48):汇总会办单位意见后，函复区府办秘书科。;姚科(2014-08-07 17:08:34);曾科(2014-08-08 09:08:30)', './App/Public/Receive/53e186178bdc1.rar', '关于征求金融机构设立金融城项目公司的方案稿意见的函.rar', '2014-08-06 09:34:15', '2014-08-08 09:08:05'),
(326, '2014080105', 'JS201408-008', '穗规〔2014〕1922号', '关于征询天河区潭村地块（AT1113规划管理单元）规划方案意见的函', '市规划局', '区府办发来此件，征询对文件内地块建筑高度进行修改方案的意见，请我委认真研究提出意见。由我处办理。', '请田猛阅处。', '2014-08-06 10:05:00', 9, '2014-08-06 17:30:00', 0, 107, '田猛(2014-08-06 15:08:51):已发送。', './App/Public/Receive/53e193032e261.rar', '广州市规划局关于征询天河区潭村地块(AT1113规划管理单元)规划方案意见的函.rar', '2014-08-06 10:29:23', '2014-08-07 10:08:52'),
(327, '2014080506', 'JS201408-009', '穗天国房函〔2014〕584号', '关于征求天河区黄埔大道以南、车陂水厂以西地块出让事宜的意见的函', '区国土房管分局', '区国土房管分局发来此件，请我委认真研究提出意见。由我处办理。', '请曾科、姚科阅处。', '2014-08-06 16:10:00', 9, '2014-08-12 17:30:00', 0, 110, '曾科(2014-08-08 09:08:44);姚科(2014-08-11 16:08:00):无意见，已反馈区国土分局。', './App/Public/Receive/53e1e7fe445bd.tif', '水厂以西地块出让事宜的意见的函.tif', '2014-08-06 16:31:58', '2014-08-11 15:08:50'),
(328, '2014080704', 'JS201408-010', '穗天发改函〔2014〕431号', '关于征求天河区2014年上半年国民经济和社会发展计划执行情况的报告意见的函', '区发改局', '区发改局发来此件，请我委认真研究提出意见。由综合处牵头会各处室办理。', '请曾科、小韦阅处。', '2014-08-08 09:22:00', 9, '2014-08-08 12:00:00', 0, 0, '韦薇(2014-08-08 09:08:33):已报综合处苏中文，我处无内容需修改;曾科(2014-08-08 14:08:29)', './App/Public/Receive/53e429976b485.rar', '穗天发改函〔2014〕431号.rar', '2014-08-08 09:36:23', '2014-08-08 14:08:22'),
(329, '2014080501', 'JS201408-011', '无', '关于申请办理金融城A001地块公共服务设施建设意见的函', '广州联鸿实业投资有限公司', '长江地产发来此件，现向我委申请办理该地块内公服设施建设的意见。由我处办理。丘常委批示：“照拟。今后随地块的出让，配套设施在设计阶段介入已成常态，请建开处专门研究。”', '请曾科、田猛阅处。', '2014-08-08 16:55:00', 9, '0000-00-00 00:00:00', 0, 109, '田猛(2014-08-11 14:08:58):已抄送市规划局。;曾科(2014-08-11 15:08:40)', NULL, NULL, '2014-08-08 17:42:12', '2014-08-11 16:08:05'),
(330, '2014080802', 'JS201408-012', '穗规编会〔2014〕26号', '金融城二期城市设计和控规成果终审专家评审会会议纪要', '市编研中心', '区府办发来此件，专家意见主要体现在两个方面：一、综合交通方面：要进一步优化金融城各类型交通组织；二、公共服务配套：公共服务与市政设施不仅要解决居住人口需求，还须解决金融城就业人口的需求。', '传阅。请田猛、小韦跟进。', '2014-08-11 09:55:00', 9, '0000-00-00 00:00:00', 0, 0, '田猛(2014-08-11 11:08:31);韦薇(2014-08-11 14:08:49);陈军(2014-08-11 14:08:42);何碧莹(2014-08-11 14:08:59);姚科(2014-08-11 16:08:23);曾科(2014-08-11 16:08:52)', './App/Public/Receive/53e83da33e763.tif', '穗规编会[2014]26号.tif', '2014-08-11 11:50:59', '2014-08-11 17:08:47'),
(331, '2014080803', 'JS201408-013', '穗常督字〔2014〕31号', '市委常委会议决定事项督办通知书', '市委督查室', '区委办发来此件，请我委牵头办理第一项内容“加快起步区、核心区建设。要加快国际金融城起步区、核心区的公建配套建设，抓紧引导重大项目落实”。由我处牵头会投资处办理，以表格形式将推进落实情况（200字以内）报至区委办。', '请曾科、小何、姚科阅处。', '2014-08-11 09:55:00', 9, '2014-08-25 17:30:00', 0, 113, '何碧莹(2014-08-13 11:08:17);姚科(2014-08-18 09:08:00):已将需落实事项初步进展情况反馈区委办。;曾科(2014-08-18 09:08:33)', './App/Public/Receive/53e83fa06b1c2.pdf', '穗常督字〔2014〕31号.pdf', '2014-08-11 11:59:28', '2014-08-18 09:08:01'),
(332, '2014081203', 'JS201408-014', '穗天交联办函〔2014〕9号', '关于抓紧报送2014年天河区道路交通黑点整治工作进展的通知', '区交通联席办', '区交通联席办发来此件，我委为协办单位，请我委协助主办单位梳理黑点治理最新进展情况。由协调处牵头，我处协办。', '传阅。请小何阅处。', '2014-08-12 15:39:00', 9, '2014-08-19 17:30:00', 0, 0, '陈军(2014-08-13 11:08:03);姚科(2014-08-13 17:08:56);田猛(2014-08-13 17:08:50);韦薇(2014-08-13 17:08:33);曾科(2014-08-14 10:08:45);何碧莹(2014-08-26 09:08:08):经询协调处，我委暂无需报送相关情况。', './App/Public/Receive/53e9cf823ea66.rar', '关于抓紧报送2014年天河区道路交通黑点整治工作进展的通知.rar', '2014-08-12 16:25:38', '2014-08-26 09:54:00'),
(333, '2014081303', 'JS201408-015', '无', '关于报送天河区民生重点建设项目情况的通知', '区府办', '区府办发来此件，请各牵头单位根据负责项目的最新推进情况填报汇总表。涉及我委项目为新建区少年宫。由我处办理。', '请曾科、田猛、小何阅处。', '2014-08-14 10:42:00', 9, '2014-08-15 11:00:00', 0, 112, '田猛(2014-08-14 16:08:18):已送区府办。;何碧莹(2014-08-14 16:08:03);曾科(2014-08-14 16:08:41)', './App/Public/Receive/53ec6330974cc.rar', '关于报送天河区民生重点建设项目情况的通知.rar', '2014-08-14 15:20:16', '2014-08-14 16:08:27'),
(334, '2014080804', 'JS201408-016', '穗天纪〔2014〕65号', '印发《关于开展贯彻落实“八项规定”及“四风”突出问题专项整治工作方案》的通知', '区纪委', '区纪委发来此件。此次专项整治时间安排在8月11日至9月11日，请我委按要求做好相关工作。由综合处牵头会各处室办理。', '传阅。', '2014-08-14 10:42:00', 9, '0000-00-00 00:00:00', 0, 0, '陈军(2014-08-14 15:08:52);田猛(2014-08-14 15:08:02);韦薇(2014-08-14 16:08:21);姚科(2014-08-14 16:08:52);曾科(2014-08-15 13:08:01);何碧莹(2014-08-15 14:08:49)', './App/Public/Receive/53ec662a2e0fe.tif', '印发《关于开展贯彻落实“八项规定”及“四风”突出问题专项整治工作方案》的通知.tif', '2014-08-14 15:32:58', '2014-08-15 14:08:56'),
(335, '2014081304', 'JS201408-017', '穗编办函〔2014〕229号', '关于征求对《广州市推进行政审批“三级联动、集成服务”改革实施方案（征求意见稿）》意见的通知', '市编办', '区府办转来此件，请我委认真研究提出意见。由综合处牵头会各处室办理。', '请曾科、小韦阅处。', '2014-08-14 10:42:00', 9, '2014-08-15 17:30:00', 0, 0, '韦薇(2014-08-14 17:08:16):已报综合处苏中文，我处无修改意见。;曾科(2014-08-15 13:08:52)', './App/Public/Receive/53ec685a17896.rar', '广州市机构编制委员会办公室关于征求对《广州市推进行政审批“三级联动、集成服务”改革实施方案（征求意见稿）》意见的通知.rar', '2014-08-14 15:42:18', '2014-08-15 13:08:22'),
(336, '2014081401', 'JS201408-018', '无', '关于征求《廉洁广州建设条例（征求意见稿）》意见的通知', '市纪委、市监察局', '区纪委办转来此件，请我委认真研究提出意见。由综合处牵头会各处室办理。', '请曾科、小韦阅处。', '2014-08-14 10:42:00', 9, '2014-08-14 12:30:00', 0, 0, '韦薇(2014-08-14 11:08:00):已报综合处苏中文，我处无修改意见。;曾科(2014-08-14 16:08:13)', './App/Public/Receive/53ec697144301.rar', '中共广州市纪委广州市监察局关于征求《廉洁广州建设条例》（征求意见稿）意见的通知.rar', '2014-08-14 15:46:57', '2014-08-14 16:08:57'),
(337, '2014081102', 'JS201408-019', '穗天财〔2014〕294号', '关于2014年1-7月天河区部门预算支出执行情况的通报', '区财政局', '区财政局发来此件，请我委按要求执行工作。', '传阅。', '2014-08-14 10:42:00', 9, '0000-00-00 00:00:00', 0, 0, '田猛(2014-08-14 15:08:10);陈军(2014-08-14 16:08:44);韦薇(2014-08-14 16:08:46);姚科(2014-08-14 16:08:57);曾科(2014-08-15 13:08:15);何碧莹(2014-08-15 14:08:11)', './App/Public/Receive/53ec6a47919fa.tif', '关于2014年1-7月天河区部门预算支出执行情况的通报.tif', '2014-08-14 15:50:31', '2014-08-15 14:08:25'),
(338, '2014081402', 'JS201408-020', '无', '关于2014年部门预算调整工作安排的通知', '区财政局', '区财政局发来此件，请我委报送调整计划（含文字报告及部门预算调整表等）及1-7月本部门预算执行完成情况。由综合处牵头会各处室办理。报送前呈丘常委阅。', '请曾科、小何、小韦阅处。', '2014-08-14 10:42:00', 9, '2014-08-25 17:30:00', 0, 0, '曾科(2014-08-15 13:08:25);何碧莹(2014-08-15 09:08:18):经我处研究，2015年金融城专项经费暂无调整，已反馈综合处。;韦薇(2014-08-19 14:08:12)', NULL, NULL, '2014-08-14 15:55:25', '2014-08-19 14:22:44'),
(339, '2014081305', 'JS201408-021', '无', '关于广州国际金融城起步区AT090908地块电影院设计的函', '广州穗荣房地产开发有限公司', '上述公司发来此件，该公司将调整后的单体设计方案提交给我委审核并征求意见。由我处办理。', '请曾科、田猛阅处。', '2014-08-15 17:05:00', 9, '0000-00-00 00:00:00', 0, 114, '曾科(2014-08-20 08:08:40);田猛(2014-08-22 09:08:17):已抄送市规划局', NULL, NULL, '2014-08-15 17:12:14', '2014-08-22 09:54:52'),
(340, '2014081503', 'JS201408-022', '穗发改工〔2014〕15号', '关于请报送“退二进三”及珠江黄金岸线沿岸企业转型升级2014年上半年工作进展情况的通知', '市发改委', '区府办转来此件，请我委按来文要求报送相关材料。由企服处牵头会我处办理。', '请曾科、小何、小韦阅处。', '2014-08-15 14:46:00', 9, '2014-08-15 17:30:00', 0, 0, '韦薇(2014-08-15 15:08:59):已报企服处刘彦麟，我处无相关内容需报送。;曾科(2014-08-18 10:08:31);何碧莹(2014-08-18 15:08:11)', './App/Public/Receive/53f1602a511c9.ceb', '穗发改工〔2014〕15号.ceb', '2014-08-18 10:08:42', '2014-08-18 15:21:29'),
(341, '2014081404', 'JS201408-023', '督字〔2014〕777号', '省领导在《关于国际跨国公司广场项目有关情况的报告》上的批示', '市府办', '区府办转来此件，请我委牵头会区经贸局、国土房管分局、规划分局根据市领导批示精神，与跨国公司公司促进会保持紧密沟通，继续做好跟踪服务工作。由投资处牵头会我处办理。', '传阅。请曾科、姚科阅处。', '2014-08-18 17:22:00', 9, '0000-00-00 00:00:00', 0, 0, '何碧莹(2014-08-19 09:08:16);陈军(2014-08-19 09:08:57);姚科(2014-08-19 15:08:29);韦薇(2014-08-19 15:08:51);田猛(2014-08-19 16:08:12);曾科(2014-08-20 08:08:51)', './App/Public/Receive/53f29fa329a52.ceb', '督字〔2014〕777号.ceb', '2014-08-19 08:51:47', '2014-08-20 09:18:27'),
(342, '2014081901', 'JS201408-024', '穗天办督字〔2014〕5号', '督查事项办理通知书', '区委办', '区委办发来此件，针对7月22日收文《区委石奇珠书记听取村改制公司和社区干部意见办理分工方案》，其中涉及我委牵头办理的事项有一项，请我委将落实情况报送至区委办公室信息督办科。由我处办理。', '请曾科牵头阅处。', '2014-08-19 10:22:00', 9, '2014-08-26 17:30:00', 0, 116, '陈军(2014-08-19 14:08:47);姚科(2014-08-19 15:08:07);田猛(2014-08-19 16:08:22);何碧莹(2014-08-20 08:08:40);韦薇(2014-08-25 10:08:54):已将办理情况汇总表发送纸质版和电子版至区委办信息督办科。;曾科(2014-08-25 10:08:20)', './App/Public/Receive/53f2c474ca0b1.rar', '督查事项办理通知书.rar', '2014-08-19 11:28:53', '2014-08-25 10:31:00'),
(343, '2014082003', 'JS201408-025', '穗天经函〔2014〕191号', '关于征求2014年天河区领导服务企业第二场座谈会企业问题分工意见的函', '区经贸局', '区经贸局发来此件，征求我委对工作分工意见。由企服处牵头会投资处、我处办理。（8月25日主任批示由我处负责跟进）', '传阅。请曾科牵头、小姚阅处。', '2014-08-20 15:10:00', 9, '2014-08-22 17:00:00', 0, 119, '田猛(2014-08-21 09:08:30);陈军(2014-08-21 10:08:53);韦薇(2014-08-21 10:08:40);曾科(2014-08-25 10:08:29);何碧莹(2014-08-26 09:08:45);姚科(2014-08-27 14:08:00):已将分工修改意见反馈区经贸局。', './App/Public/Receive/53f4620797228.rar', '关于征求2014年天河区领导服务企业第二场座谈会企业问题分工意见的函.rar', '2014-08-20 16:53:27', '2014-08-27 14:20:22'),
(344, '2014081902', 'JS201408-026', '无', '区领导在《关于国际跨国公司广场项目有关情况的报告》上的批示', '区府办', '区府办转来此件，林区批示：“此事很好！请卫青、海波同志及CBD管委会务必跟踪好、服务好，有需我出面的随时告知。”丘常委批示：“请海波、小敏同志并投资处、建开处跟进，有进展及时报区并逐级向上转报。”由投资处牵头会我处办理。', '传阅。请曾科、姚科、田猛跟进。', '2014-08-22 09:00:00', 9, '0000-00-00 00:00:00', 0, 0, '韦薇(2014-08-22 14:08:23);曾科(2014-08-22 14:08:37);田猛(2014-08-22 14:08:52);陈军(2014-08-25 08:08:35);姚科(2014-08-25 09:08:14);何碧莹(2014-08-26 09:08:55)', './App/Public/Receive/53f6dd16e56a9.tif', '区领导批示.tif', '2014-08-22 14:03:03', '2014-08-26 09:54:50'),
(345, '2014082001', 'JS201408-027', '天国税发〔2014〕79号', '关于安排办公场所的请示', '区国税局', '区国税局抄送来此件。该局根据穗天府办函〔2014〕118号文件，向区政府提出在金融城二期城市设计规划中安排面积约3500平方米办公场所的需求。丘常委批示：“请建开处在二期规划配套协调工作中支持。”此件由我处阅存。', '传阅。请曾科、田猛、小韦落实。', '2014-08-22 09:00:00', 9, '0000-00-00 00:00:00', 0, 0, '韦薇(2014-08-22 14:08:46);曾科(2014-08-22 14:08:45);田猛(2014-08-22 14:08:48);陈军(2014-08-25 08:08:05);姚科(2014-08-25 09:08:20);何碧莹(2014-08-26 09:08:03)', NULL, NULL, '2014-08-22 14:11:49', '2014-08-26 09:53:04'),
(346, '2014082201', 'JS201408-028', '穗发改函〔2014〕1471号', '关于征求《广州市节能环保产业发展规划（2014-2020）（征求意见稿）》意见的函', '市发改委', '区府办转来此件，请我委认真研究提出意见。由企服处牵头会各处室办理。', '请曾科、小韦阅处。', '2014-08-25 10:19:00', 9, '2014-08-26 17:30:00', 0, 0, '韦薇(2014-08-25 14:08:34):已报企服处刘彦麟，我处无修改意见。;曾科(2014-08-26 09:08:02)', './App/Public/Receive/53faa54176390.ceb', '穗发改函〔2014〕1471号.ceb', '2014-08-25 10:53:53', '2014-08-26 09:58:33'),
(347, '2014082603', 'JS201408-029', '无', '关于报送天河区推进“珠江黄金岸线”建设工作进度情况的函', '区建水局', '区建水局发来此件，请我委按要求填写表格。今后每月23日前将当月工作进展情况以表格形式报送区建水局。由我处办理。', '请小何阅处。', '2014-08-26 11:57:00', 9, '2014-08-27 17:30:00', 0, 117, '何碧莹(2014-08-26 15:08:58):已按要求报送相关项目8月进展情况。', './App/Public/Receive/53fc21045b6bb.rar', '关于报送天河区推进“珠江黄金岸线”建设工作进度情况的函.rar', '2014-08-26 13:54:12', '2014-08-26 15:45:30'),
(348, '2014082605', 'JS201408-030', '穗规〔2014〕2094号', '关于征询天河区珠江新城B1-1地块（AT1102规划管理单元）规划修改意见的函', '市规划局', '区府办转来此件，请我委认真研究提出意见。根据来文内容，粤海申请在保持容积率不变的情况下由3栋塔楼改为2栋，临珠江西路塔楼限高由170米调整为300米。此件由我处办理。', '请曾科、田猛阅处。', '2014-08-26 14:57:00', 9, '2014-08-28 17:30:00', 0, 118, '田猛(2014-08-26 15:08:33):已送至区规划分局。;曾科(2014-08-26 15:08:48)', './App/Public/Receive/53fc35d03afcf.rar', '广州市规划局关于征询天河区天河区珠江新城B1-1地块（AT1102规划管理单元）规划修改意见的函.rar', '2014-08-26 15:22:56', '2014-08-26 15:54:11'),
(349, '2014082702', 'JS201408-031', '穗府会纪〔2014〕191号', '关于合作建设广州国际儿童医院有关问题的会议纪要', '市府办', '区府办转来此件。其中关于广州国际儿童医院项目选址问题有二：一是评估在珠江新城冼村小学旁地块的可行性；二是重点研究金融城二期东侧地块收储计划安排是否能满足建设进度需求。林区批示：“转请卫青、洁怡同志阅，请CBD管委会及卫生局注意跟踪并报告有关的信息。”此件已由区府办呈丘常委阅，由我处跟进办理，同时投资处阅。', '传阅。请田猛、姚科跟进。', '2014-08-27 10:27:00', 9, '0000-00-00 00:00:00', 0, 0, '韦薇(2014-08-27 10:08:24);田猛(2014-08-27 10:08:54);姚科(2014-08-27 11:08:59);何碧莹(2014-08-27 11:08:57);陈军(2014-08-27 14:08:43);曾科(2014-08-27 14:08:15)', './App/Public/Receive/53fd46c8c806f.rar', '关于合作建设广州国际儿童医院有关问题的会议纪要.rar', '2014-08-27 10:47:36', '2014-08-27 14:18:57'),
(350, '2014082701', 'JS201408-032', '穗天发改〔2014〕82号', '关于做好我区经济体制和生态文明体制改革有关工作的通知', '区发改局', '区发改局发来此件，请我委建立本专项小组工作联系机制，填报工作联系表；将前一阶段工作总结、当前共组开展情况及纳入改革范畴的工作整理报送。由综合处牵头会各处室办理。', '请曾科、小韦阅处。', '2014-08-27 12:03:00', 9, '2014-08-27 17:30:00', 0, 0, '韦薇(2014-08-28 08:08:09):综合处小麦已报金融城起步区及二期规划方面信息。;曾科(2014-08-28 08:08:26)', './App/Public/Receive/53fd96b18cd18.rar', '关于做好我区经济体制和生态文明体制改革有关工作的通知.rar', '2014-08-27 16:28:33', '2014-08-28 08:54:34'),
(351, '2014082705', 'JS201408-033', '穗天经函〔2014〕195号', '关于征求天河路商圈近期启动项目任务分工表意见的函', '区经贸局', '区经贸局发来此件，提出天河路商圈管委会成员单位及天河路商圈发展工作联系会议成员单位的工作分工，请我委认真研究。由综合处牵头会各处室办理。', '传阅。请小韦阅处。', '2014-08-28 09:18:00', 9, '2014-08-29 15:00:00', 0, 0, '曾科(2014-08-28 11:08:13);田猛(2014-08-28 13:08:28);何碧莹(2014-08-28 15:08:44);姚科(2014-08-29 09:08:19);韦薇(2014-08-29 11:08:09):已报综合处小麦，我处无内容需修改。;陈军(2014-08-29 14:08:02)', NULL, NULL, '2014-08-28 09:43:49', '2014-08-29 14:24:01'),
(352, '2014082704', 'JS201408-034', '穗土委纪〔2014〕8号', '广州市土地管理委员会会议纪要（起步区第三批地块出让）', '市土委会', '区府办转来此件，由我处跟进办理。此件区府办已呈丘常委阅。张主任批示：“请投资处阅。”', '传阅。', '2014-08-28 09:07:00', 9, '0000-00-00 00:00:00', 0, 0, '田猛(2014-08-28 13:08:32);韦薇(2014-08-28 13:08:03);何碧莹(2014-08-28 15:08:33);曾科(2014-08-29 08:08:59);姚科(2014-08-29 09:08:10);陈军(2014-08-29 14:08:51)', './App/Public/Receive/53feb4a005bde.ceb', '穗土委纪〔2014〕8号.ceb', '2014-08-28 12:48:32', '2014-08-29 14:23:00'),
(353, '2014082808', 'JS201408-035', '无', '关于广州国际金融城起步区AT090908地块电影院垂直电梯设计的函', '广州穗荣房地产开发有限公司', '上述单位来文，根据我委穗天商管建〔2014〕72号文意见，将垂直电梯的设计由四层提升至五层，并将调整后的设计方案提交给我委审核并征求意见。此件由我处跟进办理。', '请曾科、田猛阅处。', '2014-08-29 10:36:00', 9, '0000-00-00 00:00:00', 0, 121, '曾科(2014-08-29 14:08:48);田猛(2014-09-02 16:09:36):已送。', './App/Public/Receive/53ffebd2b78b7.rar', '合景调整后平面图.rar', '2014-08-29 10:56:18', '2014-09-02 16:45:57'),
(354, '2014082901', 'JS201408-036', '无', '关于推进广州市天河区人民政府与中国银行股份有限公司广东省分行签订《合作意向书》的议题材料准备工作', '区府办', '区府办发来此件，请我委配合区经贸局按照区政府常务会议要求做好议题材料准备工作。由企服处牵头会投资处、综合处及我处办理。', '传阅。请曾科、小韦阅处。', '2014-08-29 14:33:00', 9, '2014-09-01 11:00:00', 0, 0, '曾科(2014-08-29 17:08:00);田猛(2014-08-29 17:08:36);姚科(2014-08-29 17:08:21);韦薇(2014-08-29 17:08:38):已报企服处杨阳，我处无相关材料需报送;;陈军(2014-08-29 17:08:16);何碧莹(2014-09-01 15:09:07)', './App/Public/Receive/5400257ae64b9.rar', '关于推进广州市天河区人民政府与中国银行股份有限公司广东省分行签订《合作意向书》的函.rar', '2014-08-29 15:02:18', '2014-09-02 09:09:16'),
(355, '2014082902', 'JS201408-037', '无', '区领导关于安排天河区国家税务局办公场所的批示', '区府办', '区府办转来此件，请起步区开发建设天河区指挥部综合组负责与区国税局对接，并做好沟通解释工作。由我处办理。', '请曾科、田猛阅处。', '2014-08-29 14:33:00', 9, '0000-00-00 00:00:00', 0, 0, '曾科(2014-08-29 17:08:49);田猛(2014-08-29 17:08:47)', './App/Public/Receive/540026f09b097.rar', '广州市天河区国家税务局关于安排办公场所的请示.rar', '2014-08-29 15:08:32', '2014-08-29 17:22:15'),
(356, '2014082903', 'JS201408-038', '穗府会纪〔2014〕192号', '关于广州南站地下空间修建性详细规划报建和广州国际金融城开发建设等问题的会议纪要', '市府办', '区府办转来此件，涉及金融城的内容如下：一、关于员村五横路污水管迁改涉及江源半岛段进场施工问题；二、关于出让地块项目环评报告审批问题；三、关于出让地块项目基坑施工完善施工手续问题；四、关于车陂加压站地块收储问题；五、关于棠下新墟复建项目规划道路调整问题；六、关于二期控规编制中，拆迁安置方案、区图书馆、“时光廊桥”建设可行性、员村二横路过江隧道、新型轨道交通车辆段规划选址、地下空间工程设计与地面业主单位协调问题。此件由我处跟进办理。', '传阅。', '2014-08-29 14:39:00', 9, '0000-00-00 00:00:00', 0, 0, '曾科(2014-09-01 08:09:06);田猛(2014-09-01 08:09:54);姚科(2014-09-01 10:09:43);何碧莹(2014-09-01 15:09:00);韦薇(2014-09-02 10:09:07);陈军(2014-09-09 11:09:11)', './App/Public/Receive/54004a80ea339.ceb', '穗府会纪〔2014〕192号.ceb', '2014-08-29 17:40:17', '2014-09-09 11:42:38'),
(357, '2014082905', 'JS201409-001', '无', '转发关于开展保密微小说、微短信有奖征文', '区保密局', '区保密局发来此件，请我委按照通知要求，发动干部职工踊跃参与。由综合处牵头会各处室办理。', '传阅。', '2014-09-01 11:52:00', 9, '2014-09-18 17:30:00', 0, 0, '何碧莹(2014-09-01 17:09:57);姚科(2014-09-01 17:09:15);田猛(2014-09-02 08:09:38);韦薇(2014-09-02 09:09:19);曾科(2014-09-02 11:09:24);陈军(2014-09-09 11:09:27)', NULL, NULL, '2014-09-01 15:35:40', '2014-09-09 11:44:59'),
(358, '2014090104', 'JS201409-002', '穗发改函〔2014〕1534号', '关于征求珠三角城际轨道交通调度指挥中心项目社会稳定风险评估有关问题意见的函', '市发改委', '区府办转来此件，请我委认真研究提出意见。由我处会协调处办理。', '请小何阅处。', '2014-09-01 16:24:00', 9, '2014-09-01 17:30:00', 0, 122, '何碧莹(2014-09-02 17:09:44):已发函至区发改局。', './App/Public/Receive/54051d1cf1bd9.rar', '广州市发展改革委关于征求珠三角城际轨道交通调度指挥中心项目社会稳定风险评估有关问题意见的函（穗发改函〔2014〕1534号）.rar', '2014-09-02 09:27:57', '2014-09-02 17:12:01'),
(359, '2014090102', 'JS201409-003', '穗规〔2014〕2135号', '关于征求《广州市雕塑总体规划》（征求意见稿）意见的函', '市规划局', '区府办转来此件，由区规划分局牵头，请我委认真研究并提出意见。由我处办理。', '请田猛、小何、姚科阅处。', '2014-09-01 14:39:00', 9, '2014-09-10 17:30:00', 0, 120, '何碧莹(2014-09-02 10:09:45);田猛(2014-09-02 16:09:41):已送至区规划分局;姚科(2014-09-02 17:09:41)', './App/Public/Receive/540520cf11b6c.rar', '广州市规划局关于征求《广州市雕塑总体规划》（征求意见稿）意见的函.rar', '2014-09-02 09:43:44', '2014-09-02 17:15:06'),
(360, '2014082904', 'JS201409-004', '无', '关于提前做好区政府常务会议和区长办公会议决策事项办理情况的通知', '区府办', '区府办发来此件，请我委提前做好2014年第三季度两会决策事项办理情况的落实工作。区府办将于9月底开展全面督查工作（具体时间另行通知）。此件由综合处牵头会企服处、投资处、协调处及我处跟进办理。', '传阅。请小何、小韦阅处。', '2014-09-01 11:52:00', 9, '0000-00-00 00:00:00', 0, 0, '何碧莹(2014-09-02 10:09:12);田猛(2014-09-02 10:09:06);曾科(2014-09-02 11:09:42);姚科(2014-09-02 17:09:23);韦薇(2014-09-05 11:09:32);陈军(2014-09-09 11:09:36)', './App/Public/Receive/540522b3d3b00.rar', '关于提前做好区政府常务会议和区长办公会议决策事项办理情况的通知.rar', '2014-09-02 09:51:47', '2014-09-09 11:45:39'),
(361, '2014090202', 'JS201409-005', '无', '关于征求四大战略平台宣传邮册意见的函', '区委宣传部', '区委宣传部发来此件，就广州国际金融城、天河中央商务区两大战略平台宣传册征求我委意见。由综合处牵头会各处室办理。', '传阅。', '2014-09-02 16:23:00', 9, '2014-09-05 17:30:00', 0, 0, '田猛(2014-09-03 09:09:19);何碧莹(2014-09-03 11:09:52);姚科(2014-09-03 10:09:00):已提出相关意见。;韦薇(2014-09-04 13:09:35);曾科(2014-09-09 10:09:12);陈军(2014-09-09 11:09:07)', NULL, NULL, '2014-09-02 16:56:43', '2014-09-09 11:46:26'),
(362, '2014090401', 'JS201409-006', '穗金融城办〔2014〕54号', '关于征求棠下新墟村民住宅复建安置房东侧市政道路及河涌实施主体意见的函', '市金融城办', '区府办转来此件，对棠下新墟村民住宅复建安置房东侧市政道路及河涌实施主体征求我委意见。方案一：市重点办统一实施；方案二：市重点办实施市政道路，区建水局实施河涌改造。此件由我处办理。', '请曾科、陈军阅处。', '2014-09-04 14:12:00', 9, '2014-09-05 17:30:00', 0, 123, '曾科(2014-09-05 14:09:00):已于9-5日发文，并将电子版给到区建水局，纸质版于下周一交换;陈军(2014-09-09 11:09:56)', './App/Public/Receive/54080b8f8b722.ceb', '穗金融城办〔2014〕54号.ceb', '2014-09-04 14:49:51', '2014-09-09 11:47:03'),
(363, '2014090203', 'JS201409-007', '穗天财〔2014〕318号', '印发《关于编制2015年天河区部门预算的意见》的通知', '区财政局', '区财政局发来此件，请我委按要求做好2015年部门预算的编制、报送等各项工作。由综合处牵头会各处室办理。', '请曾科、小何、小韦阅处。', '2014-09-04 14:07:00', 9, '0000-00-00 00:00:00', 0, 0, '何碧莹(2014-09-05 16:09:57);曾科(2014-09-09 10:09:37);韦薇(2014-09-10 14:09:16)', './App/Public/Receive/540833057ebfa.tif', '2015年天河区部门预算的意见》的通知(1).tif', '2014-09-04 17:38:13', '2014-09-10 14:13:46'),
(364, '2014090403', 'JS201409-008', '穗天林处函〔2014〕30号', '关于征求广州市地方技术规范《智慧社区服务工作指南 志愿者服务》意见的函', '林和街道办', '林和街道办发来此件，请我委认真研究提供意见。由综合处牵头会各处室办理。', '请小何、小韦阅处。', '2014-09-04 14:07:00', 9, '2014-09-19 17:30:00', 0, 0, '韦薇(2014-09-05 13:09:44):已报综合处苏中文，我处无意见。;何碧莹(2014-09-05 16:09:30)', './App/Public/Receive/54083442555e3.rar', '附件：志愿者服务征求意见文件.rar', '2014-09-04 17:43:30', '2014-09-05 16:26:41'),
(365, '2014090402', 'JS201409-009', '穗天林处函〔2014〕31号', '关于征求广州市地方技术规范《智慧社区综合管理工作指南 协同治理》意见的函', '林和街道办', '林和街道办发来此件，请我委认真研究提出意见。由综合处牵头会各处室办理。', '请小何、小韦阅处。', '2014-09-04 14:07:00', 9, '2014-09-19 17:30:00', 0, 0, '韦薇(2014-09-05 13:09:55):已报综合处苏中文，我处无意见。;何碧莹(2014-09-05 16:09:38)', './App/Public/Receive/540834bed4fa8.rar', '附件：协同治理征求意见文件.rar', '2014-09-04 17:45:34', '2014-09-05 16:27:10'),
(366, '2014090301', 'JS201409-010', '无', '关于征求进一步减压区级考核检查保留项目意见的通知', '区纪委', '区纪委发来此件，请我委对附件一、附件三内容提出修改意见。由综合处牵头会各处室办理。', '请小何、小韦阅处。', '2014-09-04 14:07:00', 9, '2014-09-11 17:30:00', 0, 0, '韦薇(2014-09-05 14:09:14):我处无修改意见，已报综合处苏中文。;何碧莹(2014-09-05 16:09:44)', './App/Public/Receive/5408358aa009e.doc', '压减区级检查考核项目意见的通知.doc', '2014-09-04 17:48:58', '2014-09-05 16:26:10'),
(367, '2014090502', 'JS201409-011', '无', '关于调研了解广州国际金融城起步区建设和二期规划情况的通知', '区人大办', '区人大办发来此件，常委会有关领导将带领城建工委负责人及部分委员到我委调研，座谈了解金融城起步区建设和二期规划情况。请我委准备相关汇报材料。此件由综合处牵头会我处办理。', '请曾科牵头阅处。', '2014-09-09 10:35:00', 9, '2014-09-10 16:00:00', 0, 0, '韦薇(2014-09-09 15:09:24);何碧莹(2014-09-09 16:09:56);姚科(2014-09-09 17:09:00):已将相关材料报送综合处。;田猛(2014-09-09 17:09:48);陈军(2014-09-10 09:09:33);曾科(2014-09-10 09:09:55)', NULL, NULL, '2014-09-09 10:50:52', '2014-09-10 09:17:37'),
(368, '2014090901', 'JS201409-012', '穗旧改函〔2014〕428号', '关于征求加强我市城市更新统计工作通知意见的函', '市三改办', '区府办转来此件，请我委认真研究提出意见并送至区城改办汇总。此件由我处办理。主任批示：“报送前直接呈丘常委审定。”', '传阅。请曾科牵头，姚科阅处。', '2014-09-09 11:23:00', 9, '2014-09-09 17:30:00', 0, 124, '韦薇(2014-09-09 15:09:31);何碧莹(2014-09-09 16:09:16);姚科(2014-09-09 17:09:00):无意见，已反馈区城改办。;田猛(2014-09-09 17:09:32);陈军(2014-09-10 09:09:17);曾科(2014-09-10 09:09:05)', './App/Public/Receive/540e851072694.ceb', '穗旧改函[2014]428号.ceb', '2014-09-09 12:41:52', '2014-09-10 09:19:05'),
(369, '2014090504', 'JS201409-013', '穗天发改〔2014〕87号', '关于征集天河区2015年重点建设项目和重点建设预备项目计划的通知', '区发改局', '区发改局发来此件，请我委按要求申报2015年区重点建设项目和重点建设预备项目。此件由投资处牵头会我处办理。', '传阅。请曾科牵头，小何、小韦阅处。', '2014-09-09 15:02:00', 9, '2014-09-16 17:30:00', 0, 0, '姚科(2014-09-09 17:09:54);田猛(2014-09-09 17:09:39);陈军(2014-09-11 15:12:14);何碧莹(2014-09-11 18:25:31);曾科(2014-09-12 17:21:35);韦薇(2014-09-16 17:26:06):已将棠下和石东填报的项目计划表发送给投资处庆伟', './App/Public/Receive/540eacaa61e95.tif', '穗天发改【2014】87号.tif', '2014-09-09 15:30:50', '2014-09-16 17:26:15'),
(370, '2014090505', 'JS201409-014', '穗发改重点〔2014〕12号', '关于编报2015年市重点建设项目计划的通知', '市发改委', '区发改转来此件，请我委梳理出符合要求的项目。此件由投资处牵头会我处办理。', '传阅。请曾科牵头，小何、小韦阅处。', '2014-09-09 15:02:00', 9, '2014-09-18 17:30:00', 0, 130, '姚科(2014-09-09 17:09:48);田猛(2014-09-09 17:09:43);陈军(2014-09-11 15:23:48);何碧莹(2014-09-11 18:25:38);曾科(2014-09-12 17:21:40);韦薇(2014-09-26 09:58:26):无', './App/Public/Receive/540eae712e0e3.rar', '市重点项目通知.rar', '2014-09-09 15:38:25', '2014-09-26 09:59:35'),
(371, '2014091201', 'JS201409-015', '穗建路桥函〔2014〕2644号', '关于征求对《空军岑村机场迁建框架协议》意见的函', '市城建委', '区府办转来此件，请我委认真研究提出意见。此件由我处办理。', '请曾科、田猛阅处。', '2014-09-12 09:20:00', 9, '2014-09-12 15:00:00', 0, 125, '曾科(2014-09-12 11:23:01);田猛(2014-09-15 17:07:35):已送至区府办', './App/Public/Receive/2014-09-12/54124cbf49cf2.tif', '穗建路桥函[2014]2644号.tif', '2014-09-12 09:30:39', '2014-09-15 17:10:50'),
(372, '2014091104', 'JS201409-016', '穗天发改〔2014〕89号', '关于报送拟参加9月28日广州市重大项目开工（竣工）动员会天河区项目的通知', '区发改局', '区发改局发来此件，请我委按要求报送参加本次动员会项目。张主任批示：“报送前经丘常委审定。”由投资处牵头会我处办理。', '请曾科牵头，做好分工。重点了解粤海项目和金融城入驻项目情况。', '2014-09-12 11:37:00', 9, '2014-09-12 17:30:00', 0, 0, '曾科(2014-09-12 17:21:30);田猛(2014-09-15 14:37:19):已将平安不动产资料发给汇总人，铁投暂不参加;陈军(2014-09-15 17:33:01);韦薇(2014-09-17 10:28:42):已报送长江、保利（邦杰、守鸿）、万联、南粤、平安填写的参会资料至投资处;姚科(2014-09-17 11:13:16):已联系并收集长江、保利相关材料', './App/Public/Receive/2014-09-12/54127a6c3c7e5.rar', '关于报送拟参加9月28日广州市重大项目开工（竣工）动员会天河区项目的通知.rar', '2014-09-12 12:45:32', '2014-09-17 11:13:58'),
(373, '2014091004', 'JS201409-017', '穗规〔2014〕2208号', '关于商请加快推进“首届世广会”纪念雕塑报审工作的函', '市规划局', '市规划局发来此件，请我委加快推进广府人雕塑报审工作。此件抄送区府，区府办已呈丘常委阅。张主任批示：“根据丘常委指示，请建开处提醒城投抓紧做好后续工作（我委经费已拨付），并与市规划局、广府人联谊会做好说明解释工作。”由我处办理。', '请曾科、田猛阅处。', '2014-09-12 14:20:00', 9, '2014-09-19 17:30:00', 0, 0, '曾科(2014-09-12 17:18:54);田猛(2014-09-15 10:10:46)', NULL, NULL, '2014-09-12 14:29:12', '2014-09-15 10:19:09'),
(374, '2014091203', 'JS201409-018', '穗委督字〔2014〕177号', '领导同志批示事项办理通知书', '市委督查室', '区委办转来此件，涉及我处内容有：1、加大广州国际金融城建设力度（起步区复建房项目进展情况、受地企业建设情况、二期规划“小配套”落实情况及二期征地拆迁前期工作情况），由我处办理；2、跟进粤海总部项目的投资及建设情况（投资处牵头会我处办理）；3、落实CBD及金融城区域内企业的服务帮扶工作，及时跟进、梳理并解决重点企业在建设发展过程中需市层面协调解决的问题（企服处牵头会投资处、协调处及我处办理）。', '传阅。请曾科牵头，具体经办同志阅处。', '2014-09-15 09:35:00', 9, '2014-11-18 17:30:00', 0, 0, '田猛(2014-09-19 11:25:45);韦薇(2014-11-17 09:54:02);姚科(2014-11-17 11:22:54):已将相关进展反馈综合处;曾科(2014-11-17 11:44:18);陈军(2014-11-17 16:05:38)', './App/Public/Receive/2014-09-15/541645489faea.pdf', '穗委督字[2014]177号.pdf', '2014-09-15 09:47:52', '2014-11-18 09:03:32'),
(375, '2014091205', 'JS201409-019', '穗黄金岸线〔2014〕12号', '关于征求调整珠江黄金岸线建设具体项目情况意见的函', '市珠江黄金岸线建设领导小组办公室', '区府办转来此件，请我委根据实际情况，对所涉及的项目需要调整的提出意见和建议。此件由我处办理。', '传阅。请曾科、陈军、小韦阅处。', '2014-09-15 09:47:00', 9, '2014-09-18 17:30:00', 0, 126, '田猛(2014-09-15 14:35:43);姚科(2014-09-15 16:37:27);韦薇(2014-09-18 14:17:16);曾科(2014-09-18 16:55:49);陈军(2014-09-19 09:17:17):我委无意见。复函已于2014-9-18下午传真至区建水局，复函原件稍后交换至区建水局', './App/Public/Receive/2014-09-15/541680144f51f.rar', '广州市珠江黄金岸线建设领导小组办公室关于征求调整具体项目情况意见的函.rar', '2014-09-15 13:58:44', '2014-09-19 09:32:32'),
(376, '2014091501', 'JS201409-020', '穗规批〔2014〕226号', '关于同意修建性详细规划方案的复函', '市规划局', '市规划局转来此件，由我处跟进办理。', '传阅。请田猛跟进。', '2014-09-15 09:47:00', 9, '0000-00-00 00:00:00', 0, 0, '韦薇(2014-09-15 14:09:40);田猛(2014-09-15 14:35:31);姚科(2014-09-15 16:35:54);陈军(2014-09-15 17:32:32);曾科(2014-09-18 09:24:22)', NULL, NULL, '2014-09-15 14:01:08', '2014-09-18 12:02:39'),
(377, '2014091103', 'JS201409-021', '穗规批〔2014〕232号', '关于同意修建性详细规划（综合管线规划）审查的复函', '市规划局', '市规划局抄送来此件，就穗荣送审的AT090908地块的修建性详细规划方案（综合管线规划）予以答复。此件丘常委已阅，由我处跟进办理。', '传阅。请田猛阅处。', '2014-09-16 09:58:00', 9, '0000-00-00 00:00:00', 0, 0, '田猛(2014-09-16 10:05:26);陈军(2014-09-16 10:22:45);韦薇(2014-09-16 10:24:03);姚科(2014-09-17 11:13:22);曾科(2014-09-18 09:23:57)', NULL, NULL, '2014-09-16 10:00:38', '2014-09-18 12:03:18');
INSERT INTO `cbd_receive` (`id`, `office_no`, `rec_no`, `article_no`, `title`, `come_from`, `summary`, `struct`, `rec_time`, `rec_person`, `dead_time`, `state`, `write_id`, `deal_info`, `download_name`, `file_name`, `create_time`, `update_time`) VALUES
(378, '2014091701', 'JS201409-022', '穗发改重点〔2014〕13号', '关于广州市重大项目开工（竣工）动员会项目材料报送工作的通知', '市发改委', '区府办转来此件，请我委将相关材料报送至发改局汇总。此件由投资处牵头会我处办理。', '传阅。请姚科阅处。', '2014-09-17 09:56:00', 9, '2014-09-17 17:30:00', 0, 0, '韦薇(2014-09-18 11:47:59);田猛(2014-09-18 12:41:21);陈军(2014-09-18 14:04:11);曾科(2014-09-19 14:09:13);姚科(2014-09-19 14:39:15):已报送相关材料至投资处', './App/Public/Receive/2014-09-18/541a55253314c.rar', '广州市发展改革委关于广州市重大项目开工（竣工）动员会项目材料报送工作的通知.rar', '2014-09-18 11:44:37', '2014-09-19 14:43:11'),
(379, '2014091506', 'JS201409-023', '无', '林区关于《广州市金融办关于建设我市首批互联网金融产业基地有关事项的函》的批示', '区府办', '区府办转来此件，我委七月份已收相关文件（综合处编号2014071404）。林区批示：“请经贸局研究提出意见，综合CBD、科技园管委会以及科信局的意见。”此件由投资处牵头会我处办理。', '传阅。请陈军阅处。', '2014-09-18 10:15:00', 9, '0000-00-00 00:00:00', 0, 0, '田猛(2014-09-18 12:40:22);陈军(2014-09-18 14:15:33);韦薇(2014-09-18 14:16:44);曾科(2014-09-18 17:37:44);姚科(2014-09-19 14:39:23)', './App/Public/Receive/2014-09-18/541a572b3fa51.rar', '广州市金融办关于建设我市首批互联网金融产业基地有关事项的函.rar', '2014-09-18 11:53:15', '2014-09-19 14:43:57'),
(380, '2014091703', 'JS201409-024', '穗天府法征〔2014〕12号', '关于征求天河区政府行政规范性文件清理结果的函', '区法制办', '区法制办发来此件，请我委认真研究，提出修改意见。由综合处牵头会各处室办理。', '请小韦阅处。', '2014-09-18 10:34:00', 9, '2014-09-24 16:00:00', 0, 0, '韦薇(2014-09-22 14:14:31):已复综合处苏中文，我处无修改意见', './App/Public/Receive/2014-09-18/541a5841f1405.doc', '穗天府法征〔2014〕12号.doc', '2014-09-18 11:57:53', '2014-09-22 14:14:38'),
(381, '2014091803', 'JS201409-025', '穗金融城办〔2014〕56号', '金融城开发建设第十二次工作例会的纪要', '市城建委', '一、关于金融交易广场项目，可考虑将AT090939地块竞买人设置为金融市场交易机构；二、南方面粉厂码头移交使用问题；三、棠下村集体物业复建项目建筑方案问题；四、棠下新墟村民复建安置房项目涉及市政道路、河涌调整问题；五、金融城新型有轨电车车辆段选址问题；六、金融城使用猎德污水处理厂再生水问题；七、起步区游艇码头建设问题；八、起步区管线迁改概算送审及预算盖章问题；九、加快推进起步区第三批土地出让工作问题；十、起步区河涌整治暗渠设置涉及地下空间控规调整问题；十一、AT090908地块项目建设工程规划许可证办理问', '传阅。', '2014-09-19 09:43:00', 9, '0000-00-00 00:00:00', 0, 0, '韦薇(2014-09-19 10:04:05);陈军(2014-09-19 11:04:55);田猛(2014-09-19 11:25:38);曾科(2014-09-19 14:07:39);姚科(2014-09-19 14:37:57)', './App/Public/Receive/2014-09-19/541b8e7e638b6.rar', '金融城开发建设第十二次工作例会的纪要.rar', '2014-09-19 10:01:34', '2014-09-19 14:40:12'),
(382, '2014091901', 'JS201409-026', '无', '关于报送区域规划调整、引进重点项目等情况的函', '区经贸局', '区经贸局发来此件，请我委填写《天河区重大项目用电情况摸查表》。此件由我处牵头会投资处办理。', '传阅。请曾科牵头落实金融城入驻项目计划用电情况。', '2014-09-19 16:00:00', 9, '2014-09-23 17:00:00', 0, 127, '姚科(2014-09-19 16:44:06);田猛(2014-09-19 16:44:54);韦薇(2014-09-19 18:05:06);陈军(2014-09-24 09:09:41):电子版已发送区经贸局，正式版拟以交换形式送区经贸局;曾科(2014-09-24 09:33:17)', './App/Public/Receive/2014-09-19/541be351c0ed7.rar', '重点项目.rar', '2014-09-19 16:03:29', '2014-09-24 09:33:29'),
(383, '2014091902', 'JS201409-027', '穗建隆函〔2014〕141号', '关于《故土的召唤》雕塑接收及安装工作概算送审的函', '广州市建隆物业管理有限公司', '建隆物业发来此件，其中环境设计规划报建费用为17.5万，底座基础工程设计及工程费用为17.4万。我委之前垫付19.8万，故请我委对此件进行审核以便顺利推进雕塑接收及安装工作。', '请曾科、田猛阅处。', '2014-09-22 11:30:00', 9, '0000-00-00 00:00:00', 0, 0, '田猛(2014-12-25 16:05:37);曾科(2015-01-29 10:22:32):经请示丘常委，口头回复建隆物业，请其请示城投集团，协调解决资金问题。目前，城投集团正在协调中', NULL, NULL, '2014-09-22 13:59:41', '2015-01-29 10:26:00'),
(384, '2014092401', 'JS201409-028', '穗府法征〔2014〕139号', '关于再次征求《广州市依法行政条例（征求意见稿）》修改意见的函', '市法制办', '区法制办转来此件，请我委认真研究提出意见。此件由综合处牵头会各处室办理。', '请韦薇阅处。（曾科代）', '2014-09-25 09:40:00', 9, '2014-09-25 17:30:00', 0, 0, '韦薇(2014-09-25 11:39:19):已报综合处苏中文，我处无修改意见', './App/Public/Receive/2014-09-25/54237460b5db4.ceb', '穗府法征〔2014〕139号.ceb', '2014-09-25 09:48:16', '2014-09-25 11:39:29'),
(385, '2014092402', 'JS201409-029', '穗经贸函〔2014〕957号', '关于征求对广州市推进电动汽车充换电设施建设与管理暂行办法征求意见稿意见的函', '市经贸委', '区经贸局转来此件，请我委认真研究提出意见。此件由综合处牵头会各处室办理。', '请韦薇、陈军阅处。（曾科代）', '2014-09-25 09:40:00', 9, '2014-09-24 17:30:00', 0, 0, '韦薇(2014-09-25 14:20:39):已报综合处苏中文，我处无意见;陈军(2014-09-25 15:47:27)', './App/Public/Receive/2014-09-25/5423762d374bd.ceb', '穗经贸函〔2014〕957号.ceb', '2014-09-25 09:55:57', '2014-09-25 16:49:20'),
(386, '2014092501', 'JS201409-030', '穗天督办字〔2014〕6号', '督查事项办理通知书', '区委办、区府办', '区委办发来此件，请我委对照《2014年天河区领导干部服务企业问题分工汇总表》，抓紧解决企业反映的问题，将完成情况以表格书面形式和电子文档两种形式报送。', '请曾科牵头阅处。', '2014-09-25 14:17:00', 9, '2014-10-09 17:30:00', 0, 0, '韦薇(2014-09-28 17:43:30);田猛(2014-09-29 09:07:55);姚科(2014-10-08 15:36:29):已建议企业先行与规划部门对接，了解落实金融城相关能源规划情况，并将与企业对接情况报送至企服处;陈军(2014-10-08 17:10:05);曾科(2014-10-09 08:53:30)', './App/Public/Receive/2014-09-25/5423b55b2d83c.xls', '领导干部服务企业问题分工汇总表(2).xls', '2014-09-25 14:25:31', '2014-10-09 09:27:14'),
(387, '2014092504', 'JS201409-031', '广东振戎报〔2014〕9号', '关于申请总部基地建设用地报告', '广东振戎能源有限公司', '区府办转来此件，振戎拟在天河区建设总部基地，向市政府申请在金融城金融方块第二、三批区地块10000—12000平方米建设用地。现请我委认真研究提出意见并回复区经贸局。此件由投资处牵头会我处办理。', '请韦薇阅处。（曾科代）', '2014-09-25 14:17:00', 9, '2014-09-25 17:30:00', 0, 0, '韦薇(2014-09-26 09:10:32):已将相关资料提交到投资处：方城内已出让地块竞买人均为金融机构；方城内无满足该企业用地需求的单个地块', './App/Public/Receive/2014-09-25/5423b6b3ca2ec.ceb', '城建〔2014〕953号.ceb', '2014-09-25 14:31:15', '2014-09-26 09:11:08'),
(388, '2014092506', 'JS201409-032', '穗天府办〔2014〕16号', '关于印发广州市天河区村改制公司集体“三资”管理制度（试行）的通知', '区府办', '区府办发来此件，由我处阅存。', '传阅。复印一份给我。', '2014-09-26 14:27:00', 9, '0000-00-00 00:00:00', 0, 0, '田猛(2014-09-29 09:07:31);姚科(2014-09-29 09:17:29);陈军(2014-09-29 09:21:40);韦薇(2014-09-29 09:49:25);曾科(2014-10-08 08:35:42)', './App/Public/Receive/2014-09-26/54250a96af220.ceb', '“三资”管理制度（试行）的通知.ceb', '2014-09-26 14:41:26', '2014-10-08 08:55:38'),
(389, '2014092601', 'JS201409-033', '穗金融城办〔2014〕63号', '关于金融城起步区控制土地围蔽管理问题的会议纪要', '市金融城办', '区府办转来此件，会议议定事项如下：一、关于处理金融城起步区空地违章搭建羽毛球馆行为的问题；二、关于金融城起步区工地围蔽管理的问题。此件区府办已呈丘常委阅，委内由我处阅存。', '传阅。', '2014-09-26 15:27:00', 9, '0000-00-00 00:00:00', 0, 0, '韦薇(2014-09-28 17:42:50);田猛(2014-09-29 09:07:25);姚科(2014-09-29 09:17:02);陈军(2014-09-29 09:32:14);曾科(2014-10-08 08:35:51)', './App/Public/Receive/2014-09-26/54252080e694b.rar', '穗金融城办〔2014〕63号.rar', '2014-09-26 16:14:56', '2014-10-08 08:57:51'),
(390, '2014092808', 'JS201409-034', '穗天更新办〔2014〕84号', '对区八届人大四次会议代表建议第2037号的答复', '区城改办', '区城改办发来此件。我处于6月13日收（JF201406-045）,区城改办为第2037号议案的主办单位，我委为会办单位，实际由我处承办。已于6月25日将答复报到综合处。此件由我处阅处。', '传阅。', '2014-09-29 09:36:00', 9, '0000-00-00 00:00:00', 0, 0, '姚科(2014-09-29 15:08:30);陈军(2014-09-29 15:28:41);韦薇(2014-09-29 16:40:13);田猛(2014-09-29 16:45:26);曾科(2014-10-08 08:35:58)', NULL, NULL, '2014-09-29 09:54:29', '2014-10-08 09:00:25'),
(391, '2014092807', 'JS201409-035', '穗天字〔2014〕5号', '关于印发《中共广州市天河区委常委班子党的群众路线教育实践活动整改方案》的通知', '区委办', '区委办发来此件，由委实践办牵头会各处室办理。', '传阅。', '2014-09-29 09:36:00', 9, '0000-00-00 00:00:00', 0, 0, '姚科(2014-09-29 15:08:34);陈军(2014-09-29 15:23:48);韦薇(2014-09-29 16:40:31);田猛(2014-09-29 16:44:09);曾科(2014-10-08 08:36:34)', './App/Public/Receive/2014-09-29/5428d8da5f012.rar', '群众路线整改方案.rar', '2014-09-29 11:58:18', '2014-10-08 08:59:10'),
(392, '2014092806', 'JS201409-036', '无', '关于印发《天河区深入开展“四风”突出问题专项整治方案》的通知', '区委办、区府办', '区委办发来此件，由综合处牵头会各处室办理。', '传阅。', '2014-09-29 09:36:00', 9, '0000-00-00 00:00:00', 0, 0, '韦薇(2014-09-29 13:51:57);姚科(2014-09-29 15:08:38);陈军(2014-09-29 15:25:38);田猛(2014-09-29 16:43:57);曾科(2014-10-08 08:36:06)', './App/Public/Receive/2014-09-29/5428d995a2f4b.doc', '“四风”突出问题专项整治方案.doc', '2014-09-29 12:01:25', '2014-10-08 08:59:37'),
(393, '2014092902', 'JS201409-037', '穗发改规划〔2014〕11号', '关于广州市重大发展平台参加省21世纪海上丝绸之路国际博览会布展工作的通知', '市发改委', '区府办发来此件，涉及广州国际金融城部分牵头单位为市建委，配合单位是金融办和天河区政府。现请我委配合做好相关筹备工作。此件由投资处牵头会我处办理。', '请姚科阅处。', '2014-09-29 14:42:00', 9, '2014-10-09 17:30:00', 0, 0, '姚科(2014-10-10 15:49:04):已与投资处对接，暂时无需报送材料', './App/Public/Receive/2014-09-29/542904969c01c.rar', '21世纪海上丝绸之路国际博览会.rar', '2014-09-29 15:04:54', '2014-10-10 16:00:21'),
(394, '2014093003', 'JS201410-001', '无', '关于征求《关于贯彻落实&lt;建立健全惩治和预防腐败体系2013-2017年工作规划&gt;的工作分工方案》意见建议的通知', '区纪委', '区纪委发来此件，请我委结合实际，认真提出修改意见。由综合处牵头会各处室办理。', '请小韦阅处。', '2014-10-08 09:39:00', 9, '2014-10-09 17:30:00', 0, 0, '韦薇(2014-10-09 09:36:30):已报综合处苏中文，我处无意见', './App/Public/Receive/2014-10-08/54349894aa678.doc', '关于贯彻落实《建立健全惩治和预防腐败体系2013-2017年工作规划》的工作分工方案（征求意见稿）.doc', '2014-10-08 09:51:16', '2014-10-09 09:37:15'),
(395, '2014100801', 'JS201410-002', '穗天发改函〔2014〕545号', '关于征求2014年天河区经济体制和生态文明体制改革专项小组全面深化改革工作方案意见的函', '区发改局', '区发改局发来此件，请我委认真研究提出意见。由综合处牵头会各处室办理。', '请姚科阅处。', '2014-10-08 17:17:00', 9, '2014-10-09 17:30:00', 0, 0, '姚科(2014-10-09 09:12:24):无意见，已报送综合处', './App/Public/Receive/2014-10-08/543503eecb9c6.tif', '穗天发改函〔2014〕545号.tif', '2014-10-08 17:29:18', '2014-10-09 09:27:54'),
(396, '2014100803', 'JS201410-003', '穗府会纪〔2014〕221号', '关于广州国际金融城起步区第三批土地出让等问题的会议纪要', '市府办', '区府办转来此件，由市土发负责解决权属不明土地的用地结案工作，抓紧公示第三批土地拟出让情况，同时加快推进27、02、07地块的公开出让准备工作。此件区府办已呈丘常委阅，委内由投资处、我处阅存。', '传阅。', '2014-10-08 17:17:00', 9, '0000-00-00 00:00:00', 0, 0, '韦薇(2014-10-08 17:33:05);曾科(2014-10-09 08:53:56);姚科(2014-10-09 09:03:44);田猛(2014-10-09 09:14:54);陈军(2014-10-13 08:34:06)', './App/Public/Receive/2014-10-08/5435045fe5b4f.ceb', '穗府会纪〔2014〕221号.ceb', '2014-10-08 17:31:11', '2014-10-13 10:11:59'),
(397, '2014100807', 'JS201410-004', '穗发改高技〔2014〕44号', '关于报送2015年广州市战略性主导产业发展资金重大产业项目的通知', '市发改委、市财政局', '区府办转来此件，由区发改牵头，请我委按要求填写附件内表格。此件由投资处牵头会我处办理。', '请曾科牵头阅处。', '2014-10-09 09:06:00', 9, '2014-10-09 17:30:00', 0, 0, '姚科(2014-10-10 09:34:08);曾科(2014-10-10 09:34:57);韦薇(2014-10-10 09:42:24):已报投资处庆伟，我处无相关内容报送;田猛(2014-10-10 09:43:33)', './App/Public/Receive/2014-10-09/5435e22a412e2.rar', '广州市发展改革委 广州市财政局关于报送2015年广州市战略性主导产业发展资金重大产业项目的通知.rar', '2014-10-09 09:17:30', '2014-10-10 09:46:07'),
(398, '2014100805', 'JS201410-005', '无', '中国人力资源服务展（广州站）的展板设计稿', '区人社局', '区人社局发来此件，请我委认真研究展板设计稿图片，提出相关意见。此件由综合处牵头会投资处及我处办理。', '请姚科阅处。', '2014-10-09 14:35:00', 9, '0000-00-00 00:00:00', 0, 0, '姚科(2014-10-10 10:01:51):建议将金融城文字改为“国内领先的金融集聚区”，图片改为控规既定起步区效果，已将修改意见报企服处', './App/Public/Receive/2014-10-09/5436327965096.rar', '人社局展板.rar', '2014-10-09 15:00:09', '2014-10-10 10:36:00'),
(399, '2014100902', 'JS201410-006', '穗天府〔2014〕4号', '关于印发《天河区政府领导班子党的群众路线教育实践活动整改方案》的通知', '区政府', '区政府发来此件，请我委认真贯彻执行。由综合处牵头会各处室办理。', '传阅。', '2014-10-09 15:35:00', 9, '0000-00-00 00:00:00', 0, 0, '田猛(2014-10-10 09:32:32);韦薇(2014-10-10 09:33:17);姚科(2014-10-10 09:33:41);曾科(2014-10-10 09:34:51);陈军(2014-10-13 08:49:13)', './App/Public/Receive/2014-10-09/543632fb9200d.ceb', '线教育实践活动整改方案》的通知.ceb', '2014-10-09 15:02:19', '2014-10-13 10:11:06'),
(400, '2014100903', 'JS201410-007', '穗住保函〔2014〕740号', '关于提前谋划2015年保障性安居工程年度建设计划的通知', '市住保办', '区府办转来此件，请我委配合区国土房管分局梳理我区有关情况。此件由我处办理。', '请曾科牵头征拆岗同志阅处。', '2014-10-09 15:35:00', 9, '2014-10-11 17:30:00', 0, 132, '姚科(2014-10-10 16:38:54):已将相关表格报送区国土分局;曾科(2014-10-11 08:53:53);陈军(2014-10-13 10:34:50)', './App/Public/Receive/2014-10-09/54363443a2f62.ceb', '穗住保函〔2014〕740号.ceb', '2014-10-09 15:07:47', '2014-10-13 14:36:21'),
(401, '2014101001', 'JS201410-008', '穗发改规划〔2014〕13号', '关于请报送纳入国家“十三五”规划的重大项目、重大工程和重大政策的通知', '市发改委', '区府办转来此件，请我委认真研究填写附件表格：拟纳入国家“十三五”规划的重大项目、重大工程和重大政策。此件由投资处牵头会我处办理，报送前呈丘常委阅示。', '请曾科牵头阅处。', '2014-10-10 10:00:00', 9, '2014-10-10 17:30:00', 0, 0, '姚科(2014-10-10 16:39:18);田猛(2014-10-10 16:39:45);曾科(2014-10-11 10:47:22);韦薇(2014-10-13 16:18:36):我处无内容需报送', './App/Public/Receive/2014-10-10/54373fe33da0e.rar', '国家“十三五”规划的通知.rar', '2014-10-10 10:09:39', '2014-10-13 16:19:24'),
(402, '2014101004', 'JS201410-009', '穗金融城办〔2014〕68号', '关于再次征求金融机构设立金融城项目公司方案（稿）意见的函', '市金融城办', '区府办转来此件，在前次征求意见的基础上作了进一步修改完善，现再次征求意见。由我委牵头会区经贸局、统计局、国土房管分局认真研究并提出意见复区府办。此件由投资处牵头会我处办理，报送前呈丘常委审定。', '请曾科牵头阅处。', '2014-10-11 10:36:00', 9, '2014-10-14 17:30:00', 0, 0, '韦薇(2014-10-11 15:01:24);田猛(2014-10-11 15:43:31);陈军(2014-10-13 10:05:27);姚科(2014-10-13 15:32:59):经研究，我处无意见;曾科(2014-10-13 16:18:30)', './App/Public/Receive/2014-10-11/543899ae36816.rar', '金融机构设立金融城项目公司的方案（稿）.rar', '2014-10-11 10:45:02', '2014-10-13 16:20:00'),
(403, '2014101003', 'JS201410-010', '无', '陈如桂常务副市长关于推进金融城起步区村民住宅和集体物业复建工作的批示', '区府办', '区府办发来此件，陈如桂常务副市长批示：“请规划局、重点办阅处。”林区批示：“请CBD管委会跟办。”此件区府办已呈丘常委阅，由我处跟进办理。', '传阅。请曾科、陈军、姚科跟进办理。', '2014-10-11 10:32:00', 9, '0000-00-00 00:00:00', 0, 0, '曾科(2014-10-11 15:15:38);田猛(2014-10-11 15:43:01);韦薇(2014-10-11 16:12:48);姚科(2014-10-11 16:46:23);陈军(2014-10-13 08:48:42)', './App/Public/Receive/2014-10-11/5438c8fcab7e8.tif', '民住宅和集体物业复建工作上批示.tif', '2014-10-11 14:06:52', '2014-10-13 10:13:07'),
(404, '2014101109', 'JS201410-011', '穗天发改函〔2014〕550号', '关于征求天河区深入推进稳增长调结构工作方案的函', '区发改局', '区发改局发来此件，请我委认真研究提出意见。由企服处牵头，投资处及我处协助。', '传阅。请姚科阅处。', '2014-10-13 09:27:00', 9, '2014-10-13 17:30:00', 0, 0, '田猛(2014-10-13 10:53:48);陈军(2014-10-13 11:30:21);韦薇(2014-10-13 15:20:19);姚科(2014-10-13 15:24:09):经研究，我处无意见;曾科(2014-10-13 16:18:03)', './App/Public/Receive/2014-10-13/543b2f8f5dbdc.tif', '穗天发改函〔2014〕550号.tif', '2014-10-13 09:49:03', '2014-10-13 16:18:46'),
(405, '2014101106', 'JS201410-012', '穗发改函〔2014〕1767号', '关于征求广州市天然气利用工程四期工程项目社会稳定风险评估意见的函', '市发改委', '区府办转来此件，请我委认真研究提出意见。由我处牵头会协调处办理。', '请姚科、陈军阅处。', '2014-10-13 09:27:00', 9, '2014-10-13 17:30:00', 0, 133, '姚科(2014-10-14 09:47:09):无意见，已报送区发改局;陈军(2014-10-14 15:51:02)', './App/Public/Receive/2014-10-13/543b30570a52c.rar', '广州市发展改革委关于征求广州市天然气利用工程四期工程项目社会稳定风险评估意见的函.rar', '2014-10-13 09:52:23', '2014-10-15 10:01:24'),
(406, '2014101107', 'JS201410-013', '穗重建办函〔2014〕1141号', '关于商请加强广州国际金融城起步区建设用地管理的函', '市重点办', '区府办转来此件，函请我区针对起步区内未实施建设区域（含已出让未实施建设部分）内出现的拆后随意违建、随意倒弃建筑垃圾等情况组织城管等部门予以拆除或清除。丘常委批示：“建议借此机会同时与市重点办沟通开工手续不完备事宜。”此件由我处跟进办理。', '请曾科、姚科、陈军阅处。', '2014-10-13 09:27:00', 9, '0000-00-00 00:00:00', 0, 0, '陈军(2014-10-13 10:35:19);姚科(2014-10-20 08:59:54);曾科(2014-10-20 09:32:39):我处将进一步保持对事件的跟进', './App/Public/Receive/2014-10-13/543b3135e008a.tif', '重建办函［2014］1141号.tif', '2014-10-13 09:56:05', '2014-10-20 10:01:46'),
(407, '2014101108', 'JS201410-014', '无', '关于协助做好市人大代表天河区联组开展例会前集中视察活动的函', '区委办', '区府办转来此件，请我委结合自身职责和工作实际，提出需市人大代表协调解决的重大问题。由综合处牵头会各处室办理。', '请曾科、姚科、小韦阅处。', '2014-10-13 09:27:00', 9, '2014-10-20 11:00:00', 0, 0, '韦薇(2014-10-17 09:50:35);姚科(2014-10-17 09:51:06):我处无相关问题报送;曾科(2014-10-17 10:45:25)', './App/Public/Receive/2014-10-13/543b31ba38312.rar', '关于协助做好市人大代表天河区联组开展例会前集中视察活动的函.rar', '2014-10-13 09:58:18', '2014-10-17 11:09:51'),
(408, '2014101302', 'JS201410-015', '穗发改函〔2014〕1751号', '关于征求广州通用航空发展规划研究报告意见的函', '市发改委', '区府办转来此件，请我委认真研究提出意见。此件由我处办理。', '请田猛、小韦阅处。', '2014-10-13 17:24:00', 9, '2014-10-13 17:30:00', 0, 134, '韦薇(2014-10-14 10:00:42);田猛(2014-10-14 14:22:50):已送至区发改委', './App/Public/Receive/2014-10-13/543b9b23b0b67.ceb', '穗发改函〔2014〕1751号.ceb', '2014-10-13 17:28:03', '2014-10-14 15:46:20'),
(409, '2014092301', 'JS201410-016', '无', '关于再次征求《天河区城市化：嬗变与超越》（征求意见稿）意见的函', '区志办', '区志办发来此件，请我委认真研究提出意见。由综合处牵头会各处室办理。', '传阅。请曾科牵头阅处。', '2014-10-16 09:57:00', 9, '2014-10-17 17:30:00', 0, 0, '曾科(2014-10-17 09:12:47);姚科(2014-10-17 16:03:13):已将相关意见报送综合处;韦薇(2014-10-17 16:03:16);田猛(2014-10-17 17:19:54);陈军(2014-10-20 08:42:53)', NULL, NULL, '2014-10-16 10:03:37', '2014-10-20 08:55:23'),
(410, '2014101701', 'JS201410-017', '穗国房字〔2014〕898号', '关于开展2015年土地储备计划编制工作的通知', '市国土房管局', '区府办转来此件，林区批示：“请国土局牵头，会同科技园管委会、CBD管委会、发改局、经贸局、教育局、民政局、农园局等部门研办，并报区政府审定。”此件由我处办理。', '传阅。请姚科阅处。', '2014-10-17 17:07:00', 9, '2014-11-13 17:30:00', 0, 141, '田猛(2014-10-20 09:10:03);陈军(2014-10-20 13:57:05);韦薇(2014-10-20 14:36:49);姚科(2014-10-28 17:18:04):无相关项目报送，已反馈区国土房管分局;曾科(2014-10-28 17:18:56)', './App/Public/Receive/2014-10-17/5440e166416a3.ceb', '穗国房字〔2014〕898号.ceb', '2014-10-17 17:29:10', '2014-10-28 17:25:19'),
(411, '2014101702', 'JS201410-018', '穗天发改函〔2014〕560号', '关于征求广州市“十三五”重大建设项目意见的函', '区发改局', '区发改局发来此件，请我委认真研究，将拟报送项目在表中予以注明并完善相关内容。报送前呈丘常委阅示。此件由我处牵头会投资处办理。', '传阅。请曾科牵头，陈军阅处。', '2014-10-17 17:07:00', 9, '2014-10-24 17:30:00', 0, 139, '姚科(2014-10-20 09:00:03);田猛(2014-10-20 10:15:25);韦薇(2014-10-20 14:51:43);曾科(2014-10-23 17:06:45);陈军(2014-10-24 10:34:34):2014-10-24上午，表格已传真及发电子邮件至区发改局，表格原件稍后交换至区发改局', './App/Public/Receive/2014-10-17/5440e22fdbd5c.rar', '广州市“十三五”重大建设项目.rar', '2014-10-17 17:32:31', '2014-10-24 10:37:12'),
(412, '2014102002', 'JS201410-019', '穗天发改函〔2014〕564号', '关于再次征求《广州市天河区国民经济和社会发展第十三个五年规划编制工作方案（征求意见稿）》意见的函', '区发改局', '区发改局发来此件，请我委认真研究并提出意见。报送前呈丘常委阅示。由企服处牵头会投资处、协调处及我处办理。', '请曾科牵头阅处。', '2014-10-20 12:43:00', 9, '2014-10-20 17:30:00', 0, 0, '田猛(2014-10-20 16:19:25);韦薇(2014-10-21 09:04:37):已复企服处杨阳，我处需将专项规划中“广州市国际金融城……”改为“广州国际金融城……;曾科(2014-10-21 10:27:11);陈军(2014-10-21 10:40:39);姚科(2014-10-21 11:56:06)', './App/Public/Receive/2014-10-20/544495bd42787.tif', '穗天发改函〔2014〕564号.tif', '2014-10-20 12:55:25', '2014-10-21 14:46:43'),
(413, '2014102004', 'JS201410-020', '督字〔2014〕4981号', '建华在《关于市14项重点工作9月份推进落实情况的报告》上的批示', '市府办', '区府办转来此件。陈建华市长批示：“各分管领导要根据重点工作遇到的问题，逐一研究和解决。需要政府滚动决策的尽快提交。”此件由综合处牵头会企服处、我处办理。', '请田猛阅处。（曾科代）', '2014-10-21 10:12:00', 9, '0000-00-00 00:00:00', 0, 0, '田猛(2014-10-21 15:04:02)', './App/Public/Receive/2014-10-21/5445c494041dd.rar', '关于市14项重点工作9月份推进落实情况的报告.rar', '2014-10-21 10:27:32', '2014-10-21 15:37:56'),
(414, '2014102003', 'JS201410-021', '穗天发改函〔2014〕565号', '关于征求2015年天河区重点建设项目计划意见的函', '区发改局', '区发改局发来此件，请我委认真核实项目资料信息，认真梳理明年重点工作中涉及项目情况，并加以补充完善。此件由我处牵头会投资处办理。报送前呈丘常委阅示。', '请陈军阅处。（曾科代）', '2014-10-21 10:12:00', 9, '2014-10-24 17:30:00', 0, 138, '陈军(2014-10-24 10:26:42):2014-10-24上午，已将表格传真及发电子邮件给区发改局，表格原件稍后交换至区发改局', './App/Public/Receive/2014-10-21/5445c5d3545ec.rar', '关于征求2015年天河区重点建设项目计划意见的函.rar', '2014-10-21 10:32:51', '2014-10-24 10:36:20'),
(415, '2014102001', 'JS201410-022', '无', '关于报送天河区2015年民生实事计划的通知', '区府办', '区府办发来此件，请我委做好区民生实事候选事项的酝酿工作。由综合处牵头会各处室办理，报送前呈丘常委阅示。', '请曾科牵头阅处。', '2014-10-21 10:12:00', 9, '2014-10-31 17:30:00', 0, 0, '曾科(2014-10-23 17:06:53);田猛(2014-10-23 17:17:28);姚科(2014-10-23 17:24:30);陈军(2014-10-24 10:46:10);韦薇(2014-10-31 09:09:54):已报综合处苏中文，我处无内容需报送', './App/Public/Receive/2014-10-21/5445c7cba1516.rar', '关于报送天河区2015年民生实事计划的通知.rar', '2014-10-21 10:41:15', '2014-10-31 10:30:57'),
(416, '2014102005', 'JS201410-023', '穗天执字〔2014〕95号', '关于对金融城项目违法施工行为采取进一步措施的报告', '区城管局', '区府办转来此件，丘常委已阅。由我处阅处。张主任批示：“一、也请投资处周知。二、请建开处将一下情况简要发微信给我：1.问题的成因；2.是否涉及所有开工企业；3.我委采取的措施；4.市金融城领导小组办公室协调的情况。”', '传阅。请工程建设岗通知做好后续跟进工作。', '2014-10-21 09:30:00', 9, '0000-00-00 00:00:00', 0, 0, '曾科(2014-10-23 17:07:31);田猛(2014-10-23 17:16:16);姚科(2014-10-23 17:20:23);韦薇(2014-10-23 17:30:23);陈军(2014-10-24 10:18:12)', NULL, NULL, '2014-10-21 11:09:40', '2014-10-24 10:23:00'),
(417, '2014102102', 'JS201410-024', '穗发改函〔2014〕1789号', '关于征求广州综合交通枢纽总体规划征求意见稿意见的函', '市发改委', '区府办转来此件，请我委认真研究提出意见。此件由我处牵头会协调处办理。', '请田猛阅处。（曾科代）', '2014-10-21 15:31:00', 9, '2014-10-22 11:00:00', 0, 135, '田猛(2014-10-22 14:06:35):已发文', './App/Public/Receive/2014-10-21/54460c8f4a7ef.rar', '广州市发展改革委关于征求广州综合交通枢纽总体规划征求意见稿意见的函.rar', '2014-10-21 15:34:39', '2014-10-22 14:41:57'),
(418, '2014102101', 'JS201410-025', '穗金融城办〔2014〕74号', '关于启动金融城起步区棠下新墟村民安置房和集体物业工程施工的函', '市金融城办', '区府办转来此件，请我委研究办理。此件委内由我处办理。张主任批示：“昨天市建委候主任也表态将全力支持。”', '请陈军、曾科抓紧落实，与村里做好沟通。', '2014-10-22 11:55:00', 9, '0000-00-00 00:00:00', 0, 0, '曾科(2014-10-23 17:06:27);陈军(2014-10-24 10:44:13)', './App/Public/Receive/2014-10-22/5447602891c29.ceb', '穗金融城办〔2014〕74号.ceb', '2014-10-22 15:43:36', '2014-10-24 10:45:31'),
(419, '2014102302', 'JS201410-026', '穗府外函〔2014〕742号', '关于配合做好广州实践展展示工作的函', '市外事办、市城建委', '区府办转来此件，请我委配合做好以下工作：1.对附件一内容提出修改意见及落实该项工作的分管领导、领办人的联系方式按来文要求报送；2.按要求将天河中央商务区、广州国际金融城两个重大平台资料进行报送。此件由投资处牵头会我处办理。', '请曾科牵头阅处。', '2014-10-23 10:23:00', 9, '2014-10-23 17:30:00', 0, 0, '姚科(2014-10-23 17:23:33);韦薇(2014-10-24 09:49:05);陈军(2014-10-24 09:59:26);田猛(2014-10-24 15:16:54);曾科(2014-10-27 08:57:27)', './App/Public/Receive/2014-10-23/54486dd361850.tif', '穗府外函〔2014〕742号.tif', '2014-10-23 10:54:11', '2014-10-27 09:28:15'),
(420, '2014102303', 'JS201410-027', '无', '关于报送天河区推进“珠江黄金岸线”建设工作进度情况的函', '区建水局', '区建水局发来此件，请我委按要求填写相关表格，并在今后每月23日前报送至区建水局。此件由我处跟进办理。', '请曾科、小韦阅处。', '2014-10-23 14:52:00', 9, '2014-10-23 17:30:00', 0, 137, '韦薇(2014-10-23 16:45:11):已将相关表格纸质版发至区建水局;曾科(2014-10-23 17:06:33)', NULL, NULL, '2014-10-23 14:57:54', '2014-10-23 17:09:46'),
(421, '2014102305', 'JS201410-028', '无', '关于协助提供服务对象联系方式的通知', '区纠风办', '去纠风办发来此件，请我委提供300名服务对象信息，若服务对象不足300名，则提供今年1-10月份全部服务对象信息。此件由企服处牵头会各处室办理。', '请曾科牵头阅处。', '2014-10-23 16:40:00', 9, '2014-10-24 12:00:00', 0, 0, '田猛(2014-10-23 17:17:54);姚科(2014-10-23 17:23:52);韦薇(2014-10-24 09:42:23):已将相关信息以表格形式提供给企服处刘彦麟，表格附后;陈军(2014-10-24 10:18:37);曾科(2014-10-24 10:30:13)', './App/Public/Receive/2014-10-23/5448c4cabd995.doc', '协助提供服务对象联系方式的通知(1).doc', '2014-10-23 17:05:14', '2014-10-24 10:35:15'),
(422, '无', 'JS201410-029', '委务会纪〔2014〕10号', '管委会委务会议纪要（9月23日）', '综合处', '一、会议听取了综合处关于截至14年9月15日预算执行情况的汇报，并对2014年管委会预算调整工作进行了讨论；二、会议听取了协调处关于“声动CBD十大歌手”决赛有关费用和情况事宜的汇报并进行了讨论。', '传阅。', '2014-10-23 17:18:00', 9, '0000-00-00 00:00:00', 0, 0, '曾科(2014-10-23 17:28:27);韦薇(2014-10-23 17:34:05);田猛(2014-10-23 17:36:10);姚科(2014-10-23 17:36:31);陈军(2014-10-24 09:29:31)', NULL, NULL, '2014-10-23 17:22:00', '2014-10-24 10:08:12'),
(423, '无', 'JS201410-030', '委务会纪〔2014〕11号', '管委会委务会议纪要（10月9日）', '综合处', '一、会议听取了综合处关于数字化展厅讲解员和文员招聘工作的汇报并进行了讨论；二、会议听取了综合处关于增加管委会文员学历津贴的事宜并进行了讨论。', '传阅。', '2014-10-23 17:26:00', 9, '0000-00-00 00:00:00', 0, 0, '曾科(2014-10-23 17:28:34);韦薇(2014-10-23 17:33:58);田猛(2014-10-23 17:36:16);姚科(2014-10-23 17:36:35);陈军(2014-10-24 09:29:37)', NULL, NULL, '2014-10-23 17:26:31', '2014-10-24 10:08:44'),
(424, '2014102801', 'JS201410-031', '穗规天河〔2014〕921号', '关于协助提供天河区2014年重点建设项目实施情况的函', '区规划分局', '区规划分局发来此件，请我委按照《天河区实施“123”城市功能布局规划2013年建设方案》的任务分工，填报牵头项目的进展情况。此件由投资处牵头会我处办理。', '请曾科、陈军、小韦阅处。', '2014-10-28 14:13:00', 9, '2014-10-29 17:30:00', 0, 0, '韦薇(2014-10-29 17:15:03);陈军(2014-10-29 17:17:14):已汇总、填报金融城起步区村集体复建项目、长江项目、绿地项目和省铁投项目的最新进展，交投资促进处林志成;曾科(2014-10-30 08:46:58)', './App/Public/Receive/2014-10-28/544f3669916fa.xls', '天河区2013-2014年重点建设项目计划表.xls', '2014-10-28 14:23:37', '2014-10-30 10:45:02'),
(425, '2014103005', 'JS201410-032', '无', '关于协助做好市政府研究室来我区调研相关工作的通知', '区府办', '区府办发来此件，请我委按照来文所附提纲要求，准备书面文字材料。由综合处牵头会各处室办理，报送前呈丘常委审定。张主任批示：“请梦娥同志主笔。”', '请曾科统筹，按会议讨论由小韦办理。', '2014-10-30 11:26:00', 9, '2014-10-31 17:00:00', 0, 0, '陈军(2014-10-31 17:35:18);韦薇(2014-10-31 18:03:00):已将相关材料报送至综合处张梦娥;田猛(2014-11-03 09:59:19);曾科(2014-11-03 10:28:15)', './App/Public/Receive/2014-10-30/5451da7391644.doc', '研究室来我区调研相关工作的通知.doc', '2014-10-30 14:28:03', '2014-11-03 11:20:19'),
(426, '2014103102', 'JS201410-033', '穗天教函〔2014〕453号', '关于配合做好迎接市公咨委调研我区新建少年宫选址工作的通知', '区教育局', '区教育局发来此件，请我委安排一名工作人员现场负责接待并根据职责分工准备好项目相关材料。此件拟由我处跟进办理。', '请田猛阅处。', '2014-10-31 10:05:00', 9, '2014-10-31 17:30:00', 0, 142, '田猛(2014-11-03 10:59:31):已将参会回执、复函反馈至区教育局', './App/Public/Receive/2014-10-31/5452f171668c2.tif', '研我区新建少年宫选址工作的通知.tif', '2014-10-31 10:18:25', '2014-11-03 11:24:04'),
(427, '2014103007', 'JS201411-001', '穗金融城办〔2014〕77号', '关于金融城开发建设第十五次工作例会的纪要', '市金融城办', '区府办转来此件，由我处阅存。区府办已呈丘常委阅。内容如下：一、起步区醉金涌通航要求及标高问题；二、起步区收储用地土壤修复场地移交问题；三、起步区金融方城已出让地块基坑整体实施问题；四、员村五横路10KV架空电缆改到临江大道电缆井施工涉及占用绿化审批问题；五、加快启动棠下村村民复建房建设问题；六、A007-2地块建筑控高涉及初步设计审查批复问题。', '传阅。', '2014-10-31 16:11:00', 9, '0000-00-00 00:00:00', 0, 0, '田猛(2014-11-03 09:59:11);曾科(2014-11-03 10:28:23);陈军(2014-11-03 11:11:13);韦薇(2014-11-03 11:29:58);姚科(2014-11-03 11:30:32)', './App/Public/Receive/2014-11-03/5456dde8d4cdc.rar', '关于金融城开发建设第十五次工作例会的纪要.rar', '2014-11-03 09:44:08', '2014-11-03 11:31:53'),
(428, '2014110303', 'JS201411-002', '无', '关于报送2015年重点改革事项的通知', '区委改革办', '区委改革办发来此件，请我委按要求梳理并报送相关信息。由综合处牵头会各处室办理。', '请曾科牵头阅处。', '2014-11-03 11:03:00', 9, '2014-11-04 17:30:00', 0, 0, '田猛(2014-11-03 11:28:24);姚科(2014-11-03 16:48:18):经研究，我处无意见;曾科(2014-11-04 09:00:15);韦薇(2014-11-04 09:12:01);陈军(2014-11-05 10:12:30)', NULL, NULL, '2014-11-03 11:18:47', '2014-11-05 10:36:21'),
(429, '2014103101', 'JS201411-003', '穗天府办督字〔2014〕31号', '督办通知', '区府办', '区府办发来此件，请我委配合区教育局，于今年12月18日及今后每季度最后一个月18日前通过区政府督办系统（综合处）反馈区少年宫的建设进度。由我处牵头会综合处办理。', '传阅。请田猛阅处。', '2014-11-03 11:32:00', 9, '2014-11-18 17:30:00', 0, 0, '田猛(2014-11-03 14:16:10);姚科(2014-11-03 15:22:42);陈军(2014-11-03 15:26:29);韦薇(2014-11-03 16:12:23);曾科(2014-11-04 09:00:36)', './App/Public/Receive/2014-11-03/54571891b4991.xls', '市长办公会议任务责任分工表.xls', '2014-11-03 13:54:25', '2014-11-04 09:04:47'),
(430, '无', 'JS201411-004', '委务会纪〔2014〕12号', '管委会委务会议纪要（10月30日）', '综合处', '一、投资处关于与Let''s Go合作发行宣传册工作进行汇报；二、企服处关于通报2015年政府购买服务招投标工作进行汇报；三、企服处关于管委会形象片（修改稿）进行汇报。', '传阅。存档。', '2014-11-03 13:57:00', 9, '0000-00-00 00:00:00', 0, 0, '田猛(2014-11-03 14:16:05);姚科(2014-11-03 15:22:36);陈军(2014-11-03 15:26:19);韦薇(2014-11-03 16:11:08);曾科(2014-11-04 09:00:07)', NULL, NULL, '2014-11-03 13:57:56', '2014-11-04 09:05:30'),
(431, '2014110305', 'JS201411-005', '无', '关于开展天河区窗口服务单位群众满意度网上测评工作的通知', '区纠风办', '区纠风办发来此件，请我委组织服务对象登陆天河区信息网对我委政务服务情况作出评价并打分。由企服处牵头会各处室办理。', '请小韦阅处。', '2014-11-03 16:50:00', 9, '2014-11-30 17:30:00', 0, 0, '韦薇(2014-11-04 09:16:10):已与企服处刘彦麟对接，按要求落实该项工作', NULL, NULL, '2014-11-03 16:50:57', '2014-11-04 09:16:29'),
(432, '2014110402', 'JS201411-006', '无', '关于报送建设新能源汽车充电桩的函', '区经贸局', '区经贸局发来此件，请我委做好建设新能源汽车充电设施工作计划，并填写附件2调查问卷。此件由协调处牵头会投资处、企服处及我处办理。', '请田猛阅处。', '2014-11-04 11:14:00', 9, '2014-11-06 15:00:00', 0, 0, '田猛(2014-11-05 14:47:18):我处暂无相关需求报送', './App/Public/Receive/2014-11-04/54584728317cc.rar', '关于报送建设新能源汽车充电桩的函.rar', '2014-11-04 11:25:28', '2014-11-05 14:48:12'),
(433, '2014110404', 'JS201411-007', '穗国房函〔2014〕2156号', '关于报送2014年“珠江黄金岸线”土地利用专项小组工作落实情况的函', '市国土房管局', '区府办转来此件，请我委根据分工要求，梳理并报送相关材料。由我处牵头会投资处办理。', '请曾科、小韦阅处。', '2014-11-05 16:15:00', 9, '2014-11-10 17:30:00', 0, 143, '韦薇(2014-11-10 16:16:42):纸质版已转小冼交换;曾科(2014-11-10 16:51:45)', './App/Public/Receive/2014-11-05/5459dd7b3844d.rar', '关于报送2014年“珠江黄金岸线”土地利用专项小组工作落实情况的函.rar', '2014-11-05 16:19:07', '2014-11-10 16:56:44'),
(434, '2014110704', 'JS201411-008', '穗天发改函〔2014〕612号', '关于征求《广州市天河区重点项目报批绿色通道若干规定》意见的函', '区发改局', '区发改局发来此件，请我委结合自身职能提出意见。此件由投资处牵头会我处办理。', '传阅。请陈军阅处。', '2014-11-10 11:03:00', 9, '2014-11-18 12:00:00', 0, 0, '田猛(2014-11-10 14:50:57);曾科(2014-11-10 16:51:02);陈军(2014-11-11 09:55:09):本文参照市绿色通道规定改编而来，与其基本一致。我处无意见，已知会投资促进处张皓;韦薇(2014-11-11 10:24:23);姚科(2014-11-12 09:35:46)', './App/Public/Receive/2014-11-10/54602c35d0172.tif', '穗天发改函〔2014〕612号.tif', '2014-11-10 11:08:37', '2014-11-12 09:54:36'),
(435, '2014110705', 'JS201411-009', '金融城办〔2014〕11号', '关于协调解决金融城起步区棠下新墟村民复建安置房工程12米市政路的申请报告', '市金融城办', '区府办转来此件，内含棠下新墟12米市政路及河涌的设计问题及实施主体问题的拟办意见及领导批示。此件区府办已呈丘常委阅，由我处跟进办理。', '传阅。请曾科、陈军跟进。', '2014-11-10 11:03:00', 9, '0000-00-00 00:00:00', 0, 0, '田猛(2014-11-10 14:50:45);陈军(2014-11-10 15:41:40);曾科(2014-11-10 16:50:48);韦薇(2014-11-11 10:24:38);姚科(2014-11-12 09:35:40)', './App/Public/Receive/2014-11-10/54602d08f411d.tif', '金融城办[2014]11号.tif', '2014-11-10 11:12:09', '2014-11-12 09:53:05'),
(436, '2014111003', 'JS201411-010', '穗建路桥纪〔2014〕446号', '关于市重点路桥项目2014年第三十七次协调会议的纪要', '市城建委', '区府办转来此件，涉及花城大道东延线、临江大道澳联玻璃厂段码头拆除问题。此件区府办已呈丘常委阅，由我处阅存。', '传阅。', '2014-11-10 16:12:00', 9, '0000-00-00 00:00:00', 0, 0, '曾科(2014-11-10 16:50:53);田猛(2014-11-10 16:55:35);韦薇(2014-11-10 17:30:38);陈军(2014-11-11 09:11:56);姚科(2014-11-12 09:35:34)', './App/Public/Receive/2014-11-10/5460738893718.ceb', '穗建路桥纪〔2014〕446号.ceb', '2014-11-10 16:12:56', '2014-11-12 09:55:14'),
(437, '2014111103', 'JS201411-011', '穗天国房报〔2014〕268号', '关于调整我区2014年保障住房建设项目的请示', '区国土房管分局', '区府办转来此件，区国土房管分局拟将今年保障性住房建设项目调整为林和村改造复建工程（已完成）。请我委加强与市有关部门的联系并指导棠下村加快推进棠下新墟村民住宅复建安置房工程建设工作，尽快启动工程施工。此件区府办已呈丘常委阅，由我处跟进办理。', '传阅。请相关人员做好跟进工作。（曾科代）', '2014-11-14 09:34:00', 9, '0000-00-00 00:00:00', 0, 0, '姚科(2014-11-14 10:16:57);韦薇(2014-11-14 10:16:59);田猛(2014-11-14 10:17:29);陈军(2014-11-14 10:20:56);曾科(2014-11-17 11:44:04)', './App/Public/Receive/2014-11-14/54655e4ea8aa9.rar', '关于调整我区2014年保障住房建设项目的请示.rar', '2014-11-14 09:43:42', '2014-11-17 11:49:45'),
(438, '2014111205', 'JS201411-012', '穗天人社〔2014〕136号', '关于编报2015年公务员录用计划的通知', '区委组织部、区人社局', '区人社局发来此件，请我委抓紧研究公务员录用计划，填写研究公务员录用计划。此件由综合处跟进办理。丘常委批示：“请各处即提需求。”', '', '2014-11-14 11:36:00', 9, '2014-11-14 17:30:00', 0, 0, '曾科(2014-11-17 11:43:51):经请示陈处，已将人员需求报送综合处小麦：1、建设工程管理类专业；2、具备2年以上建设工程报建或建设工程管理经验', NULL, NULL, '2014-11-17 11:24:49', '2014-11-17 11:50:34'),
(439, '2014111702', 'JS201411-013', '穗国房函〔2014〕2230号', '关于报送市土地管理委员会2014年第十三次会议议题的函', '市土地管理委员会办公室', '区府办转来此件，请我委梳理需提交市土委会审议的事项报送至区国土房管分局。此件由我处会投资处办理，报送前呈丘常委审定。', '请曾科牵头征拆岗同志阅处。', '2014-11-17 11:23:00', 9, '2014-11-17 16:00:00', 0, 144, '陈军(2014-11-17 16:05:14);姚科(2014-11-18 09:20:02):已反馈区国土房管分局;曾科(2014-11-18 09:31:00)', './App/Public/Receive/2014-11-17/54696c07d216c.ceb', '穗国房函〔2014〕2230号.ceb', '2014-11-17 11:31:19', '2014-11-18 09:59:11'),
(440, '2014111703', 'JS201411-014', '穗府法征〔2014〕153号', '关于再次征求《广州市依法行政条例（征求意见稿）》修改意见的函', '市法制办', '区府办转来此件，请我委将书面意见回复至区法制办。由综合处牵头会各处室办理。', '请田猛阅处。', '2014-11-17 16:47:00', 9, '2014-11-19 17:30:00', 0, 0, '田猛(2014-11-18 17:30:59):我处无意见，已报至综合处', './App/Public/Receive/2014-11-18/546ac32b3b93a.ceb', '穗府法征〔2014〕153号.ceb', '2014-11-18 11:55:23', '2014-11-18 17:39:10'),
(441, '2014111701', 'JS201411-015', '穗金融城办〔2014〕81号', '关于金融城起步区开发建设工作会议纪要', '市金融城办', '一、金融城起步区统一围蔽管理问题；二、起步区绿色施工精细化管理问题；三、起步区第二批出让地块基坑整体开发问题；四、市城投集团办公大楼建设问题；五、关于各地块受让业主提出需协调的问题；六、由市重点办负责，将起步区所有项目进行统计汇总，编制出总体进度计划表，明确建设时序，做好统筹管理工作。此件区府办已呈丘常委阅，由我处阅存。', '传阅。复一份给我。', '2014-11-17 14:44:00', 9, '0000-00-00 00:00:00', 0, 0, '姚科(2014-11-18 13:53:32);田猛(2014-11-18 14:50:53);陈军(2014-11-18 15:14:32);韦薇(2014-11-18 15:17:07);曾科(2014-11-21 09:58:07)', './App/Public/Receive/2014-11-18/546ac4344b4af.ceb', '穗金融城办〔2014〕81号.ceb', '2014-11-18 11:59:48', '2014-11-21 13:54:21'),
(442, '2014111403', 'JS201411-016', '无', '关于报送2014年工作总结和2015年工作计划的通知', '区府办', '区府办发来此件，请我委总结2014年工作并做好2015年工作计划。由综合处牵头会各处室办理。', '请姚科跟进。', '2014-11-17 15:10:00', 9, '2014-11-21 17:00:00', 0, 0, '姚科(2014-11-18 13:55:16):我处已于10月下旬将处室总结报送综合处', NULL, NULL, '2014-11-18 12:39:56', '2014-11-18 14:04:05'),
(443, '2014111801', 'JS201411-017', '穗天发改函〔2014〕628号', '关于征求2014年天河区节能专项资金扶持计划草案征求意见稿意见的函', '区发改局', '区发改局发来此件，请我委认真研究，提出书面意见。由综合处牵头会各处室办理。', '请陈军阅处。', '2014-11-18 14:36:00', 9, '2014-11-19 17:30:00', 0, 0, '陈军(2014-11-18 17:20:47):我处无意见，已知会综合处', './App/Public/Receive/2014-11-18/546aeade29832.tif', '穗天发改函〔2014〕628号.tif', '2014-11-18 14:44:46', '2014-11-18 17:21:57'),
(444, '2014111802', 'JS201411-018', '穗土开函〔2014〕941号', '关于申请拆除广州国际金融城起步区违章建筑的函', '市土发中心', '区府办发来此件，林区批示：“卫青同志已在上周四、五组织城管执法局等单位处理完。”此件区府办已呈丘常委阅，由我处阅存。', '传阅。', '2014-11-18 14:36:00', 9, '0000-00-00 00:00:00', 0, 0, '田猛(2014-11-18 15:18:41);姚科(2014-11-18 15:18:48);陈军(2014-11-18 15:20:56);韦薇(2014-11-18 15:23:10);曾科(2014-11-24 09:03:48)', './App/Public/Receive/2014-11-18/546aecfdca966.ceb', '穗土开函〔2014〕941号.ceb', '2014-11-18 14:53:49', '2014-11-24 09:07:19'),
(445, '2014111803', 'JS201411-019', '穗发改函〔2014〕2007号', '关于征求广州市2015年重点建设项目和重点建设预备项目计划（征求意见稿）意见的函', '市发改委', '区府办转来此件，请我委认真研究并提出书面意见。此件由投资处牵头会我处办理。', '请曾科牵头，陈军、小韦阅处。', '2014-11-19 09:58:00', 9, '2014-11-19 11:00:00', 0, 0, '韦薇(2014-11-19 11:33:56);陈军(2014-11-19 13:55:37):我处意见补充金融城起步区AT090913地块、AT090917、AT090918地块3个项目，另外，新华保险大厦项目总投资改为274600万元。已将意见报投资促进处庆伟;曾科(2014-11-21 09:58:16)', './App/Public/Receive/2014-11-19/546c02129afcb.rar', '关于征求广州市2015年重点建设项目和重点建设预备项目计划（征求意见稿）意见的函.rar', '2014-11-19 10:36:02', '2014-11-21 13:56:04');
INSERT INTO `cbd_receive` (`id`, `office_no`, `rec_no`, `article_no`, `title`, `come_from`, `summary`, `struct`, `rec_time`, `rec_person`, `dead_time`, `state`, `write_id`, `deal_info`, `download_name`, `file_name`, `create_time`, `update_time`) VALUES
(446, '2014111806', 'JS201411-020', '穗规〔2014〕2726号', '关于提供万达金融总部拟选址地块规划意见的函', '市规划局', '区府办转来此件，请我委牵头会相关单位认真研究并提出意见。由我处牵头会投资处办理。', '请曾科、田猛阅处。', '2014-11-19 09:24:00', 9, '2014-11-21 11:00:00', 0, 147, '田猛(2014-11-27 17:05:18):已根据常委批示修改并送至区府办;曾科(2014-11-28 10:58:23)', './App/Public/Receive/2014-11-19/546c0cd040d5b.rar', '广州市规划局关于提供万达金融总部拟选址地块规划意见的函.rar', '2014-11-19 11:21:52', '2014-11-28 11:18:04'),
(447, '2014111902', 'JS201411-021', '无', '南方都市报《CBD TIMES》合作协议', '区委宣传部', '区委宣传部发来此件，童常委批示：“征求CBD管委会相关同志意见后，呈丘卫青常委阅示。”此件由综合处牵头征求各处室意见。', '请曾科、小韦阅处。', '2014-11-19 14:44:00', 9, '2014-11-21 17:30:00', 0, 0, '韦薇(2014-11-20 09:53:32):已报综合处苏中文，我处无修改意见;曾科(2014-11-21 09:58:22)', NULL, NULL, '2014-11-19 14:48:00', '2014-11-21 13:57:47'),
(448, '2014111805', 'JS201411-022', '团穗函〔2014〕304号', '关于根据广州市重大城建项目公众咨询监督委员会提出的意见补充各区新（扩）建少年宫选址工作材料的函', '团市委', '区府办转来此件，请我委按要求配合做好相关工作。由我处阅处。', '请田猛阅处。', '2014-11-24 09:31:00', 9, '0000-00-00 00:00:00', 0, 0, '田猛(2014-11-24 11:13:14):配合区教育局做好相关工作', './App/Public/Receive/2014-11-24/54728f2bd8cfb.tif', '团穗函[2014]304号.tif', '2014-11-24 09:51:39', '2014-11-24 11:15:02'),
(449, '2014112104', 'JS201411-023', '督字〔2014〕1095号', '市委常委会议决定事项督办通知书', '市委督查室', '区府办转来此件，请我委梳理我市发展需要争取的政策和需要支持的事项，并填写汇总表汇总至区发改局。此件由综合处牵头会各处室办理。', '传阅。请曾科牵头、小韦阅处。', '2014-11-24 09:31:00', 9, '2014-11-25 17:30:00', 0, 0, '田猛(2014-11-24 11:13:22);姚科(2014-11-24 11:25:38);陈军(2014-11-24 11:32:13);韦薇(2014-11-24 15:57:04):已将相关情况以表格形式汇总至综合处苏中文，表格附后;曾科(2014-11-26 15:19:15)', './App/Public/Receive/2014-11-24/54729002dd015.rar', '市委常委会议决定事项督办通知书.rar', '2014-11-24 09:55:14', '2014-11-26 15:41:43'),
(450, '2014111808', 'JS201411-024', '城建〔2014〕953号', '市府办公厅转广东振戎能源有限公司《关于申请总部基地建设用地的报告》（文件处理表）', '市府办', '区府办转来此件，林区批示：“请笑娟通知协调CBD管委会，能否介绍振戎能源与有意投金融城总部企业一起参与其总部地块的招标。”请我委配合区经贸局对接该公司做好相关工作。此件由投资处牵头会我处跟进办理。', '传阅。请姚科跟进。', '2014-11-24 09:31:00', 9, '0000-00-00 00:00:00', 0, 0, '田猛(2014-11-24 11:14:18);陈军(2014-11-24 11:32:06);韦薇(2014-11-24 14:19:51);曾科(2014-11-26 15:18:27);姚科(2014-12-31 11:24:11)', './App/Public/Receive/2014-11-24/547292999cc99.rar', '市府办公厅转广东振戎能源有限公司《关于申请总部基地建设用地的报告》（文件处理表）.rar', '2014-11-24 10:06:17', '2015-01-04 09:20:35'),
(451, '2014112401', 'JS201411-025', '无', '2015年预算“一下”批复情况表', '区财政局', '区财政局发来此件，请我委认真研究，对有异议事项提出意见并反馈至区财政局。由综合处牵头会各处室办理。', '请曾科、小韦阅处。', '2014-11-24 11:25:00', 9, '2014-11-25 12:00:00', 0, 0, '韦薇(2014-11-25 13:53:36):经研究，我处无调整计划;曾科(2014-11-26 15:18:38)', NULL, NULL, '2014-11-24 15:58:40', '2014-11-26 15:43:39'),
(452, '2014112402', 'JS201411-026', '建华批〔2014〕5656号', '陈建华市长在《关于金融城起步区棠下新墟村民住宅复建安置房开工事宜的报告》上的批示', '市府办', '区府办发来此件，陈市长在《报告》（穗金融城办〔2014〕80号）批示：“请各单位加快进度，确保回迁承诺落实。”此件区府办已复印呈丘常委阅，由我处阅处。', '传阅。请曾科、陈军跟进跟紧。要一份《工程进度表》及清晰的后附表格，以利跟踪。', '2014-11-24 17:15:00', 9, '0000-00-00 00:00:00', 0, 0, '田猛(2014-11-25 08:58:25);韦薇(2014-11-25 10:04:32);陈军(2014-11-25 10:46:40);曾科(2014-11-26 15:19:32);姚科(2014-11-26 17:10:19)', './App/Public/Receive/2014-11-24/5472fccf703d1.rar', '陈建华市长在《关于金融城起步区棠下新墟村民住宅复建安置房开工事宜的报告》上的批示.rar', '2014-11-24 17:39:27', '2014-11-26 17:11:38'),
(453, '2014112408', 'JS201411-027', '穗发改函〔2014〕2058号', '关于进一步做好我市“十三五”规划基本思路深化研究有关工作的通知', '市发改委', '区府办转来此件，陈如桂常务副市长批示：“同意。请有关单位积极配合好。”此件由企服处牵头会投资处及我处办理。', '请曾科牵头阅处。', '2014-11-25 09:08:00', 9, '2014-11-25 16:00:00', 0, 0, '韦薇(2014-11-25 09:59:09);陈军(2014-11-25 11:28:04);曾科(2014-11-26 15:18:57);田猛(2014-11-26 17:04:11);姚科(2014-11-26 17:10:05):已将相关材料报送企服处', './App/Public/Receive/2014-11-25/5473da3f3fb5a.rar', '关于进一步做好我市“十三五”规划基本思路深化研究有关工作的通知.rar', '2014-11-25 09:24:15', '2014-11-26 17:10:58'),
(454, '2014112406', 'JS201411-028', '无', '关于进一步加强改革信息报送工作的通知', '区委改革办', '区委改革办发来此件，请我委结合今后工作报送改革信息，改革信息纳入区委办对各单位信息工作的得分统计与考核，并定期汇编成册和通报。此件由协调处牵头会各处室跟进办理。', '传阅。请小韦阅处。', '2014-11-26 09:09:00', 9, '0000-00-00 00:00:00', 0, 0, '田猛(2014-11-27 16:44:46);韦薇(2014-11-27 17:06:15);陈军(2014-11-27 17:06:15);姚科(2014-11-28 09:16:05);曾科(2014-11-28 10:58:13)', NULL, NULL, '2014-11-26 09:34:34', '2014-11-28 11:15:25'),
(455, '2014112409', 'JS201411-029', '无', '关于报送2014年改革工作总结和明年工作计划的通知', '区委改革办', '区委改革办发来此件，请我委总结2014年改革工作并提出2014年改革计划，反馈至区发改局。另该办将于近期前往相关部门调研，具体事宜将另行电话通知。此件由综合处牵头会各处室跟进办理。', '传阅。请姚科阅处。（曾科代）', '2014-11-26 09:09:00', 9, '2014-11-28 17:30:00', 0, 0, '田猛(2014-11-26 17:04:48);韦薇(2014-11-26 17:10:52);陈军(2014-11-27 11:50:33);曾科(2014-11-28 10:58:56);姚科(2014-11-28 17:43:47):已将相关情况报送综合处', './App/Public/Receive/2014-11-26/54752f1a3d8d7.pdf', '改革工作总结和明年工作计划的通知.pdf', '2014-11-26 09:38:34', '2014-11-28 17:45:04'),
(456, '2014112501', 'JS201411-030', '穗规天河〔2014〕1014号', '关于征求天河区2014规划梳理及实施评估中期成果意见的函', '区规划分局', '区规划分局发来此件，请我委认真研究并提出意见。此件由我处牵头会投资处跟进办理，报送前呈常委审定。', '请田猛阅处。（曾科代）', '2014-11-26 09:09:00', 9, '2014-11-27 17:30:00', 0, 148, '田猛(2014-11-27 17:06:20):已送至区规划分局', './App/Public/Receive/2014-11-26/547530441a3c1.rar', '天河区2014年规划梳理及实施评估.rar', '2014-11-26 09:43:32', '2014-11-27 17:13:40'),
(457, '2014112407', 'JS201411-031', '穗府会纪〔2014〕276号', '关于广州国际金融城和琶洲西区建设工作的会议纪要', '市府办', '区府办转来此件，已呈丘常委阅。由投资处阅知，我处阅存。', '传阅。', '2014-11-26 09:09:00', 9, '0000-00-00 00:00:00', 0, 0, '田猛(2014-11-27 16:45:56);陈军(2014-11-27 17:06:09);韦薇(2014-11-27 17:14:40);姚科(2014-11-28 09:15:58);曾科(2014-11-28 10:58:36)', './App/Public/Receive/2014-11-26/5475328dd30a0.rar', '关于广州国际金融城和琶洲西区建设工作的会议纪要.rar', '2014-11-26 09:53:17', '2014-11-28 11:17:22'),
(458, '2014112604', 'JS201411-032', '建四函字〔2014〕28号', '关于申请总部用地的请示', '中建四局', '区委办转来此件，林区批示：“很好，鉴于中建华南总部拟建设超高层的总部大楼，建议转请CBD管委会负责对接，呈石书记批示。”石书记批示：“同意道平同志的意见。”丘常委批示：“请建开处准备好地块资料（包括金融城二期和初步规划），下周约对方拜访一次。”由投资处牵头，我处协助。', '传阅。请田猛阅处。', '2014-11-27 14:00:00', 9, '0000-00-00 00:00:00', 0, 0, '韦薇(2014-11-27 15:43:42);陈军(2014-11-27 15:50:01);姚科(2014-11-28 09:21:34);曾科(2014-11-28 17:45:47);田猛(2014-12-01 16:26:27)', './App/Public/Receive/2014-11-27/5476c0640a339.pdf', '关于申请总部用地的申请.pdf', '2014-11-27 14:10:44', '2014-12-01 16:27:10'),
(459, '2014112603', 'JS201411-033', '无', '林区长和丘常委在《广州市土地开发中心关于申请拆除广州国际金融城起步区违章建筑的函》上的批示', '区府办', '区府办发来此件，请我委配合区城管执法分局梳理金融城起步区市土发中心已收储地块范围内违建情况。丘常委批示：“建议以区政府办名义复市土发中心，同时提出在本区范围内，尚有多块该中心已收储管理的地块（主要在员村街）存在违建现象，请该中心组织自拆。妥否，呈林区长、金卫副区长批示。”林区长批示：“同意卫青同志意见。”此件区府办已呈丘常委阅，由我处跟进办理。', '传阅。请姚科阅处。（曾科代）', '2014-11-27 14:00:00', 9, '2014-11-27 17:30:00', 0, 151, '韦薇(2014-11-27 15:42:53);陈军(2014-11-27 15:43:00);田猛(2014-11-27 16:46:23);曾科(2014-11-28 17:38:46);姚科(2014-11-28 17:43:19):已去函区城管执法分局', './App/Public/Receive/2014-11-27/5476c217732c6.rar', '林区长和丘常委在《广州市土地开发中心关于申请拆除广州国际金融城起步区违章建筑的函》上的批示.rar', '2014-11-27 14:17:59', '2014-11-28 17:43:40'),
(460, '2014112701', 'JS201411-034', '无', '关于接待香港信合集团天河区考察团的通知', '区府办', '区府办发来此件，香港信合集团工程合约联席董事陈德发先生一行4人拟于今天下午到我委参观并考察金融城现场，陈祖进副区长全程陪同，请我委安排1名分管负责人陪同考察。由全处陪同，我处负责联系落实金融城考察点，综合处牵头投资处及我处做好相关接待工作。', '请姚科阅处。（曾科代）', '2014-11-27 10:23:00', 9, '2014-11-27 17:30:00', 0, 0, '姚科(2014-11-28 09:17:07):已做好相关接待工作', './App/Public/Receive/2014-11-27/5476d33e62680.rar', '关于接待香港信合集团天河区考察团的通知.rar', '2014-11-27 15:31:10', '2014-11-28 09:21:24'),
(461, '2014112702', 'JS201411-035', '无', '关于报送2015年以区委、区政府名义召开的全区性会议和重要政务活动安排的通知', '区委办', '区委办发来此件，请我委梳理2015年1-12月期间拟以区委、区政府名义和单独以区委、区政府名义召开的全区性会议、重要政务活动，并填写附表。此件由综合处牵头会各处室办理，报送前呈丘常委审定。', '传阅。请小韦阅处。（曾科代）', '2014-11-28 08:59:00', 9, '2014-12-10 17:00:00', 0, 0, '姚科(2014-11-28 09:17:25);曾科(2014-11-28 10:59:04);田猛(2014-11-28 11:21:44);陈军(2014-11-28 14:03:05);韦薇(2014-11-28 17:42:16):已报综合处苏中文，我处无内容报送', NULL, NULL, '2014-11-28 09:07:20', '2014-11-28 17:43:01'),
(462, '2014112703', 'JS201411-036', '无', '关于报送2015年春节前后重大会议、活动安排的通知', '区委办', '区委办发来此件，请我委梳理2014年12月15日至2015年3月5日期间主办的重大会议、活动并填写附表。此件由综合处牵头会各处室办理，报送前呈丘常委审定。', '传阅。请小韦阅处。（曾科代）', '2014-11-28 08:59:00', 9, '2014-12-03 17:00:00', 0, 0, '姚科(2014-11-28 09:17:15);曾科(2014-11-28 10:59:09);田猛(2014-11-28 11:21:40);陈军(2014-11-28 14:02:58);韦薇(2014-11-28 17:42:06):已报综合处苏中文，我处无内容报送', NULL, NULL, '2014-11-28 09:08:57', '2014-11-28 17:42:23'),
(463, '2014112802', 'JS201411-037', '穗发改函〔2014〕1951号', '关于做好我市新能源汽车产业发展研究工作的函', '区府办', '区府办转来此件及区发改局牵头会各单位研究提出的意见，请我委认真研究并提出意见。由综合处牵头会各处室办理。张主任批示：“照拟，并请投资处询特斯拉公司，看是否有相关情况及建议可以补充。”', '请田猛阅处。（曾科代）', '2014-11-28 16:28:00', 9, '2014-12-02 17:30:00', 0, 0, '田猛(2014-11-28 17:46:28):我处无相关资料报送', './App/Public/Receive/2014-11-28/547836a5273f5.rar', '关于做好我市新能源汽车产业发展研究工作的函.rar', '2014-11-28 16:47:33', '2014-11-28 17:49:28'),
(464, '2014112801', 'JS201412-001', '穗天府会纪〔2014〕76号', '关于进一步做好广州国际金融城、华美地块和“城中村”改造项目法人在地统计工作会议的纪要', '区府办', '区府办发来此件，议定由我委牵头，区经贸局、建水局、统计局、国土分局、员村街配合，促进金融城有关开发企业尽快设立入驻天河的项目公司或将已在外地设立的项目公司迁入天河；跟进市金融办关于金融机构设立项目公司的补充规定，及时促使符合条件的金融机构设立入驻天河的项目公司。张主任批示：“建议：金融城项目纳入在地统计工作，今后是否统一由企服处牵头，建开处、投资处协助？呈丘常委阅示。”丘常委批示：“同意海波通知意见，做好配合，做好交接。”', '传阅。（曾科代）', '2014-12-01 09:31:00', 9, '0000-00-00 00:00:00', 0, 0, '韦薇(2014-12-01 09:51:08);陈军(2014-12-01 10:25:47);田猛(2014-12-01 10:30:05);曾科(2014-12-01 17:12:58);姚科(2014-12-01 17:33:45)', './App/Public/Receive/2014-12-01/547bc86d5119d.ceb', '项目法人在地统计工作会议的纪要.ceb', '2014-12-01 09:46:21', '2014-12-01 17:34:20'),
(465, '2014112803', 'JS201412-002', '穗天政务函〔2014〕20号', '关于开展天河区政务服务中心行政审批管理平台需求调研的通知', '区科信局', '区科信局发来此件，该局与区政务办将于近期到我委开展行政审批业务和系统需求的专项调研工作。我委需安排熟悉审批备案服务事项及系统的业务骨干参与调研，于调研前准备“五证联办”等与审批业务相关的书面材料；对此件内容提出相关针对性意见。此件由企服处牵头会各处室办理。', '请田猛、小韦阅处。（曾科代）', '2014-12-01 14:58:00', 9, '2014-12-02 17:30:00', 0, 0, '韦薇(2014-12-02 14:01:39);田猛(2014-12-04 09:17:22):我处无相关需求情况报送', './App/Public/Receive/2014-12-01/547c139b8fd01.rar', '关于开展天河区政务服务中心行政审批管理平台需求调研的通知.rar', '2014-12-01 15:07:07', '2014-12-04 09:21:10'),
(466, '2014120201', 'JS201412-003', '穗公消〔2014〕202号', '关于征求《广州市微型消防站业务技能大比武竞赛方案（征求意见稿）》修改意见的通知', '市公安消防局', '区府办转来此件，请我委认真研究并提出意见。由综合处牵头会各处室办理。', '请小韦阅处。（曾科代）', '2014-12-02 09:58:00', 9, '2014-12-03 17:00:00', 0, 0, '韦薇(2014-12-02 11:58:07):已报综合处苏中文，我处无意见', './App/Public/Receive/2014-12-02/547d34c98bfd7.ceb', '穗公消〔2014〕202号.ceb', '2014-12-02 11:40:57', '2014-12-02 11:58:14'),
(467, '2014120104', 'JS201412-004', '穗天改革办〔2014〕1号', '关于规范我区改革文件办理程序的通知', '区改革办', '区改革办发来此件，拟转各处长阅，综合处牵头会各处室跟进办理。', '传阅。（曾科代）', '2014-12-02 11:32:00', 9, '0000-00-00 00:00:00', 0, 0, '韦薇(2014-12-02 11:52:19);陈军(2014-12-02 14:05:28);曾科(2014-12-02 14:06:09);田猛(2014-12-02 14:11:06);姚科(2014-12-02 14:26:30)', NULL, NULL, '2014-12-02 11:48:59', '2014-12-02 14:26:54'),
(468, '2014120302', 'JS201412-005', '城建〔2014〕1108号', '关于请求尽早启动省安装公司员村一横路地块招拍挂工作的函', '广东省建筑工程集团有限公司', '区府办转来此件，已复印呈丘常委阅。由我处阅处。', '传阅。请姚科阅处。（曾科代）', '2014-12-05 15:29:00', 9, '0000-00-00 00:00:00', 0, 0, '韦薇(2014-12-05 16:03:28);田猛(2014-12-05 16:34:29);陈军(2014-12-05 17:09:41);曾科(2014-12-08 10:07:16);姚科(2014-12-31 11:23:50)', './App/Public/Receive/2014-12-05/548166ab8d324.rar', '关于请求尽早启动省安装公司员村一横路地块招拍挂工作的函.rar', '2014-12-05 16:02:51', '2015-01-04 09:22:30'),
(469, '2014120301', 'JS201412-006', '无', '关于出席广州——法兰克福经贸交流会及相关事宜的函', '市外经贸局', '市外经贸局发来此件，请我委配合做好以下工作：1.派一名负责人出席会议并于会上推介金融城，填写参会回执；2.邀请五家有关行业或有兴趣的企业机构参会。此件由投资处牵头会我处办理。张主任批示：“速呈常委阅示。我委谁在会上推介金融城，也请常委指示。拟由投资处先准备推介PPT（英文版）。”丘常委批示：“请小敏通知参加并直接用英文推介。”', '传阅。请田猛做好配合工作。（曾科代）', '2014-12-03 09:48:00', 9, '2014-12-03 17:30:00', 0, 0, '韦薇(2014-12-05 16:25:51);姚科(2014-12-05 16:26:53);田猛(2014-12-05 16:34:36);陈军(2014-12-05 17:09:32);曾科(2014-12-08 10:07:07)', './App/Public/Receive/2014-12-05/54816bdcf0922.rar', '广州市外经贸局关于出席广州——法兰克福经贸交流会及相关事宜的函.rar', '2014-12-05 16:25:00', '2014-12-08 10:16:00'),
(470, '2014120805', 'JS201412-007', '无', '石奇珠、林道平同志在区委八届七次全会上的讲话（征求意见稿）', '区委办', '区委办发来此件，请我委认真研究并提出意见。此件由综合处牵头会各处室办理。', '请曾科牵头阅处。', '2014-12-09 11:50:00', 9, '2014-12-09 15:00:00', 0, 0, '陈军(2014-12-09 11:55:39);韦薇(2014-12-09 14:52:42);曾科(2014-12-10 09:26:12);田猛(2014-12-10 09:45:21);姚科(2014-12-10 09:45:34):我处无修改意见，已反馈综合处', NULL, NULL, '2014-12-09 11:52:46', '2014-12-10 09:49:44'),
(471, '2014120802', 'JS201412-008', '穗府督字〔2014〕43号', '关于开展2014年市政府重要工作部署落实情况年终检查的通知', '市府督查室', '区府办转来此件，市府督查室对2014年市政府重要工作部署落实情况进行全面检查，请我委做好以下工作：1.按要求整理工作台账，做好迎检准备；2.根据附表内容填报全年进展情况并报送牵头单位；3.梳理我委落实承办任务的总体情况，形成800字以内的工作总结并书面报送区府办。此件由综合处牵头会投资处、企服处及我处办理。', '请曾科牵头阅处。', '2014-12-09 11:57:00', 9, '2014-12-17 12:00:00', 0, 0, '田猛(2014-12-10 10:36:01);韦薇(2014-12-15 15:08:27);姚科(2014-12-15 15:17:27):已将相关材料报送综合处;陈军(2014-12-15 15:33:24);曾科(2014-12-23 15:10:51)', './App/Public/Receive/2014-12-09/548673b018cf6.rar', '关于开展2014年市政府重要工作部署落实情况年终检查的通知.rar', '2014-12-09 11:59:44', '2014-12-23 15:16:54'),
(472, '2014120501', 'JS201412-009', '无', '中共天河区委宣传部关于做好党的十八届四中全会精神学习宣讲工作的通知', '区委宣传部', '区委宣传部发来此件，请我委按要求开展学习宣讲活动，并将宣讲情况报送至区委宣传部。由综合处牵头会各处室跟进办理。', '传阅。', '2014-12-08 14:38:00', 9, '2014-12-23 17:30:00', 0, 0, '韦薇(2014-12-10 09:27:08);田猛(2014-12-10 10:33:27);姚科(2014-12-10 11:03:26);陈军(2014-12-10 14:16:17);曾科(2014-12-12 16:58:06)', NULL, NULL, '2014-12-09 15:03:41', '2014-12-12 17:04:00'),
(473, '无', 'JS201412-010', '委务会纪〔2014〕13号', '管委会委务会议纪要（11月18日）', '综合处', '一、会议听取了综合处关于管委会2015年公务员录用计划的汇报并进行了讨论；二、会议听取了投资处关于区领导赴香港上门招商推介活动方案的汇报并进行了讨论；三、会议听取了投资处关于订购50个羊城织锦卷轴画和50个海上丝绸之路卷轴画事宜的汇报并进行了讨论；四、会议听取了投资处关于与深圳市粤港直通广告有限公司合作发行“Let''s Go”广州国际金融城专版项目的汇报并进行了讨论；五、会议听取了综合处关于管委会2014年工作总结和2015年工作计划的汇报并进行了讨论。', '传阅，存档。', '2014-12-09 16:11:00', 9, '0000-00-00 00:00:00', 0, 0, '曾科(2014-12-10 09:26:05);韦薇(2014-12-10 09:26:57);田猛(2014-12-10 10:33:22);姚科(2014-12-10 11:03:20);陈军(2014-12-10 14:07:08)', NULL, NULL, '2014-12-09 16:12:49', '2014-12-10 14:19:38'),
(474, '2014120804', 'JS201412-011', '穗天发改〔2014〕667号', '关于再次征求2015天河区重点建设项目计划意见的函', '区发改局', '区发改局发来此件，请我委做好以下工作：1.核实附表中的项目资料信息；2.再次树立明年重点工作中设计的项目情况，如有遗漏项目可在指定附表中补充。此件由投资处牵头会我处办理。', '请陈军阅处。', '2014-12-08 10:00:00', 9, '2014-12-10 17:30:00', 0, 0, '陈军(2014-12-11 09:29:02):经核对，调整金融城绿地中心项目建设起止年限、总投资额、累计完成投资额等信息，其他无意见。已将此意见反馈给投资促进处林志成', './App/Public/Receive/2014-12-11/5488eb0f56ca8.xls', '年重点建设项目计划表11-13.xls', '2014-12-11 08:53:35', '2014-12-11 09:57:18'),
(475, '2014121102', 'JS201412-012', '平不动产函〔2014〕5号', '关于征求对广州国际金融城起步区AT090940地块公共服务配套设施意见的函', '平安不动产有限公司', '平安发来此件（内含方案图），根据我处出具的意见（穗天商管建〔2014〕61号），就AT090940地块建设项目公共服务配套设施进行调整落实并征求我委意见。此件由我处办理并函复该司。', '请曾科、田猛阅处。', '2014-12-11 14:51:00', 9, '0000-00-00 00:00:00', 0, 160, '田猛(2015-01-07 10:45:05):已发给平安不动产并抄送市规划局;曾科(2015-01-07 11:25:50)', './App/Public/Receive/2014-12-11/54893f6935a6a.pdf', '广州平安金融城技术图纸2014.12.09.pdf', '2014-12-11 14:53:29', '2015-01-07 11:54:13'),
(476, '无', 'JS201412-013', '委务会纪〔2014〕14号', '管委会委务会议纪要（12月2日）', '综合处', '一、会议听取了综合处关于管委会科级领导职位选拔任用启动工作的汇报并进行了讨论；二、会议听取了综合处关于讨论陈卉同志任公共事务协调处副处长试用期满转正工作的汇报并进行了讨论；三、会议听取了综合处关于田猛、温妍捷同志公务员试用期满转正定级工作的汇报并进行了讨论；四、会议听取了综合处关于2015年天河中央商务区管委会部门预算“二上”调整工作的汇报并进行了讨论；五、会议听取了企业服务处关于管委会2015年度购买政府事物服务采购中标确认函的汇报。', '传阅，存档。', '2014-12-11 15:12:00', 9, '0000-00-00 00:00:00', 0, 0, '韦薇(2014-12-11 15:18:04);陈军(2014-12-11 15:44:23);田猛(2014-12-11 16:27:46);曾科(2014-12-12 09:20:28);姚科(2014-12-12 09:21:57)', NULL, NULL, '2014-12-11 15:14:19', '2014-12-12 09:22:36'),
(477, '2014121101', 'JS201412-014', '穗天财请〔2014〕26号', '关于协调解决我区代垫的广州国际金融城规划组织工作经费的请示', '区财政局', '区财政局发来此件，由我处阅处。', '请曾科、田猛、小韦阅。', '2014-12-16 16:12:00', 9, '0000-00-00 00:00:00', 0, 0, '曾科(2014-12-12 09:20:45);韦薇(2014-12-12 11:13:05);田猛(2014-12-12 15:49:51)', './App/Public/Receive/2014-12-11/548954873ae48.tif', '际金融城规划组织工作经费的请示.tif', '2014-12-11 16:23:35', '2014-12-12 16:56:04'),
(478, '2014121202', 'JS201412-015', '穗外经贸促函〔2014〕76号', '广州市外经贸局关于协助提供有关招商推介素材的函', '市外经贸局', '区府办转来此件，请我委按要求提供天河中央商务区及国际金融城的简介报至区经贸局汇总。此件由综合处牵头会投资处、企服处及我处办理。', '请曾科牵头阅处。', '2014-12-12 09:42:00', 9, '2014-12-12 17:30:00', 0, 0, '韦薇(2014-12-12 15:24:11);陈军(2014-12-12 16:37:09);田猛(2014-12-12 16:37:36);姚科(2014-12-12 16:57:19):已将相关资料报送综合处;曾科(2014-12-12 16:57:51)', './App/Public/Receive/2014-12-12/548a85dfad9f6.ceb', '穗外经贸促函〔2014〕76号.ceb', '2014-12-12 14:06:23', '2014-12-12 16:58:48'),
(479, '2014121204', 'JS201412-016', '无', '关于做好2014年政府信息公开年度报告编制发布工作的通知', '区政务办', '区政务办发来此件，请我委按要求编制政府信息公开年度报告，并填写附表2。此件由综合处牵头会各处室办理。', '请小韦阅处。', '2014-12-15 15:34:00', 9, '2014-12-31 17:30:00', 0, 0, '韦薇(2014-12-30 17:35:17):已报综合处郑会鹏，我处无内容需报送', './App/Public/Receive/2014-12-15/548e9a272c44f.doc', '公开年度报告编制发布工作的通知.doc', '2014-12-15 16:21:59', '2014-12-30 17:35:36'),
(480, '2014121503', 'JS201412-017', '穗天财请〔2014〕26号', '林区在《关于协调解决我区代垫的广州国际金融城规划工作经费的请示》的批示', '区府办', '林区在《关于协调解决我区代垫的广州国际金融城规划工作经费的请示》上的批示。', '请曾科、田猛、小韦阅。', '2014-12-15 17:20:00', 4, '0000-00-00 00:00:00', 0, 0, '田猛(2014-12-22 08:55:49);韦薇(2014-12-22 10:43:54);曾科(2014-12-22 11:28:04)', NULL, NULL, '2014-12-16 10:47:47', '2014-12-22 11:28:56'),
(481, '2014121203', 'JS201412-018', '无', '广东万穗金融中心项目说明书', '广州花都万穗小额贷款有限公司', '区府办发来此件，该司拟在珠江新城建万穗金融中心，用地面积13000平方米，地上规划总建面约7万平方米，总投资额近10亿元。林区批示：“可请CBD管委会先约见，了解情况，争取落户。”丘常委批示：“照拟，并请建开处了解其项目的具体选址是哪一个地块？”此件由投资处跟进办理。', '请曾科牵头阅处。跟进常委指示事项。', '2014-12-17 11:00:00', 9, '0000-00-00 00:00:00', 0, 0, '曾科(2014-12-22 11:23:46):经与花都万穗小额贷款有限公司邢岱斌总经理（13822963333）联系，了解以下情况：1、该公司意向选址珠江新城，希望购地自建项目；2、该公司面积需求：用地面积1.3万平方米，建筑面积7万平方米；3、该公司对广州国际金融城情况不了解;田猛(2014-12-22 14:00:26);韦薇(2014-12-23 09:04:49);陈军(2014-12-23 09:57:23);姚科(2014-12-23 14:11:10)', NULL, NULL, '2014-12-22 10:33:31', '2014-12-23 15:15:31'),
(482, '2014121201', 'JS201412-019', '穗天交函〔2014〕97号', '关于印送《广州市天河区交通发展规划（2013-2030年）》的函', '区交通局', '区交通局发来此件，由协调处及我处阅知。张主任批示：“也请投资处阅知。交通规划是重要的招商推介信息。”', '传阅。', '2014-12-22 08:45:00', 9, '0000-00-00 00:00:00', 0, 0, '田猛(2014-12-22 14:00:20);陈军(2014-12-22 14:20:18);韦薇(2014-12-22 14:22:47);姚科(2014-12-22 16:16:39);曾科(2014-12-23 15:11:10)', NULL, NULL, '2014-12-22 10:37:39', '2014-12-23 15:18:09'),
(483, '2014121905', 'JS201412-020', '穗金融城办〔2014〕85号', '关于征求上报《关于开展征求广州国际金融城招商工作有关事项的请示》意见的函', '市金融城办', '区府办发来此件，请我委牵头会相关单位认真研究，提出意见，并代拟复市文稿。此件已由区府办呈丘常委阅，由投资处牵头会我处办理，报送前呈丘常委审定。', '请曾科牵头阅处。', '2014-12-22 09:05:00', 9, '2014-12-24 17:30:00', 0, 0, '陈军(2014-12-22 11:30:41);陈军(2014-12-22 11:30:51);韦薇(2014-12-23 11:46:53);姚科(2014-12-23 15:22:15);田猛(2014-12-25 16:00:35);曾科(2014-12-25 16:09:37)', './App/Public/Receive/2014-12-22/549784f77f996.ceb', '穗金融城办〔2014〕85号.ceb', '2014-12-22 10:41:59', '2014-12-25 16:11:20'),
(484, '2014122303', 'JS201412-021', '穗国房函〔2014〕2519号', '市国土房管局关于征求《广州市2015年建设用地供应计划（征求意见稿）》意见的函', '市国土房管局', '区府办转来此件（预报件），请我委认真研究并提出意见。此件由我处办理。', '请曾科、姚科阅处，注意金融城土地是否纳入出让计划。', '2014-12-23 11:21:00', 9, '2014-12-23 12:00:00', 0, 153, '曾科(2014-12-23 15:10:58);姚科(2014-12-23 15:21:59):无意见，已反馈区国土房管分局', './App/Public/Receive/2014-12-23/54991523eff55.rar', '市国土房管局关于征求《广州市2015年建设用地供应计划（征求意见稿）》意见的函.rar', '2014-12-23 15:09:24', '2014-12-23 15:22:33'),
(485, '2014122302', 'JS201412-022', '其他〔2014〕1685号', '广东保监局关于协请接待中国保监会调研组的函', '广东保监局', '区府办转来此件，中国保监会副主席陈文辉一行4人定于12月24日上午9:50到我委考察。拟请张主任、全处、陈处全程陪同。此件由综合处牵头会投资处及我处做好相关接待工作。', '阅。', '2014-12-23 15:00:00', 9, '0000-00-00 00:00:00', 0, 0, '韦薇(2014-12-24 11:13:24)', NULL, NULL, '2014-12-23 15:39:24', '2014-12-24 11:13:30'),
(486, '2014122304', 'JS201412-023', '无', '关于到天河中央商务区学习考察的函', '番禺区委全面深化改革领导小组办公室', '区委办转来此件，番禺区委办副主任、区委改革办负责人孙伟一行6人定于12月24日上午9:00到我委考察。拟请邹处、投资处、企服处及我处一名工作人员全程陪同。', '请曾科陪同。', '2014-12-23 15:00:00', 9, '0000-00-00 00:00:00', 0, 0, '曾科(2014-12-24 14:11:41):综合处邹学飘处长、企服处林穗生副处长、投资促进处小温、小邓参加会见，并就CBD建设开发情况，运营管理情况进行了交流探讨', NULL, NULL, '2014-12-23 15:41:51', '2014-12-24 16:23:02'),
(487, '2014121904', 'JS201412-024', '无', '区领导在《关于香港信合集团考察天河区的情况报告》', '区府办', '区府办发来此件，由区经贸局报告，林区批示：“请CBD管委会及经贸局继续跟踪好。”拟转投资处阅处，我处阅知。此件已由区府办复印呈丘常委阅。', '传阅。', '2014-12-23 17:30:00', 9, '0000-00-00 00:00:00', 0, 0, '韦薇(2014-12-24 09:17:25);曾科(2014-12-24 14:11:52);田猛(2014-12-24 15:08:49);陈军(2014-12-24 16:19:56);姚科(2014-12-24 16:22:18)', './App/Public/Receive/2014-12-24/549a120b67d17.rar', '区领导在《关于香港信合集团考察天河区的情况报告》.rar', '2014-12-24 09:08:27', '2014-12-24 16:23:54'),
(488, '2014121805', 'JS201412-025', '穗天府法征〔2014〕14号', '关于征求《广州市天河区2014年依法行政考核方案（征求意见稿）》意见的函', '区法制办', '区法制办发来此件，请我委认真研究。由综合处牵头会各处室办理。', '请小韦阅处。', '2014-12-23 17:30:00', 9, '2014-12-26 12:00:00', 0, 0, '韦薇(2014-12-25 14:59:53):已报综合处苏中文，我处无修改意见', './App/Public/Receive/2014-12-24/549a13ac61424.doc', '穗天府法征〔2014〕14号.doc', '2014-12-24 09:15:24', '2014-12-25 15:00:17'),
(489, '2014121601', 'JS201412-026', '穗天府法〔2014〕20号', '关于报送2015年度天河区政府重大行政决策事项计划目录的通知', '区法制办', '区法制办发来此件，请我委按要求梳理拟纳入区政府决策目录的议题事项（不得少于一项，一般不超过三项），并填写附表。此件由综合处牵头会各处室办理。', '请小韦阅处。', '2014-12-24 10:26:00', 9, '2014-12-29 17:30:00', 0, 0, '韦薇(2014-12-25 14:59:31):已报综合处苏中文，我处无内容需报送', './App/Public/Receive/2014-12-24/549a2be921ddb.docx', '穗天府法〔2014〕20号.docx', '2014-12-24 10:58:49', '2014-12-25 15:00:45'),
(490, '2014122306', 'JS201412-027', '无', '关于报送2014年工作总结和2015年计划的函', '区推进黄金岸线建设工作联席会议办公室', '区建水局转来此件，请我委配合做好以下工作：1.对珠江黄金岸线建设的相关情况进行总结及提出2015年工作计划和推进工作的主要措施，并提供相关项目建设进展情况图片；2.填写附表1、附表2。此件由我处办理。', '请小韦阅处。', '2014-12-24 11:01:00', 9, '2014-12-26 17:30:00', 0, 155, '韦薇(2014-12-29 09:08:57):已将复函发至建水局计划科', './App/Public/Receive/2014-12-24/549a2f2e8c60a.rar', '天河区推进珠江黄金岸线建设工作联席会议办公室关于报送2014年工作总结和2015年工作计划的函.rar', '2014-12-24 11:12:46', '2014-12-29 09:13:09'),
(491, '2014122401', 'JS201412-028', '穗天发改函〔2014〕710号', '关于提供珠江黄金岸线产业转型升级2014年工作总结和2015年工作计划相关材料的函', '区发改局', '区府办转来此件，请我委对2014年珠江黄金岸线产业转型升级有关情况进行总结，提出2015年工作计划，并填写附表2。此件由企服处牵头会我处办理。', '请曾科牵头，小韦阅处。', '2014-12-24 16:10:00', 9, '2014-12-25 17:30:00', 0, 0, '曾科(2014-12-25 16:09:46);韦薇(2014-12-25 16:25:16):已将附件2表格发给企服处杨阳，表格附后', './App/Public/Receive/2014-12-25/549b87f5a4bfe.rar', '黄金岸线产业转型升级.rar', '2014-12-25 11:43:49', '2014-12-25 16:25:22'),
(492, '2014122403', 'JS201412-029', '无', '关于报送2014年度招商工作总结的通知', '区经贸局', '区经贸局发来此件，请我委按要求提供资料。此件由投资处牵头会我处办理。', '请小姚阅处。', '2014-12-25 11:34:00', 9, '2014-12-29 17:00:00', 0, 0, '姚科(2014-12-30 08:57:49):无相关报送，已反馈投资处', './App/Public/Receive/2014-12-25/549b8c3a50995.rar', '关于报送2014年度招商工作总结的通知.rar', '2014-12-25 12:02:02', '2014-12-30 08:58:17'),
(493, '2014122402', 'JS201412-030', '无', '关于征求2015年《政府工作报告》（征求意见稿）意见的函', '区府办', '区府办发来此件，请我委核对相关内容并提出修改意见。此件由综合处牵头会各处室办理，报送前呈丘常委审阅。', '请小姚阅处。', '2014-12-25 11:34:00', 9, '2014-12-26 15:00:00', 0, 0, '姚科(2014-12-25 14:53:10):无意见，已反馈综合处', './App/Public/Receive/2014-12-25/549b94420f131.rar', '政府工作报告.rar', '2014-12-25 12:36:18', '2014-12-25 14:55:19'),
(494, '2014122404', 'JS201412-031', '035100', '林区在《市国土房管局关于征求&lt;广州市2015年建设用地供应计划（征求意见稿）&gt;意见的函》上的批示', '区府办', '区府办转来林区批示：“所有的计划要经过区土委会议定，才上报。”拟由我处阅知。此件已由区府复印呈丘常委阅。', '传阅。', '2014-12-25 14:14:00', 9, '0000-00-00 00:00:00', 0, 0, '姚科(2014-12-25 14:45:00);韦薇(2014-12-25 14:55:11);陈军(2014-12-25 15:18:55);田猛(2014-12-25 16:00:29);曾科(2014-12-25 16:09:29)', './App/Public/Receive/2014-12-25/549badd573562.rar', '林道平区长在《市国土房管局关于征求广州市2015年建设用地供应计划（征求意见稿）意见的函》上的批示.rar', '2014-12-25 14:25:25', '2014-12-25 16:12:16'),
(495, '2014122405', 'JS201412-032', '督字〔2014〕1231号', '陈建华市长在《关于市14项重点督办工作11月份推进落实情况的报告》上的批示', '市府办', '区府办转来此件，陈市长批示：“请各分管副市对存在问题进行协调，需要我出面的请书面报告。加强督办，狠抓落实。”此件由我处跟进。', '请田猛阅处（休假期间请小姚办理）。', '2014-12-26 11:15:00', 9, '0000-00-00 00:00:00', 0, 0, '姚科(2015-01-04 14:56:49);田猛(2015-01-06 09:01:19)', './App/Public/Receive/2014-12-26/549cd7f700a38.ceb', '督字〔2014〕1231号.ceb', '2014-12-26 11:37:27', '2015-01-06 09:03:04'),
(496, '2014122502', 'JS201412-033', '无', '关于报送天河区2014年重点督办工作推进落实情况的通知', '区委办、区府办', '承2014042102号文，金融城部分由我处负责并汇总至综合处。', '请小韦阅处。', '2014-12-26 11:27:00', 9, '2014-12-26 17:30:00', 0, 0, '韦薇(2014-12-26 15:45:58):已将相关材料发至综合处苏中文处', './App/Public/Receive/2014-12-26/549cdb8128e9e.rar', '关于报送天河区2014年重点督办工作推进落实情况的通知.rar', '2014-12-26 11:52:33', '2014-12-26 15:46:30'),
(497, '2014122602', 'JS201412-034', '穗规〔2014〕3072号', '关于征求《广州市南方人才大厦地块（AT0808规划管理单元）控制性详细规划修改》意见的函', '市规划局', '区府办转来此件，请我委认真研究并提出意见。此件由我处办理。', '请姚科阅处。', '2014-12-26 14:57:00', 9, '2014-12-30 17:30:00', 0, 159, '姚科(2015-01-04 09:21:44):无意见，已反馈区规划分局', './App/Public/Receive/2014-12-26/549d0b926fe37.ppt', '广州市南方人才大厦地块控规修改.ppt', '2014-12-26 15:17:38', '2015-01-04 09:24:26'),
(498, '2014122505', 'JS201412-035', '穗金融城办〔2014〕86号', '关于金融城起步区现场围蔽管理专题会议的纪要', '市金融城办', '区府办发来此件，由我处阅知。此件已由区府办复印呈丘常委阅。', '传阅。', '2014-12-26 17:26:00', 9, '0000-00-00 00:00:00', 0, 0, '陈军(2014-12-29 09:36:20);韦薇(2014-12-29 11:53:59);曾科(2014-12-30 08:57:51);姚科(2014-12-30 08:58:12)', './App/Public/Receive/2014-12-29/54a0ae0726a38.rar', '广州国际金融城开发建设工作领导小组办公室关于金融城起步区现场围蔽管理专题会议的纪要.rar', '2014-12-29 09:27:35', '2014-12-30 09:01:49'),
(499, '2014122904', 'JS201412-036', '无', '征求《2015年以区委、区政府名义召开的全区性会议和全区重要政务活动安排（征求意见稿）》意见的函', '区委办', '区委办发来此件，请我委认真研究并提出修改意见。此件由综合处牵头会各处室办理。', '传阅。请小韦阅处。（曾科代）', '2014-12-29 17:20:00', 9, '2014-12-30 12:00:00', 0, 0, '姚科(2014-12-30 08:57:59);曾科(2014-12-30 08:58:00);陈军(2014-12-30 09:02:16);韦薇(2014-12-30 09:48:10):已报综合处苏中文，我处无内容需修改', './App/Public/Receive/2014-12-29/54a12131653cd.doc', '义召开的全区性会议和重要活动）.doc', '2014-12-29 17:38:57', '2014-12-30 09:49:26'),
(500, '2014122903', 'JS201412-037', '无', '关于征求《天河区2015年度党风廉政建设责任制暨廉洁天河建设检查考核方案》意见的通知', '区纪委', '区纪委发来此件，请我委认真研究并提出修改意见。此件由综合处牵头会各处室办理，报送前呈丘常委审阅。', '传阅。请小韦阅处。（曾科代）', '2014-12-29 14:50:00', 9, '2014-12-31 17:30:00', 0, 0, '陈军(2014-12-30 09:49:13);韦薇(2014-12-30 17:19:00):已报综合处郑会鹏，我处无修改内容;姚科(2014-12-31 15:13:17):无意见，已反馈综合处;曾科(2015-01-04 09:29:43)', './App/Public/Receive/2014-12-29/54a1221a80636.doc', '河建设检查考核方案》意见的通知2.doc', '2014-12-29 17:42:50', '2015-01-04 10:03:40'),
(501, '2014122901', 'JS201412-038', '无', '关于征求《2015年天河区全面深化改革工作要点（征求意见稿）》修改意见的通知', '区委改革办', '区委改革办发来此件，请我委对相关内容提出修改意见。此件由综合处牵头会各处室办理，报送前呈丘常委阅。', '传阅。请姚科、小韦阅处。（曾科代）', '2014-12-30 09:29:00', 9, '2015-01-04 17:30:00', 0, 0, '陈军(2014-12-30 10:19:48);韦薇(2014-12-30 17:17:54);曾科(2015-01-04 09:29:52);姚科(2015-01-04 14:55:16):无意见，已反馈综合处', './App/Public/Receive/2014-12-30/54a201a71ebd0.docx', '区全面深化改革要点-征求意见稿.docx', '2014-12-30 09:36:39', '2015-01-04 14:57:34'),
(502, '2014122503', 'JS201412-039', '无', '关于征集广州市重大行政决策论证专家库专家的函', '区府办', '区府办发来此件，请我委推荐行业、大型企业、研究院所等符合条件的专家，填写附表1，并连同专家本人填写的附表2报送至区府办。此件由综合处牵头会各处室跟进办理。', '请曾科牵头阅处。', '2014-12-30 09:37:00', 9, '2015-01-14 17:30:00', 0, 0, '曾科(2015-01-04 09:51:07):我处无意见;陈军(2015-01-04 10:06:45);韦薇(2015-01-04 14:57:29);姚科(2015-01-04 14:57:47);田猛(2015-01-06 09:07:40)', './App/Public/Receive/2014-12-30/54a2098fcb1f6.rar', '关于征集广州市重大行政决策论证专家库专家的函.rar', '2014-12-30 10:10:23', '2015-01-06 09:09:11'),
(503, '2014123002', 'JS201412-040', '无', '关于报送2015年投资项目的通知', '市府办', '区府办转来此件，请我委按附表要求梳理汇总相关材料。此件由投资处牵头会我处办理，报送前呈丘常委阅。', '请陈军阅处，建议报送前与区发改局联系明确具体报送要求及与之前报送的市区重点项目的关系。（曾科代）', '2014-12-30 10:52:00', 9, '2014-12-31 11:00:00', 0, 0, '陈军(2014-12-31 15:38:31):从我处报送的区重点建设项目中选取了城际中心、长江中心、平安金融大厦、棠下村集体物业复建房、棠下新墟村民住宅复建房、石东集体物业安置房等6个项目报给投资促进处林志成', './App/Public/Receive/2014-12-30/54a24ca63b9bd.rar', '关于报送2015年投资项目的通知.rar', '2014-12-30 14:56:38', '2015-01-04 09:23:06'),
(504, '2014123001', 'JS201412-041', '穗发改函〔2014〕717号', '关于再次征求广州市天河区国民经济和社会发展第十三个五年规划编制工作方案意见的函', '区发改局', '区发改局发来此件，请我委明确是否合并《广州市天河中央商务区“十三五”发展规划》和《广州国际金融城“十三五”发展规划》。如合并则提供合并后的专项规划名称及配合单位名单。此件由企服处牵头会投资处、协调处及我处办理，报送前呈丘常委审定。', '传阅。请小韦、姚科阅处。此前张主任已转达林区指示，明确将CBD十三五规划与金融城规划合并。（曾科代）', '2014-12-30 10:53:00', 9, '2014-12-31 12:00:00', 0, 0, '韦薇(2014-12-30 17:17:40);姚科(2014-12-31 15:14:16);曾科(2015-01-04 09:52:46):此前张主任已转达林区指示，明确将CBD十三五规划与金融城规划合并，已回复企服处;陈军(2015-01-04 10:29:29)', './App/Public/Receive/2014-12-30/54a24da233450.rar', '关于再次征求广州市天河区国民经济和社会发展第十三个五年规划编制工作方案意见的函.rar', '2014-12-30 15:00:50', '2015-01-04 10:33:53'),
(505, '2014123004', 'JS201412-042', '无', '关于征求对《天河区街道领导干部驻点普遍直接联系群众实施意见（征求意见稿）》意见建议的通知', '区委组织部', '区委组织部发来此件，请我委提出书面意见。由综合处牵头会各处室办理。', '请陈军阅处。', '2014-12-30 17:55:00', 4, '2014-12-31 17:30:00', 0, 0, '陈军(2014-12-31 14:38:51):我处无意见，已知会综合处苏中文', './App/Public/Receive/2014-12-31/54a368fca3524.rar', '关于征求对《天河区街道领导干部驻点普遍直接联系群众实施意见(征求意见稿)》意见建议的通知.rar', '2014-12-31 11:09:48', '2015-01-04 09:23:46'),
(506, '2014122902', 'JS201412-043', '穗天科信字〔2014〕19号', '关于报送2015年信息化项目立项材料的通知', '区科信局', '区科信局发来此件，请我委将2015年拟实施的信息化项目进行申报。由综合处牵头会各处室办理，报送前呈丘常委审阅，', '请曾科阅处。', '2014-12-31 09:33:00', 4, '2015-01-15 17:30:00', 0, 0, '曾科(2015-01-04 09:51:38):无报送意见', './App/Public/Receive/2014-12-31/54a36a64b86be.tiff', '15年信息化项目立项材料的通知.tiff', '2014-12-31 11:15:48', '2015-01-04 10:04:16'),
(507, '无', 'JS201412-044', '委务会纪〔2014〕15号', '管委会委务会议纪要（12月11日）', '综合处', '一、同意张皓同志拟任投资促进处副处长，曾科同志拟任建设开发处副处长；二、由综合处负责跟进办理相关手续。', '传阅。存档。', '2014-12-31 11:20:00', 4, '0000-00-00 00:00:00', 0, 0, '姚科(2014-12-31 11:29:25);曾科(2015-01-04 09:34:47);韦薇(2015-01-04 10:08:08);陈军(2015-01-04 10:29:40);田猛(2015-01-06 08:51:45)', NULL, NULL, '2014-12-31 11:28:27', '2015-01-06 09:02:00'),
(508, '2015010402', 'JS201501-001', '穗天发改函〔2014〕724号', '关于征求《广州市天河区2014年国民经济和社会发展计划执行情况与2015年计划草案的报告（征求意见稿）》意见的函', '区发改局', '区发改局发来此件，请我委认真研究并提出修改意见。此件由企服处牵头会各处室办理，报送前呈卫青同志审阅。', '请小韦阅处。', '2015-01-04 14:14:00', 9, '2015-01-05 17:30:00', 0, 0, '韦薇(2015-01-05 11:25:01):已报企服处杨阳，我处无修改意见', './App/Public/Receive/2015-01-04/54a8de1d05af8.rar', '关于征求《广州市天河区2014年国民经济和社会发展计划执行情况与2015年计划草案的报告（征求意见稿）》意见的函.rar', '2015-01-04 14:30:53', '2015-01-05 11:25:44'),
(509, '2014123101', 'JS201501-002', '穗市长会纪〔2014〕116号', '市长办公会议纪要（12月19日上午研究冼村、猎德村历史遗留问题化解工作）', '市府办', '区府办转来此件，拟转各处长阅知，我处阅处。', '传阅。', '2015-01-04 15:49:00', 9, '0000-00-00 00:00:00', 0, 0, '曾科(2015-01-05 09:42:27);韦薇(2015-01-05 15:30:15);田猛(2015-01-06 08:59:18);陈军(2015-01-06 09:20:52);姚科(2015-01-06 09:46:36)', './App/Public/Receive/2015-01-05/54a9e38ce888c.rar', '市长办公会议纪要（12月19日上午研究冼村、猎德村历史遗留问题化解工作）.rar', '2015-01-05 09:06:21', '2015-01-06 09:47:42'),
(510, '2014123102', 'JS201501-003', '穗金融城办〔2014〕88号', '关于金融城开发建设第十六次工作例会的纪要', '市金融城办', '区府办转来此件（已复印呈卫青同志阅），拟由我处阅处。张主任批示：“也请投资处阅知。”', '传阅。', '2015-01-04 15:49:00', 9, '0000-00-00 00:00:00', 0, 0, '曾科(2015-01-05 09:42:37);韦薇(2015-01-05 15:27:08);田猛(2015-01-06 09:06:51);陈军(2015-01-06 09:38:31);姚科(2015-01-06 09:46:46)', './App/Public/Receive/2015-01-05/54a9e4265109a.rar', '关于金融城开发建设第十六次工作例会的纪要.rar', '2015-01-05 09:08:54', '2015-01-06 09:48:14'),
(511, '2015010503', 'JS201501-004', '穗府侨函〔2014〕141号', '关于做好侨务招商工作的函', '市府侨务办', '区府办转来此件，请我委按要求提供相关材料。此件拟由投资处牵头会我处办理。', '请小韦阅处。', '2015-01-05 11:01:00', 9, '2015-01-06 12:00:00', 0, 0, '韦薇(2015-01-06 15:44:08)', './App/Public/Receive/2015-01-05/54aa0087534b0.rar', '关于做好侨务招商工作的函.rar', '2015-01-05 11:09:59', '2015-01-06 15:44:14'),
(512, '无', 'JS201501-005', '委务会纪〔2014〕16号', '管委会委务会议纪要（12月15日）', '综合处', '会议听取了企服处关于为雅居乐中心第14层08单元和第20层06单元提供场地登记证明的申请工作的汇报，并进行了讨论。', '传阅。存档。', '2015-01-05 15:44:00', 9, '0000-00-00 00:00:00', 0, 0, '韦薇(2015-01-06 08:49:10);陈军(2015-01-06 08:57:30);田猛(2015-01-06 09:46:14);姚科(2015-01-06 09:46:31);曾科(2015-01-06 09:51:38)', NULL, NULL, '2015-01-05 15:46:17', '2015-01-06 09:53:17');
INSERT INTO `cbd_receive` (`id`, `office_no`, `rec_no`, `article_no`, `title`, `come_from`, `summary`, `struct`, `rec_time`, `rec_person`, `dead_time`, `state`, `write_id`, `deal_info`, `download_name`, `file_name`, `create_time`, `update_time`) VALUES
(513, '2015010507', 'JS201501-006', '无', '关于征求《2014年度天河区全面深化改革工作情况（征求意见稿）》修改意见的通知', '区委改革办', '区委改革办发来此件，请我委针对本小组、本单位的工作内容提出修改意见。拟由综合处牵头会各处室办理，报送前呈卫青同志审阅。', '请小姚阅处。', '2015-01-06 09:56:00', 9, '2015-01-07 17:30:00', 0, 0, '姚科(2015-01-06 14:20:53):无意见，已反馈综合处', './App/Public/Receive/2015-01-06/54ab435d8129f.docx', '深化改革工作情况（征求意见稿）.docx', '2015-01-06 10:07:25', '2015-01-06 14:21:00'),
(514, '2015010508', 'JS201501-007', '无', '征求《关于广州市天河区科技领导干部选拔任用工作的意见（征求意见稿）》等材料意见的函', '区委组织部', '区委组织部发来此件，请我委认真研究并提出意见。此件由综合处牵头会各处室办理。', '请曾科阅处。', '2015-01-06 14:31:00', 9, '2015-01-12 12:00:00', 0, 0, '曾科(2015-01-06 16:05:04):无意见', './App/Public/Receive/2015-01-06/54ab8987c225a.rar', '《关于广州市天河区科级领导干部选拔任用工作的意见》征求意见函.rar', '2015-01-06 15:06:47', '2015-01-06 16:08:35'),
(515, '2015010701', 'JS201501-008', '无', '关于报送推进省委巡视组巡视整改工作落实情况有关资料的通知', '区委办', '区委办发来此件，省委巡视组拟于近期到我区开展巡视回访工作，请我委根据附表分工，填写最新工作进展情况。此件由综合处牵头会各处室办理，报送前呈卫青同志阅。', '请曾科、姚科阅处。', '2015-01-07 09:31:00', 9, '2015-01-07 17:30:00', 0, 0, '姚科(2015-01-09 16:36:51):已将相关资料（表格、清单、汇报稿、文件档案纸质版和电子版等）报送综合处;曾科(2015-01-09 16:46:06)', './App/Public/Receive/2015-01-07/54ac9082b3417.rar', '关于报送推进省委巡视组巡视整改工作落实情况有关资料的通知.rar', '2015-01-07 09:48:50', '2015-01-09 16:56:31'),
(516, '2015010702', 'JS201501-009', '无', '区委办转任书记、石书记、林区长在《天河区关于赴美国、加拿大、韩国招商情况的报告》上的批示', '区委办', '任书记批示：“出访有成效。天河区是跨国公司和各类中介机构集聚之地，要发挥这一比较优势，有针对性地开展招商工作。要有专人负责，要有一个团队专门干这件事，增强天河的国际竞争力。要在投资贸易便利化上下功夫，创造国际化、法制化的营商环境。坚持标准要高，效果要好，敢与和国外大城市的CBD和国内上海、北京相关区比一比，不是一般的概念，望深入研究，我和你们一起谋划。”', '传阅。', '2015-01-07 15:40:00', 9, '0000-00-00 00:00:00', 0, 0, '韦薇(2015-01-08 10:20:09);田猛(2015-01-08 10:24:49);陈军(2015-01-08 15:24:57);姚科(2015-01-09 09:57:58);曾科(2015-01-09 10:55:11)', './App/Public/Receive/2015-01-07/54acf60587027.rar', '天河区关于赴美国、加拿大、韩国招商情况的报告.rar', '2015-01-07 17:01:57', '2015-01-09 11:04:11'),
(517, '2015010705', 'JS201501-010', '穗天发改函〔2015〕5号', '关于第三次征求2015年天河区重点建设项目计划意见的函', '区发改局', '区发改局发来此件，请我委按要求核对附表中相关项目内容。此件由投资处牵头会我处办理。', '请陈军阅处。', '2015-01-08 10:44:00', 9, '2015-01-09 12:00:00', 0, 0, '陈军(2015-01-08 15:09:19):修改、完善部分项目的当前进展情况及2015年主要建设内容，电子版报投资促进处林志成', './App/Public/Receive/2015-01-08/54adefb48e699.rar', '关于第三次征求2015年天河区重点建设项目计划意见的函.rar', '2015-01-08 10:47:16', '2015-01-08 17:07:07'),
(518, '2015010801', 'JS201501-011', '金融城办〔2015〕1号', '市金融城办文件处理表《关于保利金融城A005-2、A007-1地块北侧临时占用绿化带并开设路口的请示》', '区府办', '区府办发来此件，保利拟临时占用黄埔大道南侧绿化带并占用部分人行道作为项目临时出入口。市金融城办原则同意。此件由我处阅处，协调处阅知。', '传阅。', '2015-01-08 14:55:00', 9, '0000-00-00 00:00:00', 0, 0, '韦薇(2015-01-08 20:34:30);田猛(2015-01-09 08:51:34);姚科(2015-01-09 09:58:08);曾科(2015-01-09 10:55:17);陈军(2015-01-09 11:03:14)', './App/Public/Receive/2015-01-08/54ae4ac021b55.rar', '市金融城办文件处理表《关于保利金融城A005-2、A007-1地块北侧临时占用绿化带并开设路口的请示》.rar', '2015-01-08 17:15:44', '2015-01-09 11:05:36'),
(519, '2015010802', 'JS201501-012', '穗服务办〔2015〕1号', '关于报送2014年国家服务业综合改革试点工作总结和2015年计划的通知', '市服务办', '区府办转来此件，请我委梳理汇总相关材料并报送至区发改局。此件由企服处牵头会各处室办理。', '请小韦阅处。', '2015-01-08 10:44:00', 9, '2015-01-09 11:00:00', 0, 0, '韦薇(2015-01-09 11:11:58):已按要求将2014年金融城工作总结发至企服处杨阳', './App/Public/Receive/2015-01-09/54af46c0ab62e.ceb', '穗服务办〔2015〕1号.ceb', '2015-01-09 11:10:56', '2015-01-09 11:12:29'),
(520, '2015010906', 'JS201501-013', '无', '征求《天河区推进省委巡视组反馈意见整改工作的情况汇报（征求意见稿）》意见的函', '区委办', '区委办发来此件，请我委认真研究并提出意见。此件由综合处牵头会各处室办理。', '请曾科牵头阅处。', '2015-01-09 15:17:00', 9, '2015-01-09 16:00:00', 0, 0, '韦薇(2015-01-09 16:30:08);姚科(2015-01-09 16:34:39):已将修改意见反馈综合处;田猛(2015-01-09 16:37:58);曾科(2015-01-09 16:46:10);陈军(2015-01-12 09:44:11)', './App/Public/Receive/2015-01-09/54af829d1a09e.doc', '报征求意见稿（区属各有关单位）.doc', '2015-01-09 15:26:21', '2015-01-12 10:03:52'),
(521, '2015010904', 'JS201501-014', '穗天执字〔2015〕3号', '关于审定《关于查处广州国际金融城违法建设情况的复函》（代拟稿）的请示', '区城管执法分局', '区府办转来此件，请我委认真研究并提出意见。此件由协调处牵头会我处办理。', '请曾科阅处。', '2015-01-09 15:57:00', 9, '2015-01-13 17:30:00', 0, 0, '曾科(2015-01-12 09:53:48):已经事情来龙去脉及丘常委前后2次批示告知协调处', './App/Public/Receive/2015-01-09/54af9e32d1500.rar', '关于审定《关于查处广州国际金融城违法建设情况的复函》（代拟稿）的请示.rar', '2015-01-09 17:24:02', '2015-01-12 10:04:34'),
(522, '2015010909', 'JS201501-015', '穗天国房报〔2015〕1号', '关于开展员村地块花城大道东延线路位土地征收工作的请示', '区国土房管分局', '区府办转来此件，请我委认真研究并提出意见。此件由我处办理，报送前呈丘常委审定。', '请曾科、姚科阅处。', '2015-01-09 17:32:00', 9, '2015-01-12 17:30:00', 0, 161, '曾科(2015-01-12 09:32:16);姚科(2015-01-12 16:53:48):无意见，已反馈区政府办', './App/Public/Receive/2015-01-12/54b31c9898b28.rar', '关于开展员村地块花城大道东延线路位土地征收工作的请示.rar', '2015-01-12 09:00:09', '2015-01-12 16:54:05'),
(523, '2015011201', 'JS201501-016', '穗天民函〔2015〕10号', '关于征求《第三届广州市慈善项目推介会工作方案（征求意见稿）》意见的函', '区民政局', '区民政局发来此件，请我委认真研究并提出修改意见。此件由企服处牵头会各处室办理。', '请小韦阅处。', '2015-01-12 09:37:00', 9, '2015-01-12 17:00:00', 0, 0, '韦薇(2015-01-12 17:13:15):已复企服处刘彦麟，我处无内容修改', './App/Public/Receive/2015-01-12/54b334a0cfde8.doc', '意见稿）》意见的函(李局修改).doc', '2015-01-12 10:42:40', '2015-01-12 17:13:20'),
(524, '2015011204', 'JS201501-017', '无', '关于填报2015年广州市干部教育培训需求的通知', '区委组织部', '区委组织部发来此件，请我委根据干部本人意愿填写附表。此件由综合处牵头会各处室办理。', '阅。', '2015-01-12 11:38:00', 9, '2015-01-14 12:00:00', 0, 0, '韦薇(2015-01-12 17:14:16):陈处暂无课程需填报', './App/Public/Receive/2015-01-12/54b3626c1af06.rar', '关于填报2015年广州市干部教育培训需求的通知.rar', '2015-01-12 13:58:04', '2015-01-12 17:14:20'),
(525, '2015011203', 'JS201501-018', '穗天财函〔2015〕6号', '关于征求《广州市天河区2014年预算执行情况和2015年预算草案的报告（征求意见稿）》意见的函', '区财政局', '区财政局发来此件，请我委认真研究并提出意见。此件由综合处牵头会各处室办理。', '请曾科、小韦阅处。', '2015-01-12 11:38:00', 9, '2015-01-13 17:30:00', 0, 0, '韦薇(2015-01-13 09:55:08):已复综合处苏中文，我处无内容需修改;曾科(2015-01-13 16:08:01)', './App/Public/Receive/2015-01-12/54b363071b657.tif', '的报告（征求意见稿）》意见的函.tif', '2015-01-12 14:00:39', '2015-01-13 16:29:53'),
(526, '2015011206', 'JS201501-019', '无', '林道平区长在《天河区推进广州国际金融城起步区开发建设工作进展情况汇总表（2014年12月）》上的批示', '区政府办', '区政府办发来此件，林区批示：“并请CBD管委会要将市国土局经12月市府常务会议通过的金融城土地出让调整的意见拿到手，以向各单位推介。”此件拟各处长阅，我处阅处。', '请姚科落实林区指示办理。', '2015-01-13 08:45:00', 9, '0000-00-00 00:00:00', 0, 0, '姚科(2015-01-13 09:05:10)', './App/Public/Receive/2015-01-13/54b46e414b68d.rar', '林道平区长在《天河区推进广州国际金融城起步区开发建设工作进展情况汇总表（2014年12月）》上的批示.rar', '2015-01-13 09:00:49', '2015-01-13 09:17:22'),
(527, '无', 'JS201501-020', '委务会纪〔2015〕1号', '管委会委务会议纪要（1月7日）', '综合处', '一、会议听取了综合处关于叶旋洲同志调动工作的汇报并进行了讨论；二、会议听取了协调处关于《创建可持续发展物管服务初步项目方案构思》的汇报并进行了讨论；三、会议讨论了参加迪拜国际投资年会事宜；四、会议听取了企服处对《天河中央商务区管理办法》进展情况的通报。', '传阅。存档。', '2015-01-13 13:51:00', 9, '0000-00-00 00:00:00', 0, 0, '田猛(2015-01-13 14:01:19);韦薇(2015-01-13 14:29:44);陈军(2015-01-13 14:38:31);姚科(2015-01-13 15:15:08);曾科(2015-01-13 16:07:50)', NULL, NULL, '2015-01-13 13:53:04', '2015-01-13 16:28:53'),
(528, '2015011302', 'JS201501-021', '穗府法函〔2015〕7号', '广州市人民政府法制办公室关于建议对《广州市天河中央商务区管理办法》进行修改完善的函', '市法制办', '区政府办转来此件，丘常委批示：“请管委会按委务会议定的意见抓紧修改完善报审。”此件由企服处牵头会各处室办理，报送前呈丘常委审定。', '请曾科阅处。', '2015-01-13 11:50:00', 9, '0000-00-00 00:00:00', 1, 0, NULL, './App/Public/Receive/2015-01-13/54b4ba51b69a8.rar', '关于提请审议《广州市天河中央商务区管理办法》的请示.rar', '2015-01-13 14:25:21', '2015-01-13 15:31:17'),
(529, '2015011303', 'JS201501-022', '穗发改服〔2015〕1号', '关于报送省级现代服务业集聚区建设情况的通知', '市发改委', '区发改局发来此件，请我委撰写2014年省级现代服务业集聚区（天河中央商务区）建设情况报告并填写附表。此件由投资处牵头会企服处及我处办理。', '请曾科、小韦阅处。', '2015-01-13 16:05:00', 9, '2015-01-15 17:30:00', 0, 0, '韦薇(2015-01-16 11:30:58);曾科(2015-01-16 11:31:40)', './App/Public/Receive/2015-01-13/54b4dc13e35d2.rar', '广州市发展改革委关于报送省级现代服务业集聚区建设情况的通知.rar', '2015-01-13 16:49:23', '2015-01-16 11:51:06'),
(530, '2015011401', 'JS201501-023', '无', '关于报送区委领导班子成员履行党风廉政建设责任情况的通知', '区委办', '区委办发来此件，请我委每个季度按要求报送区委领导班子成员履行党风廉政建设职责情况，于3、6、9、12月的25日前报送。此件由综合处牵头会各处室跟进办理。', '请小韦阅处。', '2015-01-15 15:16:00', 9, '0000-00-00 00:00:00', 1, 0, '', './App/Public/Receive/2015-01-14/54b6208e0b4e2.rar', '关于报送区委领导班子成员履行党风廉政建设责任情况的通知.rar', '2015-01-14 15:53:50', '2015-01-27 09:54:30'),
(531, '2015011501', 'JS201501-024', '督字〔2015〕50号', '建华在《广州招商办关于市主要领导赴京衔接事项推进落实情况的报告》上的批示（处理表）', '市府办', '区政府办转来此件，陈建华市长批示：“要做到每一项工作有人抓落实，遇到困难及时协调解决。”请我委根据批示精神做好跟进落实工作。此件由投资处牵头会我处跟进办理。', '传阅。', '2015-01-16 14:42:00', 9, '0000-00-00 00:00:00', 0, 0, '曾科(2015-01-16 16:27:54);田猛(2015-01-16 17:29:20);韦薇(2015-01-19 09:08:30);陈军(2015-01-19 17:24:59);姚科(2015-01-20 09:23:47)', './App/Public/Receive/2015-01-16/54b8c7bb23817.rar', '建华在《广州招商办关于市主要领导赴京衔接事项推进落实情况的报告》上的批示（处理表）.rar', '2015-01-16 16:11:39', '2015-01-20 10:11:00'),
(532, '2015011602', 'JS201501-025', '穗发改函〔2015〕75号', '关于征求广州市加快发展生产性服务业三年行动方案意见的函', '市发改委', '区发改局转来此件，请我委认真研究并提出意见报区发改局。此件由企服处牵头会各处室办理。', '请曾科、小韦阅处。', '2015-01-16 15:15:00', 9, '2015-01-16 17:30:00', 0, 0, '韦薇(2015-01-16 17:13:32):已复企服处刘彦麟，我处无内容需修改;曾科(2015-01-19 11:17:54)', './App/Public/Receive/2015-01-16/54b8d6138598f.ceb', '穗发改函〔2015〕75号.ceb', '2015-01-16 17:12:51', '2015-01-19 11:42:47'),
(533, '2015011904', 'JS201501-026', '穗招商联办函〔2015〕3号', '关于征求《广州市2015年招商重点工作计划》意见的函', '市招商办', '区政府办转来此件，请我委认真研究并提出修改意见报至区经贸局。此件由投资处牵头会各处室办理，报送前呈丘常委审阅。', '请曾科、小韦阅处。', '2015-01-19 15:55:00', 9, '2015-01-20 17:30:00', 0, 0, '韦薇(2015-01-20 15:11:09);曾科(2015-01-21 14:34:39)', './App/Public/Receive/2015-01-19/54bcc74c362fc.rar', '关于征求《广州市2015年招商重点工作计划》意见的函.rar', '2015-01-19 16:58:52', '2015-01-21 15:02:16'),
(534, '2015011902', 'JS201501-027', '穗扩函〔2015〕43号', '关于金融城起步区棠下土地与村民住宅补充协议审核情况的复函', '市道扩办', '区政府办转来此件并复印呈丘常委阅，此为市道扩办就起步区棠下土地与村民住宅补充协议审核情况复函至区国土房管分局。此件由我处阅存。', '传阅。', '2015-01-19 15:55:00', 9, '0000-00-00 00:00:00', 0, 0, '姚科(2015-01-20 09:23:53);田猛(2015-01-20 09:25:00);陈军(2015-01-20 10:10:08);曾科(2015-01-21 14:34:28);韦薇(2015-01-22 09:13:32)', './App/Public/Receive/2015-01-19/54bcc912edb13.rar', '关于金融城起步区棠下土地与村民住宅补充协议审核情况的复函.rar', '2015-01-19 17:06:26', '2015-01-22 09:16:03'),
(535, '2015011901', 'JS201501-028', '无', '关于征求《天河区中小学教育优化布局调整规划方案（2014年度编制）（征求意见稿）》意见的函', '区教育局', '区教育局发来此件，请我委认真研究并提出修改意见。此件由综合处牵头会各处室办理。', '传阅。请田猛阅处。', '2015-01-19 15:55:00', 9, '2015-01-21 17:30:00', 0, 0, '姚科(2015-01-20 09:24:01);陈军(2015-01-20 09:55:32);韦薇(2015-01-20 10:36:17);田猛(2015-01-21 14:33:56);田猛(2015-01-21 14:33:57);曾科(2015-01-21 14:34:56)', './App/Public/Receive/2015-01-19/54bcc9ce44cfa.doc', '编制）（征求意见稿）》意见的函.doc', '2015-01-19 17:09:34', '2015-01-21 14:59:04'),
(536, '2015011903', 'JS201501-029', '穗土开函〔2015〕35号', '关于加快开展员村四横路128号地块租户清理和土地移交工作的函', '市土发中心', '区政府办发来此件，为市土发中心发函至广州金鹰钱企业集团公司，要求该企业加快组织实施员村四横路128号地块上租户的清退和场地恢复原状等工作，于2015年6月前将地块交回市土发中心。此件由投资处阅知，我处阅存。', '传阅。', '2015-01-19 15:55:00', 9, '0000-00-00 00:00:00', 0, 0, '姚科(2015-01-20 09:23:57);田猛(2015-01-20 09:24:56);陈军(2015-01-20 09:32:39);韦薇(2015-01-20 10:19:37);曾科(2015-01-21 14:34:47)', './App/Public/Receive/2015-01-19/54bccb037d505.rar', '关于加快开展员村四横路128号地块租户清理和土地移交工作的函.rar', '2015-01-19 17:14:43', '2015-01-21 15:02:50'),
(537, '2015012001', 'JS201501-030', '穗天应急函〔2015〕1号', '关于征求《天河区应急指挥中心一期项目建设方案（征求意见稿）》意见的函', '区应急办', '区应急办发来此件，请我委认真研究并提出意见。此件由协调处牵头会各处室办理。', '传阅。请陈军阅处。', '2015-01-20 11:22:00', 9, '2015-01-21 17:30:00', 0, 0, '韦薇(2015-01-20 15:17:32);陈军(2015-01-20 15:58:53):方案中提到：我委的多功能展厅，平时作为天河区宣传展示平台，区视频办已将区社会治安监控管理平台接入该展厅，在花城广场和海心沙广场举行重大活动时可作为临时应急指挥分中心。本展厅需要升级改造，完善应急指挥和现场指挥调度功能，视频会议系统需接入区应急指挥中心及其它区相关单位和街道。\r\n我处无意见，已知会公共事务协调处关靖怡;姚科(2015-01-20 16:09:51);田猛(2015-01-20 17:19:41);曾科(2015-01-21 14:35:03)', './App/Public/Receive/2015-01-20/54bdd16f731a7.cebx', '应急中心心一期项目建设方案-征求意见稿.cebx', '2015-01-20 11:54:23', '2015-01-21 15:01:11'),
(538, '2015012005', 'JS201501-031', '穗规编会〔2015〕1号', '金融城二期重点项目地块规划工作协调会会议纪要', '市编研中心', '区政府办转来此件并复印呈丘常委阅。1月15日此会议定由我区负责提供区少年宫、大都会艺术中心的项目可行性研究报告，就鹰金钱北面地块是否用于村复建安置用地提出书面意见给市规划局。张主任批示：“请建开处跟进相关要求。”此件由我处阅存。', '请曾科、田猛落实委领导指示。', '2015-01-20 17:04:00', 9, '0000-00-00 00:00:00', 0, 167, '田猛(2015-02-04 10:08:15):已送至区政府办;曾科(2015-02-05 14:25:14)', './App/Public/Receive/2015-01-20/54be1f193f26f.rar', '金融城二期重点项目地块规划工作协调会会议纪要.rar', '2015-01-20 17:25:45', '2015-02-05 14:25:33'),
(539, '2015012101', 'JS201501-032', '无', '关于再次征求2015年《政府工作报告》（征求意见稿）意见的函', '区政府办', '区政府办发来此件，请我委对文中涉及本单位工作内容的文字和数字进行补充并核准。此件由综合处牵头会各处室办理。', '传阅。请曾科牵头、姚科阅处。', '2015-01-21 15:07:00', 9, '2015-01-22 17:00:00', 0, 0, '姚科(2015-01-22 09:23:15):无意见，已反馈综合处;田猛(2015-01-22 09:23:32);韦薇(2015-01-22 09:23:33);陈军(2015-01-22 09:41:31);曾科(2015-01-23 09:41:21)', './App/Public/Receive/2015-01-21/54bf68b51d325.doc', '府工作报告（第二次征求意见稿）.doc', '2015-01-21 16:52:05', '2015-01-26 15:34:47'),
(540, '2015012201', 'JS201501-033', '穗天发改函〔2015〕33号', '关于再次征求《广州市天河区2014年国民经济和社会发展计划执行情况与2015年计划草案的报告》意见的函', '区发改局', '区发改局发来此件，请我委认真研究并按要求提出修改意见。此件由企服处牵头会各处室办理。', '请小韦阅处。', '2015-01-22 10:21:00', 9, '2015-01-22 17:30:00', 0, 0, '韦薇(2015-01-22 14:43:14):已报企服处陈彩风，我无内容需修改', './App/Public/Receive/2015-01-22/54c09bc76a78c.doc', '划草案的报告(再次征求意见稿）.doc', '2015-01-22 14:42:15', '2015-01-22 14:43:20'),
(541, '2015012204', 'JS201501-034', '无', '关于报送2015年度重大事项计划的通知', '区政府办', '区政府办发来此件，请我委研究提出2015年需提请区人大常委会审议的重大事项建议议题。此件由综合处牵头会各处室办理，报送前呈丘常委审阅。', '请曾科、小韦阅处。', '2015-01-23 08:46:00', 9, '2015-01-26 17:00:00', 0, 0, '曾科(2015-01-23 09:41:29);韦薇(2015-01-26 15:29:47):已复综合处苏中文，我处无内容需报送', './App/Public/Receive/2015-01-23/54c19dbfa4fc7.doc', '关于报送2015年度重大事项计划的函.doc', '2015-01-23 09:02:55', '2015-01-26 15:35:47'),
(542, '2015012302', 'JS201501-035', '无', '关于征求区纪委八届五次全会工作报告意见的函', '区纪委办', '区纪委办发来此件，请我委认真研究并提出意见。由综合处牵头会各处室办理。', '请小韦阅处。', '2015-01-26 09:35:00', 9, '2015-01-26 12:00:00', 0, 0, '韦薇(2015-01-26 15:29:04):已复综合处苏中文，我处无修改意见', './App/Public/Receive/2015-01-26/54c5ec7b6f1c9.doc', '委八届五次全会工作报告意见的函.doc', '2015-01-26 15:27:55', '2015-01-26 15:37:42'),
(543, '2015012601', 'JS201501-036', '穗发改函〔2015〕117号', '关于征求广州市2014年市区企业“退二进三”工作情况及2015年重点工作安排（征求意见稿）意见的函', '市发改委', '区政府办转来此件，请我委认真研究并提出意见。此件由企服处牵头会我处及投资处办理。', '请小韦阅处。', '2015-01-26 10:06:00', 9, '2015-01-26 17:30:00', 0, 0, '韦薇(2015-01-26 15:34:39):我处不掌握金融城原旧场关闭或搬迁的具体情况，故无修改意见', './App/Public/Receive/2015-01-26/54c5ed9703c96.ceb', '穗发改函〔2015〕117号.ceb', '2015-01-26 15:32:39', '2015-01-26 15:38:19'),
(544, '2015012701', 'JS201501-037', '广绿函〔2015〕4号', '关于金融城绿地中心北侧道路临时开口申请', '广州绿地房地产开发有限公司', '区政府办转来此件，绿地拟在黄埔大道申请开设临时施工道路路口，已完成交委道路开设2015年第一季度计划审批、市区交警统一开设路口审批、道路管网权属单位同意开设道路审批、市城管委道路挖掘证立案申请；区农园局的现场勘查和苗木迁移清点，已按照区建水局要求缴纳人行道挖掘及占道费用。林区在穗金融城办〔2014〕88号分送表上批示“金融城起步区原则上在北边（黄埔大道）不开口，统一开在临江大道”，现请起步区开发建设天河区指挥部综合组根据林区批示精神，会区农园局、建水局等相关单位研处。此件区委办已呈丘常委阅，由我处跟进办理', '传阅。请陈军、田猛跟进办理。', '2015-01-27 14:15:00', 9, '0000-00-00 00:00:00', 0, 0, '曾科(2015-01-27 16:38:11);韦薇(2015-01-28 11:26:11);姚科(2015-01-29 08:50:20);陈军(2015-02-02 17:08:30):下午，在绿地中心项目工地现场，丘常委召集我处、区农园局、市重点办、绿地公司，协调解决绿地中心北侧道路临时开口问题：同意绿地中心按施工需求在地块北侧道路开设新的出入口，同时必须封闭北侧的原有出入口，且新出入口只作为工地材料设备运输的入口，不得作为出口；工地余泥、材料设备应经起步区内部由临江大道运出，请市重点办配合，做好起步区内部的交通组织；工地北侧围蔽整治应按市重点办标准实施，若需占用绿化带的，须办理相关审批手续；新开设的路口须经区农园局、区建水局确认同意后，方可使用。我处已将上述情况知会区农园局、区建水局等相关单位;田猛(2015-02-02 17:11:21);田猛(2015-02-02 17:11:22)', './App/Public/Receive/2015-01-27/54c74d75d6b44.rar', '关于金融城绿地中心北侧道路临时开口申请.rar', '2015-01-27 16:33:57', '2015-02-02 17:27:12'),
(545, '2015012704', 'JS201501-038', '无', '征求意见函', '区委办', '区委办发来此件，将石书记《在区委八届八次全会上的报告（征求意见稿）》、《在区委八届八次全会上的讲话（征求意见稿）》、《中共广州市天河区委贯彻落实&lt;中共中央关于全面推进依法治国若干重大问题的决定&gt;的意见（征求意见稿）》以及林区《在区委八届八次全会上的讲话（征求意见稿）》发来征求我单位意见。此件由综合处牵头会各处室办理。', '传阅。请曾科牵头阅处。', '2015-01-28 09:03:00', 9, '2015-01-28 15:00:00', 0, 0, '韦薇(2015-01-28 16:24:56);田猛(2015-01-28 16:25:12);曾科(2015-01-28 17:01:24);姚科(2015-01-29 08:50:00):已将修改意见反馈综合处;陈军(2015-01-29 08:54:00)', './App/Public/Receive/2015-01-28/54c857d8c2251.doc', '次全会报告（征求意见稿送单位）.doc', '2015-01-28 11:30:32', '2015-01-29 09:06:28'),
(546, '2015012802', 'JS201501-039', '无', '征求意见函', '区委办', '区委办发来此件，就《区委常委会2014年工作总结（征求意见稿）》发来征求我单位意见。此件由综合处牵头会各处室办理。', '请小韦阅处。', '2015-01-28 11:25:00', 9, '2015-01-28 15:00:00', 0, 0, '韦薇(2015-01-28 15:31:43):经研究，将P4中“长江大厦”改为“长江中心”，已复综合处苏中文', './App/Public/Receive/2015-01-28/54c8902b3dd69.doc', '结（征求意见稿送单位）(2).doc', '2015-01-28 15:30:51', '2015-01-28 15:32:02'),
(547, '2015012805', 'JS201501-040', '穗天财函〔2015〕20号', '关于再次征求《广州市天河区2014年预算执行情况和2015年预算草案的报告（再次征求意见稿）》意见的函', '区财政局', '区财政局发来此件，请我委认真研究并提出意见。此件由综合处牵头会各处室办理。', '请曾科、小韦阅处。', '2015-01-28 15:37:00', 9, '2015-01-29 17:30:00', 0, 0, '韦薇(2015-01-29 11:34:20):已报综合处叶旋洲，我处无修改意见;曾科(2015-01-29 18:31:12)', './App/Public/Receive/2015-01-28/54c891f974637.tif', '情况和2015年预算草案的报告.tif', '2015-01-28 15:38:33', '2015-01-29 18:46:48'),
(548, '2015012804', 'JS201501-041', '无', '约稿函（关于“2014年广州国际金融城建设情况与2015年展望”）', '市金融办', '区政府办转来此件，请我单位按照来问要求准备相关文字材料，报广州国际金融城起步区开发建设天河区指挥部有关领导审定后，以指挥部的名义迳复市金融办，文中注明“经区政府同意”。此件由我处办理，报送前呈丘常委阅示。', '请姚科阅处。', '2015-01-29 11:09:00', 9, '2015-01-31 17:30:00', 1, 0, NULL, './App/Public/Receive/2015-01-29/54c9cc76d0932.rar', '约稿函（关于“2014年广州国际金融城建设情况与2015年展望”）.rar', '2015-01-29 14:00:22', '2015-01-29 14:00:33'),
(549, '2015012902', 'JS201501-042', '无', '关于持续用力抓好整改后续工作的通知', '区委实践办', '区委实践办发来此件，由我委负责牵头、涉及我处的工作有：1.协调各部门减免村公司复建项目的配套设施建设费和建筑垃圾处置费；2.协调解决部分复建项目合并招标的问题；3.前进村希望加快二期建设进度；4.前进村希望协调市里调整村复建安置地块的规划位置。此件由委实践办牵头会我处、投资处及企服处办理。', '请曾科、小韦阅处。', '2015-01-29 11:09:00', 9, '2015-02-04 17:00:00', 0, 0, '韦薇(2015-02-02 11:17:35):已将电子版表格发至张梦娥处，纸质版表格附后;曾科(2015-02-04 09:04:17)', './App/Public/Receive/2015-01-29/54c9ce4ed3fe0.rar', '关于持续用力抓好整改后续工作的通知.rar', '2015-01-29 14:08:14', '2015-02-04 09:31:39'),
(550, '2015012904', 'JS201501-043', '商业〔2015〕27号', '关于填报需市主要领导赴京衔接协调事项的通知', '市府办公厅', '区政府办转来此件，市主要领导拟于近期率队赴京百汇国家有关部门、机构及大型企业，请我委认真研究梳理需提请协调的重要事项情况并填写表格。此件由综合处牵头汇各处室办理。', '请曾科、小韦阅处。', '2015-01-29 14:20:00', 9, '2015-01-29 17:30:00', 0, 0, '曾科(2015-01-29 18:31:06);韦薇(2015-01-30 08:53:03):已复投资处苏中文，我处无内容需报送', './App/Public/Receive/2015-01-29/54c9d4247bb7f.rar', '关于填报需市主要领导赴京衔接协调事项的通知(处理表).rar', '2015-01-29 14:33:08', '2015-01-30 08:56:09'),
(551, '2015012920', 'JS201501-044', '无', '关于报送2014年资金投入情况和2015年资金投入计划的函（珠江黄金岸线）', '区建水局', '区建水局发来此件，请我委根据先关文件要求，报送本单位2014年投入建设的资金情况和社会资本投入情况及2015年资金计划。此件由我处办理。', '请曾科、小韦、陈军阅处。', '2015-01-29 15:15:00', 9, '2015-01-30 17:00:00', 0, 165, '陈军(2015-01-29 15:47:10);曾科(2015-01-29 18:31:31);韦薇(2015-01-30 09:39:31):纸质版已给小冼交换', './App/Public/Receive/2015-01-29/54c9e3c78908e.rar', '关于报送2014年资金投入使用情况和2015年资金投入计划的函（珠江黄金岸线）.rar', '2015-01-29 15:39:51', '2015-01-30 09:39:43'),
(552, '2015012903', 'JS201501-045', '团穗函〔2015〕20号', '关于报送落实市公咨委对各区新（扩）建少年宫建设项目意见情况的函', '团市委', '区政府办转来此件，我委为会办单位，请我委根据来问要求填报相关表格并报送至区教育局。此件由我处办理。', '请田猛阅处。', '2015-01-29 15:15:00', 9, '2015-02-06 17:30:00', 0, 0, '田猛(2015-02-03 09:26:38):区教育局已将相关表格填完，暂无需我委配合', './App/Public/Receive/2015-01-29/54c9e4f21f95b.rar', '关于报送落实市公咨委对各区新（扩）建少年宫建设项目意见情况的函.rar', '2015-01-29 15:44:50', '2015-02-03 09:36:23'),
(553, '2015012906', 'JS201501-046', '036925', '林区在《天河中央商务区管委会关于广州国际金融城土地出让工作情况的报告》上的批示', '区政府办', '区政府办发来此件，林区批示：“连同科技园管委会2012-2012年土地出让情况一并上常务会议报告一次，请报告时列表并PPT演示，注明各地块位置，请区府办落实。”此件由我处办理，按要求将材料准备好报至区府办秘书科。', '请曾科牵头速处。', '2015-01-29 17:52:00', 9, '2015-02-02 17:30:00', 0, 0, '韦薇(2015-02-02 11:17:00);田猛(2015-02-03 08:48:43):已根据林区要求列表并制作了汇报PPT，已发送至区府办秘书科;曾科(2015-02-04 09:04:06)', './App/Public/Receive/2015-01-29/54ca02df3b5c7.rar', '林道平区长在《天河中央商务区管委会关于广州国际金融城土地出让工作情况的报告》上的批示.rar', '2015-01-29 17:52:31', '2015-02-04 09:32:46'),
(554, '2015013001', 'JS201501-047', '穗规〔2015〕208号', '关于征求粤剧红船码头地块（天河区AT0807规划管理单位）规划方案意见的函', '市规划局', '区政府办转来此件，请我单位认真研究并提出意见报区规划分局。此件由我处办理，报送前呈丘常委审定。', '请田猛阅处。', '2015-01-30 11:02:00', 9, '2015-02-02 12:00:00', 0, 166, '田猛(2015-02-02 16:35:35):已传真至区规划分局', './App/Public/Receive/2015-01-30/54cafa00c57ee.rar', '广州市规划局关于征求粤剧红船码头地块（天河区AT0807规划管理单位）规划方案意见的函.rar', '2015-01-30 11:26:56', '2015-02-02 16:46:55'),
(555, '2015013004', 'JS201501-048', '无', '关于进一步加强各类报告会、研讨会、论坛、讲座管理的通知', '区委办', '区委办发来此件，请我委根据通知要求，如要举办上述活动，需提前10个工作日填好附件并报区委办征求区委宣传部意见后进行审批。张主任批示：“请各处室务必严格执行！”此件由综合处牵头会各处室办理。', '传阅。', '2015-01-30 11:02:00', 9, '0000-00-00 00:00:00', 0, 0, '田猛(2015-01-30 14:08:14);陈军(2015-02-02 08:57:11);韦薇(2015-02-02 11:27:49);姚科(2015-02-04 08:53:16);曾科(2015-02-04 09:04:45)', './App/Public/Receive/2015-01-30/54cafbfef3aeb.doc', '论坛会议通知1.doc', '2015-01-30 11:35:27', '2015-02-04 09:35:49'),
(556, '2015020201', 'JS201502-001', '无', '关于做好我区2015年调研计划报送工作的通知', '区政府办', '区政府办发来此件，请我委结合区情及单位只能，选定一个调研题目，并填写附表。此件由综合处牵头会各处室办理。', '请曾科、小韦阅处。', '2015-02-02 11:00:00', 9, '2015-02-05 12:00:00', 0, 0, '曾科(2015-02-04 09:04:26);韦薇(2015-02-05 14:21:53):已复综合处小麦，我处无相关内容报送', './App/Public/Receive/2015-02-02/54ceed71acf98.ceb', '调研计划报送工作的通知(定稿).ceb', '2015-02-02 11:22:25', '2015-02-05 14:23:09'),
(557, '2015020202', 'JS201502-002', '穗水函〔2015〕122号', '关于恢复原借用临江大道东延长线绿化带及市政设施的函', '市水务局', '区政府办转来此件，棠下经济发展有限公司借用临江大道二期部分施工场地作为起步区建筑垃圾运输平台，负责建设使用并于2013年10月31日前复建。现请区指挥部综合组会棠下街等有关单位研处，尽快督促棠下经济发展有限公司进行复建，并将复建的计划完成时间函报市水务局。此件由我处跟进办理。', '请曾科、陈军阅处。', '2015-02-03 15:13:00', 9, '0000-00-00 00:00:00', 1, 0, NULL, './App/Public/Receive/2015-02-03/54d08962cbf9e.rar', '广州市水务局关于恢复原借用临江大道东延长线绿化带及市政设施的函.rar', '2015-02-03 16:40:02', '2015-02-03 16:40:21'),
(558, '2015020303', 'JS201502-003', '穗天统函〔2015〕27号', '关于征求2014年天河区国民经济和社会发展统计公报意见的函', '区统计局', '区统计局发来此件，请我委认真研究并提出意见。此件由综合处牵头会各处室办理。', '请小韦阅处。', '2015-02-03 15:24:00', 9, '2015-02-06 17:00:00', 0, 0, '韦薇(2015-02-04 09:41:49):已报综合处小麦，我处无修改意见', './App/Public/Receive/2015-02-03/54d08a077b831.doc', '经济和社会发展统计公报意见的函.doc', '2015-02-03 16:42:47', '2015-02-04 09:44:37'),
(559, '2015020305', 'JS201502-004', '穗城管委〔2015〕58号', '关于媒体报道天河区泥石路有关情况的报告', '市城管委', '区府办转来此件，按照此份报告，我区负责进一步加大非法码头、相关排泥工作和区域沿线的监管执法，查处泥头车非法运输和余泥道路污染行为。此件由协调处牵头会我处跟进办理。', '传阅。请曾科、陈军跟办。', '2015-02-04 09:10:00', 9, '0000-00-00 00:00:00', 0, 0, '姚科(2015-02-04 09:47:53);韦薇(2015-02-04 09:54:42);田猛(2015-02-04 10:49:16);陈军(2015-02-05 16:15:20);曾科(2015-02-09 08:50:37)', './App/Public/Receive/2015-02-04/54d175d9d9899.rar', '广州市城市管理委员会关于媒体报道天河区泥石路有关情况的报告.rar', '2015-02-04 09:28:57', '2015-02-09 09:01:25'),
(560, '2015020501', 'JS201502-005', '无', '感谢信', '市安委办', '区府办转来此件，市安委办发来感谢信，对我区参与澳联玻璃厂隐患整治的区安监局、员村街道办等部门和单位予以表扬。此件由我处阅处。', '传阅。', '2015-02-09 16:38:00', 9, '0000-00-00 00:00:00', 1, 0, '田猛(2015-02-10 09:06:07);田猛(2015-02-10 09:06:08);姚科(2015-02-10 09:13:02);陈军(2015-02-10 09:38:00);韦薇(2015-02-10 11:28:39)', NULL, NULL, '2015-02-10 09:03:34', '2015-02-10 11:28:39');

-- --------------------------------------------------------

--
-- 表的结构 `cbd_receive_user`
--

CREATE TABLE IF NOT EXISTS `cbd_receive_user` (
  `usr_id` int(11) NOT NULL COMMENT '用户ID',
  `rec_id` int(11) NOT NULL COMMENT '办文ID',
  `state` tinyint(1) NOT NULL DEFAULT '0' COMMENT '办文状态（true完成，false未完成）',
  `finish_time` datetime DEFAULT NULL COMMENT '完成时间',
  `create_time` datetime NOT NULL DEFAULT CURRENT_TIMESTAMP COMMENT '记录生成时间',
  `update_time` datetime NOT NULL DEFAULT CURRENT_TIMESTAMP COMMENT '记录修改时间',
  PRIMARY KEY (`usr_id`,`rec_id`),
  KEY `usr_id` (`usr_id`),
  KEY `rec_id` (`rec_id`)
) ENGINE=InnoDB DEFAULT CHARSET=utf8 COMMENT='办文情况表';

--
-- 转存表中的数据 `cbd_receive_user`
--

INSERT INTO `cbd_receive_user` (`usr_id`, `rec_id`, `state`, `finish_time`, `create_time`, `update_time`) VALUES
(3, 38, 1, '2014-01-07 15:01:40', '2014-01-02 12:49:49', '2014-01-07 15:01:43'),
(3, 39, 1, '2014-01-02 15:01:08', '2014-01-02 15:24:26', '2014-01-02 15:01:08'),
(3, 40, 1, '2014-01-07 15:01:51', '2014-01-03 10:57:32', '2014-01-07 15:01:51'),
(3, 41, 1, '2014-01-07 11:01:16', '2014-01-06 09:51:12', '2014-01-07 11:01:16'),
(3, 42, 1, '2014-01-06 15:01:41', '2014-01-06 09:56:06', '2014-01-06 15:01:41'),
(3, 43, 1, '2014-01-06 10:01:28', '2014-01-06 10:01:37', '2014-01-06 10:01:33'),
(3, 44, 1, '2014-01-06 11:01:31', '2014-01-06 11:01:29', '2014-01-06 11:01:31'),
(3, 45, 1, '2014-01-07 10:01:29', '2014-01-07 10:42:47', '2014-01-07 10:01:29'),
(3, 46, 1, '2014-01-09 10:01:31', '2014-01-07 16:12:27', '2014-01-09 10:01:33'),
(3, 47, 1, '2014-01-09 09:01:37', '2014-01-07 17:00:44', '2014-01-09 09:01:37'),
(3, 48, 1, '2014-01-08 08:01:51', '2014-01-08 08:53:37', '2014-01-08 08:01:51'),
(3, 49, 1, '2014-01-08 09:01:19', '2014-01-08 09:41:20', '2014-01-08 09:01:19'),
(3, 50, 1, '2014-01-08 09:01:42', '2014-01-08 09:44:43', '2014-01-08 09:01:42'),
(3, 51, 1, '2014-01-13 09:01:22', '2014-01-09 16:58:38', '2014-01-13 09:01:22'),
(3, 52, 1, '2014-01-13 08:01:32', '2014-01-09 17:02:16', '2014-01-13 08:01:32'),
(3, 53, 1, '2014-01-13 09:01:30', '2014-01-13 09:17:43', '2014-01-13 09:01:36'),
(3, 55, 1, '2014-01-14 09:01:53', '2014-01-14 09:53:38', '2014-01-14 09:01:53'),
(3, 56, 1, '2014-01-14 14:01:38', '2014-01-14 09:56:54', '2014-01-14 14:01:44'),
(3, 57, 1, '2014-01-14 10:01:33', '2014-01-14 10:02:25', '2014-01-14 10:01:33'),
(3, 58, 1, '2014-01-14 16:01:02', '2014-01-14 14:51:01', '2014-01-14 16:01:02'),
(3, 60, 1, '2014-01-15 14:01:25', '2014-01-15 14:43:07', '2014-01-15 14:01:25'),
(3, 61, 1, '2014-01-15 15:01:19', '2014-01-15 14:47:51', '2014-01-15 15:01:19'),
(3, 62, 1, '2014-01-15 15:01:14', '2014-01-15 14:53:18', '2014-01-15 15:01:14'),
(3, 63, 1, '2014-01-16 09:01:47', '2014-01-16 09:19:10', '2014-01-16 09:01:47'),
(3, 64, 1, '2014-01-26 10:01:59', '2014-01-16 15:51:56', '2014-01-26 10:01:59'),
(3, 67, 1, '2014-01-20 14:01:44', '2014-01-20 14:17:21', '2014-01-20 14:01:44'),
(3, 69, 1, '2014-01-24 15:01:07', '2014-01-24 15:31:26', '2014-01-24 15:01:07'),
(3, 70, 1, '2014-01-24 15:01:07', '2014-01-24 15:35:23', '2014-01-24 15:01:07'),
(3, 71, 1, '2014-01-27 09:01:05', '2014-01-26 14:50:36', '2014-01-27 09:01:05'),
(3, 72, 1, '2014-01-27 10:01:31', '2014-01-27 10:06:31', '2014-01-27 10:01:31'),
(3, 73, 1, '2014-01-27 11:01:00', '2014-01-27 14:18:08', '2014-03-05 11:03:45'),
(3, 74, 1, '2014-01-28 10:01:38', '2014-01-27 17:12:34', '2014-01-28 10:01:38'),
(3, 76, 1, '2014-02-28 15:02:50', '2014-02-28 14:58:22', '2014-02-28 15:02:06'),
(3, 78, 1, '2014-03-05 13:03:07', '2014-03-05 13:55:10', '2014-03-05 13:03:07'),
(3, 79, 1, '2014-03-05 14:03:15', '2014-03-05 14:11:11', '2014-03-05 14:03:18'),
(3, 80, 1, '2014-03-05 14:03:49', '2014-03-05 14:17:54', '2014-03-05 14:03:51'),
(3, 81, 1, '2014-03-05 14:03:59', '2014-03-05 14:40:11', '2014-03-05 14:03:01'),
(3, 82, 1, '2014-03-05 14:03:54', '2014-03-05 14:52:04', '2014-03-05 14:03:11'),
(3, 83, 1, '2014-03-05 15:03:01', '2014-03-05 15:05:05', '2014-03-05 15:03:05'),
(3, 86, 1, '2014-02-21 15:02:00', '2014-03-05 15:34:36', '2014-03-05 15:03:21'),
(3, 88, 1, '2014-03-05 16:03:24', '2014-03-05 16:02:34', '2014-03-05 16:03:26'),
(3, 89, 1, '2014-03-05 16:03:44', '2014-03-05 16:11:34', '2014-03-05 16:03:45'),
(3, 90, 1, '2014-03-05 16:03:56', '2014-03-05 16:26:18', '2014-03-05 16:03:57'),
(3, 91, 1, '2014-03-05 16:03:25', '2014-03-05 16:33:43', '2014-03-05 16:03:27'),
(3, 92, 1, '2014-03-05 16:03:43', '2014-03-05 16:48:02', '2014-03-05 16:03:45'),
(3, 97, 1, '2014-03-06 11:03:14', '2014-03-06 11:30:15', '2014-03-06 11:03:14'),
(3, 98, 1, '2014-03-06 11:03:21', '2014-03-06 11:46:18', '2014-03-06 11:03:21'),
(3, 100, 1, '2014-03-07 11:03:16', '2014-03-07 11:36:12', '2014-03-07 11:03:16'),
(3, 101, 1, '2014-03-07 16:03:50', '2014-03-07 14:24:04', '2014-03-07 16:03:50'),
(3, 103, 1, '2014-03-10 15:03:21', '2014-03-07 14:29:25', '2014-03-10 15:03:21'),
(3, 104, 1, '2014-03-07 16:03:48', '2014-03-07 14:36:09', '2014-03-07 16:03:48'),
(3, 105, 1, '2014-03-10 15:03:45', '2014-03-07 14:40:01', '2014-03-10 15:03:45'),
(3, 109, 1, '2014-03-24 14:03:18', '2014-03-11 15:26:28', '2014-03-24 14:03:18'),
(3, 111, 1, '2014-03-13 16:03:01', '2014-03-12 14:47:06', '2014-03-13 16:03:01'),
(3, 113, 1, '2014-03-13 17:03:27', '2014-03-13 14:33:33', '2014-03-13 17:03:27'),
(3, 114, 1, '2014-03-13 15:03:55', '2014-03-13 15:05:38', '2014-03-13 15:03:55'),
(3, 115, 1, '2014-03-14 14:03:58', '2014-03-14 14:27:30', '2014-03-14 14:03:58'),
(3, 118, 1, '2014-03-20 15:03:01', '2014-03-20 15:05:05', '2014-03-20 15:03:01'),
(3, 119, 1, '2014-03-21 14:03:24', '2014-03-21 10:26:01', '2014-03-21 14:03:24'),
(3, 120, 1, '2014-03-25 09:03:05', '2014-03-24 11:05:49', '2014-03-25 09:03:05'),
(3, 122, 1, '2014-03-24 13:03:42', '2014-03-24 12:01:20', '2014-03-24 13:03:42'),
(3, 124, 1, '2014-03-24 16:03:22', '2014-03-24 14:33:59', '2014-03-24 16:03:22'),
(3, 125, 1, '2014-03-25 10:03:08', '2014-03-25 10:04:51', '2014-03-25 10:03:08'),
(3, 126, 1, '2014-03-25 10:03:39', '2014-03-25 10:17:39', '2014-03-25 10:03:39'),
(3, 127, 1, '2014-03-27 09:03:32', '2014-03-26 09:22:57', '2014-03-27 09:03:32'),
(3, 128, 1, '2014-04-16 13:04:08', '2014-03-26 09:47:53', '2014-04-16 13:04:08'),
(3, 129, 1, '2014-03-28 08:03:37', '2014-03-26 11:47:28', '2014-03-28 08:03:37'),
(3, 130, 1, '2014-03-27 09:03:02', '2014-03-26 11:53:17', '2014-03-27 09:03:02'),
(3, 131, 1, '2014-03-27 09:03:33', '2014-03-26 11:58:05', '2014-03-27 09:03:33'),
(3, 132, 1, '2014-03-27 09:03:08', '2014-03-26 12:41:46', '2014-03-27 09:03:08'),
(3, 133, 1, '2014-03-27 09:03:14', '2014-03-26 12:45:35', '2014-03-27 09:03:14'),
(3, 134, 1, '2014-03-27 16:03:35', '2014-03-26 12:48:42', '2014-03-27 16:03:35'),
(3, 136, 1, '2014-03-28 09:03:47', '2014-03-28 09:10:08', '2014-03-28 09:03:47'),
(3, 137, 1, '2014-03-28 11:03:47', '2014-03-28 09:20:11', '2014-03-28 11:03:47'),
(3, 140, 1, '2014-03-28 15:03:52', '2014-03-28 15:43:06', '2014-03-28 15:03:52'),
(3, 141, 1, '2014-04-04 11:04:10', '2014-04-02 10:11:18', '2014-04-04 11:04:10'),
(3, 144, 1, '2014-04-04 09:04:19', '2014-04-03 09:46:23', '2014-04-04 09:04:19'),
(3, 147, 1, '2014-04-10 09:04:29', '2014-04-09 14:07:42', '2014-04-10 09:04:29'),
(3, 148, 1, '2014-04-10 09:04:52', '2014-04-09 17:53:02', '2014-04-10 09:04:52'),
(3, 149, 1, '2014-04-10 09:04:53', '2014-04-09 17:58:13', '2014-04-10 09:04:08'),
(3, 150, 1, '2014-04-16 13:04:45', '2014-04-11 10:58:01', '2014-04-16 13:04:47'),
(3, 153, 1, '2014-05-09 10:05:54', '2014-04-14 10:00:28', '2014-05-09 10:05:54'),
(3, 154, 1, '2014-04-14 11:04:41', '2014-04-14 11:49:58', '2014-04-14 11:04:41'),
(3, 155, 1, '2014-04-15 09:04:14', '2014-04-14 15:42:50', '2014-04-15 09:04:14'),
(3, 158, 1, '2014-04-28 13:04:52', '2014-04-17 12:00:44', '2014-04-28 13:04:52'),
(3, 159, 1, '2014-04-21 15:04:44', '2014-04-21 09:34:16', '2014-04-21 15:04:44'),
(3, 161, 1, '2014-04-23 10:04:16', '2014-04-22 09:27:07', '2014-04-23 10:04:16'),
(3, 162, 1, '2014-04-28 13:04:39', '2014-04-23 10:32:24', '2014-04-28 13:04:39'),
(3, 163, 1, '2014-04-28 10:04:45', '2014-04-23 15:34:07', '2014-04-28 10:04:45'),
(3, 164, 1, '2014-04-23 17:04:54', '2014-04-23 15:53:33', '2014-04-23 17:04:54'),
(3, 165, 1, '2014-04-23 17:04:48', '2014-04-23 17:11:08', '2014-04-23 17:04:48'),
(3, 166, 1, '2014-04-28 10:04:54', '2014-04-24 09:23:45', '2014-04-28 10:04:54'),
(3, 167, 1, '2014-04-28 10:04:55', '2014-04-24 09:26:34', '2014-04-28 10:04:55'),
(3, 168, 1, '2014-05-20 09:05:27', '2014-04-25 09:22:32', '2014-05-20 09:05:27'),
(3, 169, 1, '2014-04-28 10:04:07', '2014-04-25 11:42:29', '2014-04-28 10:04:07'),
(3, 170, 1, '2014-04-28 10:04:43', '2014-04-25 11:56:36', '2014-04-28 10:04:43'),
(3, 171, 1, '2014-04-28 10:04:55', '2014-04-25 11:59:07', '2014-04-28 10:04:55'),
(3, 174, 1, '2014-05-12 16:05:51', '2014-05-04 10:59:46', '2014-05-12 16:05:51'),
(3, 176, 1, '2014-05-20 09:05:29', '2014-05-05 17:42:14', '2014-05-20 09:05:29'),
(3, 177, 1, '2014-05-06 09:05:43', '2014-05-05 17:44:28', '2014-05-06 09:05:43'),
(3, 178, 1, '2014-05-09 11:05:17', '2014-05-06 15:02:20', '2014-05-09 11:05:18'),
(3, 179, 1, '2014-05-06 15:05:22', '2014-05-06 15:09:36', '2014-05-06 15:05:22'),
(3, 180, 1, '2014-05-13 10:05:30', '2014-05-06 16:14:06', '2014-05-13 10:05:30'),
(3, 181, 1, '2014-05-09 11:05:09', '2014-05-06 17:59:57', '2014-05-09 11:05:09'),
(3, 182, 1, '2014-05-09 11:05:28', '2014-05-07 14:14:30', '2014-05-09 11:05:28'),
(3, 183, 1, '2014-05-09 11:05:27', '2014-05-07 14:19:42', '2014-05-09 11:05:29'),
(3, 186, 1, '2014-05-12 16:05:59', '2014-05-08 14:56:58', '2014-05-12 16:05:59'),
(3, 187, 1, '2014-05-13 14:05:20', '2014-05-08 16:24:54', '2014-05-13 14:05:20'),
(3, 188, 1, '2014-05-12 11:05:50', '2014-05-08 16:48:44', '2014-05-13 11:05:57'),
(3, 189, 1, '2014-05-20 10:05:07', '2014-05-12 14:16:26', '2014-05-20 10:05:07'),
(3, 190, 1, '2014-05-13 10:05:56', '2014-05-12 14:33:29', '2014-05-13 10:05:56'),
(3, 191, 1, '2014-05-13 10:05:07', '2014-05-12 14:59:20', '2014-05-13 10:05:07'),
(3, 192, 1, '2014-05-13 10:05:53', '2014-05-12 15:03:36', '2014-05-13 10:05:53'),
(3, 193, 1, '2014-05-13 10:05:47', '2014-05-12 15:07:27', '2014-05-13 10:05:47'),
(3, 194, 1, '2014-05-12 16:05:57', '2014-05-12 15:13:38', '2014-05-12 16:05:57'),
(3, 196, 1, '2014-05-13 14:05:41', '2014-05-13 09:51:14', '2014-05-13 14:05:41'),
(3, 197, 1, '2014-05-13 11:05:37', '2014-05-13 09:57:22', '2014-05-13 11:05:39'),
(3, 198, 1, '2014-05-20 10:05:42', '2014-05-13 10:04:14', '2014-05-20 10:05:42'),
(3, 199, 1, '2014-05-13 14:05:49', '2014-05-13 14:41:08', '2014-05-13 14:05:49'),
(3, 201, 1, '2014-05-15 16:05:39', '2014-05-13 17:27:08', '2014-05-15 16:05:39'),
(3, 202, 1, '2014-05-20 09:05:39', '2014-05-13 17:31:55', '2014-05-20 09:05:41'),
(3, 204, 1, '2014-05-14 14:05:24', '2014-05-14 11:44:18', '2014-05-14 14:05:24'),
(3, 206, 1, '2014-05-29 17:05:19', '2014-05-14 12:00:05', '2014-05-29 17:05:19'),
(3, 207, 1, '2014-05-20 10:05:53', '2014-05-14 16:07:35', '2014-05-20 10:05:53'),
(3, 208, 1, '2014-05-20 09:05:40', '2014-05-15 11:28:52', '2014-05-20 09:05:40'),
(3, 209, 1, '2014-05-20 09:05:29', '2014-05-15 17:31:25', '2014-05-20 09:05:29'),
(3, 210, 1, '2014-05-20 09:05:03', '2014-05-19 14:21:10', '2014-05-20 09:05:03'),
(3, 211, 1, '2014-05-20 10:05:57', '2014-05-19 14:22:50', '2014-05-20 10:05:57'),
(3, 212, 1, '2014-05-20 08:05:56', '2014-05-19 14:27:12', '2014-05-20 08:05:56'),
(3, 213, 1, '2014-05-22 17:05:11', '2014-05-21 09:14:52', '2014-05-22 17:05:11'),
(3, 214, 1, '2014-05-22 17:05:59', '2014-05-21 09:16:33', '2014-05-22 17:05:59'),
(3, 216, 1, '2014-05-22 17:05:27', '2014-05-22 10:27:36', '2014-05-22 17:05:27'),
(3, 217, 1, '2014-05-22 17:05:20', '2014-05-22 10:32:16', '2014-05-22 17:05:20'),
(3, 218, 1, '2014-05-22 17:05:36', '2014-05-22 10:35:21', '2014-05-22 17:05:36'),
(3, 219, 1, '2014-06-04 11:06:35', '2014-05-22 10:38:05', '2014-06-04 11:06:35'),
(3, 222, 1, '2014-05-26 09:05:11', '2014-05-23 17:45:11', '2014-05-26 09:05:11'),
(3, 223, 1, '2014-05-26 09:05:25', '2014-05-23 17:49:56', '2014-05-26 09:05:25'),
(3, 224, 1, '2014-05-27 17:05:04', '2014-05-27 09:39:13', '2014-05-27 17:05:04'),
(3, 225, 1, '2014-06-04 09:06:33', '2014-05-28 09:14:37', '2014-06-04 09:06:33'),
(3, 229, 1, '2014-05-30 09:05:09', '2014-05-29 16:01:19', '2014-05-30 09:05:09'),
(3, 230, 1, '2014-06-04 09:06:20', '2014-05-29 16:08:16', '2014-06-04 09:06:20'),
(3, 231, 1, '2014-05-30 09:05:27', '2014-05-29 16:11:25', '2014-05-30 09:05:27'),
(3, 234, 1, '2014-06-04 11:06:04', '2014-06-03 14:35:35', '2014-06-04 11:06:04'),
(3, 235, 1, '2014-06-04 09:06:11', '2014-06-03 14:37:10', '2014-06-04 09:06:11'),
(3, 236, 1, '2014-06-04 09:06:00', '2014-06-03 14:38:42', '2014-06-04 09:06:00'),
(3, 237, 1, '2014-06-04 09:06:18', '2014-06-03 17:06:52', '2014-06-04 09:06:18'),
(3, 238, 1, '2014-06-06 14:06:28', '2014-06-05 09:49:10', '2014-06-06 14:06:28'),
(3, 239, 1, '2014-06-09 09:06:42', '2014-06-06 15:02:32', '2014-06-09 09:06:42'),
(3, 240, 1, '2014-06-10 09:06:41', '2014-06-06 15:04:31', '2014-06-10 09:06:41'),
(3, 241, 1, '2014-06-11 15:06:52', '2014-06-10 19:23:52', '2014-06-11 15:06:52'),
(3, 242, 1, '2014-06-24 09:06:15', '2014-06-10 19:27:04', '2014-06-24 09:06:15'),
(3, 243, 1, '2014-06-23 10:06:48', '2014-06-11 14:56:01', '2014-06-23 10:06:48'),
(3, 245, 1, '2014-06-12 11:06:23', '2014-06-11 15:00:50', '2014-06-12 11:06:26'),
(3, 246, 1, '2014-06-12 10:06:31', '2014-06-12 09:54:22', '2014-06-12 10:06:31'),
(3, 247, 1, '2014-06-12 10:06:53', '2014-06-12 10:04:37', '2014-06-12 10:06:53'),
(3, 249, 1, '2014-06-26 16:06:35', '2014-06-13 15:11:09', '2014-06-26 16:06:37'),
(3, 250, 1, '2014-06-16 15:06:38', '2014-06-16 09:34:05', '2014-06-16 15:06:38'),
(3, 251, 1, '2014-06-16 15:06:51', '2014-06-16 11:21:39', '2014-06-16 15:06:51'),
(3, 252, 1, '2014-06-16 15:06:40', '2014-06-16 11:31:32', '2014-06-16 15:06:40'),
(3, 253, 1, '2014-06-16 15:06:07', '2014-06-16 15:27:23', '2014-06-16 15:06:07'),
(3, 254, 1, '2014-06-23 10:06:43', '2014-06-17 15:38:30', '2014-06-23 10:06:43'),
(3, 255, 1, '2014-06-26 09:06:20', '2014-06-17 17:17:40', '2014-06-26 09:06:20'),
(3, 256, 1, '2014-06-23 10:06:11', '2014-06-17 17:44:34', '2014-06-23 10:06:11'),
(3, 257, 1, '2014-06-18 15:06:02', '2014-06-18 15:42:20', '2014-06-18 15:06:02'),
(3, 258, 1, '2014-07-23 16:07:12', '2014-06-18 16:40:00', '2014-07-23 16:07:12'),
(3, 260, 1, '2014-06-23 10:06:50', '2014-06-23 09:33:35', '2014-06-23 10:06:50'),
(3, 261, 1, '2014-06-24 09:06:27', '2014-06-23 09:41:07', '2014-06-24 09:06:27'),
(3, 263, 1, '2014-06-23 10:06:57', '2014-06-23 09:53:56', '2014-06-23 10:06:57'),
(3, 264, 1, '2014-06-24 09:06:25', '2014-06-23 10:43:32', '2014-06-24 09:06:25'),
(3, 265, 1, '2014-06-25 14:06:55', '2014-06-23 18:26:44', '2014-06-25 14:06:55'),
(3, 267, 1, '2014-06-27 11:06:20', '2014-06-25 09:01:20', '2014-06-27 11:06:20'),
(3, 268, 1, '2014-06-25 09:06:47', '2014-06-25 09:08:30', '2014-06-25 09:06:47'),
(3, 269, 1, '2014-06-26 15:06:58', '2014-06-26 09:28:11', '2014-06-26 15:06:58'),
(3, 270, 1, '2014-06-30 13:06:15', '2014-06-30 09:31:19', '2014-06-30 13:06:15'),
(3, 272, 1, '2014-07-01 16:07:43', '2014-07-01 11:06:02', '2014-07-01 16:07:43'),
(3, 274, 1, '2014-07-03 13:07:26', '2014-07-02 16:39:50', '2014-07-03 13:07:26'),
(3, 275, 1, '2014-07-03 13:07:34', '2014-07-02 16:43:53', '2014-07-03 13:07:34'),
(3, 276, 1, '2014-07-03 13:07:46', '2014-07-02 16:49:50', '2014-07-03 13:07:46'),
(3, 277, 1, '2014-08-29 17:08:20', '2014-07-02 16:56:19', '2014-08-29 17:08:20'),
(3, 278, 1, '2014-07-03 15:07:29', '2014-07-02 17:02:39', '2014-07-03 15:07:29'),
(3, 279, 1, '2014-07-03 13:07:02', '2014-07-03 12:52:11', '2014-07-03 13:07:02'),
(3, 281, 1, '2014-07-03 15:07:23', '2014-07-03 13:56:22', '2014-07-03 15:07:23'),
(3, 282, 1, '2014-07-07 15:07:27', '2014-07-07 15:22:21', '2014-07-07 15:07:27'),
(3, 283, 1, '2014-07-08 16:07:30', '2014-07-08 16:41:45', '2014-07-08 16:07:30'),
(3, 284, 1, '2014-07-09 10:07:39', '2014-07-09 09:31:10', '2014-07-09 10:07:48'),
(3, 285, 1, '2014-07-11 11:07:36', '2014-07-09 09:40:28', '2014-07-11 11:07:36'),
(3, 286, 1, '2014-07-10 16:07:46', '2014-07-10 14:00:05', '2014-07-10 16:07:46'),
(3, 287, 1, '2014-07-11 15:07:13', '2014-07-11 15:04:14', '2014-07-11 15:07:13'),
(3, 288, 1, '2014-07-15 09:07:35', '2014-07-15 09:13:53', '2014-07-15 09:07:35'),
(3, 289, 1, '2014-07-15 10:07:37', '2014-07-15 09:58:51', '2014-07-15 10:07:37'),
(3, 290, 1, '2014-07-25 15:07:12', '2014-07-15 11:19:02', '2014-07-25 15:07:12'),
(3, 294, 1, '2014-07-17 09:07:46', '2014-07-16 12:49:52', '2014-07-17 09:07:46'),
(3, 295, 1, '2014-07-17 09:07:32', '2014-07-16 12:55:52', '2014-07-17 09:07:32'),
(3, 296, 1, '2014-07-17 09:07:33', '2014-07-17 09:16:26', '2014-07-17 09:07:33'),
(3, 297, 1, '2014-07-17 10:07:05', '2014-07-17 09:22:42', '2014-07-17 10:07:05'),
(3, 299, 1, '2014-07-18 14:07:14', '2014-07-18 11:54:25', '2014-07-18 14:07:14'),
(3, 300, 1, '2014-07-21 14:07:05', '2014-07-21 14:00:35', '2014-07-21 14:07:05'),
(3, 301, 1, '2014-07-21 14:07:58', '2014-07-21 14:29:04', '2014-07-21 14:07:58'),
(3, 302, 1, '2014-07-23 16:07:43', '2014-07-21 14:35:18', '2014-07-23 16:07:43'),
(3, 305, 1, '2014-07-22 14:07:09', '2014-07-22 13:58:10', '2014-07-22 14:07:09'),
(3, 306, 1, '2014-07-24 09:07:41', '2014-07-22 14:14:17', '2014-07-24 09:07:44'),
(3, 307, 1, '2014-07-23 16:07:55', '2014-07-23 10:53:19', '2014-07-23 16:07:55'),
(3, 308, 1, '2014-08-15 13:08:20', '2014-07-24 13:58:36', '2014-08-15 13:08:22'),
(3, 309, 1, '2014-07-25 15:07:21', '2014-07-25 14:46:39', '2014-07-25 15:07:21'),
(3, 310, 1, '2014-07-29 11:07:20', '2014-07-25 15:21:18', '2014-07-29 11:07:20'),
(3, 311, 1, '2014-07-29 11:07:41', '2014-07-28 17:09:12', '2014-07-29 11:07:41'),
(3, 312, 1, '2014-07-29 15:07:23', '2014-07-29 14:16:00', '2014-07-29 15:07:23'),
(3, 314, 1, '2014-08-01 11:08:35', '2014-07-30 14:07:47', '2014-08-01 11:08:35'),
(3, 315, 1, '2014-07-30 16:07:40', '2014-07-30 14:55:24', '2014-07-30 16:07:40'),
(3, 316, 1, '2014-07-30 16:07:57', '2014-07-30 15:00:34', '2014-07-30 16:07:57'),
(3, 317, 1, '2014-08-04 11:08:39', '2014-07-31 09:28:21', '2014-08-04 11:08:39'),
(3, 318, 1, '2014-08-04 16:08:10', '2014-07-31 11:59:28', '2014-08-04 16:08:10'),
(3, 319, 1, '2014-08-04 11:08:49', '2014-08-01 10:53:04', '2014-08-04 11:08:49'),
(3, 320, 1, '2014-08-06 09:08:01', '2014-08-01 17:36:25', '2014-08-06 09:08:01'),
(3, 321, 1, '2014-08-06 09:08:32', '2014-08-04 10:21:53', '2014-08-06 09:08:32'),
(3, 322, 1, '2014-08-06 09:08:10', '2014-08-04 10:27:26', '2014-08-06 09:08:10'),
(3, 323, 1, '2014-08-04 16:08:18', '2014-08-04 11:32:43', '2014-08-04 16:08:18'),
(3, 324, 1, '2014-08-06 09:08:18', '2014-08-05 14:22:18', '2014-08-06 09:08:18'),
(3, 325, 1, '2014-08-08 09:08:30', '2014-08-06 09:34:15', '2014-08-08 09:08:30'),
(3, 327, 1, '2014-08-08 09:08:44', '2014-08-06 16:31:58', '2014-08-08 09:08:44'),
(3, 328, 1, '2014-08-08 14:08:29', '2014-08-08 09:36:23', '2014-08-08 14:08:29'),
(3, 329, 1, '2014-08-11 15:08:40', '2014-08-08 17:42:12', '2014-08-11 15:08:40'),
(3, 330, 1, '2014-08-11 16:08:52', '2014-08-11 11:50:59', '2014-08-11 16:08:52'),
(3, 331, 1, '2014-08-18 09:08:33', '2014-08-11 11:59:28', '2014-08-18 09:08:33'),
(3, 332, 1, '2014-08-14 10:08:45', '2014-08-12 16:25:38', '2014-08-14 10:08:45'),
(3, 333, 1, '2014-08-14 16:08:41', '2014-08-14 15:20:16', '2014-08-14 16:08:41'),
(3, 334, 1, '2014-08-15 13:08:01', '2014-08-14 15:32:58', '2014-08-15 13:08:01'),
(3, 335, 1, '2014-08-15 13:08:52', '2014-08-14 15:42:18', '2014-08-15 13:08:52'),
(3, 336, 1, '2014-08-14 16:08:13', '2014-08-14 15:46:57', '2014-08-14 16:08:13'),
(3, 337, 1, '2014-08-15 13:08:15', '2014-08-14 15:50:31', '2014-08-15 13:08:15'),
(3, 338, 1, '2014-08-15 13:08:25', '2014-08-14 15:55:25', '2014-08-15 13:08:25'),
(3, 339, 1, '2014-08-20 08:08:40', '2014-08-15 17:12:14', '2014-08-20 08:08:40'),
(3, 340, 1, '2014-08-18 10:08:31', '2014-08-18 10:08:42', '2014-08-18 10:08:31'),
(3, 341, 1, '2014-08-20 08:08:51', '2014-08-19 08:51:47', '2014-08-20 08:08:51'),
(3, 342, 1, '2014-08-25 10:08:20', '2014-08-19 11:28:53', '2014-08-25 10:08:20'),
(3, 343, 1, '2014-08-25 10:08:29', '2014-08-20 16:53:28', '2014-08-25 10:08:29'),
(3, 344, 1, '2014-08-22 14:08:37', '2014-08-22 14:03:03', '2014-08-22 14:08:37'),
(3, 345, 1, '2014-08-22 14:08:45', '2014-08-22 14:11:49', '2014-08-22 14:08:45'),
(3, 346, 1, '2014-08-26 09:08:02', '2014-08-25 10:53:53', '2014-08-26 09:08:02'),
(3, 348, 1, '2014-08-26 15:08:48', '2014-08-26 15:22:56', '2014-08-26 15:08:48'),
(3, 349, 1, '2014-08-27 14:08:15', '2014-08-27 10:47:36', '2014-08-27 14:08:15'),
(3, 350, 1, '2014-08-28 08:08:26', '2014-08-27 16:28:33', '2014-08-28 08:08:26'),
(3, 351, 1, '2014-08-28 11:08:13', '2014-08-28 09:43:49', '2014-08-28 11:08:13'),
(3, 352, 1, '2014-08-29 08:08:59', '2014-08-28 12:48:32', '2014-08-29 08:08:59'),
(3, 353, 1, '2014-08-29 14:08:48', '2014-08-29 10:56:18', '2014-08-29 14:08:48'),
(3, 354, 1, '2014-08-29 17:08:00', '2014-08-29 15:02:19', '2014-08-29 17:08:00'),
(3, 355, 1, '2014-08-29 17:08:49', '2014-08-29 15:08:32', '2014-08-29 17:08:49'),
(3, 356, 1, '2014-09-01 08:09:06', '2014-08-29 17:40:17', '2014-09-01 08:09:06'),
(3, 357, 1, '2014-09-02 11:09:24', '2014-09-01 15:35:41', '2014-09-02 11:09:24'),
(3, 360, 1, '2014-09-02 11:09:42', '2014-09-02 09:51:47', '2014-09-02 11:09:42'),
(3, 361, 1, '2014-09-09 10:09:12', '2014-09-02 16:56:43', '2014-09-09 10:09:12'),
(3, 362, 1, '2014-09-05 14:09:00', '2014-09-04 14:49:51', '2014-09-09 10:09:13'),
(3, 363, 1, '2014-09-09 10:09:37', '2014-09-04 17:38:13', '2014-09-09 10:09:37'),
(3, 367, 1, '2014-09-10 09:09:55', '2014-09-09 10:50:52', '2014-09-10 09:09:55'),
(3, 368, 1, '2014-09-10 09:09:05', '2014-09-09 12:41:52', '2014-09-10 09:09:05'),
(3, 369, 1, '2014-09-12 17:21:35', '2014-09-09 15:30:50', '2014-09-12 17:21:35'),
(3, 370, 1, '2014-09-12 17:21:40', '2014-09-09 15:38:25', '2014-09-12 17:21:40'),
(3, 371, 1, '2014-09-12 11:23:01', '2014-09-12 10:42:00', '2014-09-12 11:23:01'),
(3, 372, 1, '2014-09-12 17:21:30', '2014-09-12 12:46:07', '2014-09-12 17:21:30'),
(3, 373, 1, '2014-09-12 17:18:54', '2014-09-12 14:29:37', '2014-09-12 17:18:54'),
(3, 374, 1, '2014-11-17 11:44:18', '2014-09-15 13:53:05', '2014-11-17 11:44:18'),
(3, 375, 1, '2014-09-18 16:55:49', '2014-09-15 13:59:03', '2014-09-18 16:55:49'),
(3, 376, 1, '2014-09-18 09:24:22', '2014-09-15 14:08:46', '2014-09-18 09:24:22'),
(3, 377, 1, '2014-09-18 09:23:57', '2014-09-16 10:02:47', '2014-09-18 09:23:57'),
(3, 378, 1, '2014-09-19 14:09:13', '2014-09-18 11:44:56', '2014-09-19 14:09:13'),
(3, 379, 1, '2014-09-18 17:37:44', '2014-09-18 11:53:34', '2014-09-18 17:37:44'),
(3, 381, 1, '2014-09-19 14:07:39', '2014-09-19 10:01:50', '2014-09-19 14:07:39'),
(3, 382, 1, '2014-09-24 09:33:17', '2014-09-19 16:04:11', '2014-09-24 09:33:17'),
(3, 383, 1, '2015-01-29 10:22:32', '2014-09-28 17:12:39', '2015-01-29 10:22:32'),
(3, 386, 1, '2014-10-09 08:53:30', '2014-09-28 17:19:20', '2014-10-09 08:53:30'),
(3, 388, 1, '2014-10-08 08:35:42', '2014-09-28 17:14:49', '2014-10-08 08:35:42'),
(3, 389, 1, '2014-10-08 08:35:51', '2014-09-28 17:18:17', '2014-10-08 08:35:51'),
(3, 390, 1, '2014-10-08 08:35:58', '2014-09-29 11:47:03', '2014-10-08 08:35:58'),
(3, 391, 1, '2014-10-08 08:36:34', '2014-09-29 11:58:34', '2014-10-08 08:36:34'),
(3, 392, 1, '2014-10-08 08:36:06', '2014-09-29 12:02:07', '2014-10-08 08:36:06'),
(3, 396, 1, '2014-10-09 08:53:56', '2014-10-08 17:31:41', '2014-10-09 08:53:56'),
(3, 397, 1, '2014-10-10 09:34:57', '2014-10-09 09:24:43', '2014-10-10 09:34:57'),
(3, 399, 1, '2014-10-10 09:34:51', '2014-10-09 17:30:13', '2014-10-10 09:34:51'),
(3, 400, 1, '2014-10-11 08:53:53', '2014-10-09 17:30:50', '2014-10-11 08:53:53'),
(3, 401, 1, '2014-10-11 10:47:22', '2014-10-10 10:09:56', '2014-10-11 10:47:22'),
(3, 402, 1, '2014-10-13 16:18:30', '2014-10-11 14:07:48', '2014-10-13 16:18:30'),
(3, 403, 1, '2014-10-11 15:15:38', '2014-10-11 14:07:27', '2014-10-11 15:15:38'),
(3, 404, 1, '2014-10-13 16:18:03', '2014-10-13 10:16:08', '2014-10-13 16:18:03'),
(3, 406, 1, '2014-10-20 09:32:39', '2014-10-13 10:17:27', '2014-10-20 09:32:39'),
(3, 407, 1, '2014-10-17 10:45:25', '2014-10-13 10:17:54', '2014-10-17 10:45:25'),
(3, 409, 1, '2014-10-17 09:12:47', '2014-10-16 10:13:03', '2014-10-17 09:12:47'),
(3, 410, 1, '2014-10-28 17:18:56', '2014-10-17 17:33:32', '2014-10-28 17:18:56'),
(3, 411, 1, '2014-10-23 17:06:45', '2014-10-17 17:33:11', '2014-10-23 17:06:45'),
(3, 412, 1, '2014-10-21 10:27:11', '2014-10-20 14:11:49', '2014-10-21 10:27:11'),
(3, 415, 1, '2014-10-23 17:06:53', '2014-10-23 16:49:24', '2014-10-23 17:06:53'),
(3, 416, 1, '2014-10-23 17:07:31', '2014-10-23 16:48:40', '2014-10-23 17:07:31'),
(3, 418, 1, '2014-10-23 17:06:27', '2014-10-23 16:46:35', '2014-10-23 17:06:27'),
(3, 419, 1, '2014-10-27 08:57:27', '2014-10-23 16:46:04', '2014-10-27 08:57:27'),
(3, 420, 1, '2014-10-23 17:06:33', '2014-10-23 15:06:26', '2014-10-23 17:06:33'),
(3, 421, 1, '2014-10-24 10:30:13', '2014-10-23 17:05:40', '2014-10-24 10:30:13'),
(3, 422, 1, '2014-10-23 17:28:27', '2014-10-23 17:26:42', '2014-10-23 17:28:27'),
(3, 423, 1, '2014-10-23 17:28:34', '2014-10-23 17:26:50', '2014-10-23 17:28:34'),
(3, 424, 1, '2014-10-30 08:46:58', '2014-10-28 14:34:19', '2014-10-30 08:46:58'),
(3, 425, 1, '2014-11-03 10:28:15', '2014-10-30 16:36:28', '2014-11-03 10:28:15'),
(3, 427, 1, '2014-11-03 10:28:23', '2014-11-03 09:50:36', '2014-11-03 10:28:23'),
(3, 428, 1, '2014-11-04 09:00:16', '2014-11-03 11:19:10', '2014-11-04 09:00:16'),
(3, 429, 1, '2014-11-04 09:00:36', '2014-11-03 13:54:48', '2014-11-04 09:00:36'),
(3, 430, 1, '2014-11-04 09:00:07', '2014-11-03 13:58:17', '2014-11-04 09:00:07'),
(3, 433, 1, '2014-11-10 16:51:45', '2014-11-05 17:07:40', '2014-11-10 16:51:45'),
(3, 434, 1, '2014-11-10 16:51:02', '2014-11-10 14:25:19', '2014-11-10 16:51:02'),
(3, 435, 1, '2014-11-10 16:50:48', '2014-11-10 14:25:00', '2014-11-10 16:50:48'),
(3, 436, 1, '2014-11-10 16:50:53', '2014-11-10 16:44:41', '2014-11-10 16:50:53'),
(3, 437, 1, '2014-11-17 11:44:04', '2014-11-14 09:48:50', '2014-11-17 11:44:04'),
(3, 438, 1, '2014-11-17 11:43:51', '2014-11-17 11:25:37', '2014-11-17 11:43:51'),
(3, 439, 1, '2014-11-18 09:31:00', '2014-11-17 11:31:48', '2014-11-18 09:31:00'),
(3, 441, 1, '2014-11-21 09:58:07', '2014-11-18 12:00:22', '2014-11-21 09:58:07'),
(3, 444, 1, '2014-11-24 09:03:48', '2014-11-18 14:54:10', '2014-11-24 09:03:48'),
(3, 445, 1, '2014-11-21 09:58:16', '2014-11-19 11:02:14', '2014-11-21 09:58:16'),
(3, 446, 1, '2014-11-28 10:58:23', '2014-11-19 11:22:08', '2014-11-28 10:58:23'),
(3, 447, 1, '2014-11-21 09:58:22', '2014-11-19 16:45:14', '2014-11-21 09:58:22'),
(3, 449, 1, '2014-11-26 15:19:15', '2014-11-24 10:49:23', '2014-11-26 15:19:15'),
(3, 450, 1, '2014-11-26 15:18:27', '2014-11-24 10:48:59', '2014-11-26 15:18:27'),
(3, 451, 1, '2014-11-26 15:18:38', '2014-11-24 15:58:54', '2014-11-26 15:18:38'),
(3, 452, 1, '2014-11-26 15:19:32', '2014-11-24 17:40:32', '2014-11-26 15:19:32'),
(3, 453, 1, '2014-11-26 15:18:57', '2014-11-25 09:24:32', '2014-11-26 15:18:57'),
(3, 454, 1, '2014-11-28 10:58:13', '2014-11-27 16:03:04', '2014-11-28 10:58:13'),
(3, 455, 1, '2014-11-28 10:58:56', '2014-11-26 09:48:12', '2014-11-28 10:58:56'),
(3, 457, 1, '2014-11-28 10:58:36', '2014-11-27 16:03:16', '2014-11-28 10:58:36'),
(3, 458, 1, '2014-11-28 17:45:47', '2014-11-27 15:24:55', '2014-11-28 17:45:47'),
(3, 459, 1, '2014-11-28 17:38:46', '2014-11-27 15:23:23', '2014-11-28 17:38:46'),
(3, 461, 1, '2014-11-28 10:59:04', '2014-11-28 09:12:11', '2014-11-28 10:59:04'),
(3, 462, 1, '2014-11-28 10:59:09', '2014-11-28 09:11:54', '2014-11-28 10:59:09'),
(3, 464, 1, '2014-12-01 17:12:58', '2014-12-01 09:46:39', '2014-12-01 17:12:58'),
(3, 467, 1, '2014-12-02 14:06:09', '2014-12-02 11:49:23', '2014-12-02 14:06:09'),
(3, 468, 1, '2014-12-08 10:07:16', '2014-12-05 16:03:10', '2014-12-08 10:07:16'),
(3, 469, 1, '2014-12-08 10:07:07', '2014-12-05 16:25:22', '2014-12-08 10:07:07'),
(3, 470, 1, '2014-12-10 09:26:12', '2014-12-09 11:53:44', '2014-12-10 09:26:12'),
(3, 471, 1, '2014-12-23 15:10:51', '2014-12-09 11:59:58', '2014-12-23 15:10:51'),
(3, 472, 1, '2014-12-12 16:58:06', '2014-12-09 15:03:56', '2014-12-12 16:58:06'),
(3, 473, 1, '2014-12-10 09:26:05', '2014-12-09 16:13:08', '2014-12-10 09:26:05'),
(3, 475, 1, '2015-01-07 11:25:50', '2014-12-11 14:53:46', '2015-01-07 11:25:50'),
(3, 476, 1, '2014-12-12 09:20:28', '2014-12-11 15:14:39', '2014-12-12 09:20:28'),
(3, 477, 1, '2014-12-12 09:20:45', '2014-12-11 16:32:30', '2014-12-12 09:20:45'),
(3, 478, 1, '2014-12-12 16:57:51', '2014-12-12 14:06:38', '2014-12-12 16:57:51'),
(3, 480, 1, '2014-12-22 11:28:04', '2014-12-16 10:48:49', '2014-12-22 11:28:04'),
(3, 481, 1, '2014-12-22 11:23:46', '2014-12-22 11:19:05', '2014-12-22 11:23:46'),
(3, 482, 1, '2014-12-23 15:11:10', '2014-12-22 10:38:18', '2014-12-23 15:11:10'),
(3, 483, 1, '2014-12-25 16:09:37', '2014-12-22 11:19:21', '2014-12-25 16:09:37'),
(3, 484, 1, '2014-12-23 15:10:58', '2014-12-23 15:10:09', '2014-12-23 15:10:58'),
(3, 486, 1, '2014-12-24 14:11:41', '2014-12-23 15:42:04', '2014-12-24 14:11:41'),
(3, 487, 1, '2014-12-24 14:11:52', '2014-12-24 09:08:43', '2014-12-24 14:11:52'),
(3, 491, 1, '2014-12-25 16:09:46', '2014-12-25 11:44:08', '2014-12-25 16:09:46'),
(3, 494, 1, '2014-12-25 16:09:29', '2014-12-25 14:26:42', '2014-12-25 16:09:29'),
(3, 498, 1, '2014-12-30 08:57:51', '2014-12-29 09:27:47', '2014-12-30 08:57:51'),
(3, 499, 1, '2014-12-30 08:58:00', '2014-12-30 08:55:50', '2014-12-30 08:58:00'),
(3, 500, 1, '2015-01-04 09:29:43', '2014-12-30 09:42:20', '2015-01-04 09:29:43'),
(3, 501, 1, '2015-01-04 09:29:52', '2014-12-30 09:42:00', '2015-01-04 09:29:52'),
(3, 502, 1, '2015-01-04 09:51:07', '2014-12-31 11:18:14', '2015-01-04 09:51:07'),
(3, 504, 1, '2015-01-04 09:52:46', '2014-12-30 15:03:05', '2015-01-04 09:52:46'),
(3, 506, 1, '2015-01-04 09:51:38', '2014-12-31 11:15:59', '2015-01-04 09:51:38'),
(3, 507, 1, '2015-01-04 09:34:47', '2014-12-31 11:28:44', '2015-01-04 09:34:47'),
(3, 509, 1, '2015-01-05 09:42:27', '2015-01-05 09:06:33', '2015-01-05 09:42:27'),
(3, 510, 1, '2015-01-05 09:42:38', '2015-01-05 09:09:09', '2015-01-05 09:42:38'),
(3, 512, 1, '2015-01-06 09:51:38', '2015-01-05 15:46:31', '2015-01-06 09:51:38'),
(3, 514, 1, '2015-01-06 16:05:04', '2015-01-06 15:19:50', '2015-01-06 16:05:04'),
(3, 515, 1, '2015-01-09 16:46:06', '2015-01-07 09:49:04', '2015-01-09 16:46:06'),
(3, 516, 1, '2015-01-09 10:55:11', '2015-01-07 17:02:14', '2015-01-09 10:55:11'),
(3, 518, 1, '2015-01-09 10:55:17', '2015-01-08 17:15:56', '2015-01-09 10:55:17'),
(3, 520, 1, '2015-01-09 16:46:10', '2015-01-09 15:26:35', '2015-01-09 16:46:10'),
(3, 521, 1, '2015-01-12 09:53:48', '2015-01-09 17:24:14', '2015-01-12 09:53:48'),
(3, 522, 1, '2015-01-12 09:32:16', '2015-01-12 09:00:31', '2015-01-12 09:32:16'),
(3, 525, 1, '2015-01-13 16:08:01', '2015-01-12 14:01:06', '2015-01-13 16:08:01'),
(3, 527, 1, '2015-01-13 16:07:50', '2015-01-13 13:53:21', '2015-01-13 16:07:50'),
(3, 528, 0, NULL, '2015-01-13 15:31:17', '2015-01-13 15:31:17'),
(3, 529, 1, '2015-01-16 11:31:40', '2015-01-13 16:49:45', '2015-01-16 11:31:40'),
(3, 531, 1, '2015-01-16 16:27:54', '2015-01-16 16:12:42', '2015-01-16 16:27:54'),
(3, 532, 1, '2015-01-19 11:17:54', '2015-01-16 17:13:06', '2015-01-19 11:17:54'),
(3, 533, 1, '2015-01-21 14:34:39', '2015-01-19 16:59:07', '2015-01-21 14:34:39'),
(3, 534, 1, '2015-01-21 14:34:28', '2015-01-19 17:06:43', '2015-01-21 14:34:28'),
(3, 535, 1, '2015-01-21 14:34:56', '2015-01-19 17:09:55', '2015-01-21 14:34:56'),
(3, 536, 1, '2015-01-21 14:34:47', '2015-01-19 17:14:54', '2015-01-21 14:34:47'),
(3, 537, 1, '2015-01-21 14:35:03', '2015-01-20 11:54:41', '2015-01-21 14:35:03'),
(3, 538, 1, '2015-02-05 14:25:14', '2015-01-20 17:26:07', '2015-02-05 14:25:14'),
(3, 539, 1, '2015-01-23 09:41:21', '2015-01-21 16:52:23', '2015-01-23 09:41:21'),
(3, 541, 1, '2015-01-23 09:41:29', '2015-01-23 09:18:18', '2015-01-23 09:41:29'),
(3, 544, 1, '2015-01-27 16:38:11', '2015-01-27 16:34:30', '2015-01-27 16:38:11'),
(3, 545, 1, '2015-01-28 17:01:24', '2015-01-28 11:30:54', '2015-01-28 17:01:24'),
(3, 547, 1, '2015-01-29 18:31:12', '2015-01-28 17:23:27', '2015-01-29 18:31:12'),
(3, 549, 1, '2015-02-04 09:04:17', '2015-01-29 14:08:30', '2015-02-04 09:04:17'),
(3, 550, 1, '2015-01-29 18:31:06', '2015-01-29 14:33:21', '2015-01-29 18:31:06'),
(3, 551, 1, '2015-01-29 18:31:31', '2015-01-29 15:40:11', '2015-01-29 18:31:31'),
(3, 553, 1, '2015-02-04 09:04:06', '2015-01-29 17:52:57', '2015-02-04 09:04:06'),
(3, 555, 1, '2015-02-04 09:04:45', '2015-01-30 11:36:25', '2015-02-04 09:04:45'),
(3, 556, 1, '2015-02-04 09:04:26', '2015-02-02 11:22:40', '2015-02-04 09:04:26'),
(3, 557, 0, NULL, '2015-02-03 16:40:21', '2015-02-03 16:40:21'),
(3, 559, 1, '2015-02-09 08:50:37', '2015-02-04 09:29:33', '2015-02-09 08:50:37'),
(3, 560, 0, NULL, '2015-02-10 09:03:55', '2015-02-10 09:03:55'),
(4, 39, 1, '2014-01-06 09:01:42', '2014-01-02 15:24:26', '2014-01-06 09:01:42'),
(4, 40, 1, '2014-01-06 09:01:20', '2014-01-03 10:57:32', '2014-01-06 09:01:20'),
(4, 41, 1, '2014-01-07 11:01:28', '2014-01-06 09:51:12', '2014-01-07 11:01:28'),
(4, 42, 1, '2014-01-06 14:01:36', '2014-01-06 09:56:06', '2014-01-06 15:01:57'),
(4, 43, 1, '2014-01-06 10:01:15', '2014-01-06 10:01:37', '2014-01-06 10:01:15'),
(4, 44, 1, '2014-01-06 11:01:18', '2014-01-06 11:01:29', '2014-01-06 11:01:18'),
(4, 45, 1, '2014-01-07 11:01:24', '2014-01-07 10:42:47', '2014-01-07 11:01:24'),
(4, 46, 1, '2014-01-07 16:01:02', '2014-01-07 16:12:27', '2014-01-07 16:01:02'),
(4, 47, 1, '2014-01-08 17:01:00', '2014-01-07 17:00:44', '2014-01-09 13:01:26'),
(4, 48, 1, '2014-01-08 11:01:27', '2014-01-08 08:53:37', '2014-01-08 11:01:27'),
(4, 49, 1, '2014-01-08 11:01:47', '2014-01-08 09:41:20', '2014-01-08 11:01:47'),
(4, 50, 1, '2014-01-08 11:01:47', '2014-01-08 09:44:43', '2014-01-08 11:01:47'),
(4, 52, 1, '2014-01-09 20:01:46', '2014-01-09 17:02:16', '2014-01-09 20:01:46'),
(4, 53, 1, '2014-01-13 09:01:47', '2014-01-13 09:17:43', '2014-01-13 09:01:47'),
(4, 55, 1, '2014-01-14 09:01:35', '2014-01-14 09:53:38', '2014-01-14 09:01:35'),
(4, 57, 1, '2014-01-14 10:01:56', '2014-01-14 10:02:25', '2014-01-14 10:01:56'),
(4, 58, 1, '2014-01-14 14:01:46', '2014-01-14 14:51:01', '2014-01-14 14:01:46'),
(4, 59, 1, '2014-01-15 16:01:00', '2014-01-15 14:33:33', '2014-01-16 15:01:34'),
(4, 60, 1, '2014-01-16 15:01:45', '2014-01-15 14:43:07', '2014-01-16 15:01:45'),
(4, 61, 1, '2014-01-16 15:01:57', '2014-01-15 14:47:51', '2014-01-16 15:01:57'),
(4, 62, 1, '2014-01-16 15:01:52', '2014-01-15 14:53:18', '2014-01-16 15:01:52'),
(4, 63, 1, '2014-01-16 10:01:00', '2014-01-16 09:19:10', '2014-01-16 15:01:52'),
(4, 64, 1, '2014-01-24 17:01:00', '2014-01-16 15:51:56', '2014-01-26 10:01:55'),
(4, 65, 1, '2014-01-17 10:01:00', '2014-01-20 11:55:18', '2014-01-20 15:01:53'),
(4, 66, 1, '2014-01-22 12:01:00', '2014-01-20 14:13:22', '2014-01-22 14:01:26'),
(4, 67, 1, '2014-01-20 15:01:36', '2014-01-20 14:17:21', '2014-01-20 15:01:36'),
(4, 69, 1, '2014-01-24 15:01:13', '2014-01-24 15:31:26', '2014-01-24 15:01:13'),
(4, 70, 1, '2014-01-24 15:01:15', '2014-01-24 15:35:23', '2014-01-24 15:01:15'),
(4, 71, 1, '2014-01-26 15:01:07', '2014-01-26 14:50:36', '2014-01-26 15:01:07'),
(4, 72, 1, '2014-02-11 14:02:42', '2014-01-27 10:06:31', '2014-02-11 14:02:42'),
(4, 73, 1, '2014-02-11 14:02:30', '2014-01-27 14:18:08', '2014-02-11 14:02:30'),
(4, 74, 1, '2014-02-11 14:02:47', '2014-01-27 17:12:34', '2014-02-11 14:02:47'),
(4, 77, 1, '2014-02-10 09:02:00', '2014-03-05 11:42:23', '2014-03-05 11:03:02'),
(4, 78, 1, '2014-03-05 13:03:23', '2014-03-05 13:55:10', '2014-03-05 13:03:23'),
(4, 79, 1, '2014-03-05 14:03:19', '2014-03-05 14:11:11', '2014-03-05 14:03:19'),
(4, 80, 1, '2014-03-05 14:03:01', '2014-03-05 14:17:54', '2014-03-05 14:03:01'),
(4, 81, 1, '2014-03-05 14:03:29', '2014-03-05 14:40:11', '2014-03-05 14:03:29'),
(4, 82, 1, '2014-03-05 14:03:20', '2014-03-05 14:52:04', '2014-03-05 14:03:20'),
(4, 83, 1, '2014-03-05 15:03:15', '2014-03-05 15:05:05', '2014-03-05 15:03:15'),
(4, 85, 1, '2014-02-14 15:02:00', '2014-03-05 15:25:35', '2014-03-05 15:03:23'),
(4, 88, 1, '2014-03-05 16:03:08', '2014-03-05 16:02:34', '2014-03-05 16:03:08'),
(4, 90, 1, '2014-03-05 16:03:59', '2014-03-05 16:26:18', '2014-03-05 16:03:59'),
(4, 91, 1, '2014-03-05 16:03:34', '2014-03-05 16:33:43', '2014-03-05 16:03:34'),
(4, 92, 1, '2014-03-05 16:03:23', '2014-03-05 16:48:02', '2014-03-05 16:03:23'),
(4, 95, 1, '2014-03-03 12:03:00', '2014-03-06 11:17:55', '2014-03-07 10:03:58'),
(4, 96, 1, '2014-03-24 10:03:00', '2014-03-06 11:25:39', '2014-03-24 11:03:25'),
(4, 97, 1, '2014-03-07 11:03:22', '2014-03-06 11:30:15', '2014-03-07 11:03:22'),
(4, 98, 1, '2014-03-07 11:03:38', '2014-03-06 11:46:18', '2014-03-07 11:03:38'),
(4, 100, 1, '2014-02-27 15:02:00', '2014-03-07 11:36:12', '2014-03-07 11:03:31'),
(4, 101, 1, '2014-03-07 14:03:27', '2014-03-07 14:24:04', '2014-03-07 14:03:27'),
(4, 104, 1, '2014-03-07 14:03:15', '2014-03-07 14:36:09', '2014-03-07 14:03:15'),
(4, 105, 1, '2014-03-10 15:03:49', '2014-03-07 14:40:01', '2014-03-10 15:03:49'),
(4, 106, 1, '2014-03-13 16:03:00', '2014-03-10 15:07:42', '2014-03-14 14:03:04'),
(4, 109, 1, '2014-03-24 10:03:00', '2014-03-11 15:26:28', '2014-03-24 11:03:35'),
(4, 112, 1, '2014-03-13 14:03:00', '2014-03-13 14:30:40', '2014-03-14 14:03:49'),
(4, 114, 1, '2014-03-13 15:03:47', '2014-03-13 15:05:38', '2014-03-13 15:03:47'),
(4, 115, 1, '2014-03-14 14:03:04', '2014-03-14 14:27:30', '2014-03-14 14:03:04'),
(4, 116, 1, '2014-03-14 15:03:00', '2014-03-14 14:47:32', '2014-03-14 15:03:08'),
(4, 118, 1, '2014-03-21 09:03:15', '2014-03-20 15:05:05', '2014-03-21 09:03:15'),
(4, 119, 1, '2014-03-24 11:03:19', '2014-03-21 10:26:01', '2014-03-24 11:03:19'),
(4, 122, 1, '2014-03-24 14:03:32', '2014-03-24 12:01:20', '2014-03-24 14:03:32'),
(4, 124, 1, '2014-03-24 14:03:40', '2014-03-24 14:33:59', '2014-03-24 14:03:40'),
(4, 125, 1, '2014-03-25 14:03:30', '2014-03-25 10:04:51', '2014-03-25 14:03:30'),
(4, 126, 1, '2014-03-25 14:03:34', '2014-03-25 10:17:39', '2014-03-25 14:03:34'),
(4, 127, 1, '2014-03-26 16:03:00', '2014-03-26 09:22:57', '2014-03-26 17:03:53'),
(4, 128, 1, '2014-04-03 10:04:35', '2014-03-26 09:47:53', '2014-04-03 10:04:35'),
(4, 129, 1, '2014-04-01 14:04:00', '2014-03-26 11:47:28', '2014-04-02 08:04:41'),
(4, 130, 1, '2014-03-26 17:03:37', '2014-03-26 11:53:17', '2014-03-26 17:03:37'),
(4, 131, 1, '2014-03-26 17:03:17', '2014-03-26 11:58:05', '2014-03-26 17:03:17'),
(4, 132, 1, '2014-03-31 11:03:48', '2014-03-26 12:41:46', '2014-03-31 11:03:48'),
(4, 133, 1, '2014-03-31 11:03:27', '2014-03-26 12:45:35', '2014-03-31 11:03:27'),
(4, 134, 1, '2014-03-28 14:03:21', '2014-03-26 12:48:42', '2014-03-28 14:03:21'),
(4, 136, 1, '2014-03-28 14:03:13', '2014-03-28 09:10:08', '2014-03-28 14:03:13'),
(4, 137, 1, '2014-04-02 10:04:56', '2014-03-28 09:20:11', '2014-04-02 10:04:56'),
(4, 140, 1, '2014-04-01 10:04:12', '2014-03-28 15:43:06', '2014-04-01 10:04:12'),
(4, 141, 1, '2014-04-04 11:04:00', '2014-04-02 10:11:18', '2014-04-04 11:04:08'),
(4, 142, 1, '2014-04-04 09:04:00', '2014-04-02 10:15:57', '2014-04-04 09:04:50'),
(4, 143, 1, '2014-04-02 10:04:00', '2014-04-02 10:19:28', '2014-04-03 10:04:01'),
(4, 144, 1, '2014-04-03 10:04:22', '2014-04-03 09:46:23', '2014-04-03 10:04:22'),
(4, 145, 1, '2014-04-04 10:04:00', '2014-04-04 10:58:09', '2014-04-04 10:04:42'),
(4, 147, 1, '2014-04-09 15:04:00', '2014-04-09 14:07:42', '2014-04-09 15:04:38'),
(4, 148, 1, '2014-04-09 17:04:09', '2014-04-09 17:53:02', '2014-04-09 17:04:09'),
(4, 149, 1, '2014-04-10 13:04:02', '2014-04-09 17:58:13', '2014-04-10 13:04:02'),
(4, 150, 1, '2014-04-17 09:04:45', '2014-04-11 10:58:01', '2014-04-17 09:04:45'),
(4, 153, 1, '2014-05-06 15:05:00', '2014-04-14 10:00:28', '2014-05-07 15:05:21'),
(4, 154, 1, '2014-04-14 11:04:08', '2014-04-14 11:49:58', '2014-04-14 11:04:08'),
(4, 155, 1, '2014-04-16 11:04:00', '2014-04-14 15:42:50', '2014-04-16 11:04:50'),
(4, 159, 1, '2014-04-21 15:04:00', '2014-04-21 09:34:16', '2014-04-21 15:04:25'),
(4, 160, 1, '2014-04-23 17:04:00', '2014-04-21 09:38:14', '2014-04-24 09:04:25'),
(4, 161, 1, '2014-04-23 10:04:00', '2014-04-22 09:27:07', '2014-04-23 10:04:16'),
(4, 163, 1, '2014-04-24 09:04:11', '2014-04-23 15:34:07', '2014-04-24 09:04:11'),
(4, 164, 1, '2014-04-24 09:04:31', '2014-04-23 15:53:33', '2014-04-24 09:04:31'),
(4, 165, 1, '2014-04-24 09:04:37', '2014-04-23 17:11:08', '2014-04-24 09:04:37'),
(4, 166, 1, '2014-04-24 10:04:24', '2014-04-24 09:23:45', '2014-04-24 10:04:24'),
(4, 167, 1, '2014-05-04 10:05:53', '2014-04-24 09:26:34', '2014-05-04 10:05:53'),
(4, 168, 1, '2014-05-04 10:05:17', '2014-04-25 09:22:32', '2014-05-04 10:05:17'),
(4, 169, 1, '2014-05-04 10:05:31', '2014-04-25 11:42:29', '2014-05-04 10:05:31'),
(4, 170, 1, '2014-05-04 10:05:38', '2014-04-25 11:56:36', '2014-05-04 10:05:38'),
(4, 171, 1, '2014-05-04 10:05:46', '2014-04-25 11:59:07', '2014-05-04 10:05:46'),
(4, 174, 1, '2014-05-06 09:05:26', '2014-05-04 10:59:46', '2014-05-06 09:05:26'),
(4, 176, 1, '2014-05-06 09:05:40', '2014-05-05 17:42:14', '2014-05-06 09:05:40'),
(4, 177, 1, '2014-05-06 09:05:47', '2014-05-05 17:44:28', '2014-05-06 09:05:47'),
(4, 178, 1, '2014-05-07 15:05:29', '2014-05-06 15:02:20', '2014-05-07 15:05:29'),
(4, 179, 1, '2014-05-07 15:05:56', '2014-05-06 15:09:36', '2014-05-07 15:05:56'),
(4, 181, 1, '2014-05-09 10:05:00', '2014-05-06 17:59:57', '2014-05-09 10:05:46'),
(4, 182, 1, '2014-05-07 15:05:47', '2014-05-07 14:14:30', '2014-05-07 15:05:47'),
(4, 183, 1, '2014-05-07 15:05:38', '2014-05-07 14:19:42', '2014-05-07 15:05:38'),
(4, 186, 1, '2014-05-09 10:05:56', '2014-05-08 14:56:58', '2014-05-09 10:05:56'),
(4, 187, 1, '2014-05-09 10:05:00', '2014-05-08 16:24:54', '2014-05-09 10:05:00'),
(4, 188, 1, '2014-05-09 09:05:02', '2014-05-08 16:48:44', '2014-05-09 09:05:02'),
(4, 189, 1, '2014-06-11 12:06:00', '2014-05-12 14:16:26', '2014-06-12 10:06:42'),
(4, 190, 1, '2014-05-12 15:05:53', '2014-05-12 14:33:29', '2014-05-12 15:05:53'),
(4, 191, 1, '2014-05-12 15:05:38', '2014-05-12 14:59:20', '2014-05-12 15:05:38'),
(4, 192, 1, '2014-05-12 15:05:30', '2014-05-12 15:03:36', '2014-05-12 15:05:30'),
(4, 193, 1, '2014-05-12 15:05:04', '2014-05-12 15:07:27', '2014-05-12 15:05:04'),
(4, 194, 1, '2014-05-12 16:05:28', '2014-05-12 15:13:38', '2014-05-12 16:05:28'),
(4, 195, 1, '2014-05-13 10:05:00', '2014-05-12 16:46:31', '2014-05-13 11:05:54'),
(4, 196, 1, '2014-05-13 14:05:05', '2014-05-13 09:51:14', '2014-05-13 14:05:05'),
(4, 197, 1, '2014-05-13 14:05:26', '2014-05-13 09:57:22', '2014-05-13 14:05:26'),
(4, 199, 1, '2014-05-13 14:05:14', '2014-05-13 14:41:08', '2014-05-13 14:05:14'),
(4, 202, 1, '2014-05-14 12:05:54', '2014-05-13 17:31:55', '2014-05-14 12:05:54'),
(4, 203, 1, '2014-05-14 11:05:00', '2014-05-13 17:59:41', '2014-05-14 11:05:36'),
(4, 207, 1, '2014-05-14 16:05:44', '2014-05-14 16:07:35', '2014-05-14 16:05:44'),
(4, 208, 1, '2014-05-19 09:05:09', '2014-05-15 11:28:52', '2014-05-19 09:05:09'),
(4, 209, 1, '2014-05-20 10:05:00', '2014-05-15 17:31:25', '2014-05-20 10:05:46'),
(4, 210, 1, '2014-05-20 10:05:00', '2014-05-19 14:21:10', '2014-05-20 10:05:39'),
(4, 211, 1, '2014-05-19 14:05:47', '2014-05-19 14:22:50', '2014-05-19 14:05:47'),
(4, 212, 1, '2014-05-19 14:05:30', '2014-05-19 14:27:12', '2014-05-19 14:05:30'),
(4, 213, 1, '2014-05-21 09:05:43', '2014-05-21 09:14:52', '2014-05-21 09:05:43'),
(4, 215, 1, '2014-05-22 15:05:00', '2014-05-21 09:27:34', '2014-05-23 09:05:54'),
(4, 216, 1, '2014-05-22 10:05:43', '2014-05-22 10:27:36', '2014-05-22 10:05:43'),
(4, 217, 1, '2014-05-22 10:05:22', '2014-05-22 10:32:16', '2014-05-22 10:05:22'),
(4, 218, 1, '2014-05-23 13:05:00', '2014-05-22 10:35:21', '2014-05-23 17:05:59'),
(4, 219, 1, '2014-06-04 11:06:00', '2014-05-22 10:38:05', '2014-06-04 11:06:15'),
(4, 220, 1, '2014-05-27 17:05:00', '2014-05-23 10:03:27', '2014-05-27 17:05:39'),
(4, 221, 1, '2014-05-29 15:05:00', '2014-05-23 17:41:19', '2014-06-03 09:06:11'),
(4, 222, 1, '2014-05-23 17:05:08', '2014-05-23 17:45:11', '2014-05-23 17:05:08'),
(4, 223, 1, '2014-05-23 17:05:01', '2014-05-23 17:49:56', '2014-05-23 17:05:01'),
(4, 225, 1, '2014-05-28 09:05:45', '2014-05-28 09:14:37', '2014-05-28 09:05:45'),
(4, 227, 1, '2014-05-28 14:05:00', '2014-05-28 10:21:17', '2014-05-28 14:05:52'),
(4, 228, 1, '2014-05-29 11:05:00', '2014-05-29 10:05:29', '2014-05-29 14:05:18'),
(4, 229, 1, '2014-05-29 16:05:07', '2014-05-29 16:01:19', '2014-05-29 16:05:07'),
(4, 230, 1, '2014-06-04 09:06:00', '2014-05-29 16:08:16', '2014-06-04 09:06:23'),
(4, 234, 1, '2014-06-04 14:06:00', '2014-06-03 14:35:35', '2014-06-04 14:06:27'),
(4, 235, 1, '2014-06-03 15:06:07', '2014-06-03 14:37:10', '2014-06-03 15:06:07'),
(4, 236, 1, '2014-06-03 15:06:01', '2014-06-03 14:38:42', '2014-06-03 15:06:01'),
(4, 237, 1, '2014-06-04 09:06:00', '2014-06-03 17:06:52', '2014-06-04 09:06:41'),
(4, 238, 1, '2014-06-05 15:06:00', '2014-06-05 09:49:10', '2014-06-05 15:06:05'),
(4, 239, 1, '2014-06-06 15:06:23', '2014-06-06 15:02:32', '2014-06-06 15:06:23'),
(4, 240, 1, '2014-06-06 15:06:34', '2014-06-06 15:04:31', '2014-06-06 15:06:34'),
(4, 241, 1, '2014-06-11 15:06:50', '2014-06-10 19:23:52', '2014-06-11 15:06:50'),
(4, 242, 1, '2014-06-17 15:06:00', '2014-06-10 19:27:04', '2014-06-23 11:06:18'),
(4, 246, 1, '2014-06-12 10:06:00', '2014-06-12 09:54:22', '2014-06-12 10:06:45'),
(4, 247, 1, '2014-06-11 15:06:00', '2014-06-12 10:04:37', '2014-06-12 10:06:39'),
(4, 248, 1, '2014-06-16 15:06:00', '2014-06-13 14:53:26', '2014-06-16 15:06:52'),
(4, 249, 1, '2014-06-25 15:06:00', '2014-06-13 15:11:09', '2014-06-25 15:06:43'),
(4, 250, 1, '2014-06-16 15:06:22', '2014-06-16 09:34:05', '2014-06-16 15:06:22'),
(4, 251, 1, '2014-06-16 14:06:00', '2014-06-16 11:21:39', '2014-06-16 15:06:04'),
(4, 252, 1, '2014-06-16 15:06:33', '2014-06-16 11:31:32', '2014-06-16 15:06:33'),
(4, 253, 1, '2014-06-16 16:06:05', '2014-06-16 15:27:23', '2014-06-16 16:06:05'),
(4, 254, 1, '2014-06-18 09:06:12', '2014-06-17 15:38:30', '2014-06-18 09:06:12'),
(4, 256, 1, '2014-06-19 15:06:00', '2014-06-17 17:44:34', '2014-06-23 11:06:25'),
(4, 257, 1, '2014-06-18 15:06:22', '2014-06-18 15:42:20', '2014-06-18 15:06:22'),
(4, 263, 1, '2014-06-23 11:06:47', '2014-06-23 09:53:56', '2014-06-23 11:06:47'),
(4, 264, 1, '2014-06-23 11:06:55', '2014-06-23 10:43:32', '2014-06-23 11:06:55'),
(4, 265, 1, '2014-06-25 14:06:00', '2014-06-23 18:26:44', '2014-06-25 14:06:49'),
(4, 268, 1, '2014-06-25 14:06:26', '2014-06-25 09:08:30', '2014-06-25 14:06:26'),
(4, 269, 1, '2014-06-26 11:06:55', '2014-06-26 09:28:11', '2014-06-26 11:06:55'),
(4, 270, 1, '2014-06-30 10:06:01', '2014-06-30 09:31:19', '2014-06-30 10:06:01'),
(4, 272, 1, '2014-07-01 11:07:44', '2014-07-01 11:06:02', '2014-07-01 11:07:44'),
(4, 274, 1, '2014-07-03 09:07:22', '2014-07-02 16:39:50', '2014-07-03 09:07:22'),
(4, 275, 1, '2014-07-03 09:07:30', '2014-07-02 16:43:53', '2014-07-03 09:07:30'),
(4, 276, 1, '2014-07-03 09:07:05', '2014-07-02 16:49:50', '2014-07-03 09:07:05'),
(4, 277, 1, '2014-09-30 15:32:28', '2014-07-02 16:56:19', '2014-09-30 15:32:28'),
(4, 278, 1, '2014-07-03 09:07:19', '2014-07-02 17:02:39', '2014-07-03 09:07:19'),
(4, 282, 1, '2014-07-08 09:07:32', '2014-07-07 15:22:21', '2014-07-08 09:07:32'),
(4, 284, 1, '2014-07-09 17:07:14', '2014-07-09 09:31:10', '2014-07-09 17:07:14'),
(4, 285, 1, '2014-07-11 11:07:38', '2014-07-09 09:40:28', '2014-07-11 11:07:38'),
(4, 287, 1, '2014-07-11 15:07:22', '2014-07-11 15:04:14', '2014-07-11 15:07:22'),
(4, 288, 1, '2014-07-15 15:07:03', '2014-07-15 09:13:53', '2014-07-15 15:07:03'),
(4, 289, 1, '2014-07-15 15:07:58', '2014-07-15 09:58:51', '2014-07-15 15:07:58'),
(4, 290, 1, '2014-07-15 15:07:00', '2014-07-15 11:19:02', '2014-07-24 17:07:29'),
(4, 294, 1, '2014-07-18 15:07:29', '2014-07-16 12:49:52', '2014-07-18 15:07:29'),
(4, 295, 1, '2014-07-17 10:07:46', '2014-07-16 12:55:52', '2014-07-17 10:07:46'),
(4, 299, 1, '2014-07-18 15:07:35', '2014-07-18 11:54:25', '2014-07-18 15:07:35'),
(4, 300, 1, '2014-07-22 14:07:56', '2014-07-21 14:00:35', '2014-07-22 14:07:56'),
(4, 301, 1, '2014-07-22 14:07:09', '2014-07-21 14:29:04', '2014-07-22 14:07:09'),
(4, 305, 1, '2014-07-22 14:07:39', '2014-07-22 13:58:10', '2014-07-22 14:07:39'),
(4, 306, 1, '2014-07-24 09:07:37', '2014-07-22 14:14:17', '2014-07-24 09:07:37'),
(4, 309, 1, '2014-07-25 14:07:01', '2014-07-25 14:46:39', '2014-07-25 14:07:01'),
(4, 310, 1, '2014-07-30 11:07:00', '2014-07-25 15:21:18', '2014-07-30 11:07:19'),
(4, 314, 1, '2014-07-30 14:07:09', '2014-07-30 14:07:47', '2014-07-30 14:07:09'),
(4, 315, 1, '2014-07-30 15:07:33', '2014-07-30 14:55:24', '2014-07-30 15:07:33'),
(4, 316, 1, '2014-07-30 15:07:38', '2014-07-30 15:00:34', '2014-07-30 15:07:38'),
(4, 318, 1, '2014-07-31 14:07:55', '2014-07-31 11:59:28', '2014-07-31 14:07:55'),
(4, 319, 1, '2014-08-01 15:08:19', '2014-08-01 10:53:04', '2014-08-01 15:08:19'),
(4, 320, 1, '2014-08-04 14:08:20', '2014-08-01 17:36:25', '2014-08-04 14:08:20'),
(4, 322, 1, '2014-08-04 14:08:26', '2014-08-04 10:27:26', '2014-08-04 14:08:26'),
(4, 324, 1, '2014-08-06 08:08:53', '2014-08-05 14:22:18', '2014-08-06 08:08:53'),
(4, 325, 1, '2014-08-07 17:08:34', '2014-08-06 09:34:15', '2014-08-07 17:08:34'),
(4, 327, 1, '2014-08-11 16:08:00', '2014-08-06 16:31:58', '2014-08-11 15:08:08'),
(4, 330, 1, '2014-08-11 16:08:23', '2014-08-11 11:50:59', '2014-08-11 16:08:23'),
(4, 331, 1, '2014-08-18 09:08:00', '2014-08-11 11:59:28', '2014-08-18 09:08:28'),
(4, 332, 1, '2014-08-13 17:08:56', '2014-08-12 16:25:38', '2014-08-13 17:08:56'),
(4, 334, 1, '2014-08-14 16:08:52', '2014-08-14 15:32:58', '2014-08-14 16:08:52'),
(4, 337, 1, '2014-08-14 16:08:57', '2014-08-14 15:50:31', '2014-08-14 16:08:57'),
(4, 341, 1, '2014-08-19 15:08:29', '2014-08-19 08:51:47', '2014-08-19 15:08:29'),
(4, 342, 1, '2014-08-19 15:08:07', '2014-08-19 11:28:53', '2014-08-19 15:08:07'),
(4, 343, 1, '2014-08-27 14:08:00', '2014-08-20 16:53:28', '2014-08-27 14:08:19'),
(4, 344, 1, '2014-08-25 09:08:14', '2014-08-22 14:03:03', '2014-08-25 09:08:14'),
(4, 345, 1, '2014-08-25 09:08:20', '2014-08-22 14:11:49', '2014-08-25 09:08:20'),
(4, 349, 1, '2014-08-27 11:08:59', '2014-08-27 10:47:36', '2014-08-27 11:08:59'),
(4, 351, 1, '2014-08-29 09:08:19', '2014-08-28 09:43:49', '2014-08-29 09:08:19'),
(4, 352, 1, '2014-08-29 09:08:10', '2014-08-28 12:48:32', '2014-08-29 09:08:10'),
(4, 354, 1, '2014-08-29 17:08:21', '2014-08-29 15:02:19', '2014-08-29 17:08:21'),
(4, 356, 1, '2014-09-01 10:09:43', '2014-08-29 17:40:17', '2014-09-01 10:09:43'),
(4, 357, 1, '2014-09-01 17:09:15', '2014-09-01 15:35:41', '2014-09-01 17:09:15'),
(4, 359, 1, '2014-09-02 17:09:41', '2014-09-02 09:43:44', '2014-09-02 17:09:41'),
(4, 360, 1, '2014-09-02 17:09:23', '2014-09-02 09:51:47', '2014-09-02 17:09:23'),
(4, 361, 1, '2014-09-03 10:09:00', '2014-09-02 16:56:43', '2014-09-04 09:09:06'),
(4, 367, 1, '2014-09-09 17:09:00', '2014-09-09 10:50:52', '2014-09-09 17:09:34'),
(4, 368, 1, '2014-09-09 17:09:00', '2014-09-09 12:41:52', '2014-09-09 17:09:01'),
(4, 369, 1, '2014-09-09 17:09:54', '2014-09-09 15:30:50', '2014-09-09 17:09:54'),
(4, 370, 1, '2014-09-09 17:09:48', '2014-09-09 15:38:25', '2014-09-09 17:09:48'),
(4, 372, 1, '2014-09-17 11:13:16', '2014-09-12 12:46:07', '2014-09-17 11:13:16'),
(4, 374, 1, '2014-11-17 11:22:54', '2014-09-15 13:53:05', '2014-11-17 11:22:54'),
(4, 375, 1, '2014-09-15 16:37:27', '2014-09-15 13:59:03', '2014-09-15 16:37:27'),
(4, 376, 1, '2014-09-15 16:35:54', '2014-09-15 14:08:46', '2014-09-15 16:35:54'),
(4, 377, 1, '2014-09-17 11:13:22', '2014-09-16 10:02:47', '2014-09-17 11:13:22'),
(4, 378, 1, '2014-09-19 14:39:15', '2014-09-18 11:44:56', '2014-09-19 14:39:15'),
(4, 379, 1, '2014-09-19 14:39:23', '2014-09-18 11:53:34', '2014-09-19 14:39:23'),
(4, 381, 1, '2014-09-19 14:37:57', '2014-09-19 10:01:50', '2014-09-19 14:37:57'),
(4, 382, 1, '2014-09-19 16:44:06', '2014-09-19 16:04:11', '2014-09-19 16:44:06');
INSERT INTO `cbd_receive_user` (`usr_id`, `rec_id`, `state`, `finish_time`, `create_time`, `update_time`) VALUES
(4, 386, 1, '2014-10-08 15:36:29', '2014-09-28 17:19:20', '2014-10-08 15:36:29'),
(4, 388, 1, '2014-09-29 09:17:29', '2014-09-28 17:14:49', '2014-09-29 09:17:29'),
(4, 389, 1, '2014-09-29 09:17:02', '2014-09-28 17:18:17', '2014-09-29 09:17:02'),
(4, 390, 1, '2014-09-29 15:08:30', '2014-09-29 11:47:03', '2014-09-29 15:08:30'),
(4, 391, 1, '2014-09-29 15:08:34', '2014-09-29 11:58:34', '2014-09-29 15:08:34'),
(4, 392, 1, '2014-09-29 15:08:38', '2014-09-29 12:02:07', '2014-09-29 15:08:38'),
(4, 393, 1, '2014-10-10 15:49:05', '2014-09-29 15:05:44', '2014-10-10 15:49:05'),
(4, 395, 1, '2014-10-09 09:12:24', '2014-10-08 17:29:35', '2014-10-09 09:12:24'),
(4, 396, 1, '2014-10-09 09:03:44', '2014-10-08 17:31:41', '2014-10-09 09:03:44'),
(4, 397, 1, '2014-10-10 09:34:08', '2014-10-09 09:24:43', '2014-10-10 09:34:08'),
(4, 398, 1, '2014-10-10 10:01:51', '2014-10-09 17:29:54', '2014-10-10 10:01:51'),
(4, 399, 1, '2014-10-10 09:33:41', '2014-10-09 17:30:13', '2014-10-10 09:33:41'),
(4, 400, 1, '2014-10-10 16:38:54', '2014-10-09 17:30:50', '2014-10-10 16:38:54'),
(4, 401, 1, '2014-10-10 16:39:18', '2014-10-10 10:09:56', '2014-10-10 16:39:18'),
(4, 402, 1, '2014-10-13 15:32:59', '2014-10-11 14:07:48', '2014-10-13 15:32:59'),
(4, 403, 1, '2014-10-11 16:46:23', '2014-10-11 14:07:27', '2014-10-11 16:46:23'),
(4, 404, 1, '2014-10-13 15:24:09', '2014-10-13 10:16:08', '2014-10-13 15:24:09'),
(4, 405, 1, '2014-10-14 09:47:09', '2014-10-13 10:16:52', '2014-10-14 09:47:09'),
(4, 406, 1, '2014-10-20 08:59:54', '2014-10-13 10:17:27', '2014-10-20 08:59:54'),
(4, 407, 1, '2014-10-17 09:51:06', '2014-10-13 10:17:54', '2014-10-17 09:51:06'),
(4, 409, 1, '2014-10-17 16:03:13', '2014-10-16 10:13:03', '2014-10-17 16:03:13'),
(4, 410, 1, '2014-10-28 17:18:03', '2014-10-17 17:33:32', '2014-10-28 17:18:03'),
(4, 411, 1, '2014-10-20 09:00:03', '2014-10-17 17:33:11', '2014-10-20 09:00:03'),
(4, 412, 1, '2014-10-21 11:56:06', '2014-10-20 14:11:49', '2014-10-21 11:56:06'),
(4, 415, 1, '2014-10-23 17:24:30', '2014-10-23 16:49:24', '2014-10-23 17:24:30'),
(4, 416, 1, '2014-10-23 17:20:23', '2014-10-23 16:48:40', '2014-10-23 17:20:23'),
(4, 419, 1, '2014-10-23 17:23:33', '2014-10-23 16:46:04', '2014-10-23 17:23:33'),
(4, 421, 1, '2014-10-23 17:23:52', '2014-10-23 17:05:40', '2014-10-23 17:23:52'),
(4, 422, 1, '2014-10-23 17:36:31', '2014-10-23 17:26:42', '2014-10-23 17:36:31'),
(4, 423, 1, '2014-10-23 17:36:35', '2014-10-23 17:26:50', '2014-10-23 17:36:35'),
(4, 427, 1, '2014-11-03 11:30:32', '2014-11-03 09:50:36', '2014-11-03 11:30:32'),
(4, 428, 1, '2014-11-03 16:48:18', '2014-11-03 11:19:10', '2014-11-03 16:48:18'),
(4, 429, 1, '2014-11-03 15:22:42', '2014-11-03 13:54:48', '2014-11-03 15:22:42'),
(4, 430, 1, '2014-11-03 15:22:36', '2014-11-03 13:58:17', '2014-11-03 15:22:36'),
(4, 434, 1, '2014-11-12 09:35:46', '2014-11-10 14:25:19', '2014-11-12 09:35:46'),
(4, 435, 1, '2014-11-12 09:35:40', '2014-11-10 14:25:00', '2014-11-12 09:35:40'),
(4, 436, 1, '2014-11-12 09:35:34', '2014-11-10 16:44:41', '2014-11-12 09:35:34'),
(4, 437, 1, '2014-11-14 10:16:57', '2014-11-14 09:48:50', '2014-11-14 10:16:57'),
(4, 439, 1, '2014-11-18 09:20:02', '2014-11-17 11:31:48', '2014-11-18 09:20:02'),
(4, 441, 1, '2014-11-18 13:53:32', '2014-11-18 12:00:22', '2014-11-18 13:53:32'),
(4, 442, 1, '2014-11-18 13:55:16', '2014-11-18 12:40:08', '2014-11-18 13:55:16'),
(4, 444, 1, '2014-11-18 15:18:48', '2014-11-18 14:54:10', '2014-11-18 15:18:48'),
(4, 449, 1, '2014-11-24 11:25:38', '2014-11-24 10:49:23', '2014-11-24 11:25:38'),
(4, 450, 1, '2014-12-31 11:24:11', '2014-11-24 10:48:59', '2014-12-31 11:24:11'),
(4, 452, 1, '2014-11-26 17:10:19', '2014-11-24 17:40:32', '2014-11-26 17:10:19'),
(4, 453, 1, '2014-11-26 17:10:05', '2014-11-25 09:24:32', '2014-11-26 17:10:05'),
(4, 454, 1, '2014-11-28 09:16:05', '2014-11-27 16:03:04', '2014-11-28 09:16:05'),
(4, 455, 1, '2014-11-28 17:43:47', '2014-11-26 09:48:12', '2014-11-28 17:43:47'),
(4, 457, 1, '2014-11-28 09:15:58', '2014-11-27 16:03:16', '2014-11-28 09:15:58'),
(4, 458, 1, '2014-11-28 09:21:34', '2014-11-27 15:24:55', '2014-11-28 09:21:34'),
(4, 459, 1, '2014-11-28 17:43:19', '2014-11-27 15:23:23', '2014-11-28 17:43:19'),
(4, 460, 1, '2014-11-28 09:17:07', '2014-11-27 15:38:02', '2014-11-28 09:17:07'),
(4, 461, 1, '2014-11-28 09:17:25', '2014-11-28 09:12:11', '2014-11-28 09:17:25'),
(4, 462, 1, '2014-11-28 09:17:15', '2014-11-28 09:11:54', '2014-11-28 09:17:15'),
(4, 464, 1, '2014-12-01 17:33:45', '2014-12-01 09:46:39', '2014-12-01 17:33:45'),
(4, 467, 1, '2014-12-02 14:26:30', '2014-12-02 11:49:23', '2014-12-02 14:26:30'),
(4, 468, 1, '2014-12-31 11:23:50', '2014-12-05 16:03:10', '2014-12-31 11:23:50'),
(4, 469, 1, '2014-12-05 16:26:53', '2014-12-05 16:25:22', '2014-12-05 16:26:53'),
(4, 470, 1, '2014-12-10 09:45:35', '2014-12-09 11:53:44', '2014-12-10 09:45:35'),
(4, 471, 1, '2014-12-15 15:17:27', '2014-12-09 11:59:58', '2014-12-15 15:17:27'),
(4, 472, 1, '2014-12-10 11:03:26', '2014-12-09 15:03:56', '2014-12-10 11:03:26'),
(4, 473, 1, '2014-12-10 11:03:20', '2014-12-09 16:13:08', '2014-12-10 11:03:20'),
(4, 476, 1, '2014-12-12 09:21:57', '2014-12-11 15:14:39', '2014-12-12 09:21:57'),
(4, 478, 1, '2014-12-12 16:57:19', '2014-12-12 14:06:38', '2014-12-12 16:57:19'),
(4, 481, 1, '2014-12-23 14:11:10', '2014-12-22 11:19:05', '2014-12-23 14:11:10'),
(4, 482, 1, '2014-12-22 16:16:39', '2014-12-22 10:38:18', '2014-12-22 16:16:39'),
(4, 483, 1, '2014-12-23 15:22:15', '2014-12-22 11:19:21', '2014-12-23 15:22:15'),
(4, 484, 1, '2014-12-23 15:21:59', '2014-12-23 15:10:09', '2014-12-23 15:21:59'),
(4, 487, 1, '2014-12-24 16:22:18', '2014-12-24 09:08:43', '2014-12-24 16:22:18'),
(4, 492, 1, '2014-12-30 08:57:49', '2014-12-25 12:02:13', '2014-12-30 08:57:49'),
(4, 493, 1, '2014-12-25 14:53:10', '2014-12-25 12:36:28', '2014-12-25 14:53:10'),
(4, 494, 1, '2014-12-25 14:45:00', '2014-12-25 14:26:42', '2014-12-25 14:45:00'),
(4, 495, 1, '2015-01-04 14:56:49', '2014-12-26 11:38:13', '2015-01-04 14:56:49'),
(4, 497, 1, '2015-01-04 09:21:44', '2014-12-26 15:45:30', '2015-01-04 09:21:44'),
(4, 498, 1, '2014-12-30 08:58:12', '2014-12-29 09:27:47', '2014-12-30 08:58:12'),
(4, 499, 1, '2014-12-30 08:57:59', '2014-12-30 08:55:50', '2014-12-30 08:57:59'),
(4, 500, 1, '2014-12-31 15:13:17', '2014-12-30 09:42:20', '2014-12-31 15:13:17'),
(4, 501, 1, '2015-01-04 14:55:16', '2014-12-30 09:42:00', '2015-01-04 14:55:16'),
(4, 502, 1, '2015-01-04 14:57:47', '2014-12-31 11:18:14', '2015-01-04 14:57:47'),
(4, 504, 1, '2014-12-31 15:14:16', '2014-12-30 15:03:05', '2014-12-31 15:14:16'),
(4, 507, 1, '2014-12-31 11:29:25', '2014-12-31 11:28:44', '2014-12-31 11:29:25'),
(4, 509, 1, '2015-01-06 09:46:36', '2015-01-05 09:06:33', '2015-01-06 09:46:36'),
(4, 510, 1, '2015-01-06 09:46:46', '2015-01-05 09:09:09', '2015-01-06 09:46:46'),
(4, 512, 1, '2015-01-06 09:46:31', '2015-01-05 15:46:31', '2015-01-06 09:46:31'),
(4, 513, 1, '2015-01-06 14:20:53', '2015-01-06 10:11:14', '2015-01-06 14:20:53'),
(4, 515, 1, '2015-01-09 16:36:51', '2015-01-07 09:49:04', '2015-01-09 16:36:51'),
(4, 516, 1, '2015-01-09 09:57:58', '2015-01-07 17:02:14', '2015-01-09 09:57:58'),
(4, 518, 1, '2015-01-09 09:58:08', '2015-01-08 17:15:56', '2015-01-09 09:58:08'),
(4, 520, 1, '2015-01-09 16:34:39', '2015-01-09 15:26:35', '2015-01-09 16:34:39'),
(4, 522, 1, '2015-01-12 16:53:48', '2015-01-12 09:00:31', '2015-01-12 16:53:48'),
(4, 526, 1, '2015-01-13 09:05:10', '2015-01-13 09:01:10', '2015-01-13 09:05:10'),
(4, 527, 1, '2015-01-13 15:15:08', '2015-01-13 13:53:21', '2015-01-13 15:15:08'),
(4, 531, 1, '2015-01-20 09:23:47', '2015-01-16 16:12:42', '2015-01-20 09:23:47'),
(4, 534, 1, '2015-01-20 09:23:53', '2015-01-19 17:06:43', '2015-01-20 09:23:53'),
(4, 535, 1, '2015-01-20 09:24:01', '2015-01-19 17:09:55', '2015-01-20 09:24:01'),
(4, 536, 1, '2015-01-20 09:23:57', '2015-01-19 17:14:54', '2015-01-20 09:23:57'),
(4, 537, 1, '2015-01-20 16:09:51', '2015-01-20 11:54:41', '2015-01-20 16:09:51'),
(4, 539, 1, '2015-01-22 09:23:15', '2015-01-21 16:52:23', '2015-01-22 09:23:15'),
(4, 544, 1, '2015-01-29 08:50:20', '2015-01-27 16:34:30', '2015-01-29 08:50:20'),
(4, 545, 1, '2015-01-29 08:50:00', '2015-01-28 11:30:54', '2015-01-29 08:50:00'),
(4, 548, 0, NULL, '2015-01-29 14:00:33', '2015-01-29 14:00:33'),
(4, 555, 1, '2015-02-04 08:53:16', '2015-01-30 11:36:25', '2015-02-04 08:53:16'),
(4, 559, 1, '2015-02-04 09:47:53', '2015-02-04 09:29:33', '2015-02-04 09:47:53'),
(4, 560, 1, '2015-02-10 09:13:02', '2015-02-10 09:03:55', '2015-02-10 09:13:02'),
(5, 39, 1, '2014-01-03 15:01:53', '2014-01-02 15:24:26', '2014-01-03 15:01:23'),
(5, 40, 1, '2014-01-03 11:01:07', '2014-01-03 10:57:32', '2014-01-03 11:01:07'),
(5, 41, 1, '2014-01-07 11:01:53', '2014-01-06 09:51:12', '2014-01-07 11:01:37'),
(5, 42, 1, '2014-01-07 11:01:20', '2014-01-06 09:56:06', '2014-01-07 11:01:20'),
(5, 43, 1, '2014-01-07 11:01:39', '2014-01-06 10:01:37', '2014-01-07 11:01:39'),
(5, 44, 1, '2014-01-06 14:01:44', '2014-01-06 11:01:29', '2014-01-06 14:01:44'),
(5, 45, 1, '2014-01-07 11:01:49', '2014-01-07 10:42:47', '2014-01-07 11:01:49'),
(5, 46, 1, '2014-01-07 16:01:22', '2014-01-07 16:12:27', '2014-01-07 16:01:22'),
(5, 47, 1, '2014-01-08 11:01:18', '2014-01-07 17:00:44', '2014-01-08 11:01:18'),
(5, 48, 1, '2014-01-08 11:01:28', '2014-01-08 08:53:37', '2014-01-08 11:01:28'),
(5, 49, 1, '2014-01-08 11:01:36', '2014-01-08 09:41:20', '2014-01-08 11:01:36'),
(5, 50, 1, '2014-01-08 11:01:42', '2014-01-08 09:44:43', '2014-01-08 11:01:46'),
(5, 52, 1, '2014-01-09 14:01:03', '2014-01-09 17:02:16', '2014-01-10 14:01:15'),
(5, 53, 1, '2014-01-13 09:01:51', '2014-01-13 09:17:43', '2014-01-13 09:01:51'),
(5, 54, 1, '2014-01-13 17:01:38', '2014-01-13 14:04:39', '2014-01-14 09:01:44'),
(5, 55, 1, '2014-01-14 15:01:10', '2014-01-14 09:53:38', '2014-01-14 15:01:10'),
(5, 56, 1, '2014-02-14 15:02:00', '2014-01-14 09:56:54', '2014-01-14 15:01:01'),
(5, 57, 1, '2014-01-14 15:01:15', '2014-01-14 10:02:25', '2014-01-14 15:01:15'),
(5, 58, 1, '2014-01-16 16:01:07', '2014-01-14 14:51:01', '2014-01-16 16:01:18'),
(5, 60, 1, '2014-01-17 10:01:42', '2014-01-15 14:43:07', '2014-01-26 10:01:05'),
(5, 61, 1, '2014-01-15 17:01:27', '2014-01-15 14:47:51', '2014-01-16 09:01:48'),
(5, 62, 1, '2014-02-07 15:02:16', '2014-01-15 14:53:18', '2014-02-07 15:02:48'),
(5, 67, 1, '2014-01-21 08:01:30', '2014-01-20 14:17:21', '2014-01-21 08:01:30'),
(5, 68, 1, '2014-01-22 17:01:38', '2014-01-24 14:37:54', '2014-01-24 17:01:07'),
(5, 69, 1, '2014-01-26 10:01:55', '2014-01-24 15:31:26', '2014-01-26 10:01:55'),
(5, 70, 1, '2014-01-24 17:01:24', '2014-01-24 15:35:23', '2014-01-26 10:01:52'),
(5, 71, 1, '2014-01-26 14:01:21', '2014-01-26 14:50:36', '2014-01-26 14:01:27'),
(5, 72, 1, '2014-01-27 14:01:14', '2014-01-27 10:06:31', '2014-01-27 14:01:14'),
(5, 73, 1, '2014-02-10 17:02:00', '2014-01-27 14:18:08', '2014-03-04 17:03:16'),
(5, 74, 1, '2014-02-10 15:02:04', '2014-01-27 17:12:34', '2014-02-10 15:02:04'),
(5, 75, 1, '2014-01-27 15:01:00', '2014-02-07 15:09:44', '2014-02-07 15:02:07'),
(5, 78, 1, '2014-03-05 13:03:55', '2014-03-05 13:55:10', '2014-03-05 13:03:55'),
(5, 79, 1, '2014-03-05 14:03:43', '2014-03-05 14:11:11', '2014-03-05 14:03:43'),
(5, 80, 1, '2014-03-05 14:03:43', '2014-03-05 14:17:54', '2014-03-05 14:03:43'),
(5, 81, 1, '2014-03-10 14:03:29', '2014-03-05 14:40:11', '2014-03-05 14:03:36'),
(5, 83, 1, '2014-03-05 15:03:44', '2014-03-05 15:05:05', '2014-03-05 15:03:44'),
(5, 84, 1, '2014-02-14 15:02:00', '2014-03-05 15:16:46', '2014-03-05 15:03:03'),
(5, 87, 1, '2014-02-14 10:02:00', '2014-03-05 15:38:36', '2014-03-05 15:03:24'),
(5, 88, 1, '2014-02-14 16:02:00', '2014-03-05 16:02:34', '2014-03-05 16:03:05'),
(5, 89, 1, '2014-02-18 16:02:00', '2014-03-05 16:11:34', '2014-03-05 16:03:19'),
(5, 90, 1, '2014-02-20 16:02:00', '2014-03-05 16:26:18', '2014-03-05 16:03:39'),
(5, 91, 1, '2014-03-05 16:03:55', '2014-03-05 16:33:43', '2014-03-05 16:03:55'),
(5, 92, 1, '2014-03-05 16:03:14', '2014-03-05 16:48:02', '2014-03-05 16:03:14'),
(5, 93, 1, '2014-02-21 10:02:00', '2014-03-06 10:51:23', '2014-03-06 10:03:53'),
(5, 94, 1, '2014-02-25 11:02:00', '2014-03-06 11:02:08', '2014-03-06 11:03:25'),
(5, 97, 1, '2014-03-06 11:03:56', '2014-03-06 11:30:15', '2014-03-06 11:03:56'),
(5, 98, 1, '2014-03-06 11:03:03', '2014-03-06 11:46:18', '2014-03-06 11:03:03'),
(5, 101, 1, '2014-03-10 09:03:20', '2014-03-07 14:24:04', '2014-03-10 09:03:20'),
(5, 104, 1, '2014-03-10 09:03:48', '2014-03-07 14:36:09', '2014-03-10 09:03:48'),
(5, 105, 1, '2014-03-10 15:03:03', '2014-03-07 14:40:01', '2014-03-10 15:03:03'),
(5, 107, 1, '2014-03-11 17:03:00', '2014-03-11 15:20:03', '2014-03-12 08:03:49'),
(5, 108, 1, '2014-03-20 09:03:29', '2014-03-11 15:22:39', '2014-03-20 09:03:29'),
(5, 109, 1, '2014-03-24 14:03:05', '2014-03-11 15:26:28', '2014-03-24 14:03:05'),
(5, 114, 1, '2014-03-14 14:03:21', '2014-03-13 15:05:38', '2014-03-14 14:03:21'),
(5, 115, 1, '2014-03-14 15:03:46', '2014-03-14 14:27:30', '2014-03-14 15:03:46'),
(5, 118, 1, '2014-03-21 11:03:24', '2014-03-20 15:05:05', '2014-03-21 11:03:24'),
(5, 119, 1, '2014-03-24 14:03:43', '2014-03-21 10:26:01', '2014-03-24 14:03:43'),
(5, 122, 1, '2014-03-24 14:03:05', '2014-03-24 12:01:20', '2014-03-24 14:03:05'),
(5, 125, 1, '2014-03-26 17:03:23', '2014-03-25 10:04:51', '2014-03-26 17:03:23'),
(5, 126, 1, '2014-03-26 17:03:28', '2014-03-25 10:17:39', '2014-03-26 17:03:28'),
(5, 127, 1, '2014-03-31 10:03:13', '2014-03-26 09:22:57', '2014-03-31 10:03:13'),
(5, 128, 1, '2014-03-31 11:03:32', '2014-03-26 09:47:53', '2014-03-31 11:03:32'),
(5, 129, 1, '2014-04-02 09:04:21', '2014-03-26 11:47:28', '2014-04-02 09:04:21'),
(5, 130, 1, '2014-03-31 10:03:33', '2014-03-26 11:53:17', '2014-03-31 10:03:33'),
(5, 131, 1, '2014-03-31 10:03:38', '2014-03-26 11:58:05', '2014-03-31 10:03:38'),
(5, 132, 1, '2014-03-31 10:03:35', '2014-03-26 12:41:46', '2014-03-31 10:03:35'),
(5, 133, 1, '2014-03-26 17:03:23', '2014-03-26 12:45:35', '2014-03-26 17:03:35'),
(5, 134, 1, '2014-03-28 11:03:42', '2014-03-26 12:48:42', '2014-03-28 11:03:42'),
(5, 136, 1, '2014-04-02 09:04:44', '2014-03-28 09:10:08', '2014-04-02 09:04:44'),
(5, 137, 1, '2014-03-28 09:03:00', '2014-03-28 09:20:11', '2014-03-28 11:03:28'),
(5, 138, 1, '2014-04-04 09:04:13', '2014-03-28 12:41:52', '2014-04-04 09:04:15'),
(5, 139, 1, '2014-03-31 18:03:07', '2014-03-28 12:44:25', '2014-03-31 18:03:03'),
(5, 140, 1, '2014-03-31 18:03:29', '2014-03-28 15:43:06', '2014-03-31 18:03:17'),
(5, 156, 1, '2014-04-17 14:04:50', '2014-04-16 17:12:29', '2014-04-17 14:04:05'),
(5, 158, 1, '2014-04-29 14:04:57', '2014-04-17 12:00:44', '2014-04-29 14:04:23'),
(5, 159, 1, '2014-04-21 16:04:26', '2014-04-21 09:34:16', '2014-04-21 16:04:26'),
(5, 161, 1, '2014-04-22 09:04:56', '2014-04-22 09:27:07', '2014-04-22 09:04:56'),
(5, 162, 1, '1970-01-01 08:01:00', '2014-04-23 10:32:24', '2014-04-29 14:04:02'),
(5, 163, 1, '2014-04-24 10:04:00', '2014-04-23 15:34:07', '2014-04-24 15:04:23'),
(5, 164, 1, '2014-04-23 15:04:10', '2014-04-23 15:53:33', '2014-04-23 15:04:10'),
(5, 165, 1, '2014-04-23 17:04:55', '2014-04-23 17:11:08', '2014-04-23 17:04:55'),
(5, 166, 1, '2014-04-28 09:04:52', '2014-04-24 09:23:45', '2014-04-28 09:04:52'),
(5, 167, 1, '2014-04-28 09:04:01', '2014-04-24 09:26:34', '2014-04-28 09:04:40'),
(5, 168, 1, '2014-04-28 09:04:22', '2014-04-25 09:22:32', '2014-04-28 09:04:22'),
(5, 169, 1, '2014-04-25 14:04:46', '2014-04-25 11:42:29', '2014-04-25 14:04:36'),
(5, 170, 1, '2014-04-28 09:04:34', '2014-04-25 11:56:36', '2014-04-28 09:04:34'),
(5, 171, 1, '2014-04-28 09:04:11', '2014-04-25 11:59:07', '2014-04-28 09:04:11'),
(5, 172, 1, '2014-05-04 10:05:53', '2014-04-29 11:58:04', '2014-05-04 10:05:48'),
(5, 173, 1, '2014-04-29 14:04:07', '2014-04-29 14:02:27', '2014-04-29 14:04:20'),
(5, 174, 1, '2014-05-04 14:05:22', '2014-05-04 10:59:46', '2014-05-04 14:05:22'),
(5, 175, 1, '2014-05-04 14:05:18', '2014-05-04 14:28:42', '2014-05-04 14:05:15'),
(5, 176, 1, '2014-05-05 17:05:37', '2014-05-05 17:42:14', '2014-05-05 17:05:37'),
(5, 177, 1, '2014-05-05 17:05:42', '2014-05-05 17:44:28', '2014-05-05 17:05:42'),
(5, 178, 1, '2014-05-07 14:05:40', '2014-05-06 15:02:20', '2014-05-07 14:05:39'),
(5, 179, 1, '2014-05-07 14:05:48', '2014-05-06 15:09:36', '2014-05-07 14:05:48'),
(5, 181, 1, '2014-05-07 14:05:55', '2014-05-06 17:59:57', '2014-05-07 14:05:55'),
(5, 182, 1, '2014-05-07 14:05:01', '2014-05-07 14:14:30', '2014-05-07 14:05:01'),
(5, 183, 1, '2014-05-08 16:05:53', '2014-05-07 14:19:42', '2014-05-08 16:05:53'),
(5, 186, 1, '2014-05-08 16:05:56', '2014-05-08 14:56:58', '2014-05-08 16:05:56'),
(5, 187, 1, '2014-05-08 16:05:03', '2014-05-08 16:24:54', '2014-05-08 16:05:03'),
(5, 188, 1, '2014-05-08 16:05:14', '2014-05-08 16:48:44', '2014-05-08 16:05:14'),
(5, 224, 1, '2014-05-27 14:05:42', '2014-05-27 09:39:13', '2014-05-27 14:05:17'),
(5, 225, 1, '2014-06-03 10:06:16', '2014-05-28 09:14:37', '2014-06-03 10:06:16'),
(5, 226, 1, '2014-05-28 14:05:01', '2014-05-28 10:00:50', '2014-05-28 14:05:55'),
(5, 229, 1, '2014-06-03 10:06:24', '2014-05-29 16:01:19', '2014-06-03 10:06:24'),
(5, 230, 1, '2014-06-03 10:06:30', '2014-05-29 16:08:16', '2014-06-03 10:06:30'),
(5, 233, 1, '2014-06-04 09:06:20', '2014-06-03 14:32:39', '2014-06-04 09:06:34'),
(5, 234, 1, '2014-06-04 14:06:02', '2014-06-03 14:35:35', '2014-06-04 14:06:02'),
(5, 235, 1, '2014-06-03 17:06:00', '2014-06-03 14:37:10', '2014-06-03 17:06:00'),
(5, 236, 1, '2014-06-03 17:06:05', '2014-06-03 14:38:42', '2014-06-03 17:06:05'),
(5, 237, 1, '2014-06-03 17:06:12', '2014-06-03 17:06:52', '2014-06-03 17:06:12'),
(5, 238, 1, '2014-06-06 10:06:01', '2014-06-05 09:49:10', '2014-06-06 10:06:01'),
(5, 239, 1, '2014-06-06 17:06:56', '2014-06-06 15:02:32', '2014-06-06 17:06:30'),
(5, 240, 1, '2014-06-09 16:06:06', '2014-06-06 15:04:31', '2014-06-10 16:06:00'),
(5, 241, 1, '2014-06-11 16:06:11', '2014-06-10 19:23:52', '2014-06-11 16:06:11'),
(5, 242, 1, '2014-06-11 16:06:45', '2014-06-10 19:27:04', '2014-06-11 16:06:45'),
(5, 243, 1, '2014-06-23 16:06:10', '2014-06-11 14:56:01', '2014-06-23 15:06:09'),
(5, 244, 1, '2014-06-11 16:06:58', '2014-06-11 14:58:02', '2014-06-11 16:06:01'),
(5, 246, 1, '2014-06-12 10:06:56', '2014-06-12 09:54:22', '2014-06-12 10:06:56'),
(5, 249, 1, '2014-06-16 15:06:25', '2014-06-13 15:11:09', '2014-06-16 15:06:25'),
(5, 250, 1, '2014-06-16 15:06:38', '2014-06-16 09:34:05', '2014-06-16 15:06:38'),
(5, 251, 1, '2014-06-16 15:06:59', '2014-06-16 11:21:39', '2014-06-16 15:06:59'),
(5, 252, 1, '2014-06-16 15:06:35', '2014-06-16 11:31:32', '2014-06-16 15:06:35'),
(5, 253, 1, '2014-06-16 15:06:40', '2014-06-16 15:27:23', '2014-06-16 15:06:40'),
(5, 254, 1, '2014-06-25 10:06:46', '2014-06-17 15:38:30', '2014-06-25 10:06:31'),
(5, 256, 1, '2014-06-18 09:06:47', '2014-06-17 17:44:34', '2014-06-18 09:06:47'),
(5, 257, 1, '2014-06-18 15:06:17', '2014-06-18 15:42:52', '2014-06-18 15:06:17'),
(5, 259, 1, '2014-06-20 16:06:34', '2014-06-19 10:17:24', '2014-06-20 16:06:55'),
(5, 261, 1, '2014-06-23 14:06:25', '2014-06-23 09:41:07', '2014-06-24 14:06:28'),
(5, 262, 1, '2014-06-20 15:06:17', '2014-06-23 09:48:30', '2014-06-23 15:06:18'),
(5, 263, 1, '2014-06-23 15:06:53', '2014-06-23 09:53:56', '2014-06-23 15:06:53'),
(5, 264, 1, '2014-06-23 15:06:24', '2014-06-23 10:43:32', '2014-06-23 15:06:17'),
(5, 265, 1, '2014-06-24 14:06:12', '2014-06-23 18:26:44', '2014-06-24 14:06:12'),
(5, 266, 1, '2014-06-24 14:06:45', '2014-06-24 14:37:27', '2014-06-24 14:06:29'),
(5, 267, 1, '2014-06-26 11:06:25', '2014-06-25 09:01:20', '2014-06-26 14:06:15'),
(5, 268, 1, '2014-06-25 10:06:32', '2014-06-25 09:08:30', '2014-06-25 10:06:32'),
(5, 269, 1, '2014-06-26 11:06:38', '2014-06-26 09:28:11', '2014-06-26 11:06:38'),
(5, 270, 1, '2014-07-01 09:07:26', '2014-06-30 09:31:19', '2014-07-01 09:07:26'),
(5, 272, 1, '2014-07-01 14:07:31', '2014-07-01 11:06:02', '2014-07-01 14:07:31'),
(5, 274, 1, '2014-07-03 10:07:01', '2014-07-02 16:39:50', '2014-07-03 10:07:01'),
(5, 275, 1, '2014-07-03 10:07:37', '2014-07-02 16:43:53', '2014-07-03 10:07:37'),
(5, 276, 1, '2014-07-03 10:07:10', '2014-07-02 16:49:50', '2014-07-03 10:07:10'),
(5, 277, 1, '2014-07-03 10:07:30', '2014-07-02 16:56:19', '2014-07-03 10:07:30'),
(5, 278, 1, '2014-07-03 15:07:37', '2014-07-02 17:02:39', '2014-07-03 15:07:37'),
(5, 280, 1, '2014-07-03 14:07:13', '2014-07-03 12:57:40', '2014-07-03 14:07:01'),
(5, 282, 1, '2014-07-07 16:07:23', '2014-07-07 15:22:21', '2014-07-07 16:07:23'),
(5, 284, 1, '2014-07-09 17:07:07', '2014-07-09 09:31:10', '2014-07-09 17:07:07'),
(5, 285, 1, '2014-07-09 17:07:57', '2014-07-09 09:40:28', '2014-07-09 17:07:57'),
(5, 287, 1, '2014-07-11 15:07:02', '2014-07-11 15:04:14', '2014-07-11 15:07:02'),
(5, 288, 1, '2014-07-15 11:07:13', '2014-07-15 09:13:53', '2014-07-15 11:07:13'),
(5, 289, 1, '2014-07-15 10:07:17', '2014-07-15 09:58:51', '2014-07-15 10:07:17'),
(5, 290, 1, '2014-07-15 16:07:40', '2014-07-15 11:19:02', '2014-07-15 16:07:40'),
(5, 291, 1, '2014-07-15 16:07:07', '2014-07-15 11:30:03', '2014-07-15 16:07:07'),
(5, 292, 1, '2014-07-17 09:07:38', '2014-07-15 15:37:10', '2014-07-17 09:07:38'),
(5, 296, 1, '2014-07-21 16:07:05', '2014-07-17 09:16:26', '2014-07-21 16:07:10'),
(5, 299, 1, '2014-07-18 14:07:30', '2014-07-18 11:54:25', '2014-07-18 14:07:30'),
(5, 300, 1, '2014-07-21 16:07:43', '2014-07-21 14:00:35', '2014-07-21 16:07:43'),
(5, 301, 1, '2014-07-21 16:07:34', '2014-07-21 14:29:04', '2014-07-21 16:07:34'),
(5, 302, 1, '2014-07-22 16:07:26', '2014-07-21 14:35:18', '2014-07-23 16:07:31'),
(5, 303, 1, '2014-07-22 14:07:24', '2014-07-21 17:18:13', '2014-07-22 14:07:24'),
(5, 304, 1, '2014-07-21 17:00:00', '2014-07-22 13:02:42', '2014-07-22 13:02:42'),
(5, 305, 1, '2014-07-22 14:07:34', '2014-07-22 13:58:10', '2014-07-22 14:07:34'),
(5, 306, 1, '2014-07-24 09:07:46', '2014-07-22 14:14:17', '2014-07-24 09:07:46'),
(5, 308, 1, '2014-08-15 14:08:26', '2014-07-24 13:58:36', '2014-08-15 14:08:26'),
(5, 313, 1, '2014-07-30 10:07:30', '2014-07-29 16:02:05', '2014-07-30 10:07:38'),
(5, 314, 1, '2014-07-30 16:07:43', '2014-07-30 14:07:47', '2014-07-30 16:07:43'),
(5, 315, 1, '2014-07-30 16:07:57', '2014-07-30 14:55:24', '2014-07-30 16:07:57'),
(5, 316, 1, '2014-07-30 16:07:05', '2014-07-30 15:00:34', '2014-07-30 16:07:05'),
(5, 317, 1, '2014-07-31 15:07:00', '2014-07-31 09:28:21', '2014-08-04 15:08:18'),
(5, 318, 1, '2014-07-31 16:07:14', '2014-07-31 11:59:28', '2014-07-31 16:07:14'),
(5, 319, 1, '2014-08-04 15:08:20', '2014-08-01 10:53:04', '2014-08-04 15:08:20'),
(5, 320, 1, '2014-08-04 15:08:06', '2014-08-01 17:36:25', '2014-08-04 15:08:06'),
(5, 321, 1, '2014-08-05 10:08:02', '2014-08-04 10:21:53', '2014-08-05 10:08:35'),
(5, 322, 1, '2014-08-04 15:08:42', '2014-08-04 10:27:26', '2014-08-04 15:08:42'),
(5, 324, 1, '2014-08-06 09:08:46', '2014-08-05 14:22:18', '2014-08-06 09:08:46'),
(5, 325, 1, '2014-08-07 16:08:48', '2014-08-06 09:34:15', '2014-08-07 17:08:31'),
(5, 330, 1, '2014-08-11 14:08:59', '2014-08-11 11:50:59', '2014-08-11 14:08:59'),
(5, 331, 1, '2014-08-13 11:08:17', '2014-08-11 11:59:28', '2014-08-13 11:08:17'),
(5, 332, 1, '2014-08-26 09:08:08', '2014-08-12 16:25:38', '2014-08-26 09:08:30'),
(5, 333, 1, '2014-08-14 16:08:03', '2014-08-14 15:20:16', '2014-08-14 16:08:03'),
(5, 334, 1, '2014-08-15 14:08:49', '2014-08-14 15:32:58', '2014-08-15 14:08:49'),
(5, 337, 1, '2014-08-15 14:08:11', '2014-08-14 15:50:31', '2014-08-15 14:08:11'),
(5, 338, 1, '2014-08-15 09:08:18', '2014-08-14 15:55:25', '2014-08-19 09:08:06'),
(5, 340, 1, '2014-08-18 15:08:11', '2014-08-18 10:08:42', '2014-08-18 15:08:11'),
(5, 341, 1, '2014-08-19 09:08:16', '2014-08-19 08:51:47', '2014-08-19 09:08:16'),
(5, 342, 1, '2014-08-20 08:08:40', '2014-08-19 11:28:53', '2014-08-20 08:08:40'),
(5, 343, 1, '2014-08-26 09:08:45', '2014-08-20 16:53:28', '2014-08-26 09:08:45'),
(5, 344, 1, '2014-08-26 09:08:55', '2014-08-22 14:03:03', '2014-08-26 09:08:55'),
(5, 345, 1, '2014-08-26 09:08:03', '2014-08-22 14:11:49', '2014-08-26 09:08:03'),
(5, 347, 1, '2014-08-26 15:08:58', '2014-08-26 13:54:12', '2014-08-26 15:08:39'),
(5, 349, 1, '2014-08-27 11:08:57', '2014-08-27 10:47:36', '2014-08-27 11:08:57'),
(5, 351, 1, '2014-08-28 15:08:44', '2014-08-28 09:43:49', '2014-08-28 15:08:44'),
(5, 352, 1, '2014-08-28 15:08:33', '2014-08-28 12:48:32', '2014-08-28 15:08:33'),
(5, 354, 1, '2014-09-01 15:09:07', '2014-08-29 15:02:19', '2014-09-01 15:09:07'),
(5, 356, 1, '2014-09-01 15:09:00', '2014-08-29 17:40:17', '2014-09-01 15:09:00'),
(5, 357, 1, '2014-09-01 17:09:57', '2014-09-01 15:35:41', '2014-09-01 17:09:57'),
(5, 358, 1, '2014-09-02 17:09:44', '2014-09-02 09:27:57', '2014-09-02 17:09:27'),
(5, 359, 1, '2014-09-02 10:09:45', '2014-09-02 09:43:44', '2014-09-02 10:09:45'),
(5, 360, 1, '2014-09-02 10:09:12', '2014-09-02 09:51:47', '2014-09-02 10:09:12'),
(5, 361, 1, '2014-09-03 11:09:52', '2014-09-02 16:56:43', '2014-09-03 11:09:52'),
(5, 363, 1, '2014-09-05 16:09:57', '2014-09-04 17:38:13', '2014-09-05 16:09:57'),
(5, 364, 1, '2014-09-05 16:09:30', '2014-09-04 17:43:30', '2014-09-05 16:09:30'),
(5, 365, 1, '2014-09-05 16:09:38', '2014-09-04 17:45:34', '2014-09-05 16:09:38'),
(5, 366, 1, '2014-09-05 16:09:44', '2014-09-04 17:48:58', '2014-09-05 16:09:44'),
(5, 367, 1, '2014-09-09 16:09:56', '2014-09-09 10:50:52', '2014-09-09 16:09:56'),
(5, 368, 1, '2014-09-09 16:09:16', '2014-09-09 12:41:52', '2014-09-09 16:09:16'),
(5, 369, 1, '2014-09-11 18:25:31', '2014-09-09 15:30:50', '2014-09-11 18:25:31'),
(5, 370, 1, '2014-09-11 18:25:38', '2014-09-09 15:38:25', '2014-09-11 18:25:38'),
(6, 38, 1, '2014-01-07 15:30:00', '2014-01-02 12:49:49', '2014-01-07 15:30:00'),
(6, 39, 1, '2014-01-02 17:01:00', '2014-01-02 15:24:26', '2014-01-02 17:01:00'),
(6, 40, 1, '2014-01-07 15:01:31', '2014-01-03 10:57:32', '2014-01-07 15:01:05'),
(6, 41, 1, '2014-01-06 17:01:48', '2014-01-06 09:51:12', '2014-01-06 17:01:48'),
(6, 42, 1, '2014-01-06 17:01:17', '2014-01-06 09:56:06', '2014-01-06 17:01:17'),
(6, 43, 1, '2014-01-06 17:01:30', '2014-01-06 10:01:37', '2014-01-06 17:01:30'),
(6, 44, 1, '2014-01-06 17:01:39', '2014-01-06 11:01:29', '2014-01-06 17:01:39'),
(6, 45, 1, '2014-01-07 15:01:25', '2014-01-07 10:42:47', '2014-01-07 15:01:25'),
(6, 46, 1, '2014-01-08 10:01:09', '2014-01-07 16:12:27', '2014-01-08 10:01:09'),
(6, 47, 1, '2014-01-08 10:01:12', '2014-01-07 17:00:44', '2014-01-08 10:01:12'),
(6, 48, 1, '2014-01-08 09:01:02', '2014-01-08 08:53:37', '2014-01-08 09:01:02'),
(6, 49, 1, '2014-01-08 10:01:59', '2014-01-08 09:41:20', '2014-01-08 10:01:59'),
(6, 50, 1, '2014-01-08 10:01:42', '2014-01-08 09:44:43', '2014-01-08 10:01:42'),
(6, 51, 1, '2014-01-09 17:01:46', '2014-01-09 16:58:38', '2014-01-09 17:01:46'),
(6, 52, 1, '2014-01-09 17:01:19', '2014-01-09 17:02:16', '2014-01-09 17:01:19'),
(6, 53, 1, '2014-01-13 09:01:20', '2014-01-13 09:17:43', '2014-01-13 09:01:20'),
(6, 55, 1, '2014-01-14 11:01:10', '2014-01-14 09:53:38', '2014-01-14 11:01:10'),
(6, 57, 1, '2014-01-14 11:01:04', '2014-01-14 10:02:25', '2014-01-14 11:01:04'),
(6, 58, 1, '2014-01-14 16:01:27', '2014-01-14 14:51:01', '2014-01-14 16:01:27'),
(6, 60, 1, '2014-01-15 17:01:52', '2014-01-15 14:43:07', '2014-01-15 17:01:52'),
(6, 61, 1, '2014-01-15 17:01:18', '2014-01-15 14:47:51', '2014-01-15 17:01:18'),
(6, 62, 1, '2014-01-15 17:01:27', '2014-01-15 14:53:18', '2014-01-15 17:01:27'),
(6, 67, 1, '2014-01-20 15:01:49', '2014-01-20 14:17:21', '2014-01-20 15:01:49'),
(6, 69, 1, '2014-01-24 16:01:03', '2014-01-24 15:31:26', '2014-01-24 16:01:03'),
(6, 70, 1, '2014-01-24 15:01:55', '2014-01-24 15:35:23', '2014-01-24 15:01:55'),
(6, 71, 1, '2014-01-26 15:01:35', '2014-01-26 14:50:36', '2014-01-26 15:01:35'),
(6, 72, 1, '2014-01-27 10:01:05', '2014-01-27 10:06:31', '2014-01-27 10:01:05'),
(6, 73, 1, '2014-01-28 08:01:36', '2014-01-27 14:18:08', '2014-01-28 08:01:36'),
(6, 74, 1, '2014-01-28 08:01:47', '2014-01-27 17:12:34', '2014-01-28 08:01:47'),
(6, 78, 1, '2014-03-05 13:03:11', '2014-03-05 13:55:10', '2014-03-05 13:03:11'),
(6, 79, 1, '2014-03-05 14:03:09', '2014-03-05 14:11:11', '2014-03-05 14:03:09'),
(6, 80, 1, '2014-03-05 14:03:40', '2014-03-05 14:17:54', '2014-03-05 14:03:40'),
(6, 81, 1, '2014-03-05 14:03:29', '2014-03-05 14:40:11', '2014-03-05 14:03:29'),
(6, 83, 1, '2014-02-13 15:02:00', '2014-03-05 15:05:05', '2014-03-05 15:03:23'),
(6, 86, 1, '2014-02-22 15:02:00', '2014-03-05 15:34:36', '2014-03-05 15:03:01'),
(6, 88, 1, '2014-03-05 16:03:26', '2014-03-05 16:02:34', '2014-03-05 16:03:26'),
(6, 90, 1, '2014-03-05 16:03:58', '2014-03-05 16:26:18', '2014-03-05 16:03:58'),
(6, 91, 1, '2014-03-05 16:03:23', '2014-03-05 16:33:43', '2014-03-05 16:03:22'),
(6, 92, 1, '2014-03-05 16:03:36', '2014-03-05 16:48:02', '2014-03-05 16:03:36'),
(6, 97, 1, '2014-03-06 11:03:43', '2014-03-06 11:30:15', '2014-03-06 11:03:43'),
(6, 98, 1, '2014-03-06 11:03:43', '2014-03-06 11:46:18', '2014-03-06 11:03:43'),
(6, 99, 1, '2014-03-04 11:03:11', '2014-03-06 11:56:06', '2014-03-06 11:03:51'),
(6, 101, 1, '2014-03-10 09:03:00', '2014-03-07 14:24:04', '2014-03-10 09:03:00'),
(6, 104, 1, '2014-03-06 14:03:43', '2014-03-07 14:36:09', '2014-03-07 14:03:54'),
(6, 105, 1, '2014-03-10 14:03:57', '2014-03-07 14:40:01', '2014-03-10 14:03:08'),
(6, 109, 1, '2014-03-12 14:03:44', '2014-03-11 15:26:28', '2014-03-12 14:03:44'),
(6, 110, 1, '2014-03-13 17:03:07', '2014-03-12 14:45:14', '2014-03-13 17:03:13'),
(6, 111, 1, '2014-03-13 16:03:56', '2014-03-12 14:47:06', '2014-03-13 16:03:48'),
(6, 113, 1, '2014-03-13 16:03:57', '2014-03-13 14:33:33', '2014-03-13 16:03:04'),
(6, 114, 1, '2014-03-13 17:03:17', '2014-03-13 15:05:38', '2014-03-13 17:03:17'),
(6, 115, 1, '2014-03-14 14:03:00', '2014-03-14 14:27:30', '2014-03-14 14:03:00'),
(6, 117, 1, '2014-03-18 16:03:06', '2014-03-18 16:45:10', '2014-03-18 16:03:21'),
(6, 118, 1, '2014-03-20 15:03:37', '2014-03-20 15:05:05', '2014-03-20 15:03:24'),
(6, 119, 1, '2014-03-21 10:03:26', '2014-03-21 10:26:01', '2014-03-21 10:03:26'),
(6, 121, 1, '2014-03-24 11:03:56', '2014-03-24 11:10:08', '2014-03-24 11:03:18'),
(6, 122, 1, '2014-03-24 13:03:13', '2014-03-24 12:01:20', '2014-03-24 13:03:13'),
(6, 123, 1, '2014-03-24 14:03:36', '2014-03-24 12:06:38', '2014-03-24 14:03:26'),
(6, 124, 1, '2014-03-24 14:03:08', '2014-03-24 14:33:59', '2014-03-24 14:03:08'),
(6, 125, 1, '2014-03-25 10:03:02', '2014-03-25 10:04:51', '2014-03-25 10:03:02'),
(6, 126, 1, '2014-03-25 10:03:07', '2014-03-25 10:17:39', '2014-03-25 10:03:07'),
(6, 127, 1, '2014-03-27 10:03:11', '2014-03-26 09:22:57', '2014-03-27 10:03:11'),
(6, 128, 1, '2014-04-23 11:04:20', '2014-03-26 09:47:53', '2014-04-23 11:04:09'),
(6, 129, 1, '2014-03-27 10:03:20', '2014-03-26 11:47:28', '2014-03-27 10:03:20'),
(6, 130, 1, '2014-03-27 10:03:57', '2014-03-26 11:53:17', '2014-03-27 10:03:57'),
(6, 131, 1, '2014-03-27 10:03:29', '2014-03-26 11:58:05', '2014-03-27 10:03:29'),
(6, 132, 1, '2014-04-01 10:04:15', '2014-03-26 12:41:46', '2014-04-01 10:04:04'),
(6, 133, 1, '2014-03-27 10:03:36', '2014-03-26 12:45:35', '2014-03-27 10:03:36'),
(6, 134, 1, '2014-03-28 14:03:57', '2014-03-26 12:48:42', '2014-03-28 14:03:21'),
(6, 135, 1, '2014-03-27 11:03:16', '2014-03-27 11:04:15', '2014-03-27 11:03:41'),
(6, 136, 1, '2014-03-31 11:03:17', '2014-03-28 09:10:08', '2014-03-31 11:03:17'),
(6, 137, 1, '2014-03-31 11:03:28', '2014-03-28 09:20:11', '2014-03-31 11:03:28'),
(6, 140, 1, '2014-03-31 11:03:03', '2014-03-28 15:43:06', '2014-03-31 11:03:03'),
(6, 141, 1, '2014-04-04 09:04:19', '2014-04-02 10:11:18', '2014-04-04 09:04:01'),
(6, 144, 1, '2014-04-04 09:04:54', '2014-04-03 09:46:23', '2014-04-04 09:04:21'),
(6, 146, 1, '2014-04-04 14:04:24', '2014-04-04 11:53:04', '2014-04-04 14:04:50'),
(6, 147, 1, '2014-04-09 15:04:17', '2014-04-09 14:07:42', '2014-04-09 15:04:17'),
(6, 148, 1, '2014-04-10 09:04:34', '2014-04-09 17:53:02', '2014-04-10 09:04:34'),
(6, 149, 1, '2014-04-10 13:04:44', '2014-04-09 17:58:13', '2014-04-10 13:04:44'),
(6, 150, 1, '2014-04-14 17:04:26', '2014-04-11 10:58:01', '2014-04-14 17:04:26'),
(6, 151, 1, '2014-04-14 10:04:27', '2014-04-11 14:22:25', '2014-04-14 10:04:10'),
(6, 152, 1, '2014-04-30 09:04:00', '2014-04-14 09:29:20', '2014-05-04 09:05:46'),
(6, 153, 1, '2014-04-14 17:04:31', '2014-04-14 10:00:28', '2014-04-14 17:04:31'),
(6, 154, 1, '2014-04-14 14:04:21', '2014-04-14 11:49:58', '2014-04-14 14:04:21'),
(6, 155, 1, '2014-04-14 17:04:48', '2014-04-14 15:42:50', '2014-04-14 17:04:48'),
(6, 157, 1, '2014-04-17 11:04:30', '2014-04-17 11:27:38', '2014-04-17 11:04:21'),
(6, 159, 1, '2014-04-21 10:04:32', '2014-04-21 09:34:16', '2014-04-21 10:04:21'),
(6, 161, 1, '2014-04-23 09:04:33', '2014-04-22 09:27:07', '2014-04-23 09:04:33'),
(6, 163, 1, '2014-04-24 16:04:25', '2014-04-23 15:34:07', '2014-04-24 16:04:13'),
(6, 164, 1, '2014-04-25 16:04:26', '2014-04-23 15:53:33', '2014-04-25 16:04:26'),
(6, 165, 1, '2014-04-25 16:04:26', '2014-04-23 17:11:08', '2014-04-25 16:04:26'),
(6, 166, 1, '2014-04-25 16:04:21', '2014-04-24 09:23:45', '2014-04-25 16:04:21'),
(6, 167, 1, '2014-04-25 16:04:10', '2014-04-24 09:26:34', '2014-04-25 16:04:10'),
(6, 168, 1, '2014-05-16 10:05:59', '2014-04-25 09:22:32', '2014-05-19 10:05:16'),
(6, 169, 1, '2014-04-25 16:04:32', '2014-04-25 11:42:29', '2014-04-25 16:04:32'),
(6, 170, 1, '2014-04-25 16:04:41', '2014-04-25 11:56:36', '2014-04-25 16:04:41'),
(6, 171, 1, '2014-04-25 16:04:47', '2014-04-25 11:59:07', '2014-04-25 16:04:47'),
(6, 174, 1, '2014-05-06 16:05:18', '2014-05-04 10:59:46', '2014-05-06 16:05:18'),
(6, 176, 1, '2014-05-06 16:05:42', '2014-05-05 17:42:14', '2014-05-06 16:05:42'),
(6, 177, 1, '2014-05-06 16:05:58', '2014-05-05 17:44:28', '2014-05-06 16:05:58'),
(6, 178, 1, '2014-05-06 16:05:06', '2014-05-06 15:02:20', '2014-05-06 16:05:06'),
(6, 179, 1, '2014-05-06 16:05:02', '2014-05-06 15:09:36', '2014-05-06 16:05:02'),
(6, 180, 1, '2014-05-16 09:05:36', '2014-05-06 16:14:06', '2014-05-16 09:05:36'),
(6, 181, 1, '2014-05-07 11:05:38', '2014-05-06 17:59:57', '2014-05-07 11:05:38'),
(6, 182, 1, '2014-05-09 17:05:22', '2014-05-07 14:14:30', '2014-05-09 17:05:25'),
(6, 183, 1, '2014-05-07 14:05:13', '2014-05-07 14:19:42', '2014-05-07 14:05:13'),
(6, 184, 1, '2014-05-09 17:05:48', '2014-05-08 14:04:46', '2014-05-09 17:05:49'),
(6, 185, 1, '2014-05-08 16:05:06', '2014-05-08 14:48:37', '2014-05-08 17:05:09'),
(6, 186, 1, '2014-05-08 16:05:48', '2014-05-08 14:56:58', '2014-05-08 16:05:48'),
(6, 187, 1, '2014-05-08 16:05:51', '2014-05-08 16:24:54', '2014-05-08 16:05:51'),
(6, 188, 1, '2014-05-08 16:05:44', '2014-05-08 16:48:44', '2014-05-08 16:05:44'),
(6, 189, 1, '2014-05-12 16:05:36', '2014-05-12 14:16:26', '2014-05-12 16:05:36'),
(6, 190, 1, '2014-05-12 16:05:49', '2014-05-12 14:33:29', '2014-05-12 16:05:49'),
(6, 191, 1, '2014-05-12 16:05:03', '2014-05-12 14:59:20', '2014-05-12 16:05:03'),
(6, 192, 1, '2014-05-12 16:05:38', '2014-05-12 15:03:36', '2014-05-12 16:05:38'),
(6, 193, 1, '2014-05-12 16:05:06', '2014-05-12 15:07:27', '2014-05-12 16:05:06'),
(6, 194, 1, '2014-05-12 16:05:47', '2014-05-12 15:13:38', '2014-05-12 16:05:47'),
(6, 196, 1, '2014-05-13 10:05:52', '2014-05-13 09:51:14', '2014-05-13 10:05:52'),
(6, 197, 1, '2014-05-13 14:05:24', '2014-05-13 09:57:22', '2014-05-13 14:05:24'),
(6, 198, 1, '2014-05-19 10:05:20', '2014-05-13 10:04:14', '2014-05-19 10:05:37'),
(6, 199, 1, '2014-05-13 14:05:10', '2014-05-13 14:41:08', '2014-05-13 14:05:10'),
(6, 200, 1, '2014-05-13 17:05:43', '2014-05-13 17:19:56', '2014-05-13 17:05:43'),
(6, 201, 1, '2014-06-25 10:06:39', '2014-05-13 17:27:08', '2014-06-25 10:06:50'),
(6, 202, 1, '2014-05-15 10:05:33', '2014-05-13 17:31:55', '2014-05-15 10:05:33'),
(6, 206, 1, '2014-07-23 11:07:33', '2014-05-14 12:00:05', '2014-07-23 11:07:40'),
(6, 208, 1, '2014-05-19 09:05:18', '2014-05-15 11:28:52', '2014-05-19 09:05:35'),
(6, 209, 1, '2014-05-19 10:05:40', '2014-05-15 17:31:25', '2014-05-19 10:05:40'),
(6, 210, 1, '2014-05-19 17:05:34', '2014-05-19 14:21:10', '2014-05-19 17:05:34'),
(6, 211, 1, '2014-05-19 16:05:11', '2014-05-19 14:22:50', '2014-05-19 16:05:11'),
(6, 212, 1, '2014-05-19 16:05:07', '2014-05-19 14:27:12', '2014-05-19 16:05:07'),
(6, 213, 1, '2014-05-21 10:05:59', '2014-05-21 09:14:52', '2014-05-21 10:05:17'),
(6, 214, 1, '2014-05-22 14:05:22', '2014-05-21 09:16:33', '2014-05-22 14:05:39'),
(6, 216, 1, '2014-05-22 12:05:01', '2014-05-22 10:27:36', '2014-05-22 12:05:01'),
(6, 217, 1, '2014-05-22 14:05:14', '2014-05-22 10:32:16', '2014-05-22 14:05:30'),
(6, 218, 1, '2014-05-22 12:05:18', '2014-05-22 10:35:21', '2014-05-22 12:05:18'),
(6, 219, 1, '2014-05-22 13:05:02', '2014-05-22 10:38:05', '2014-05-22 13:05:02'),
(6, 222, 1, '2014-05-26 08:05:37', '2014-05-23 17:45:11', '2014-05-26 08:05:37'),
(6, 223, 1, '2014-05-26 09:05:07', '2014-05-23 17:49:56', '2014-05-26 09:05:07'),
(6, 225, 1, '2014-05-28 09:05:13', '2014-05-28 09:14:37', '2014-05-28 09:05:13'),
(6, 229, 1, '2014-05-29 16:05:57', '2014-05-29 16:01:19', '2014-05-29 16:05:57'),
(6, 230, 1, '2014-05-29 16:05:58', '2014-05-29 16:08:16', '2014-05-29 16:05:58'),
(6, 231, 1, '2014-05-30 14:05:54', '2014-05-29 16:11:25', '2014-05-30 14:05:16'),
(6, 232, 1, '2014-06-03 16:06:32', '2014-05-30 14:32:35', '2014-06-03 16:06:47'),
(6, 234, 1, '2014-06-03 17:06:03', '2014-06-03 14:35:35', '2014-06-03 17:06:03'),
(6, 235, 1, '2014-06-03 17:06:43', '2014-06-03 14:37:10', '2014-06-03 17:06:43'),
(6, 236, 1, '2014-06-03 17:06:49', '2014-06-03 14:38:42', '2014-06-03 17:06:49'),
(6, 237, 1, '2014-06-03 17:06:36', '2014-06-03 17:06:52', '2014-06-03 17:06:36'),
(6, 238, 1, '2014-06-05 10:06:30', '2014-06-05 09:49:10', '2014-06-05 10:06:30'),
(6, 239, 1, '2014-06-06 15:06:10', '2014-06-06 15:02:32', '2014-06-06 15:06:10'),
(6, 240, 1, '2014-06-06 15:06:19', '2014-06-06 15:04:31', '2014-06-06 15:06:19'),
(6, 241, 1, '2014-06-11 16:06:04', '2014-06-10 19:23:52', '2014-06-11 16:06:04'),
(6, 242, 1, '2014-06-11 16:06:45', '2014-06-10 19:27:04', '2014-06-11 16:06:45'),
(6, 245, 1, '2014-06-11 16:06:49', '2014-06-11 15:00:50', '2014-06-11 16:06:49'),
(6, 246, 1, '2014-06-12 10:06:07', '2014-06-12 09:54:22', '2014-06-12 10:06:07'),
(6, 249, 1, '2014-06-13 16:06:48', '2014-06-13 15:11:09', '2014-06-13 16:06:48'),
(6, 250, 1, '2014-06-16 11:06:11', '2014-06-16 09:34:05', '2014-06-16 11:06:11'),
(6, 251, 1, '2014-06-16 15:06:27', '2014-06-16 11:21:39', '2014-06-16 15:06:27'),
(6, 252, 1, '2014-06-16 15:06:17', '2014-06-16 11:31:32', '2014-06-16 15:06:17'),
(6, 253, 1, '2014-06-16 15:06:11', '2014-06-16 15:27:23', '2014-06-16 15:06:11'),
(6, 254, 1, '2014-06-18 10:06:03', '2014-06-17 15:38:30', '2014-06-18 10:06:03'),
(6, 255, 1, '2014-06-25 18:06:02', '2014-06-17 17:17:40', '2014-06-25 18:06:17'),
(6, 257, 1, '2014-06-18 15:06:32', '2014-06-18 15:42:52', '2014-06-18 15:06:32'),
(6, 258, 1, '2014-07-23 09:07:53', '2014-06-18 16:40:00', '2014-07-23 09:07:37'),
(6, 260, 1, '2014-06-23 10:06:34', '2014-06-23 09:33:35', '2014-06-23 10:06:34'),
(6, 263, 1, '2014-06-23 09:06:49', '2014-06-23 09:53:56', '2014-06-23 09:06:49'),
(6, 264, 1, '2014-06-23 15:06:44', '2014-06-23 10:43:32', '2014-06-23 15:06:44'),
(6, 268, 1, '2014-06-25 10:06:07', '2014-06-25 09:08:30', '2014-06-25 10:06:07'),
(6, 269, 1, '2014-06-26 10:06:55', '2014-06-26 09:28:11', '2014-06-26 10:06:55'),
(6, 270, 1, '2014-07-01 16:07:43', '2014-06-30 09:31:19', '2014-07-01 16:07:15'),
(6, 272, 1, '2014-07-01 11:07:31', '2014-07-01 11:06:02', '2014-07-01 11:07:31'),
(6, 274, 1, '2014-07-03 09:07:28', '2014-07-02 16:39:50', '2014-07-03 09:07:28'),
(6, 275, 1, '2014-07-03 09:07:14', '2014-07-02 16:43:53', '2014-07-03 09:07:14'),
(6, 276, 1, '2014-07-03 09:07:05', '2014-07-02 16:49:50', '2014-07-03 09:07:05'),
(6, 277, 1, '2014-07-03 09:07:13', '2014-07-02 16:56:19', '2014-07-03 09:07:13'),
(6, 278, 1, '2014-07-03 09:07:36', '2014-07-02 17:02:39', '2014-07-03 09:07:36'),
(6, 279, 1, '2014-07-03 14:07:16', '2014-07-03 12:52:11', '2014-07-03 14:07:16'),
(6, 282, 1, '2014-07-07 15:07:07', '2014-07-07 15:22:21', '2014-07-07 15:07:07'),
(6, 283, 1, '2014-07-08 16:07:32', '2014-07-08 16:41:45', '2014-07-08 16:07:32'),
(6, 284, 1, '2014-07-09 10:07:05', '2014-07-09 09:31:10', '2014-07-09 10:07:05'),
(6, 285, 1, '2014-07-09 10:07:21', '2014-07-09 09:40:28', '2014-07-09 10:07:21'),
(6, 286, 1, '2014-07-10 14:07:12', '2014-07-10 14:00:05', '2014-07-10 14:07:19'),
(6, 287, 1, '2014-07-11 15:07:07', '2014-07-11 15:04:14', '2014-07-11 15:07:07'),
(6, 288, 1, '2014-07-15 09:07:55', '2014-07-15 09:13:53', '2014-07-15 09:07:55'),
(6, 289, 1, '2014-07-15 11:07:37', '2014-07-15 09:58:51', '2014-07-15 11:07:37'),
(6, 290, 1, '2014-07-15 13:07:36', '2014-07-15 11:19:02', '2014-07-15 13:07:36'),
(6, 295, 1, '2014-07-17 09:07:32', '2014-07-16 12:55:52', '2014-07-17 09:07:32'),
(6, 297, 1, '2014-07-17 10:07:26', '2014-07-17 09:22:42', '2014-07-17 10:07:26'),
(6, 299, 1, '2014-07-18 14:07:21', '2014-07-18 11:54:25', '2014-07-18 14:07:21'),
(6, 300, 1, '2014-07-21 14:07:05', '2014-07-21 14:00:35', '2014-07-21 14:07:05'),
(6, 301, 1, '2014-07-21 14:07:17', '2014-07-21 14:29:04', '2014-07-21 14:07:17'),
(6, 305, 1, '2014-07-22 14:07:14', '2014-07-22 13:58:10', '2014-07-22 14:07:14'),
(6, 306, 1, '2014-07-22 15:07:47', '2014-07-22 14:14:17', '2014-07-22 15:07:47'),
(6, 307, 1, '2014-07-23 11:07:09', '2014-07-23 10:53:19', '2014-07-23 11:07:09'),
(6, 311, 1, '2014-07-28 17:07:51', '2014-07-28 17:09:12', '2014-07-28 17:07:55'),
(6, 314, 1, '2014-07-30 14:07:01', '2014-07-30 14:07:47', '2014-07-30 14:07:01'),
(6, 315, 1, '2014-07-30 15:07:53', '2014-07-30 14:55:24', '2014-07-30 15:07:53'),
(6, 316, 1, '2014-07-30 15:07:56', '2014-07-30 15:00:34', '2014-07-30 15:07:56'),
(6, 318, 1, '2014-08-04 15:08:27', '2014-07-31 11:59:28', '2014-08-04 15:08:29'),
(6, 319, 1, '2014-08-04 09:08:41', '2014-08-01 10:53:04', '2014-08-04 09:08:41'),
(6, 320, 1, '2014-08-01 17:08:08', '2014-08-01 17:36:25', '2014-08-01 17:08:08'),
(6, 322, 1, '2014-08-04 15:08:04', '2014-08-04 10:27:26', '2014-08-04 15:08:04'),
(6, 324, 1, '2014-08-06 09:08:07', '2014-08-05 14:22:18', '2014-08-06 09:08:07'),
(6, 325, 1, '2014-08-06 11:08:24', '2014-08-06 09:34:15', '2014-08-06 11:08:24'),
(6, 326, 1, '2014-08-06 15:08:51', '2014-08-06 10:29:23', '2014-08-06 15:08:57'),
(6, 329, 1, '2014-08-11 14:08:58', '2014-08-08 17:42:12', '2014-08-11 14:08:59'),
(6, 330, 1, '2014-08-11 11:08:31', '2014-08-11 11:50:59', '2014-08-11 11:08:31'),
(6, 332, 1, '2014-08-13 17:08:50', '2014-08-12 16:25:38', '2014-08-13 17:08:50'),
(6, 333, 1, '2014-08-14 16:08:18', '2014-08-14 15:20:16', '2014-08-14 16:08:16'),
(6, 334, 1, '2014-08-14 15:08:02', '2014-08-14 15:32:58', '2014-08-14 15:08:02'),
(6, 337, 1, '2014-08-14 15:08:10', '2014-08-14 15:50:31', '2014-08-14 15:08:10'),
(6, 339, 1, '2014-08-22 09:08:17', '2014-08-15 17:12:14', '2014-08-22 09:08:21'),
(6, 341, 1, '2014-08-19 16:08:12', '2014-08-19 08:51:47', '2014-08-19 16:08:12'),
(6, 342, 1, '2014-08-19 16:08:22', '2014-08-19 11:28:53', '2014-08-19 16:08:22'),
(6, 343, 1, '2014-08-21 09:08:30', '2014-08-20 16:53:28', '2014-08-21 09:08:30'),
(6, 344, 1, '2014-08-22 14:08:52', '2014-08-22 14:03:03', '2014-08-22 14:08:52'),
(6, 345, 1, '2014-08-22 14:08:48', '2014-08-22 14:11:49', '2014-08-22 14:08:48'),
(6, 348, 1, '2014-08-26 15:08:33', '2014-08-26 15:22:56', '2014-08-26 15:08:40'),
(6, 349, 1, '2014-08-27 10:08:54', '2014-08-27 10:47:36', '2014-08-27 10:08:54'),
(6, 351, 1, '2014-08-28 13:08:28', '2014-08-28 09:43:49', '2014-08-28 13:08:28'),
(6, 352, 1, '2014-08-28 13:08:32', '2014-08-28 12:48:32', '2014-08-28 13:08:32'),
(6, 353, 1, '2014-09-02 16:09:36', '2014-08-29 10:56:18', '2014-09-02 16:09:41'),
(6, 354, 1, '2014-08-29 17:08:36', '2014-08-29 15:02:19', '2014-08-29 17:08:36'),
(6, 355, 1, '2014-08-29 17:08:47', '2014-08-29 15:08:32', '2014-08-29 17:08:47'),
(6, 356, 1, '2014-09-01 08:09:54', '2014-08-29 17:40:17', '2014-09-01 08:09:54'),
(6, 357, 1, '2014-09-02 08:09:38', '2014-09-01 15:35:41', '2014-09-02 08:09:38'),
(6, 359, 1, '2014-09-02 16:09:41', '2014-09-02 09:43:44', '2014-09-02 16:09:44'),
(6, 360, 1, '2014-09-02 10:09:06', '2014-09-02 09:51:47', '2014-09-02 10:09:06'),
(6, 361, 1, '2014-09-03 09:09:19', '2014-09-02 16:56:43', '2014-09-03 09:09:19'),
(6, 367, 1, '2014-09-09 17:09:48', '2014-09-09 10:50:52', '2014-09-09 17:09:48'),
(6, 368, 1, '2014-09-09 17:09:32', '2014-09-09 12:41:52', '2014-09-09 17:09:32'),
(6, 369, 1, '2014-09-09 17:09:39', '2014-09-09 15:30:50', '2014-09-09 17:09:39'),
(6, 370, 1, '2014-09-09 17:09:43', '2014-09-09 15:38:25', '2014-09-09 17:09:43'),
(6, 371, 1, '2014-09-15 17:07:35', '2014-09-12 10:42:00', '2014-09-15 17:07:35'),
(6, 372, 1, '2014-09-15 14:37:19', '2014-09-12 12:46:07', '2014-09-15 14:37:19'),
(6, 373, 1, '2014-09-15 10:10:46', '2014-09-12 14:29:37', '2014-09-15 10:10:46'),
(6, 374, 1, '2014-09-19 11:25:45', '2014-09-15 13:53:05', '2014-09-19 11:25:45'),
(6, 375, 1, '2014-09-15 14:35:43', '2014-09-15 13:59:03', '2014-09-15 14:35:43'),
(6, 376, 1, '2014-09-15 14:35:31', '2014-09-15 14:08:46', '2014-09-15 14:35:31'),
(6, 377, 1, '2014-09-16 10:05:26', '2014-09-16 10:02:47', '2014-09-16 10:05:26'),
(6, 378, 1, '2014-09-18 12:41:21', '2014-09-18 11:44:56', '2014-09-18 12:41:21'),
(6, 379, 1, '2014-09-18 12:40:22', '2014-09-18 11:53:34', '2014-09-18 12:40:22'),
(6, 381, 1, '2014-09-19 11:25:38', '2014-09-19 10:01:50', '2014-09-19 11:25:38'),
(6, 382, 1, '2014-09-19 16:44:54', '2014-09-19 16:04:11', '2014-09-19 16:44:54'),
(6, 383, 1, '2014-12-25 16:05:37', '2014-09-28 17:12:39', '2014-12-25 16:05:37'),
(6, 386, 1, '2014-09-29 09:07:55', '2014-09-28 17:19:20', '2014-09-29 09:07:55'),
(6, 388, 1, '2014-09-29 09:07:31', '2014-09-28 17:14:49', '2014-09-29 09:07:31'),
(6, 389, 1, '2014-09-29 09:07:25', '2014-09-28 17:18:17', '2014-09-29 09:07:25'),
(6, 390, 1, '2014-09-29 16:45:26', '2014-09-29 11:47:03', '2014-09-29 16:45:26'),
(6, 391, 1, '2014-09-29 16:44:09', '2014-09-29 11:58:34', '2014-09-29 16:44:09'),
(6, 392, 1, '2014-09-29 16:43:57', '2014-09-29 12:02:07', '2014-09-29 16:43:57'),
(6, 396, 1, '2014-10-09 09:14:54', '2014-10-08 17:31:41', '2014-10-09 09:14:54'),
(6, 397, 1, '2014-10-10 09:43:33', '2014-10-09 09:24:43', '2014-10-10 09:43:33'),
(6, 399, 1, '2014-10-10 09:32:32', '2014-10-09 17:30:13', '2014-10-10 09:32:32'),
(6, 401, 1, '2014-10-10 16:39:45', '2014-10-10 10:09:56', '2014-10-10 16:39:45'),
(6, 402, 1, '2014-10-11 15:43:31', '2014-10-11 14:07:48', '2014-10-11 15:43:31'),
(6, 403, 1, '2014-10-11 15:43:01', '2014-10-11 14:07:27', '2014-10-11 15:43:01'),
(6, 404, 1, '2014-10-13 10:53:48', '2014-10-13 10:16:08', '2014-10-13 10:53:48'),
(6, 408, 1, '2014-10-14 14:22:50', '2014-10-13 17:28:22', '2014-10-14 14:22:50'),
(6, 409, 1, '2014-10-17 17:19:54', '2014-10-16 10:13:03', '2014-10-17 17:19:54'),
(6, 410, 1, '2014-10-20 09:10:03', '2014-10-17 17:33:32', '2014-10-20 09:10:03'),
(6, 411, 1, '2014-10-20 10:15:25', '2014-10-17 17:33:11', '2014-10-20 10:15:25'),
(6, 412, 1, '2014-10-20 16:19:25', '2014-10-20 14:11:49', '2014-10-20 16:19:25'),
(6, 413, 1, '2014-10-21 15:04:02', '2014-10-21 11:45:12', '2014-10-21 15:04:02'),
(6, 415, 1, '2014-10-23 17:17:28', '2014-10-23 16:49:24', '2014-10-23 17:17:28'),
(6, 416, 1, '2014-10-23 17:16:16', '2014-10-23 16:48:40', '2014-10-23 17:16:16'),
(6, 417, 1, '2014-10-22 14:06:35', '2014-10-21 15:36:27', '2014-10-22 14:06:35'),
(6, 419, 1, '2014-10-24 15:16:54', '2014-10-23 16:46:04', '2014-10-24 15:16:54'),
(6, 421, 1, '2014-10-23 17:17:54', '2014-10-23 17:05:40', '2014-10-23 17:17:54'),
(6, 422, 1, '2014-10-23 17:36:10', '2014-10-23 17:26:42', '2014-10-23 17:36:10'),
(6, 423, 1, '2014-10-23 17:36:16', '2014-10-23 17:26:50', '2014-10-23 17:36:16'),
(6, 425, 1, '2014-11-03 09:59:19', '2014-10-30 16:36:28', '2014-11-03 09:59:19'),
(6, 426, 1, '2014-11-03 10:59:31', '2014-10-31 10:27:16', '2014-11-03 10:59:31'),
(6, 427, 1, '2014-11-03 09:59:11', '2014-11-03 09:50:36', '2014-11-03 09:59:11'),
(6, 428, 1, '2014-11-03 11:28:24', '2014-11-03 11:19:10', '2014-11-03 11:28:24'),
(6, 429, 1, '2014-11-03 14:16:10', '2014-11-03 13:54:48', '2014-11-03 14:16:10'),
(6, 430, 1, '2014-11-03 14:16:05', '2014-11-03 13:58:17', '2014-11-03 14:16:05'),
(6, 432, 1, '2014-11-05 14:47:18', '2014-11-04 11:29:19', '2014-11-05 14:47:18'),
(6, 434, 1, '2014-11-10 14:50:57', '2014-11-10 14:25:19', '2014-11-10 14:50:57'),
(6, 435, 1, '2014-11-10 14:50:45', '2014-11-10 14:25:00', '2014-11-10 14:50:45'),
(6, 436, 1, '2014-11-10 16:55:35', '2014-11-10 16:44:41', '2014-11-10 16:55:35'),
(6, 437, 1, '2014-11-14 10:17:29', '2014-11-14 09:48:50', '2014-11-14 10:17:29'),
(6, 440, 1, '2014-11-18 17:30:59', '2014-11-18 12:00:05', '2014-11-18 17:30:59'),
(6, 441, 1, '2014-11-18 14:50:53', '2014-11-18 12:00:22', '2014-11-18 14:50:53'),
(6, 444, 1, '2014-11-18 15:18:41', '2014-11-18 14:54:10', '2014-11-18 15:18:41'),
(6, 446, 1, '2014-11-27 17:05:18', '2014-11-19 11:22:08', '2014-11-27 17:05:18'),
(6, 448, 1, '2014-11-24 11:13:14', '2014-11-24 10:48:19', '2014-11-24 11:13:14'),
(6, 449, 1, '2014-11-24 11:13:22', '2014-11-24 10:49:23', '2014-11-24 11:13:22'),
(6, 450, 1, '2014-11-24 11:14:18', '2014-11-24 10:48:59', '2014-11-24 11:14:18'),
(6, 452, 1, '2014-11-25 08:58:25', '2014-11-24 17:40:32', '2014-11-25 08:58:25'),
(6, 453, 1, '2014-11-26 17:04:11', '2014-11-25 09:24:32', '2014-11-26 17:04:11'),
(6, 454, 1, '2014-11-27 16:44:46', '2014-11-27 16:03:04', '2014-11-27 16:44:46'),
(6, 455, 1, '2014-11-26 17:04:48', '2014-11-26 09:48:12', '2014-11-26 17:04:48'),
(6, 456, 1, '2014-11-27 17:06:20', '2014-11-26 09:43:48', '2014-11-27 17:06:20'),
(6, 457, 1, '2014-11-27 16:45:56', '2014-11-27 16:03:16', '2014-11-27 16:45:56'),
(6, 458, 1, '2014-12-01 16:26:27', '2014-11-27 15:24:55', '2014-12-01 16:26:27'),
(6, 459, 1, '2014-11-27 16:46:23', '2014-11-27 15:23:23', '2014-11-27 16:46:23'),
(6, 461, 1, '2014-11-28 11:21:44', '2014-11-28 09:12:11', '2014-11-28 11:21:44'),
(6, 462, 1, '2014-11-28 11:21:40', '2014-11-28 09:11:54', '2014-11-28 11:21:40'),
(6, 463, 1, '2014-11-28 17:46:28', '2014-11-28 17:14:26', '2014-11-28 17:46:28'),
(6, 464, 1, '2014-12-01 10:30:05', '2014-12-01 09:46:39', '2014-12-01 10:30:05'),
(6, 465, 1, '2014-12-04 09:17:22', '2014-12-01 16:55:50', '2014-12-04 09:17:22'),
(6, 467, 1, '2014-12-02 14:11:06', '2014-12-02 11:49:23', '2014-12-02 14:11:06'),
(6, 468, 1, '2014-12-05 16:34:29', '2014-12-05 16:03:10', '2014-12-05 16:34:29'),
(6, 469, 1, '2014-12-05 16:34:36', '2014-12-05 16:25:22', '2014-12-05 16:34:36'),
(6, 470, 1, '2014-12-10 09:45:21', '2014-12-09 11:53:44', '2014-12-10 09:45:21'),
(6, 471, 1, '2014-12-10 10:36:01', '2014-12-09 11:59:58', '2014-12-10 10:36:01'),
(6, 472, 1, '2014-12-10 10:33:27', '2014-12-09 15:03:56', '2014-12-10 10:33:27'),
(6, 473, 1, '2014-12-10 10:33:22', '2014-12-09 16:13:08', '2014-12-10 10:33:22'),
(6, 475, 1, '2015-01-07 10:45:05', '2014-12-11 14:53:46', '2015-01-07 10:45:05'),
(6, 476, 1, '2014-12-11 16:27:46', '2014-12-11 15:14:39', '2014-12-11 16:27:46'),
(6, 477, 1, '2014-12-12 15:49:51', '2014-12-11 16:32:30', '2014-12-12 15:49:51'),
(6, 478, 1, '2014-12-12 16:37:36', '2014-12-12 14:06:38', '2014-12-12 16:37:36'),
(6, 480, 1, '2014-12-22 08:55:49', '2014-12-16 10:48:49', '2014-12-22 08:55:49');
INSERT INTO `cbd_receive_user` (`usr_id`, `rec_id`, `state`, `finish_time`, `create_time`, `update_time`) VALUES
(6, 481, 1, '2014-12-22 14:00:26', '2014-12-22 11:19:05', '2014-12-22 14:00:26'),
(6, 482, 1, '2014-12-22 14:00:20', '2014-12-22 10:38:18', '2014-12-22 14:00:20'),
(6, 483, 1, '2014-12-25 16:00:35', '2014-12-22 11:19:21', '2014-12-25 16:00:35'),
(6, 487, 1, '2014-12-24 15:08:49', '2014-12-24 09:08:43', '2014-12-24 15:08:49'),
(6, 494, 1, '2014-12-25 16:00:29', '2014-12-25 14:26:42', '2014-12-25 16:00:29'),
(6, 495, 1, '2015-01-06 09:01:19', '2014-12-26 11:38:13', '2015-01-06 09:01:19'),
(6, 502, 1, '2015-01-06 09:07:40', '2014-12-31 11:18:14', '2015-01-06 09:07:40'),
(6, 507, 1, '2015-01-06 08:51:45', '2014-12-31 11:28:44', '2015-01-06 08:51:45'),
(6, 509, 1, '2015-01-06 08:59:18', '2015-01-05 09:06:33', '2015-01-06 08:59:18'),
(6, 510, 1, '2015-01-06 09:06:51', '2015-01-05 09:09:09', '2015-01-06 09:06:51'),
(6, 512, 1, '2015-01-06 09:46:14', '2015-01-05 15:46:31', '2015-01-06 09:46:14'),
(6, 516, 1, '2015-01-08 10:24:49', '2015-01-07 17:02:14', '2015-01-08 10:24:49'),
(6, 518, 1, '2015-01-09 08:51:34', '2015-01-08 17:15:56', '2015-01-09 08:51:34'),
(6, 520, 1, '2015-01-09 16:37:58', '2015-01-09 15:26:35', '2015-01-09 16:37:58'),
(6, 527, 1, '2015-01-13 14:01:19', '2015-01-13 13:53:21', '2015-01-13 14:01:19'),
(6, 531, 1, '2015-01-16 17:29:20', '2015-01-16 16:12:42', '2015-01-16 17:29:20'),
(6, 534, 1, '2015-01-20 09:25:00', '2015-01-19 17:06:43', '2015-01-20 09:25:00'),
(6, 535, 1, '2015-01-21 14:33:57', '2015-01-19 17:09:55', '2015-01-21 14:33:57'),
(6, 536, 1, '2015-01-20 09:24:56', '2015-01-19 17:14:54', '2015-01-20 09:24:56'),
(6, 537, 1, '2015-01-20 17:19:41', '2015-01-20 11:54:41', '2015-01-20 17:19:41'),
(6, 538, 1, '2015-02-04 10:08:15', '2015-01-20 17:26:07', '2015-02-04 10:08:15'),
(6, 539, 1, '2015-01-22 09:23:32', '2015-01-21 16:52:23', '2015-01-22 09:23:32'),
(6, 544, 1, '2015-02-02 17:11:22', '2015-01-27 16:34:30', '2015-02-02 17:11:22'),
(6, 545, 1, '2015-01-28 16:25:12', '2015-01-28 11:30:54', '2015-01-28 16:25:12'),
(6, 552, 1, '2015-02-03 09:26:38', '2015-01-29 15:45:01', '2015-02-03 09:26:38'),
(6, 553, 1, '2015-02-03 08:48:43', '2015-01-29 17:52:57', '2015-02-03 08:48:43'),
(6, 554, 1, '2015-02-02 16:35:35', '2015-01-30 11:27:09', '2015-02-02 16:35:35'),
(6, 555, 1, '2015-01-30 14:08:14', '2015-01-30 11:36:25', '2015-01-30 14:08:14'),
(6, 559, 1, '2015-02-04 10:49:16', '2015-02-04 09:29:33', '2015-02-04 10:49:16'),
(6, 560, 1, '2015-02-10 09:06:08', '2015-02-10 09:03:55', '2015-02-10 09:06:08'),
(7, 39, 1, '2014-01-02 17:01:46', '2014-01-02 15:24:26', '2014-01-02 17:01:46'),
(7, 40, 1, '2014-01-06 16:01:10', '2014-01-03 10:57:32', '2014-01-06 16:01:10'),
(7, 41, 1, '2014-01-06 16:01:28', '2014-01-06 09:51:12', '2014-01-06 16:01:28'),
(7, 42, 1, '2014-01-06 16:01:00', '2014-01-06 09:56:06', '2014-01-06 16:01:00'),
(7, 43, 1, '2014-01-06 16:01:13', '2014-01-06 10:01:37', '2014-01-06 16:01:13'),
(7, 44, 1, '2014-01-07 12:01:42', '2014-01-06 11:01:29', '2014-01-07 12:01:55'),
(7, 45, 1, '2014-01-07 11:01:12', '2014-01-07 10:42:47', '2014-01-07 11:01:12'),
(7, 46, 1, '2014-01-07 16:01:56', '2014-01-07 16:12:27', '2014-01-07 16:01:56'),
(7, 47, 1, '2014-01-08 09:01:10', '2014-01-07 17:00:44', '2014-01-08 09:01:10'),
(7, 48, 1, '2014-01-08 16:01:23', '2014-01-08 08:53:37', '2014-01-08 16:01:23'),
(7, 49, 1, '2014-01-08 14:01:24', '2014-01-08 09:41:20', '2014-01-08 14:01:24'),
(7, 50, 1, '2014-01-08 10:01:44', '2014-01-08 09:44:43', '2014-01-08 10:01:44'),
(7, 52, 1, '2014-01-10 17:01:40', '2014-01-09 17:02:16', '2014-01-10 17:01:40'),
(7, 53, 1, '2014-01-13 09:01:23', '2014-01-13 09:17:43', '2014-01-13 09:01:23'),
(7, 55, 1, '2014-01-14 17:01:12', '2014-01-14 09:53:38', '2014-01-14 17:01:12'),
(7, 57, 1, '2014-01-14 17:01:34', '2014-01-14 10:02:25', '2014-01-14 17:01:34'),
(7, 58, 1, '2014-01-15 09:01:07', '2014-01-14 14:51:01', '2014-01-15 09:01:07'),
(7, 60, 1, '2014-01-15 17:01:59', '2014-01-15 14:43:07', '2014-01-15 17:01:59'),
(7, 61, 1, '2014-01-16 11:01:55', '2014-01-15 14:47:51', '2014-01-16 11:01:55'),
(7, 62, 1, '2014-01-16 11:01:26', '2014-01-15 14:53:18', '2014-01-16 11:01:26'),
(7, 64, 1, '2014-01-20 14:01:26', '2014-01-16 15:51:56', '2014-01-20 14:01:26'),
(7, 67, 1, '2014-01-20 16:01:16', '2014-01-20 14:17:21', '2014-01-20 16:01:16'),
(7, 69, 1, '2014-01-24 16:01:55', '2014-01-24 15:31:26', '2014-01-24 16:01:55'),
(7, 70, 1, '2014-01-24 16:01:20', '2014-01-24 15:35:23', '2014-01-24 16:01:20'),
(7, 71, 1, '2014-01-26 15:01:55', '2014-01-26 14:50:36', '2014-01-26 15:01:55'),
(7, 72, 1, '2014-01-27 14:01:23', '2014-01-27 10:06:31', '2014-01-27 14:01:23'),
(7, 73, 1, '2014-02-17 15:02:25', '2014-01-27 14:18:08', '2014-02-17 15:02:25'),
(7, 74, 1, '2014-01-28 11:01:22', '2014-01-27 17:12:34', '2014-01-28 11:01:22'),
(7, 78, 1, '2014-03-05 13:03:06', '2014-03-05 13:55:10', '2014-03-05 13:03:14'),
(7, 79, 1, '1970-01-01 08:01:00', '2014-03-05 14:11:11', '2014-03-05 14:03:42'),
(7, 80, 1, '2014-03-05 14:03:00', '2014-03-05 14:17:54', '2014-03-05 14:03:00'),
(7, 81, 1, '2014-03-05 14:03:48', '2014-03-05 14:40:11', '2014-03-05 14:03:48'),
(7, 82, 1, '2014-03-05 14:03:42', '2014-03-05 14:52:04', '2014-03-05 14:03:42'),
(7, 83, 1, '2014-03-05 15:03:24', '2014-03-05 15:05:05', '2014-03-05 15:03:24'),
(7, 88, 1, '2014-03-05 16:03:29', '2014-03-05 16:02:34', '2014-03-05 16:03:29'),
(7, 90, 1, '2014-03-05 16:03:00', '2014-03-05 16:26:18', '2014-03-05 16:03:00'),
(7, 91, 1, '2014-03-05 16:03:15', '2014-03-05 16:33:43', '2014-03-05 16:03:15'),
(7, 92, 1, '2014-03-05 16:03:30', '2014-03-05 16:48:02', '2014-03-05 16:03:30'),
(7, 97, 1, '2014-03-06 11:03:26', '2014-03-06 11:30:15', '2014-03-06 11:03:26'),
(7, 98, 1, '2014-03-06 11:03:32', '2014-03-06 11:46:18', '2014-03-06 11:03:32'),
(7, 101, 1, '2014-03-07 16:03:33', '2014-03-07 14:24:04', '2014-03-07 16:03:33'),
(7, 102, 1, '2014-03-07 14:03:17', '2014-03-07 14:27:00', '2014-03-07 14:03:15'),
(7, 103, 1, '2014-03-10 11:03:14', '2014-03-07 14:29:25', '2014-03-10 11:03:22'),
(7, 104, 1, '2014-03-07 14:03:37', '2014-03-07 14:36:09', '2014-03-07 14:03:37'),
(7, 105, 1, '2014-03-10 15:03:43', '2014-03-07 14:40:01', '2014-03-10 15:03:43'),
(7, 108, 1, '2014-03-20 09:03:53', '2014-03-11 15:22:39', '2014-03-20 09:03:10'),
(7, 109, 1, '2014-03-13 15:03:04', '2014-03-11 15:26:28', '2014-03-13 15:03:04'),
(7, 114, 1, '2014-03-13 15:03:54', '2014-03-13 15:05:38', '2014-03-13 15:03:54'),
(7, 115, 1, '2014-03-14 14:03:53', '2014-03-14 14:27:30', '2014-03-14 14:03:53'),
(7, 118, 1, '2014-03-21 10:03:11', '2014-03-20 15:05:05', '2014-03-21 10:03:11'),
(7, 119, 1, '2014-03-21 14:03:39', '2014-03-21 10:26:01', '2014-03-21 14:03:39'),
(7, 120, 1, '2014-03-24 09:03:34', '2014-03-24 11:05:49', '2014-03-25 09:03:01'),
(7, 122, 1, '2014-03-24 14:03:39', '2014-03-24 12:01:20', '2014-03-24 14:03:39'),
(7, 124, 1, '2014-03-24 16:03:06', '2014-03-24 14:33:59', '2014-03-24 16:03:06'),
(7, 125, 1, '2014-03-25 10:03:07', '2014-03-25 10:04:51', '2014-03-25 10:03:07'),
(7, 126, 1, '2014-03-25 10:03:54', '2014-03-25 10:17:39', '2014-03-25 10:03:54'),
(7, 127, 1, '2014-03-27 10:03:07', '2014-03-26 09:22:57', '2014-03-27 10:03:07'),
(7, 128, 1, '2014-03-27 11:03:53', '2014-03-26 09:47:53', '2014-03-27 11:03:53'),
(7, 129, 1, '2014-03-27 10:03:42', '2014-03-26 11:47:28', '2014-03-27 10:03:42'),
(7, 130, 1, '2014-03-27 10:03:46', '2014-03-26 11:53:17', '2014-03-27 10:03:46'),
(7, 131, 1, '2014-03-27 11:03:24', '2014-03-26 11:58:05', '2014-03-27 11:03:24'),
(7, 132, 1, '2014-03-27 11:03:51', '2014-03-26 12:41:46', '2014-03-27 11:03:51'),
(7, 133, 1, '2014-03-27 10:03:56', '2014-03-26 12:45:35', '2014-03-27 10:03:56'),
(7, 134, 1, '2014-03-27 11:03:24', '2014-03-26 12:48:42', '2014-03-27 11:03:24'),
(7, 136, 1, '2014-03-28 14:03:50', '2014-03-28 09:10:08', '2014-03-28 14:03:50'),
(7, 137, 1, '2014-03-28 13:03:55', '2014-03-28 09:20:11', '2014-03-28 13:03:55'),
(7, 140, 1, '2014-03-31 15:03:56', '2014-03-28 15:43:06', '2014-03-31 15:03:56'),
(7, 141, 1, '2014-04-04 11:04:15', '2014-04-02 10:11:18', '2014-04-04 11:04:15'),
(7, 142, 1, '2014-04-02 13:04:12', '2014-04-02 10:15:57', '2014-04-02 13:04:12'),
(7, 144, 1, '2014-04-04 09:04:08', '2014-04-03 09:46:23', '2014-04-04 09:04:08'),
(7, 147, 1, '2014-04-10 09:04:54', '2014-04-09 14:07:42', '2014-04-10 09:04:54'),
(7, 148, 1, '2014-04-10 09:04:48', '2014-04-09 17:53:02', '2014-04-10 09:04:48'),
(7, 149, 1, '2014-04-10 09:04:04', '2014-04-09 17:58:13', '2014-04-10 09:04:04'),
(7, 150, 1, '2014-04-14 16:04:09', '2014-04-11 10:58:01', '2014-04-14 16:04:09'),
(7, 153, 1, '2014-04-16 10:04:22', '2014-04-14 10:00:28', '2014-04-16 10:04:22'),
(7, 154, 1, '2014-04-14 14:04:47', '2014-04-14 11:49:58', '2014-04-14 14:04:47'),
(7, 155, 1, '2014-04-16 10:04:16', '2014-04-14 15:42:50', '2014-04-16 10:04:16'),
(7, 159, 1, '2014-04-21 10:04:29', '2014-04-21 09:34:16', '2014-04-21 10:04:29'),
(7, 161, 1, '2014-04-22 16:04:58', '2014-04-22 09:27:07', '2014-04-22 16:04:58'),
(7, 163, 1, '2014-04-23 16:04:32', '2014-04-23 15:34:07', '2014-04-23 16:04:32'),
(7, 164, 1, '2014-04-23 16:04:00', '2014-04-23 15:53:33', '2014-04-23 16:04:00'),
(7, 165, 1, '2014-04-24 09:04:33', '2014-04-23 17:11:08', '2014-04-24 09:04:33'),
(7, 166, 1, '2014-04-25 10:04:02', '2014-04-24 09:23:45', '2014-04-25 10:04:02'),
(7, 167, 1, '2014-04-24 09:04:29', '2014-04-24 09:26:34', '2014-04-24 09:04:29'),
(7, 168, 1, '2014-04-29 13:04:49', '2014-04-25 09:22:32', '2014-04-29 13:04:49'),
(7, 169, 1, '2014-04-29 13:04:39', '2014-04-25 11:42:29', '2014-04-29 13:04:39'),
(7, 170, 1, '2014-04-29 13:04:47', '2014-04-25 11:56:36', '2014-04-29 13:04:47'),
(7, 171, 1, '2014-04-29 13:04:32', '2014-04-25 11:59:07', '2014-04-29 13:04:32'),
(7, 174, 1, '2014-05-07 11:05:18', '2014-05-04 10:59:46', '2014-05-07 11:05:18'),
(7, 176, 1, '2014-05-19 10:05:07', '2014-05-05 17:42:14', '2014-05-20 10:05:26'),
(7, 177, 1, '2014-05-06 09:05:44', '2014-05-05 17:44:28', '2014-05-06 09:05:44'),
(7, 178, 1, '2014-05-07 11:05:40', '2014-05-06 15:02:20', '2014-05-07 11:05:40'),
(7, 179, 1, '2014-05-07 11:05:50', '2014-05-06 15:09:36', '2014-05-07 11:05:50'),
(7, 181, 1, '2014-05-07 17:05:33', '2014-05-06 17:59:57', '2014-05-07 17:05:33'),
(7, 182, 1, '2014-05-07 17:05:17', '2014-05-07 14:14:30', '2014-05-07 17:05:17'),
(7, 183, 1, '2014-05-07 17:05:39', '2014-05-07 14:19:42', '2014-05-07 17:05:39'),
(7, 186, 1, '2014-05-09 10:05:30', '2014-05-08 14:56:58', '2014-05-09 10:05:30'),
(7, 187, 1, '2014-05-09 10:05:41', '2014-05-08 16:24:54', '2014-05-09 10:05:41'),
(7, 188, 1, '2014-05-09 10:05:05', '2014-05-08 16:48:44', '2014-05-09 10:05:05'),
(7, 189, 1, '2014-05-13 08:05:32', '2014-05-12 14:16:26', '2014-05-13 08:05:32'),
(7, 190, 1, '2014-05-12 17:05:18', '2014-05-12 14:33:29', '2014-05-12 17:05:18'),
(7, 191, 1, '2014-05-12 17:05:36', '2014-05-12 14:59:20', '2014-05-12 17:05:36'),
(7, 192, 1, '2014-05-12 16:05:55', '2014-05-12 15:03:36', '2014-05-12 16:05:55'),
(7, 193, 1, '2014-05-12 17:05:22', '2014-05-12 15:07:27', '2014-05-12 17:05:22'),
(7, 194, 1, '2014-05-12 15:05:01', '2014-05-12 15:13:38', '2014-05-12 15:05:11'),
(7, 196, 1, '2014-05-13 14:05:16', '2014-05-13 09:51:14', '2014-05-13 14:05:16'),
(7, 197, 1, '2014-05-13 14:05:01', '2014-05-13 09:57:22', '2014-05-13 14:05:01'),
(7, 199, 1, '2014-05-13 14:05:05', '2014-05-13 14:41:08', '2014-05-13 14:05:05'),
(7, 202, 1, '2014-05-14 14:05:51', '2014-05-13 17:31:55', '2014-05-14 14:05:51'),
(7, 204, 1, '2014-05-14 14:05:15', '2014-05-14 11:44:18', '2014-05-14 14:05:26'),
(7, 205, 1, '2014-05-14 09:05:40', '2014-05-14 11:50:49', '2014-05-15 09:05:48'),
(7, 208, 1, '2014-05-16 14:05:26', '2014-05-15 11:28:52', '2014-05-16 14:05:26'),
(7, 209, 1, '2014-05-19 10:05:45', '2014-05-15 17:31:25', '2014-05-19 10:05:45'),
(7, 210, 1, '2014-05-20 09:05:46', '2014-05-19 14:21:10', '2014-05-20 09:05:46'),
(7, 211, 1, '2014-05-20 09:05:02', '2014-05-19 14:22:50', '2014-05-20 09:05:02'),
(7, 212, 1, '2014-05-20 10:05:23', '2014-05-19 14:27:12', '2014-05-21 10:05:42'),
(7, 213, 1, '2014-05-21 11:05:36', '2014-05-21 09:14:52', '2014-05-21 11:05:36'),
(7, 216, 1, '2014-05-22 14:05:31', '2014-05-22 10:27:36', '2014-05-22 14:05:31'),
(7, 217, 1, '2014-05-22 14:05:09', '2014-05-22 10:32:16', '2014-05-22 14:05:09'),
(7, 218, 1, '2014-05-22 14:05:47', '2014-05-22 10:35:21', '2014-05-22 14:05:47'),
(7, 219, 1, '2014-05-22 14:05:26', '2014-05-22 10:38:05', '2014-05-22 14:05:26'),
(7, 222, 1, '2014-05-26 08:05:26', '2014-05-23 17:45:11', '2014-05-26 08:05:26'),
(7, 223, 1, '2014-05-26 09:05:30', '2014-05-23 17:49:56', '2014-05-26 09:05:30'),
(7, 229, 1, '2014-05-30 11:05:42', '2014-05-29 16:01:19', '2014-05-30 11:05:42'),
(7, 230, 1, '2014-05-30 11:05:23', '2014-05-29 16:08:16', '2014-05-30 11:05:23'),
(7, 234, 1, '2014-06-04 09:06:24', '2014-06-03 14:35:35', '2014-06-04 09:06:24'),
(7, 235, 1, '2014-06-04 09:06:44', '2014-06-03 14:37:10', '2014-06-04 09:06:44'),
(7, 236, 1, '2014-06-04 09:06:58', '2014-06-03 14:38:42', '2014-06-04 09:06:58'),
(7, 237, 1, '2014-06-03 17:06:41', '2014-06-03 17:06:52', '2014-06-03 17:06:41'),
(7, 238, 1, '2014-06-05 15:06:55', '2014-06-05 09:49:10', '2014-06-05 15:06:55'),
(7, 239, 1, '2014-06-06 17:06:06', '2014-06-06 15:02:32', '2014-06-06 17:06:06'),
(7, 240, 1, '2014-06-06 17:06:22', '2014-06-06 15:04:31', '2014-06-06 17:06:22'),
(7, 241, 1, '2014-06-12 11:06:09', '2014-06-10 19:23:52', '2014-06-12 11:06:09'),
(7, 242, 1, '2014-06-12 11:06:39', '2014-06-10 19:27:04', '2014-06-12 11:06:39'),
(7, 246, 1, '2014-06-12 10:06:18', '2014-06-12 09:54:22', '2014-06-12 10:06:18'),
(7, 249, 1, '2014-06-13 15:06:14', '2014-06-13 15:11:09', '2014-06-13 15:06:14'),
(7, 250, 1, '2014-06-16 10:06:12', '2014-06-16 09:34:05', '2014-06-16 10:06:12'),
(7, 251, 1, '2014-06-16 11:06:56', '2014-06-16 11:21:39', '2014-06-16 11:06:56'),
(7, 252, 1, '2014-06-16 14:06:33', '2014-06-16 11:31:32', '2014-06-16 14:06:33'),
(7, 253, 1, '2014-06-16 15:06:57', '2014-06-16 15:27:23', '2014-06-16 15:06:57'),
(7, 254, 1, '2014-06-17 17:06:03', '2014-06-17 15:38:30', '2014-06-17 17:06:03'),
(7, 257, 1, '2014-06-18 15:06:04', '2014-06-18 15:43:04', '2014-06-18 15:06:04'),
(7, 263, 1, '2014-06-23 10:06:45', '2014-06-23 09:53:56', '2014-06-23 10:06:45'),
(7, 264, 1, '2014-06-23 14:06:11', '2014-06-23 10:43:32', '2014-06-23 14:06:11'),
(7, 266, 1, '2014-06-24 14:06:45', '2014-06-24 14:37:27', '2014-06-24 14:06:45'),
(7, 267, 1, '2014-06-25 09:06:10', '2014-06-25 09:01:20', '2014-06-25 09:06:10'),
(7, 268, 1, '2014-06-25 09:06:10', '2014-06-25 09:08:30', '2014-06-25 09:06:10'),
(7, 269, 1, '2014-06-26 11:06:21', '2014-06-26 09:28:11', '2014-06-26 11:06:21'),
(7, 270, 1, '2014-06-30 11:06:07', '2014-06-30 09:31:19', '2014-06-30 11:06:07'),
(7, 272, 1, '2014-07-01 16:07:01', '2014-07-01 11:06:02', '2014-07-01 16:07:01'),
(7, 274, 1, '2014-07-03 09:07:31', '2014-07-02 16:39:50', '2014-07-03 09:07:31'),
(7, 275, 1, '2014-07-03 10:07:08', '2014-07-02 16:43:53', '2014-07-03 10:07:08'),
(7, 276, 1, '2014-07-03 09:07:59', '2014-07-02 16:49:50', '2014-07-03 09:07:59'),
(7, 277, 1, '2014-07-03 15:07:31', '2014-07-02 16:56:19', '2014-07-03 15:07:31'),
(7, 278, 1, '2014-07-03 15:07:53', '2014-07-02 17:02:39', '2014-07-03 15:07:53'),
(7, 280, 1, '2014-07-03 14:07:52', '2014-07-03 12:57:40', '2014-07-03 14:07:52'),
(7, 282, 1, '2014-07-08 09:07:57', '2014-07-07 15:22:21', '2014-07-08 09:07:57'),
(7, 283, 1, '2014-07-08 16:07:51', '2014-07-08 16:41:45', '2014-07-08 16:07:51'),
(7, 284, 1, '2014-07-09 11:07:28', '2014-07-09 09:31:10', '2014-07-09 11:07:28'),
(7, 285, 1, '2014-07-09 14:07:16', '2014-07-09 09:40:28', '2014-07-09 14:07:16'),
(7, 287, 1, '2014-07-14 10:07:39', '2014-07-11 15:04:14', '2014-07-14 10:07:39'),
(7, 288, 1, '2014-07-15 15:07:21', '2014-07-15 09:13:53', '2014-07-15 15:07:21'),
(7, 289, 1, '2014-07-15 15:07:34', '2014-07-15 09:58:51', '2014-07-15 15:07:34'),
(7, 290, 1, '2014-07-15 15:07:05', '2014-07-15 11:19:02', '2014-07-15 15:07:05'),
(7, 299, 1, '2014-07-22 09:07:26', '2014-07-18 11:54:25', '2014-07-22 09:07:26'),
(7, 300, 1, '2014-07-22 09:07:15', '2014-07-21 14:00:35', '2014-07-22 09:07:15'),
(7, 301, 1, '2014-07-22 10:07:59', '2014-07-21 14:29:04', '2014-07-22 10:07:59'),
(7, 305, 1, '2014-07-22 14:07:23', '2014-07-22 13:58:10', '2014-07-22 14:07:23'),
(7, 306, 1, '2014-07-22 14:07:34', '2014-07-22 14:14:17', '2014-07-22 14:07:34'),
(7, 308, 1, '2014-08-15 13:08:14', '2014-07-24 13:58:36', '2014-08-15 13:08:14'),
(7, 314, 1, '2014-07-30 15:07:39', '2014-07-30 14:07:47', '2014-07-30 15:07:39'),
(7, 315, 1, '2014-07-30 16:07:37', '2014-07-30 14:55:24', '2014-07-30 16:07:37'),
(7, 316, 1, '2014-07-30 16:07:02', '2014-07-30 15:00:34', '2014-07-30 16:07:02'),
(7, 317, 1, '2014-07-31 10:07:02', '2014-07-31 09:28:21', '2014-07-31 10:07:02'),
(7, 318, 1, '2014-07-31 15:07:42', '2014-07-31 11:59:28', '2014-07-31 15:07:42'),
(7, 319, 1, '2014-08-01 15:08:20', '2014-08-01 10:53:04', '2014-08-01 15:08:20'),
(7, 320, 1, '2014-08-04 11:08:08', '2014-08-01 17:36:25', '2014-08-04 11:08:08'),
(7, 322, 1, '2014-08-04 11:08:23', '2014-08-04 10:27:26', '2014-08-04 11:08:23'),
(7, 324, 1, '2014-08-05 17:08:26', '2014-08-05 14:22:18', '2014-08-05 17:08:26'),
(7, 325, 1, '2014-08-06 16:08:33', '2014-08-06 09:34:15', '2014-08-06 16:08:33'),
(7, 330, 1, '2014-08-11 14:08:42', '2014-08-11 11:50:59', '2014-08-11 14:08:42'),
(7, 332, 1, '2014-08-13 11:08:03', '2014-08-12 16:25:38', '2014-08-13 11:08:03'),
(7, 334, 1, '2014-08-14 15:08:52', '2014-08-14 15:32:58', '2014-08-14 15:08:52'),
(7, 337, 1, '2014-08-14 16:08:44', '2014-08-14 15:50:31', '2014-08-14 16:08:44'),
(7, 341, 1, '2014-08-19 09:08:57', '2014-08-19 08:51:47', '2014-08-19 09:08:57'),
(7, 342, 1, '2014-08-19 14:08:47', '2014-08-19 11:28:53', '2014-08-19 14:08:47'),
(7, 343, 1, '2014-08-21 10:08:53', '2014-08-20 16:53:28', '2014-08-21 10:08:53'),
(7, 344, 1, '2014-08-25 08:08:35', '2014-08-22 14:03:03', '2014-08-25 08:08:35'),
(7, 345, 1, '2014-08-25 08:08:05', '2014-08-22 14:11:49', '2014-08-25 08:08:05'),
(7, 349, 1, '2014-08-27 14:08:43', '2014-08-27 10:47:36', '2014-08-27 14:08:43'),
(7, 351, 1, '2014-08-29 14:08:02', '2014-08-28 09:43:49', '2014-08-29 14:08:02'),
(7, 352, 1, '2014-08-29 14:08:51', '2014-08-28 12:48:32', '2014-08-29 14:08:51'),
(7, 354, 1, '2014-08-29 17:08:16', '2014-08-29 15:02:19', '2014-08-29 17:08:16'),
(7, 356, 1, '2014-09-09 11:09:11', '2014-08-29 17:40:17', '2014-09-09 11:09:11'),
(7, 357, 1, '2014-09-09 11:09:27', '2014-09-01 15:35:41', '2014-09-09 11:09:27'),
(7, 360, 1, '2014-09-09 11:09:36', '2014-09-02 09:51:47', '2014-09-09 11:09:36'),
(7, 361, 1, '2014-09-09 11:09:07', '2014-09-02 16:56:43', '2014-09-09 11:09:07'),
(7, 362, 1, '2014-09-09 11:09:56', '2014-09-04 14:49:51', '2014-09-09 11:09:56'),
(7, 367, 1, '2014-09-10 09:09:33', '2014-09-09 10:50:52', '2014-09-10 09:09:33'),
(7, 368, 1, '2014-09-10 09:09:17', '2014-09-09 12:41:52', '2014-09-10 09:09:17'),
(7, 369, 1, '2014-09-11 15:12:14', '2014-09-09 15:30:50', '2014-09-11 15:12:14'),
(7, 370, 1, '2014-09-11 15:23:48', '2014-09-09 15:38:25', '2014-09-11 15:23:48'),
(7, 372, 1, '2014-09-15 17:33:01', '2014-09-12 12:46:07', '2014-09-15 17:33:01'),
(7, 374, 1, '2014-11-17 16:05:38', '2014-09-15 13:53:05', '2014-11-17 16:05:38'),
(7, 375, 1, '2014-09-19 09:17:17', '2014-09-15 13:59:03', '2014-09-19 09:17:17'),
(7, 376, 1, '2014-09-15 17:32:32', '2014-09-15 14:08:46', '2014-09-15 17:32:32'),
(7, 377, 1, '2014-09-16 10:22:45', '2014-09-16 10:02:47', '2014-09-16 10:22:45'),
(7, 378, 1, '2014-09-18 14:04:11', '2014-09-18 11:44:56', '2014-09-18 14:04:11'),
(7, 379, 1, '2014-09-18 14:15:33', '2014-09-18 11:53:34', '2014-09-18 14:15:33'),
(7, 381, 1, '2014-09-19 11:04:55', '2014-09-19 10:01:50', '2014-09-19 11:04:55'),
(7, 382, 1, '2014-09-24 09:09:41', '2014-09-19 16:04:11', '2014-09-24 09:09:41'),
(7, 385, 1, '2014-09-25 15:47:27', '2014-09-25 11:18:50', '2014-09-25 15:47:27'),
(7, 386, 1, '2014-10-08 17:10:05', '2014-09-28 17:19:20', '2014-10-08 17:10:05'),
(7, 388, 1, '2014-09-29 09:21:40', '2014-09-28 17:14:49', '2014-09-29 09:21:40'),
(7, 389, 1, '2014-09-29 09:32:14', '2014-09-28 17:18:17', '2014-09-29 09:32:14'),
(7, 390, 1, '2014-09-29 15:28:41', '2014-09-29 11:47:03', '2014-09-29 15:28:41'),
(7, 391, 1, '2014-09-29 15:23:48', '2014-09-29 11:58:34', '2014-09-29 15:23:48'),
(7, 392, 1, '2014-09-29 15:25:38', '2014-09-29 12:02:07', '2014-09-29 15:25:38'),
(7, 396, 1, '2014-10-13 08:34:06', '2014-10-08 17:31:41', '2014-10-13 08:34:06'),
(7, 399, 1, '2014-10-13 08:49:13', '2014-10-09 17:30:13', '2014-10-13 08:49:13'),
(7, 400, 1, '2014-10-13 10:34:50', '2014-10-09 17:30:50', '2014-10-13 10:34:50'),
(7, 402, 1, '2014-10-13 10:05:27', '2014-10-11 14:07:48', '2014-10-13 10:05:27'),
(7, 403, 1, '2014-10-13 08:48:42', '2014-10-11 14:07:27', '2014-10-13 08:48:42'),
(7, 404, 1, '2014-10-13 11:30:21', '2014-10-13 10:16:08', '2014-10-13 11:30:21'),
(7, 405, 1, '2014-10-14 15:51:02', '2014-10-13 10:16:52', '2014-10-14 15:51:02'),
(7, 406, 1, '2014-10-13 10:35:19', '2014-10-13 10:17:27', '2014-10-13 10:35:19'),
(7, 409, 1, '2014-10-20 08:42:53', '2014-10-16 10:13:03', '2014-10-20 08:42:53'),
(7, 410, 1, '2014-10-20 13:57:05', '2014-10-17 17:33:32', '2014-10-20 13:57:05'),
(7, 411, 1, '2014-10-24 10:34:34', '2014-10-17 17:33:11', '2014-10-24 10:34:34'),
(7, 412, 1, '2014-10-21 10:40:39', '2014-10-20 14:11:49', '2014-10-21 10:40:39'),
(7, 414, 1, '2014-10-24 10:26:42', '2014-10-24 09:52:00', '2014-10-24 10:26:42'),
(7, 415, 1, '2014-10-24 10:46:10', '2014-10-23 16:49:24', '2014-10-24 10:46:10'),
(7, 416, 1, '2014-10-24 10:18:12', '2014-10-23 16:48:40', '2014-10-24 10:18:12'),
(7, 418, 1, '2014-10-24 10:44:13', '2014-10-23 16:46:35', '2014-10-24 10:44:13'),
(7, 419, 1, '2014-10-24 09:59:26', '2014-10-23 16:46:04', '2014-10-24 09:59:26'),
(7, 421, 1, '2014-10-24 10:18:37', '2014-10-23 17:05:40', '2014-10-24 10:18:37'),
(7, 422, 1, '2014-10-24 09:29:31', '2014-10-23 17:26:42', '2014-10-24 09:29:31'),
(7, 423, 1, '2014-10-24 09:29:37', '2014-10-23 17:26:50', '2014-10-24 09:29:37'),
(7, 424, 1, '2014-10-29 17:17:14', '2014-10-28 14:34:19', '2014-10-29 17:17:14'),
(7, 425, 1, '2014-10-31 17:35:18', '2014-10-30 16:36:28', '2014-10-31 17:35:18'),
(7, 427, 1, '2014-11-03 11:11:13', '2014-11-03 09:50:36', '2014-11-03 11:11:13'),
(7, 428, 1, '2014-11-05 10:12:30', '2014-11-03 11:19:10', '2014-11-05 10:12:30'),
(7, 429, 1, '2014-11-03 15:26:29', '2014-11-03 13:54:48', '2014-11-03 15:26:29'),
(7, 430, 1, '2014-11-03 15:26:19', '2014-11-03 13:58:17', '2014-11-03 15:26:19'),
(7, 434, 1, '2014-11-11 09:55:09', '2014-11-10 14:25:19', '2014-11-11 09:55:09'),
(7, 435, 1, '2014-11-10 15:41:40', '2014-11-10 14:25:00', '2014-11-10 15:41:40'),
(7, 436, 1, '2014-11-11 09:11:56', '2014-11-10 16:44:41', '2014-11-11 09:11:56'),
(7, 437, 1, '2014-11-14 10:20:56', '2014-11-14 09:48:50', '2014-11-14 10:20:56'),
(7, 439, 1, '2014-11-17 16:05:14', '2014-11-17 11:31:48', '2014-11-17 16:05:14'),
(7, 441, 1, '2014-11-18 15:14:32', '2014-11-18 12:00:22', '2014-11-18 15:14:32'),
(7, 443, 1, '2014-11-18 17:20:47', '2014-11-18 14:44:59', '2014-11-18 17:20:47'),
(7, 444, 1, '2014-11-18 15:20:56', '2014-11-18 14:54:10', '2014-11-18 15:20:56'),
(7, 445, 1, '2014-11-19 13:55:37', '2014-11-19 11:02:14', '2014-11-19 13:55:37'),
(7, 449, 1, '2014-11-24 11:32:13', '2014-11-24 10:49:23', '2014-11-24 11:32:13'),
(7, 450, 1, '2014-11-24 11:32:06', '2014-11-24 10:48:59', '2014-11-24 11:32:06'),
(7, 452, 1, '2014-11-25 10:46:40', '2014-11-24 17:40:32', '2014-11-25 10:46:40'),
(7, 453, 1, '2014-11-25 11:28:04', '2014-11-25 09:24:32', '2014-11-25 11:28:04'),
(7, 454, 1, '2014-11-27 17:06:15', '2014-11-27 16:03:04', '2014-11-27 17:06:15'),
(7, 455, 1, '2014-11-27 11:50:33', '2014-11-26 09:48:12', '2014-11-27 11:50:33'),
(7, 457, 1, '2014-11-27 17:06:09', '2014-11-27 16:03:16', '2014-11-27 17:06:09'),
(7, 458, 1, '2014-11-27 15:50:01', '2014-11-27 15:24:55', '2014-11-27 15:50:01'),
(7, 459, 1, '2014-11-27 15:43:00', '2014-11-27 15:23:23', '2014-11-27 15:43:00'),
(7, 461, 1, '2014-11-28 14:03:05', '2014-11-28 09:12:11', '2014-11-28 14:03:05'),
(7, 462, 1, '2014-11-28 14:02:58', '2014-11-28 09:11:54', '2014-11-28 14:02:58'),
(7, 464, 1, '2014-12-01 10:25:47', '2014-12-01 09:46:39', '2014-12-01 10:25:47'),
(7, 467, 1, '2014-12-02 14:05:28', '2014-12-02 11:49:23', '2014-12-02 14:05:28'),
(7, 468, 1, '2014-12-05 17:09:41', '2014-12-05 16:03:10', '2014-12-05 17:09:41'),
(7, 469, 1, '2014-12-05 17:09:32', '2014-12-05 16:25:22', '2014-12-05 17:09:32'),
(7, 470, 1, '2014-12-09 11:55:39', '2014-12-09 11:53:44', '2014-12-09 11:55:39'),
(7, 471, 1, '2014-12-15 15:33:24', '2014-12-09 11:59:58', '2014-12-15 15:33:24'),
(7, 472, 1, '2014-12-10 14:16:17', '2014-12-09 15:03:56', '2014-12-10 14:16:17'),
(7, 473, 1, '2014-12-10 14:07:08', '2014-12-09 16:13:08', '2014-12-10 14:07:08'),
(7, 474, 1, '2014-12-11 09:29:02', '2014-12-11 08:53:47', '2014-12-11 09:29:02'),
(7, 476, 1, '2014-12-11 15:44:23', '2014-12-11 15:14:39', '2014-12-11 15:44:23'),
(7, 478, 1, '2014-12-12 16:37:09', '2014-12-12 14:06:38', '2014-12-12 16:37:09'),
(7, 481, 1, '2014-12-23 09:57:23', '2014-12-22 11:19:05', '2014-12-23 09:57:23'),
(7, 482, 1, '2014-12-22 14:20:18', '2014-12-22 10:38:18', '2014-12-22 14:20:18'),
(7, 483, 1, '2014-12-22 11:30:51', '2014-12-22 11:19:21', '2014-12-22 11:30:51'),
(7, 487, 1, '2014-12-24 16:19:56', '2014-12-24 09:08:43', '2014-12-24 16:19:56'),
(7, 494, 1, '2014-12-25 15:18:55', '2014-12-25 14:26:42', '2014-12-25 15:18:55'),
(7, 498, 1, '2014-12-29 09:36:20', '2014-12-29 09:27:47', '2014-12-29 09:36:20'),
(7, 499, 1, '2014-12-30 09:02:16', '2014-12-30 08:55:50', '2014-12-30 09:02:16'),
(7, 500, 1, '2014-12-30 09:49:13', '2014-12-30 09:42:20', '2014-12-30 09:49:13'),
(7, 501, 1, '2014-12-30 10:19:48', '2014-12-30 09:42:00', '2014-12-30 10:19:48'),
(7, 502, 1, '2015-01-04 10:06:45', '2014-12-31 11:18:14', '2015-01-04 10:06:45'),
(7, 503, 1, '2014-12-31 15:38:31', '2014-12-30 14:57:34', '2014-12-31 15:38:31'),
(7, 504, 1, '2015-01-04 10:29:29', '2014-12-30 15:03:05', '2015-01-04 10:29:29'),
(7, 505, 1, '2014-12-31 14:38:51', '2014-12-31 11:10:22', '2014-12-31 14:38:51'),
(7, 507, 1, '2015-01-04 10:29:40', '2014-12-31 11:28:44', '2015-01-04 10:29:40'),
(7, 509, 1, '2015-01-06 09:20:52', '2015-01-05 09:06:33', '2015-01-06 09:20:52'),
(7, 510, 1, '2015-01-06 09:38:31', '2015-01-05 09:09:09', '2015-01-06 09:38:31'),
(7, 512, 1, '2015-01-06 08:57:30', '2015-01-05 15:46:31', '2015-01-06 08:57:30'),
(7, 516, 1, '2015-01-08 15:24:57', '2015-01-07 17:02:14', '2015-01-08 15:24:57'),
(7, 517, 1, '2015-01-08 15:09:19', '2015-01-08 10:47:28', '2015-01-08 15:09:19'),
(7, 518, 1, '2015-01-09 11:03:14', '2015-01-08 17:15:56', '2015-01-09 11:03:14'),
(7, 520, 1, '2015-01-12 09:44:11', '2015-01-09 15:26:35', '2015-01-12 09:44:11'),
(7, 527, 1, '2015-01-13 14:38:31', '2015-01-13 13:53:21', '2015-01-13 14:38:31'),
(7, 531, 1, '2015-01-19 17:24:59', '2015-01-16 16:12:42', '2015-01-19 17:24:59'),
(7, 534, 1, '2015-01-20 10:10:08', '2015-01-19 17:06:43', '2015-01-20 10:10:08'),
(7, 535, 1, '2015-01-20 09:55:32', '2015-01-19 17:09:55', '2015-01-20 09:55:32'),
(7, 536, 1, '2015-01-20 09:32:39', '2015-01-19 17:14:54', '2015-01-20 09:32:39'),
(7, 537, 1, '2015-01-20 15:58:53', '2015-01-20 11:54:41', '2015-01-20 15:58:53'),
(7, 539, 1, '2015-01-22 09:41:31', '2015-01-21 16:52:23', '2015-01-22 09:41:31'),
(7, 544, 1, '2015-02-02 17:08:30', '2015-01-27 16:34:30', '2015-02-02 17:08:30'),
(7, 545, 1, '2015-01-29 08:54:00', '2015-01-28 11:30:54', '2015-01-29 08:54:00'),
(7, 551, 1, '2015-01-29 15:47:10', '2015-01-29 15:40:11', '2015-01-29 15:47:10'),
(7, 555, 1, '2015-02-02 08:57:11', '2015-01-30 11:36:25', '2015-02-02 08:57:11'),
(7, 557, 0, NULL, '2015-02-03 16:40:21', '2015-02-03 16:40:21'),
(7, 559, 1, '2015-02-05 16:15:20', '2015-02-04 09:29:33', '2015-02-05 16:15:20'),
(7, 560, 1, '2015-02-10 09:38:00', '2015-02-10 09:03:55', '2015-02-10 09:38:00'),
(9, 234, 1, '2014-06-04 08:06:26', '2014-06-03 14:35:35', '2014-06-04 08:06:26'),
(9, 235, 1, '2014-06-04 09:06:11', '2014-06-03 14:37:10', '2014-06-04 09:06:11'),
(9, 236, 1, '2014-06-04 09:06:27', '2014-06-03 14:38:42', '2014-06-04 09:06:27'),
(9, 237, 1, '2014-06-04 08:06:28', '2014-06-03 17:06:52', '2014-06-04 08:06:28'),
(9, 238, 1, '2014-06-06 09:06:20', '2014-06-05 09:49:10', '2014-06-06 09:06:20'),
(9, 239, 1, '2014-06-06 16:06:20', '2014-06-06 15:02:32', '2014-06-06 16:06:20'),
(9, 240, 1, '2014-06-06 16:06:00', '2014-06-06 15:04:31', '2014-06-06 16:06:00'),
(9, 241, 1, '2014-06-11 15:06:16', '2014-06-10 19:23:52', '2014-06-11 15:06:16'),
(9, 242, 1, '2014-06-11 15:06:59', '2014-06-10 19:27:04', '2014-06-11 15:06:59'),
(9, 246, 1, '2014-06-12 10:06:49', '2014-06-12 09:54:22', '2014-06-12 10:06:49'),
(9, 249, 1, '2014-06-13 16:06:50', '2014-06-13 15:11:09', '2014-06-13 16:06:50'),
(9, 250, 1, '2014-06-16 09:06:43', '2014-06-16 09:34:05', '2014-06-16 09:06:43'),
(9, 251, 1, '2014-06-16 11:06:14', '2014-06-16 11:21:39', '2014-06-16 11:06:14'),
(9, 252, 1, '2014-06-16 15:06:21', '2014-06-16 11:31:32', '2014-06-16 15:06:21'),
(9, 253, 1, '2014-06-16 15:06:11', '2014-06-16 15:27:23', '2014-06-16 15:06:11'),
(9, 254, 1, '2014-06-17 16:06:48', '2014-06-17 15:38:30', '2014-06-17 16:06:48'),
(9, 257, 1, '2014-06-18 15:06:21', '2014-06-18 15:43:04', '2014-06-18 15:06:21'),
(9, 263, 1, '2014-06-23 09:06:39', '2014-06-23 09:53:56', '2014-06-23 09:06:39'),
(9, 264, 1, '2014-06-23 10:06:37', '2014-06-23 10:43:32', '2014-06-23 10:06:37'),
(9, 268, 1, '2014-06-25 09:06:42', '2014-06-25 09:08:30', '2014-06-25 09:06:42'),
(9, 269, 1, '2014-06-26 09:06:21', '2014-06-26 09:28:11', '2014-06-26 09:06:21'),
(9, 270, 1, '2014-06-30 10:06:47', '2014-06-30 09:31:19', '2014-06-30 10:06:47'),
(9, 271, 1, '2014-07-01 11:07:38', '2014-07-01 09:51:12', '2014-07-01 11:07:31'),
(9, 272, 1, '2014-07-01 11:07:25', '2014-07-01 11:06:02', '2014-07-01 11:07:25'),
(9, 274, 1, '2014-07-03 12:07:25', '2014-07-02 16:39:50', '2014-07-03 12:07:25'),
(9, 275, 1, '2014-07-03 12:07:37', '2014-07-02 16:43:53', '2014-07-03 12:07:37'),
(9, 276, 1, '2014-07-03 12:07:03', '2014-07-02 16:49:50', '2014-07-03 12:07:03'),
(9, 277, 1, '2014-07-03 12:07:30', '2014-07-02 16:56:19', '2014-07-03 12:07:30'),
(9, 278, 1, '2014-07-03 15:07:04', '2014-07-02 17:02:39', '2014-07-03 15:07:54'),
(9, 281, 1, '2014-07-03 10:07:27', '2014-07-03 13:56:22', '2014-07-03 14:07:37'),
(9, 282, 1, '2014-07-07 15:07:07', '2014-07-07 15:22:21', '2014-07-07 15:07:00'),
(9, 284, 1, '2014-07-09 10:07:56', '2014-07-09 09:31:10', '2014-07-09 10:07:56'),
(9, 285, 1, '2014-07-10 10:07:06', '2014-07-09 09:40:28', '2014-07-10 10:07:13'),
(9, 287, 1, '2014-07-11 15:07:56', '2014-07-11 15:04:14', '2014-07-11 15:07:56'),
(9, 288, 1, '2014-07-15 10:07:09', '2014-07-15 09:13:53', '2014-07-15 10:07:09'),
(9, 289, 1, '2014-07-15 11:07:29', '2014-07-15 09:58:51', '2014-07-15 11:07:29'),
(9, 290, 1, '2014-07-15 16:07:37', '2014-07-15 11:19:02', '2014-07-15 16:07:37'),
(9, 291, 1, '2014-07-15 11:07:51', '2014-07-15 11:30:03', '2014-07-15 11:07:20'),
(9, 292, 1, '2014-07-16 09:07:43', '2014-07-15 15:37:10', '2014-07-16 09:07:43'),
(9, 293, 1, '2014-07-22 09:07:00', '2014-07-15 15:45:31', '2014-07-22 14:07:44'),
(9, 298, 1, '2014-07-18 15:07:55', '2014-07-17 15:05:39', '2014-07-18 15:07:12'),
(9, 299, 1, '2014-07-18 14:07:36', '2014-07-18 11:54:25', '2014-07-18 14:07:36'),
(9, 300, 1, '2014-07-21 14:07:36', '2014-07-21 14:00:35', '2014-07-21 14:07:36'),
(9, 301, 1, '2014-07-21 14:07:56', '2014-07-21 14:29:04', '2014-07-21 14:07:56'),
(9, 303, 1, '2014-07-22 14:07:00', '2014-07-21 17:18:13', '2014-07-22 14:07:06'),
(9, 305, 1, '2014-07-22 14:07:44', '2014-07-22 13:58:10', '2014-07-22 14:07:44'),
(9, 306, 1, '2014-07-22 16:07:22', '2014-07-22 14:14:17', '2014-07-22 16:07:22'),
(9, 307, 1, '2014-07-23 14:07:18', '2014-07-23 10:53:19', '2014-07-23 14:07:18'),
(9, 311, 1, '2014-07-28 17:07:38', '2014-07-28 17:09:12', '2014-07-28 17:07:38'),
(9, 312, 1, '2014-07-29 14:07:07', '2014-07-29 14:16:00', '2014-07-29 14:07:05'),
(9, 314, 1, '2014-07-31 14:07:28', '2014-07-30 14:07:47', '2014-07-31 14:07:45'),
(9, 315, 1, '2014-07-30 15:07:50', '2014-07-30 14:55:24', '2014-07-30 15:07:09'),
(9, 316, 1, '2014-07-30 15:07:08', '2014-07-30 15:00:34', '2014-07-30 15:07:28'),
(9, 318, 1, '2014-08-04 14:08:53', '2014-07-31 11:59:28', '2014-08-04 14:08:53'),
(9, 319, 1, '2014-08-04 09:08:37', '2014-08-01 10:53:04', '2014-08-04 09:08:37'),
(9, 320, 1, '2014-08-01 17:08:18', '2014-08-01 17:36:25', '2014-08-01 17:08:18'),
(9, 321, 1, '2014-08-05 11:08:26', '2014-08-04 10:21:53', '2014-08-05 11:08:26'),
(9, 322, 1, '2014-08-04 10:08:05', '2014-08-04 10:27:26', '2014-08-04 10:08:05'),
(9, 323, 1, '2014-08-04 16:08:36', '2014-08-04 11:32:43', '2014-08-04 16:08:56'),
(9, 324, 1, '2014-08-06 08:08:50', '2014-08-05 14:22:18', '2014-08-06 08:08:50'),
(9, 325, 1, '2014-08-06 14:08:31', '2014-08-06 09:34:15', '2014-08-06 14:08:31'),
(9, 328, 1, '2014-08-08 09:08:33', '2014-08-08 09:36:23', '2014-08-08 09:08:05'),
(9, 330, 1, '2014-08-11 14:08:49', '2014-08-11 11:50:59', '2014-08-11 14:08:49'),
(9, 332, 1, '2014-08-13 17:08:33', '2014-08-12 16:25:38', '2014-08-13 17:08:33'),
(9, 334, 1, '2014-08-14 16:08:21', '2014-08-14 15:32:58', '2014-08-14 16:08:21'),
(9, 335, 1, '2014-08-14 17:08:16', '2014-08-14 15:42:18', '2014-08-14 17:08:46'),
(9, 336, 1, '2014-08-14 11:08:00', '2014-08-14 15:46:57', '2014-08-14 15:08:44'),
(9, 337, 1, '2014-08-14 16:08:46', '2014-08-14 15:50:31', '2014-08-14 16:08:46'),
(9, 338, 1, '2014-08-19 14:08:12', '2014-08-14 15:55:25', '2014-08-19 14:08:12'),
(9, 340, 1, '2014-08-15 15:08:59', '2014-08-18 10:08:42', '2014-08-18 10:08:55'),
(9, 341, 1, '2014-08-19 15:08:51', '2014-08-19 08:51:47', '2014-08-19 15:08:51'),
(9, 342, 1, '2014-08-25 10:08:54', '2014-08-19 11:28:53', '2014-08-25 10:08:48'),
(9, 343, 1, '2014-08-21 10:08:40', '2014-08-20 16:53:28', '2014-08-21 10:08:40'),
(9, 344, 1, '2014-08-22 14:08:23', '2014-08-22 14:03:03', '2014-08-22 14:08:23'),
(9, 345, 1, '2014-08-22 14:08:46', '2014-08-22 14:11:49', '2014-08-22 14:08:46'),
(9, 346, 1, '2014-08-25 14:08:34', '2014-08-25 10:53:53', '2014-08-25 14:08:11'),
(9, 349, 1, '2014-08-27 10:08:24', '2014-08-27 10:47:36', '2014-08-27 10:08:24'),
(9, 350, 1, '2014-08-28 08:08:09', '2014-08-27 16:28:33', '2014-08-28 08:08:25'),
(9, 351, 1, '2014-08-29 11:08:09', '2014-08-28 09:43:49', '2014-08-29 11:08:47'),
(9, 352, 1, '2014-08-28 13:08:03', '2014-08-28 12:48:32', '2014-08-28 13:08:03'),
(9, 354, 1, '2014-08-29 17:08:31', '2014-08-29 15:02:19', '2014-08-29 17:08:31'),
(9, 356, 1, '2014-09-02 10:09:07', '2014-08-29 17:40:17', '2014-09-02 10:09:07'),
(9, 357, 1, '2014-09-02 09:09:19', '2014-09-01 15:35:41', '2014-09-02 09:09:19'),
(9, 360, 1, '2014-09-05 11:09:32', '2014-09-02 09:51:47', '2014-09-05 11:09:32'),
(9, 361, 1, '2014-09-04 13:09:35', '2014-09-02 16:56:43', '2014-09-04 13:09:35'),
(9, 363, 1, '2014-09-10 14:09:16', '2014-09-04 17:38:13', '2014-09-10 14:09:16'),
(9, 364, 1, '2014-09-05 13:09:44', '2014-09-04 17:43:30', '2014-09-05 13:09:22'),
(9, 365, 1, '2014-09-05 13:09:55', '2014-09-04 17:45:34', '2014-09-05 13:09:34'),
(9, 366, 1, '2014-09-05 14:09:14', '2014-09-04 17:48:58', '2014-09-05 14:09:53'),
(9, 367, 1, '2014-09-09 15:09:24', '2014-09-09 10:50:52', '2014-09-09 15:09:24'),
(9, 368, 1, '2014-09-09 15:09:31', '2014-09-09 12:41:52', '2014-09-09 15:09:31'),
(9, 369, 1, '2014-09-16 17:26:06', '2014-09-09 15:30:50', '2014-09-16 17:26:06'),
(9, 370, 1, '2014-09-26 09:58:26', '2014-09-09 15:38:25', '2014-09-26 09:58:26'),
(9, 372, 1, '2014-09-17 10:28:42', '2014-09-12 12:46:07', '2014-09-17 10:28:42'),
(9, 374, 1, '2014-11-17 09:54:02', '2014-09-15 13:53:05', '2014-11-17 09:54:02'),
(9, 375, 1, '2014-09-18 14:17:16', '2014-09-15 13:59:03', '2014-09-18 14:17:16'),
(9, 376, 1, '2014-09-15 14:09:40', '2014-09-15 14:08:46', '2014-09-15 14:09:40'),
(9, 377, 1, '2014-09-16 10:24:03', '2014-09-16 10:02:47', '2014-09-16 10:24:03'),
(9, 378, 1, '2014-09-18 11:47:59', '2014-09-18 11:44:56', '2014-09-18 11:47:59'),
(9, 379, 1, '2014-09-18 14:16:44', '2014-09-18 11:53:34', '2014-09-18 14:16:44'),
(9, 380, 1, '2014-09-22 14:14:31', '2014-09-18 11:58:06', '2014-09-22 14:14:31'),
(9, 381, 1, '2014-09-19 10:04:05', '2014-09-19 10:01:50', '2014-09-19 10:04:05'),
(9, 382, 1, '2014-09-19 18:05:06', '2014-09-19 16:04:11', '2014-09-19 18:05:06'),
(9, 384, 1, '2014-09-25 11:39:19', '2014-09-25 11:18:07', '2014-09-25 11:39:19'),
(9, 385, 1, '2014-09-25 14:20:39', '2014-09-25 11:18:50', '2014-09-25 14:20:39'),
(9, 386, 1, '2014-09-28 17:43:30', '2014-09-28 17:19:20', '2014-09-28 17:43:30'),
(9, 387, 1, '2014-09-26 09:10:32', '2014-09-25 15:23:22', '2014-09-26 09:10:32'),
(9, 388, 1, '2014-09-29 09:49:25', '2014-09-28 17:14:49', '2014-09-29 09:49:25'),
(9, 389, 1, '2014-09-28 17:42:50', '2014-09-28 17:18:17', '2014-09-28 17:42:50'),
(9, 390, 1, '2014-09-29 16:40:13', '2014-09-29 11:47:03', '2014-09-29 16:40:13'),
(9, 391, 1, '2014-09-29 16:40:31', '2014-09-29 11:58:34', '2014-09-29 16:40:31'),
(9, 392, 1, '2014-09-29 13:51:57', '2014-09-29 12:02:07', '2014-09-29 13:51:57'),
(9, 394, 1, '2014-10-09 09:36:30', '2014-10-08 15:14:21', '2014-10-09 09:36:30'),
(9, 396, 1, '2014-10-08 17:33:05', '2014-10-08 17:31:41', '2014-10-08 17:33:05'),
(9, 397, 1, '2014-10-10 09:42:25', '2014-10-09 09:24:43', '2014-10-10 09:42:25'),
(9, 399, 1, '2014-10-10 09:33:17', '2014-10-09 17:30:13', '2014-10-10 09:33:17'),
(9, 401, 1, '2014-10-13 16:18:36', '2014-10-10 10:09:56', '2014-10-13 16:18:36'),
(9, 402, 1, '2014-10-11 15:01:24', '2014-10-11 14:07:48', '2014-10-11 15:01:24'),
(9, 403, 1, '2014-10-11 16:12:48', '2014-10-11 14:07:27', '2014-10-11 16:12:48'),
(9, 404, 1, '2014-10-13 15:20:19', '2014-10-13 10:16:08', '2014-10-13 15:20:19'),
(9, 407, 1, '2014-10-17 09:50:35', '2014-10-13 10:17:54', '2014-10-17 09:50:35'),
(9, 408, 1, '2014-10-14 10:00:42', '2014-10-13 17:28:22', '2014-10-14 10:00:42'),
(9, 409, 1, '2014-10-17 16:03:16', '2014-10-16 10:13:03', '2014-10-17 16:03:16'),
(9, 410, 1, '2014-10-20 14:36:49', '2014-10-17 17:33:32', '2014-10-20 14:36:49'),
(9, 411, 1, '2014-10-20 14:51:43', '2014-10-17 17:33:11', '2014-10-20 14:51:43'),
(9, 412, 1, '2014-10-21 09:04:37', '2014-10-20 14:11:49', '2014-10-21 09:04:37'),
(9, 415, 1, '2014-10-31 09:09:54', '2014-10-23 16:49:24', '2014-10-31 09:09:54'),
(9, 416, 1, '2014-10-23 17:30:23', '2014-10-23 16:48:40', '2014-10-23 17:30:23'),
(9, 419, 1, '2014-10-24 09:49:05', '2014-10-23 16:46:04', '2014-10-24 09:49:05'),
(9, 420, 1, '2014-10-23 16:45:11', '2014-10-23 15:06:26', '2014-10-23 16:45:11'),
(9, 421, 1, '2014-10-24 09:42:23', '2014-10-23 17:05:40', '2014-10-24 09:42:23'),
(9, 422, 1, '2014-10-23 17:34:05', '2014-10-23 17:26:42', '2014-10-23 17:34:05'),
(9, 423, 1, '2014-10-23 17:33:58', '2014-10-23 17:26:50', '2014-10-23 17:33:58'),
(9, 424, 1, '2014-10-29 17:15:03', '2014-10-28 14:34:19', '2014-10-29 17:15:03'),
(9, 425, 1, '2014-10-31 18:03:01', '2014-10-30 16:36:28', '2014-10-31 18:03:01'),
(9, 427, 1, '2014-11-03 11:29:58', '2014-11-03 09:50:36', '2014-11-03 11:29:58'),
(9, 428, 1, '2014-11-04 09:12:01', '2014-11-03 11:19:10', '2014-11-04 09:12:01'),
(9, 429, 1, '2014-11-03 16:12:23', '2014-11-03 13:54:48', '2014-11-03 16:12:23'),
(9, 430, 1, '2014-11-03 16:11:08', '2014-11-03 13:58:17', '2014-11-03 16:11:08'),
(9, 431, 1, '2014-11-04 09:16:10', '2014-11-03 16:54:46', '2014-11-04 09:16:10'),
(9, 433, 1, '2014-11-10 16:16:42', '2014-11-05 17:07:40', '2014-11-10 16:16:42'),
(9, 434, 1, '2014-11-11 10:24:23', '2014-11-10 14:25:19', '2014-11-11 10:24:23'),
(9, 435, 1, '2014-11-11 10:24:38', '2014-11-10 14:25:00', '2014-11-11 10:24:38'),
(9, 436, 1, '2014-11-10 17:30:38', '2014-11-10 16:44:41', '2014-11-10 17:30:38'),
(9, 437, 1, '2014-11-14 10:16:59', '2014-11-14 09:48:50', '2014-11-14 10:16:59'),
(9, 441, 1, '2014-11-18 15:17:07', '2014-11-18 12:00:22', '2014-11-18 15:17:07'),
(9, 444, 1, '2014-11-18 15:23:10', '2014-11-18 14:54:10', '2014-11-18 15:23:10'),
(9, 445, 1, '2014-11-19 11:33:56', '2014-11-19 11:02:14', '2014-11-19 11:33:56'),
(9, 447, 1, '2014-11-20 09:53:32', '2014-11-19 16:45:14', '2014-11-20 09:53:32'),
(9, 449, 1, '2014-11-24 15:57:04', '2014-11-24 10:49:23', '2014-11-24 15:57:04'),
(9, 450, 1, '2014-11-24 14:19:51', '2014-11-24 10:48:59', '2014-11-24 14:19:51'),
(9, 451, 1, '2014-11-25 13:53:36', '2014-11-24 15:58:54', '2014-11-25 13:53:36'),
(9, 452, 1, '2014-11-25 10:04:32', '2014-11-24 17:40:32', '2014-11-25 10:04:32'),
(9, 453, 1, '2014-11-25 09:59:09', '2014-11-25 09:24:32', '2014-11-25 09:59:09'),
(9, 454, 1, '2014-11-27 17:06:15', '2014-11-27 16:03:04', '2014-11-27 17:06:15'),
(9, 455, 1, '2014-11-26 17:10:52', '2014-11-26 09:48:12', '2014-11-26 17:10:52'),
(9, 457, 1, '2014-11-27 17:14:40', '2014-11-27 16:03:16', '2014-11-27 17:14:40'),
(9, 458, 1, '2014-11-27 15:43:42', '2014-11-27 15:24:55', '2014-11-27 15:43:42'),
(9, 459, 1, '2014-11-27 15:42:53', '2014-11-27 15:23:23', '2014-11-27 15:42:53'),
(9, 461, 1, '2014-11-28 17:42:16', '2014-11-28 09:12:11', '2014-11-28 17:42:16'),
(9, 462, 1, '2014-11-28 17:42:06', '2014-11-28 09:11:54', '2014-11-28 17:42:06'),
(9, 464, 1, '2014-12-01 09:51:08', '2014-12-01 09:46:39', '2014-12-01 09:51:08'),
(9, 465, 1, '2014-12-02 14:01:39', '2014-12-01 16:55:50', '2014-12-02 14:01:39'),
(9, 466, 1, '2014-12-02 11:58:07', '2014-12-02 11:41:15', '2014-12-02 11:58:07'),
(9, 467, 1, '2014-12-02 11:52:19', '2014-12-02 11:49:23', '2014-12-02 11:52:19'),
(9, 468, 1, '2014-12-05 16:03:28', '2014-12-05 16:03:10', '2014-12-05 16:03:28'),
(9, 469, 1, '2014-12-05 16:25:51', '2014-12-05 16:25:22', '2014-12-05 16:25:51'),
(9, 470, 1, '2014-12-09 14:52:42', '2014-12-09 11:53:44', '2014-12-09 14:52:42'),
(9, 471, 1, '2014-12-15 15:08:27', '2014-12-09 11:59:58', '2014-12-15 15:08:27'),
(9, 472, 1, '2014-12-10 09:27:08', '2014-12-09 15:03:56', '2014-12-10 09:27:08'),
(9, 473, 1, '2014-12-10 09:26:57', '2014-12-09 16:13:08', '2014-12-10 09:26:57'),
(9, 476, 1, '2014-12-11 15:18:04', '2014-12-11 15:14:39', '2014-12-11 15:18:04'),
(9, 477, 1, '2014-12-12 11:13:05', '2014-12-11 16:32:30', '2014-12-12 11:13:05'),
(9, 478, 1, '2014-12-12 15:24:11', '2014-12-12 14:06:38', '2014-12-12 15:24:11'),
(9, 479, 1, '2014-12-30 17:35:17', '2014-12-15 16:23:46', '2014-12-30 17:35:17'),
(9, 480, 1, '2014-12-22 10:43:54', '2014-12-16 10:48:49', '2014-12-22 10:43:54'),
(9, 481, 1, '2014-12-23 09:04:49', '2014-12-22 11:19:05', '2014-12-23 09:04:49'),
(9, 482, 1, '2014-12-22 14:22:47', '2014-12-22 10:38:18', '2014-12-22 14:22:47'),
(9, 483, 1, '2014-12-23 11:46:53', '2014-12-22 11:19:21', '2014-12-23 11:46:53'),
(9, 485, 1, '2014-12-24 11:13:24', '2014-12-23 15:42:38', '2014-12-24 11:13:24'),
(9, 487, 1, '2014-12-24 09:17:25', '2014-12-24 09:08:43', '2014-12-24 09:17:25'),
(9, 488, 1, '2014-12-25 14:59:53', '2014-12-24 09:15:36', '2014-12-25 14:59:53'),
(9, 489, 1, '2014-12-25 14:59:31', '2014-12-24 11:00:48', '2014-12-25 14:59:31'),
(9, 490, 1, '2014-12-29 09:08:57', '2014-12-24 11:13:02', '2014-12-29 09:08:57'),
(9, 491, 1, '2014-12-25 16:25:16', '2014-12-25 11:44:08', '2014-12-25 16:25:16'),
(9, 494, 1, '2014-12-25 14:55:11', '2014-12-25 14:26:42', '2014-12-25 14:55:11'),
(9, 496, 1, '2014-12-26 15:45:58', '2014-12-26 11:52:49', '2014-12-26 15:45:58'),
(9, 498, 1, '2014-12-29 11:53:59', '2014-12-29 09:27:47', '2014-12-29 11:53:59'),
(9, 499, 1, '2014-12-30 09:48:10', '2014-12-30 08:55:50', '2014-12-30 09:48:10'),
(9, 500, 1, '2014-12-30 17:19:00', '2014-12-30 09:42:20', '2014-12-30 17:19:00'),
(9, 501, 1, '2014-12-30 17:17:54', '2014-12-30 09:42:00', '2014-12-30 17:17:54'),
(9, 502, 1, '2015-01-04 14:57:29', '2014-12-31 11:18:14', '2015-01-04 14:57:29'),
(9, 504, 1, '2014-12-30 17:17:40', '2014-12-30 15:03:05', '2014-12-30 17:17:40'),
(9, 507, 1, '2015-01-04 10:08:08', '2014-12-31 11:28:44', '2015-01-04 10:08:08'),
(9, 508, 1, '2015-01-05 11:25:01', '2015-01-04 14:33:25', '2015-01-05 11:25:01'),
(9, 509, 1, '2015-01-05 15:30:15', '2015-01-05 09:06:33', '2015-01-05 15:30:15'),
(9, 510, 1, '2015-01-05 15:27:08', '2015-01-05 09:09:09', '2015-01-05 15:27:08'),
(9, 511, 1, '2015-01-06 15:44:08', '2015-01-05 11:25:20', '2015-01-06 15:44:08'),
(9, 512, 1, '2015-01-06 08:49:10', '2015-01-05 15:46:31', '2015-01-06 08:49:10'),
(9, 516, 1, '2015-01-08 10:20:09', '2015-01-07 17:02:14', '2015-01-08 10:20:09'),
(9, 518, 1, '2015-01-08 20:34:30', '2015-01-08 17:15:56', '2015-01-08 20:34:30'),
(9, 519, 1, '2015-01-09 11:11:58', '2015-01-09 11:11:09', '2015-01-09 11:11:58'),
(9, 520, 1, '2015-01-09 16:30:08', '2015-01-09 15:26:35', '2015-01-09 16:30:08'),
(9, 523, 1, '2015-01-12 17:13:15', '2015-01-12 10:42:53', '2015-01-12 17:13:15'),
(9, 524, 1, '2015-01-12 17:14:16', '2015-01-12 13:58:27', '2015-01-12 17:14:16'),
(9, 525, 1, '2015-01-13 09:55:08', '2015-01-12 14:01:06', '2015-01-13 09:55:08'),
(9, 527, 1, '2015-01-13 14:29:44', '2015-01-13 13:53:21', '2015-01-13 14:29:44'),
(9, 529, 1, '2015-01-16 11:30:58', '2015-01-13 16:49:45', '2015-01-16 11:30:58'),
(9, 530, 0, '2015-01-27 09:54:30', '2015-01-14 15:54:16', '2015-01-27 09:54:30'),
(9, 531, 1, '2015-01-19 09:08:30', '2015-01-16 16:12:42', '2015-01-19 09:08:30'),
(9, 532, 1, '2015-01-16 17:13:32', '2015-01-16 17:13:06', '2015-01-16 17:13:32'),
(9, 533, 1, '2015-01-20 15:11:09', '2015-01-19 16:59:07', '2015-01-20 15:11:09'),
(9, 534, 1, '2015-01-22 09:13:32', '2015-01-19 17:06:43', '2015-01-22 09:13:32'),
(9, 535, 1, '2015-01-20 10:36:17', '2015-01-19 17:09:55', '2015-01-20 10:36:17'),
(9, 536, 1, '2015-01-20 10:19:37', '2015-01-19 17:14:54', '2015-01-20 10:19:37'),
(9, 537, 1, '2015-01-20 15:17:32', '2015-01-20 11:54:41', '2015-01-20 15:17:32'),
(9, 539, 1, '2015-01-22 09:23:33', '2015-01-21 16:52:23', '2015-01-22 09:23:33'),
(9, 540, 1, '2015-01-22 14:43:14', '2015-01-22 14:42:27', '2015-01-22 14:43:14'),
(9, 541, 1, '2015-01-26 15:29:47', '2015-01-23 09:18:18', '2015-01-26 15:29:47'),
(9, 542, 1, '2015-01-26 15:29:04', '2015-01-26 15:28:18', '2015-01-26 15:29:04'),
(9, 543, 1, '2015-01-26 15:34:39', '2015-01-26 15:34:29', '2015-01-26 15:34:39'),
(9, 544, 1, '2015-01-28 11:26:11', '2015-01-27 16:34:30', '2015-01-28 11:26:11'),
(9, 545, 1, '2015-01-28 16:24:56', '2015-01-28 11:30:54', '2015-01-28 16:24:56'),
(9, 546, 1, '2015-01-28 15:31:43', '2015-01-28 15:31:02', '2015-01-28 15:31:43'),
(9, 547, 1, '2015-01-29 11:34:20', '2015-01-28 17:23:27', '2015-01-29 11:34:20'),
(9, 549, 1, '2015-02-02 11:17:35', '2015-01-29 14:08:30', '2015-02-02 11:17:35'),
(9, 550, 1, '2015-01-30 08:53:03', '2015-01-29 14:33:21', '2015-01-30 08:53:03'),
(9, 551, 1, '2015-01-30 09:39:31', '2015-01-29 15:40:11', '2015-01-30 09:39:31'),
(9, 553, 1, '2015-02-02 11:17:00', '2015-01-29 17:52:57', '2015-02-02 11:17:00'),
(9, 555, 1, '2015-02-02 11:27:49', '2015-01-30 11:36:25', '2015-02-02 11:27:49'),
(9, 556, 1, '2015-02-05 14:21:53', '2015-02-02 11:22:40', '2015-02-05 14:21:53'),
(9, 558, 1, '2015-02-04 09:41:49', '2015-02-03 16:42:58', '2015-02-04 09:41:49'),
(9, 559, 1, '2015-02-04 09:54:42', '2015-02-04 09:29:33', '2015-02-04 09:54:42'),
(9, 560, 1, '2015-02-10 11:28:39', '2015-02-10 09:03:55', '2015-02-10 11:28:39');

-- --------------------------------------------------------

--
-- 表的结构 `cbd_saying`
--

CREATE TABLE IF NOT EXISTS `cbd_saying` (
  `id` int(11) NOT NULL AUTO_INCREMENT,
  `content` varchar(255) NOT NULL COMMENT '内容',
  `writer` varchar(20) DEFAULT NULL COMMENT '作者',
  `create_time` datetime NOT NULL DEFAULT CURRENT_TIMESTAMP,
  PRIMARY KEY (`id`)
) ENGINE=InnoDB  DEFAULT CHARSET=utf8 AUTO_INCREMENT=45 ;

--
-- 转存表中的数据 `cbd_saying`
--

INSERT INTO `cbd_saying` (`id`, `content`, `writer`, `create_time`) VALUES
(1, '生活是一面镜子。你对它笑，它就对你笑；你对它哭，它也对你哭。', '拉伯雷', '2014-01-01 21:38:44'),
(2, '命运掌握在自己手中。要么你驾驭生命，要么生命驾驭你，你的心态决定你是坐骑还是骑手。', NULL, '2014-01-01 21:41:13'),
(3, '不要拿小人的错误来惩罚自己，不要在这些微不足道的事情上折磨浪费自己的宝贵时间。', NULL, '2014-01-01 21:41:13'),
(4, '学的到东西的事情是锻炼，学不到的是磨练。', NULL, '2014-01-01 21:42:07'),
(5, '过错是暂时的遗憾，而错过则是永远的遗憾！', NULL, '2014-01-01 21:42:07'),
(6, '还能冲动，表示你还对生活有激情，总是冲动，表示你还不懂生活。', NULL, '2014-01-01 21:42:50'),
(7, '人一生下就会哭，笑是后来才学会的。所以忧伤是一种低级的本能，而快乐是一种更高级的能力。', NULL, '2014-01-01 21:42:50'),
(8, '放弃该放弃的是无奈，放弃不该放弃的是无能，不放弃该放弃的是无知，不放弃不该放弃的是执著！', NULL, '2014-01-01 21:43:34'),
(9, '行动是治愈恐惧的良药，而犹豫、拖延将不断滋养恐惧。', NULL, '2014-01-01 21:43:34'),
(10, '你把周围的人看作魔鬼，你就生活在地狱；你把周围的人看作天使，你就生活在天堂。', NULL, '2014-01-01 21:44:07'),
(11, '与其说是别人让你痛苦，不如说自己的修养不够。', NULL, '2014-01-01 21:44:07'),
(12, '如果你不给自己烦恼，别人也永远不可能给你烦恼，烦恼都是自己内心制造的。', NULL, '2014-01-01 21:44:48'),
(13, '一杯清水因滴入一滴污水而变污浊，一杯污水却不会因一滴清水的存在而变清澈。', NULL, '2014-01-01 21:44:48'),
(14, '做一个决定，并不难，难的是付诸行动，并且坚持到底。', NULL, '2014-01-01 21:45:23'),
(15, '无论你觉得自己多么的了不起，也永远有人比你更强；无论你觉得自己多么的不幸，永远有人比你更加不幸。', NULL, '2014-01-01 21:46:24'),
(16, '我们总是对陌生人太客气，而对亲密的人太苛刻。', NULL, '2014-01-01 21:46:24'),
(17, '虽然我们无法改变人生，但可以改变人生观。虽然我们无法改变环境，但我们可以改变心境。', NULL, '2014-01-01 21:47:10'),
(18, '人生最大的错误是不断担心会犯错。', NULL, '2014-01-01 21:47:10'),
(19, '再长的路，一步步也能走完，再短的路，不迈开双脚也无法到达。', NULL, '2014-01-01 21:48:16'),
(20, '人生就像钟表，可以回到起点，却已不是昨天！', NULL, '2014-01-01 21:48:16'),
(21, '你不能左右天气，但可以改变心情。你不能改变容貌，但可以掌握自己。你不能预见明天，但可以珍惜今天。', NULL, '2014-01-01 21:49:01'),
(22, '你不要一直不满他人，你应该一直检讨自己才对。', NULL, '2014-01-01 21:49:01'),
(23, '人的缺点就像花园里的杂草，如果不及时清理，很快就会占领整座花园。', NULL, '2014-01-01 21:49:58'),
(24, '感谢伤害你的人，因为他磨练了你的心志；感谢欺骗你的人，因为他增进了你的智慧；感谢中伤你的人，因为他砥砺了你的人格；感谢鞭打你的人，因为他激发了你的斗志；感谢遗弃你的人，因为他教导了你该独立；感谢绊倒你的人，因为他强化了你的能力；感谢斥责你的人，因为他提醒了你的缺点。怀着一颗感恩的心，感激一切使你成长的人！', NULL, '2014-01-01 21:49:58'),
(25, '人之所以有一张嘴，而有两只耳朵，原因是听的要比说的多一倍。', NULL, '2014-01-01 21:57:59'),
(26, '泪水和汗水的化学成分相似，但前者只能为你换来同情，后者却可以为你赢的成功。', NULL, '2014-01-01 21:57:59'),
(27, '人生有几件绝对不能失去的东西：自制的力量，冷静的头脑，希望和信心。', NULL, '2014-01-01 21:59:50'),
(28, '自己要先看得起自己，别人才会看得起你。', NULL, '2014-01-01 21:59:50'),
(29, '一千个人就有一千种生存方式和生活道路，要想改变一些事情，首先得把自己给找回来。', NULL, '2014-01-01 22:02:02'),
(30, '假如我不能，我一定要；假如我一定要，我就一定能。', NULL, '2014-01-01 22:02:02'),
(31, '含泪播种的人一定能含笑收获。', NULL, '2014-01-01 22:08:29'),
(32, '肯低头的人，永远不会撞到矮门。', NULL, '2014-01-01 22:08:29'),
(33, '你今天发愁的很多事情可能都不去发生，所以不要为没有发生的事情发愁。', NULL, '2014-01-01 22:17:14'),
(34, '发光不是太阳的专利，玻璃也可以发光。我们也可以发出耀眼的光芒。', NULL, '2014-01-01 22:17:14'),
(35, '你今天发愁的很多事情可能都不去发生，所以不要为没有发生的事情发愁。', NULL, '2014-01-01 22:18:13'),
(36, '上帝从不抱怨人们的自私，人们却总埋怨上帝的不公平。', NULL, '2014-01-01 22:19:11'),
(37, '低头要有勇气，抬头要有底气。', NULL, '2014-01-01 22:19:11'),
(38, '背对太阳，阴影一片；迎着太阳，霞光万丈。', NULL, '2014-01-01 22:19:39'),
(39, '绊脚石乃是进身之阶。', NULL, '2014-01-01 22:19:39'),
(40, '想想自己的错，会忘却别人的过。', NULL, '2014-01-01 22:20:21'),
(41, '不宽恕众生，不原谅众生，是苦了你自己。', NULL, '2014-01-01 22:20:21'),
(42, '一无所有是一种财富，它让穷人产生改变命运的行动。', NULL, '2014-01-01 22:20:52'),
(43, '不管在什么时候开始，一旦开始了就不要结束；不管在什么时候结束，结束了就不要后悔。', NULL, '2014-01-01 22:20:52'),
(44, '得不到的，就不重要——姚科', NULL, '2014-01-16 15:17:32');

-- --------------------------------------------------------

--
-- 表的结构 `cbd_series`
--

CREATE TABLE IF NOT EXISTS `cbd_series` (
  `id` int(11) NOT NULL AUTO_INCREMENT,
  `name` varchar(30) NOT NULL COMMENT '类别名称',
  PRIMARY KEY (`id`)
) ENGINE=InnoDB  DEFAULT CHARSET=utf8 AUTO_INCREMENT=11 ;

--
-- 转存表中的数据 `cbd_series`
--

INSERT INTO `cbd_series` (`id`, `name`) VALUES
(1, '规划设计'),
(2, '征拆复建'),
(3, '总结'),
(4, '讲话'),
(5, '政策法规'),
(6, '月报简报'),
(7, '文档模板'),
(8, '会议纪要'),
(9, '工作方案'),
(10, '参考资料');

-- --------------------------------------------------------

--
-- 表的结构 `cbd_town`
--

CREATE TABLE IF NOT EXISTS `cbd_town` (
  `id` int(11) NOT NULL AUTO_INCREMENT,
  `name` varchar(10) NOT NULL COMMENT '村庄名称',
  PRIMARY KEY (`id`)
) ENGINE=InnoDB DEFAULT CHARSET=utf8 COMMENT='村庄的名称' AUTO_INCREMENT=1 ;

-- --------------------------------------------------------

--
-- 表的结构 `cbd_user`
--

CREATE TABLE IF NOT EXISTS `cbd_user` (
  `id` int(11) NOT NULL AUTO_INCREMENT,
  `username` varchar(15) NOT NULL COMMENT '用户名',
  `name` varchar(10) NOT NULL COMMENT '姓名',
  `password` char(32) NOT NULL COMMENT '密码',
  `role` tinyint(2) NOT NULL COMMENT '用户角色，0：管理员；1：领导；2：处室普通人员；3：综合岗；4：月报岗位；5：访客；-1：调走用户',
  `last_login` datetime DEFAULT CURRENT_TIMESTAMP ON UPDATE CURRENT_TIMESTAMP COMMENT '最后一次登录时间',
  `email` varchar(30) NOT NULL COMMENT '电子邮箱',
  `create_time` datetime NOT NULL DEFAULT CURRENT_TIMESTAMP COMMENT '记录生成时间',
  `update_time` datetime NOT NULL DEFAULT CURRENT_TIMESTAMP COMMENT '记录修改时间',
  PRIMARY KEY (`id`)
) ENGINE=InnoDB  DEFAULT CHARSET=utf8 COMMENT='用户表' AUTO_INCREMENT=11 ;

--
-- 转存表中的数据 `cbd_user`
--

INSERT INTO `cbd_user` (`id`, `username`, `name`, `password`, `role`, `last_login`, `email`, `create_time`, `update_time`) VALUES
(3, 'zengk', '曾科', 'c4ca4238a0b923820dcc509a6f75849b', 2, '2015-02-09 17:30:44', '', '2013-11-29 14:59:38', '2015-02-09 17:30:44'),
(4, 'yaok', '姚科', '81dc9bdb52d04dc20036dbd8313ed055', 2, '2015-02-10 08:58:44', '', '2013-12-01 13:40:05', '2015-02-10 08:58:44'),
(5, 'heby', '何碧莹', 'c4ca4238a0b923820dcc509a6f75849b', 2, '2014-09-11 18:25:04', '', '2013-12-01 13:51:19', '2014-09-11 18:25:04'),
(6, 'tianm', '田猛', '81dc9bdb52d04dc20036dbd8313ed055', 2, '2015-02-10 09:06:03', '', '2013-12-01 13:51:19', '2015-02-10 09:06:03'),
(7, 'chenj', '陈军', '81dc9bdb52d04dc20036dbd8313ed055', 2, '2015-02-10 08:49:40', '', '2013-12-02 14:34:56', '2015-02-10 08:49:40'),
(8, 'chencx', '陈财新', 'c4ca4238a0b923820dcc509a6f75849b', 1, '2014-10-30 15:57:03', '', '2013-12-03 09:39:45', '2014-10-30 15:57:03'),
(9, 'weiw', '韦薇', 'c678f83ff68927e6c637f46a444eb891', 3, '2015-02-10 08:57:26', '', '2014-05-27 09:38:35', '2015-02-10 08:57:26'),
(10, 'guest', '访客', 'c4ca4238a0b923820dcc509a6f75849b', 5, '2014-11-14 09:51:06', '', '2014-03-18 15:37:38', '2014-11-14 09:51:06');

-- --------------------------------------------------------

--
-- 表的结构 `cbd_weekreport`
--

CREATE TABLE IF NOT EXISTS `cbd_weekreport` (
  `id` int(11) NOT NULL AUTO_INCREMENT,
  `week_no` char(2) NOT NULL,
  `year` char(4) NOT NULL,
  `work_id` int(11) NOT NULL,
  `create_time` datetime NOT NULL DEFAULT CURRENT_TIMESTAMP,
  `update_time` datetime NOT NULL DEFAULT CURRENT_TIMESTAMP,
  PRIMARY KEY (`id`),
  KEY `work_id` (`work_id`),
  KEY `work_id_2` (`work_id`)
) ENGINE=InnoDB  DEFAULT CHARSET=utf8 AUTO_INCREMENT=375 ;

--
-- 转存表中的数据 `cbd_weekreport`
--

INSERT INTO `cbd_weekreport` (`id`, `week_no`, `year`, `work_id`, `create_time`, `update_time`) VALUES
(1, '01', '2014', 39, '2014-01-07 14:02:01', '2014-01-07 14:02:01'),
(2, '01', '2014', 40, '2014-01-07 14:02:01', '2014-01-07 14:02:01'),
(3, '01', '2014', 29, '2014-01-07 14:02:01', '2014-01-07 14:02:01'),
(4, '01', '2014', 28, '2014-01-07 14:02:01', '2014-01-07 14:02:01'),
(5, '01', '2014', 30, '2014-01-07 14:02:01', '2014-01-07 14:02:01'),
(6, '01', '2014', 25, '2014-01-07 14:02:01', '2014-01-07 14:02:01'),
(7, '01', '2014', 41, '2014-01-07 15:15:06', '2014-01-07 15:15:06'),
(8, '02', '2014', 47, '2014-01-14 15:15:38', '2014-01-14 15:15:38'),
(9, '02', '2014', 48, '2014-01-14 15:15:38', '2014-01-14 15:15:38'),
(10, '02', '2014', 51, '2014-01-14 15:15:38', '2014-01-14 15:15:38'),
(11, '02', '2014', 55, '2014-01-14 15:15:38', '2014-01-14 15:15:38'),
(12, '02', '2014', 37, '2014-01-14 15:15:38', '2014-01-14 15:15:38'),
(13, '02', '2014', 63, '2014-01-14 15:15:38', '2014-01-14 15:15:38'),
(14, '02', '2014', 50, '2014-01-14 15:15:38', '2014-01-14 15:15:38'),
(15, '02', '2014', 60, '2014-01-14 15:15:38', '2014-01-14 15:15:38'),
(16, '02', '2014', 62, '2014-01-14 15:15:38', '2014-01-14 15:15:38'),
(17, '02', '2014', 61, '2014-01-14 15:15:38', '2014-01-14 15:15:38'),
(18, '02', '2014', 53, '2014-01-14 15:15:38', '2014-01-14 15:15:38'),
(19, '02', '2014', 54, '2014-01-14 15:15:38', '2014-01-14 15:15:38'),
(20, '02', '2014', 36, '2014-01-14 15:15:38', '2014-01-14 15:15:38'),
(21, '02', '2014', 42, '2014-01-14 15:15:38', '2014-01-14 15:15:38'),
(22, '02', '2014', 43, '2014-01-14 15:15:38', '2014-01-14 15:15:38'),
(23, '02', '2014', 44, '2014-01-14 15:15:38', '2014-01-14 15:15:38'),
(24, '02', '2014', 49, '2014-01-14 15:15:38', '2014-01-14 15:15:38'),
(25, '02', '2014', 56, '2014-01-14 15:15:38', '2014-01-14 15:15:38'),
(26, '03', '2014', 68, '2014-01-20 14:25:29', '2014-01-20 14:25:29'),
(27, '03', '2014', 69, '2014-01-20 14:25:29', '2014-01-20 14:25:29'),
(28, '03', '2014', 78, '2014-01-20 14:25:29', '2014-01-20 14:25:29'),
(29, '03', '2014', 79, '2014-01-20 14:25:29', '2014-01-20 14:25:29'),
(30, '03', '2014', 86, '2014-01-20 14:25:29', '2014-01-20 14:25:29'),
(31, '03', '2014', 92, '2014-01-20 14:25:29', '2014-01-20 14:25:29'),
(32, '03', '2014', 91, '2014-01-20 14:25:29', '2014-01-20 14:25:29'),
(33, '03', '2014', 89, '2014-01-20 14:25:29', '2014-01-20 14:25:29'),
(34, '03', '2014', 90, '2014-01-20 14:25:29', '2014-01-20 14:25:29'),
(35, '03', '2014', 72, '2014-01-20 14:25:29', '2014-01-20 14:25:29'),
(36, '03', '2014', 73, '2014-01-20 14:25:29', '2014-01-20 14:25:29'),
(37, '03', '2014', 83, '2014-01-20 14:25:29', '2014-01-20 14:25:29'),
(38, '04', '2014', 105, '2014-02-18 09:57:18', '2014-02-18 09:57:18'),
(39, '04', '2014', 104, '2014-02-18 09:57:18', '2014-02-18 09:57:18'),
(40, '04', '2014', 103, '2014-02-18 09:57:18', '2014-02-18 09:57:18'),
(41, '04', '2014', 102, '2014-02-18 09:57:18', '2014-02-18 09:57:18'),
(42, '04', '2014', 95, '2014-02-18 09:57:18', '2014-02-18 09:57:18'),
(43, '04', '2014', 100, '2014-02-18 09:57:18', '2014-02-18 09:57:18'),
(44, '04', '2014', 106, '2014-02-18 09:57:18', '2014-02-18 09:57:18'),
(45, '07', '2014', 108, '2014-02-18 10:17:32', '2014-02-18 10:17:32'),
(46, '07', '2014', 114, '2014-02-18 10:17:32', '2014-02-18 10:17:32'),
(47, '07', '2014', 115, '2014-02-18 10:17:32', '2014-02-18 10:17:32'),
(48, '07', '2014', 112, '2014-02-18 10:17:32', '2014-02-18 10:17:32'),
(49, '07', '2014', 111, '2014-02-18 10:17:32', '2014-02-18 10:17:32'),
(50, '08', '2014', 113, '2014-02-26 11:06:27', '2014-02-26 11:06:27'),
(51, '08', '2014', 130, '2014-02-26 11:06:27', '2014-02-26 11:06:27'),
(52, '08', '2014', 129, '2014-02-26 11:06:27', '2014-02-26 11:06:27'),
(53, '08', '2014', 117, '2014-02-26 11:06:27', '2014-02-26 11:06:27'),
(54, '08', '2014', 116, '2014-02-26 11:06:27', '2014-02-26 11:06:27'),
(55, '08', '2014', 119, '2014-02-26 11:06:27', '2014-02-26 11:06:27'),
(56, '08', '2014', 121, '2014-02-26 11:06:27', '2014-02-26 11:06:27'),
(57, '08', '2014', 118, '2014-02-26 11:06:27', '2014-02-26 11:06:27'),
(58, '08', '2014', 120, '2014-02-26 11:06:27', '2014-02-26 11:06:27'),
(59, '08', '2014', 133, '2014-02-26 11:06:27', '2014-02-26 11:06:27'),
(60, '08', '2014', 135, '2014-02-26 11:06:27', '2014-02-26 11:06:27'),
(61, '09', '2014', 128, '2014-03-03 09:52:31', '2014-03-03 09:52:31'),
(62, '09', '2014', 132, '2014-03-03 09:52:31', '2014-03-03 09:52:31'),
(63, '09', '2014', 140, '2014-03-03 09:52:31', '2014-03-03 09:52:31'),
(64, '09', '2014', 138, '2014-03-03 09:52:31', '2014-03-03 09:52:31'),
(65, '09', '2014', 141, '2014-03-03 09:52:31', '2014-03-03 09:52:31'),
(66, '09', '2014', 134, '2014-03-03 09:52:31', '2014-03-03 09:52:31'),
(67, '09', '2014', 147, '2014-03-03 09:52:31', '2014-03-03 09:52:31'),
(68, '09', '2014', 151, '2014-03-03 09:52:31', '2014-03-03 09:52:31'),
(69, '09', '2014', 152, '2014-03-03 09:52:31', '2014-03-03 09:52:31'),
(70, '09', '2014', 148, '2014-03-03 09:52:31', '2014-03-03 09:52:31'),
(71, '09', '2014', 123, '2014-03-03 09:52:31', '2014-03-03 09:52:31'),
(72, '09', '2014', 125, '2014-03-03 09:52:31', '2014-03-03 09:52:31'),
(73, '09', '2014', 127, '2014-03-03 09:52:31', '2014-03-03 09:52:31'),
(74, '09', '2014', 143, '2014-03-03 09:52:31', '2014-03-03 09:52:31'),
(75, '09', '2014', 146, '2014-03-03 09:52:31', '2014-03-03 09:52:31'),
(76, '09', '2014', 136, '2014-03-03 09:52:31', '2014-03-03 09:52:31'),
(77, '09', '2014', 137, '2014-03-03 09:52:31', '2014-03-03 09:52:31'),
(78, '09', '2014', 154, '2014-03-03 09:52:31', '2014-03-03 09:52:31'),
(79, '09', '2014', 153, '2014-03-03 09:52:31', '2014-03-03 09:52:31'),
(80, '10', '2014', 159, '2014-03-11 09:52:34', '2014-03-11 09:52:34'),
(81, '10', '2014', 158, '2014-03-11 09:52:34', '2014-03-11 09:52:34'),
(82, '10', '2014', 166, '2014-03-11 09:52:34', '2014-03-11 09:52:34'),
(83, '10', '2014', 165, '2014-03-11 09:52:34', '2014-03-11 09:52:34'),
(84, '10', '2014', 168, '2014-03-11 09:52:34', '2014-03-11 09:52:34'),
(85, '10', '2014', 156, '2014-03-11 09:52:34', '2014-03-11 09:52:34'),
(86, '10', '2014', 163, '2014-03-11 09:52:34', '2014-03-11 09:52:34'),
(87, '10', '2014', 162, '2014-03-11 09:52:34', '2014-03-11 09:52:34'),
(88, '10', '2014', 164, '2014-03-11 09:52:34', '2014-03-11 09:52:34'),
(89, '11', '2014', 179, '2014-03-18 11:08:30', '2014-03-18 11:08:30'),
(90, '11', '2014', 167, '2014-03-18 11:08:30', '2014-03-18 11:08:30'),
(91, '11', '2014', 173, '2014-03-18 11:08:30', '2014-03-18 11:08:30'),
(92, '11', '2014', 176, '2014-03-18 11:08:30', '2014-03-18 11:08:30'),
(93, '11', '2014', 172, '2014-03-18 11:08:30', '2014-03-18 11:08:30'),
(94, '11', '2014', 177, '2014-03-18 11:08:30', '2014-03-18 11:08:30'),
(95, '11', '2014', 178, '2014-03-18 11:08:30', '2014-03-18 11:08:30'),
(96, '11', '2014', 171, '2014-03-18 11:08:30', '2014-03-18 11:08:30'),
(97, '11', '2014', 174, '2014-03-18 11:08:30', '2014-03-18 11:08:30'),
(98, '11', '2014', 175, '2014-03-18 11:08:30', '2014-03-18 11:08:30'),
(99, '11', '2014', 180, '2014-03-18 11:08:30', '2014-03-18 11:08:30'),
(100, '11', '2014', 182, '2014-03-18 11:08:30', '2014-03-18 11:08:30'),
(101, '11', '2014', 181, '2014-03-18 11:08:30', '2014-03-18 11:08:30'),
(102, '12', '2014', 184, '2014-03-25 14:09:12', '2014-03-25 14:09:12'),
(103, '12', '2014', 187, '2014-03-25 14:09:12', '2014-03-25 14:09:12'),
(104, '12', '2014', 186, '2014-03-25 14:09:12', '2014-03-25 14:09:12'),
(105, '12', '2014', 185, '2014-03-25 14:09:12', '2014-03-25 14:09:12'),
(106, '12', '2014', 191, '2014-03-25 14:09:12', '2014-03-25 14:09:12'),
(107, '12', '2014', 192, '2014-03-25 14:09:12', '2014-03-25 14:09:12'),
(108, '13', '2014', 193, '2014-04-08 11:10:20', '2014-04-08 11:10:20'),
(109, '13', '2014', 194, '2014-04-08 11:10:20', '2014-04-08 11:10:20'),
(110, '13', '2014', 196, '2014-04-08 11:10:20', '2014-04-08 11:10:20'),
(111, '13', '2014', 199, '2014-04-08 11:10:20', '2014-04-08 11:10:20'),
(112, '13', '2014', 200, '2014-04-08 11:10:20', '2014-04-08 11:10:20'),
(113, '13', '2014', 201, '2014-04-08 11:10:20', '2014-04-08 11:10:20'),
(114, '13', '2014', 202, '2014-04-08 11:10:20', '2014-04-08 11:10:20'),
(115, '13', '2014', 203, '2014-04-08 11:10:20', '2014-04-08 11:10:20'),
(116, '13', '2014', 197, '2014-04-08 11:10:20', '2014-04-08 11:10:20'),
(117, '13', '2014', 198, '2014-04-08 11:10:20', '2014-04-08 11:10:20'),
(118, '13', '2014', 208, '2014-04-08 11:10:20', '2014-04-08 11:10:20'),
(119, '13', '2014', 209, '2014-04-08 11:10:20', '2014-04-08 11:10:20'),
(120, '13', '2014', 210, '2014-04-08 11:10:20', '2014-04-08 11:10:20'),
(121, '14', '2014', 219, '2014-04-10 13:58:20', '2014-04-10 13:58:20'),
(122, '14', '2014', 220, '2014-04-10 13:58:20', '2014-04-10 13:58:20'),
(123, '14', '2014', 218, '2014-04-10 13:58:20', '2014-04-10 13:58:20'),
(124, '14', '2014', 221, '2014-04-10 13:58:20', '2014-04-10 13:58:20'),
(125, '14', '2014', 222, '2014-04-10 13:58:20', '2014-04-10 13:58:20'),
(126, '14', '2014', 212, '2014-04-10 13:58:20', '2014-04-10 13:58:20'),
(127, '14', '2014', 213, '2014-04-10 13:58:20', '2014-04-10 13:58:20'),
(128, '14', '2014', 215, '2014-04-10 13:58:20', '2014-04-10 13:58:20'),
(129, '14', '2014', 216, '2014-04-10 13:58:20', '2014-04-10 13:58:20'),
(130, '15', '2014', 228, '2014-04-21 14:19:01', '2014-04-21 14:19:01'),
(131, '15', '2014', 229, '2014-04-21 14:19:01', '2014-04-21 14:19:01'),
(132, '15', '2014', 230, '2014-04-21 14:19:01', '2014-04-21 14:19:01'),
(133, '15', '2014', 231, '2014-04-21 14:19:01', '2014-04-21 14:19:01'),
(134, '15', '2014', 232, '2014-04-21 14:19:01', '2014-04-21 14:19:01'),
(135, '16', '2014', 237, '2014-04-29 14:45:56', '2014-04-29 14:45:56'),
(136, '16', '2014', 238, '2014-04-29 14:45:56', '2014-04-29 14:45:56'),
(137, '16', '2014', 249, '2014-04-29 14:45:56', '2014-04-29 14:45:56'),
(138, '16', '2014', 252, '2014-04-29 14:45:56', '2014-04-29 14:45:56'),
(139, '16', '2014', 241, '2014-04-29 14:45:56', '2014-04-29 14:45:56'),
(140, '16', '2014', 243, '2014-04-29 14:45:56', '2014-04-29 14:45:56'),
(141, '16', '2014', 242, '2014-04-29 14:45:56', '2014-04-29 14:45:56'),
(142, '16', '2014', 244, '2014-04-29 14:45:56', '2014-04-29 14:45:56'),
(143, '16', '2014', 239, '2014-04-29 14:45:56', '2014-04-29 14:45:56'),
(144, '16', '2014', 240, '2014-04-29 14:45:56', '2014-04-29 14:45:56'),
(145, '17', '2014', 245, '2014-05-04 09:53:35', '2014-05-04 09:53:35'),
(146, '17', '2014', 246, '2014-05-04 09:53:35', '2014-05-04 09:53:35'),
(147, '17', '2014', 257, '2014-05-04 09:53:35', '2014-05-04 09:53:35'),
(148, '17', '2014', 254, '2014-05-04 09:53:35', '2014-05-04 09:53:35'),
(149, '17', '2014', 256, '2014-05-04 09:53:35', '2014-05-04 09:53:35'),
(150, '17', '2014', 253, '2014-05-04 09:53:35', '2014-05-04 09:53:35'),
(151, '17', '2014', 258, '2014-05-04 09:53:35', '2014-05-04 09:53:35'),
(152, '18', '2014', 261, '2014-05-29 14:16:20', '2014-05-29 14:16:20'),
(153, '18', '2014', 260, '2014-05-29 14:16:20', '2014-05-29 14:16:20'),
(154, '18', '2014', 272, '2014-05-29 14:16:20', '2014-05-29 14:16:20'),
(155, '18', '2014', 269, '2014-05-29 14:16:20', '2014-05-29 14:16:20'),
(156, '18', '2014', 270, '2014-05-29 14:16:20', '2014-05-29 14:16:20'),
(157, '18', '2014', 271, '2014-05-29 14:16:20', '2014-05-29 14:16:20'),
(158, '18', '2014', 259, '2014-05-29 14:16:20', '2014-05-29 14:16:20'),
(159, '18', '2014', 283, '2014-05-29 14:16:20', '2014-05-29 14:16:20'),
(160, '18', '2014', 286, '2014-05-29 14:16:20', '2014-05-29 14:16:20'),
(161, '18', '2014', 287, '2014-05-29 14:16:20', '2014-05-29 14:16:20'),
(162, '18', '2014', 288, '2014-05-29 14:16:20', '2014-05-29 14:16:20'),
(163, '20', '2014', 273, '2014-05-29 15:19:00', '2014-05-29 15:19:00'),
(164, '20', '2014', 274, '2014-05-29 15:19:00', '2014-05-29 15:19:00'),
(165, '20', '2014', 276, '2014-05-29 15:19:00', '2014-05-29 15:19:00'),
(166, '20', '2014', 277, '2014-05-29 15:19:00', '2014-05-29 15:19:00'),
(167, '20', '2014', 289, '2014-05-29 15:19:00', '2014-05-29 15:19:00'),
(168, '21', '2014', 278, '2014-05-29 16:20:03', '2014-05-29 16:20:03'),
(169, '21', '2014', 285, '2014-05-29 16:20:03', '2014-05-29 16:20:03'),
(170, '21', '2014', 279, '2014-05-29 16:20:03', '2014-05-29 16:20:03'),
(171, '21', '2014', 280, '2014-05-29 16:20:03', '2014-05-29 16:20:03'),
(172, '21', '2014', 284, '2014-05-29 16:20:03', '2014-05-29 16:20:03'),
(173, '21', '2014', 290, '2014-05-29 16:20:03', '2014-05-29 16:20:03'),
(174, '21', '2014', 291, '2014-05-29 16:20:03', '2014-05-29 16:20:03'),
(175, '21', '2014', 293, '2014-05-29 16:20:03', '2014-05-29 16:20:03'),
(176, '21', '2014', 292, '2014-05-29 16:20:03', '2014-05-29 16:20:03'),
(177, '22', '2014', 263, '2014-06-06 09:34:35', '2014-06-06 09:34:35'),
(178, '22', '2014', 298, '2014-06-06 09:34:35', '2014-06-06 09:34:35'),
(179, '22', '2014', 267, '2014-06-06 09:34:35', '2014-06-06 09:34:35'),
(180, '22', '2014', 268, '2014-06-06 09:34:35', '2014-06-06 09:34:35'),
(181, '22', '2014', 282, '2014-06-06 09:34:35', '2014-06-06 09:34:35'),
(182, '22', '2014', 281, '2014-06-06 09:34:35', '2014-06-06 09:34:35'),
(183, '22', '2014', 302, '2014-06-06 09:34:35', '2014-06-06 09:34:35'),
(184, '22', '2014', 301, '2014-06-06 09:34:35', '2014-06-06 09:34:35'),
(185, '22', '2014', 294, '2014-06-06 09:34:35', '2014-06-06 09:34:35'),
(186, '22', '2014', 295, '2014-06-06 09:34:35', '2014-06-06 09:34:35'),
(187, '22', '2014', 296, '2014-06-06 09:34:35', '2014-06-06 09:34:35'),
(188, '23', '2014', 300, '2014-06-12 15:08:47', '2014-06-12 15:08:47'),
(189, '23', '2014', 306, '2014-06-12 15:08:47', '2014-06-12 15:08:47'),
(190, '23', '2014', 305, '2014-06-12 15:08:47', '2014-06-12 15:08:47'),
(191, '23', '2014', 304, '2014-06-12 15:08:47', '2014-06-12 15:08:47'),
(192, '23', '2014', 311, '2014-06-12 15:08:47', '2014-06-12 15:08:47'),
(193, '24', '2014', 310, '2014-06-18 17:36:05', '2014-06-18 17:36:05'),
(194, '24', '2014', 326, '2014-06-18 17:36:05', '2014-06-18 17:36:05'),
(195, '24', '2014', 327, '2014-06-18 17:36:05', '2014-06-18 17:36:05'),
(196, '24', '2014', 312, '2014-06-18 17:36:05', '2014-06-18 17:36:05'),
(197, '24', '2014', 318, '2014-06-18 17:36:05', '2014-06-18 17:36:05'),
(198, '24', '2014', 319, '2014-06-18 17:36:05', '2014-06-18 17:36:05'),
(199, '24', '2014', 320, '2014-06-18 17:36:05', '2014-06-18 17:36:05'),
(200, '24', '2014', 321, '2014-06-18 17:36:05', '2014-06-18 17:36:05'),
(201, '24', '2014', 322, '2014-06-18 17:36:05', '2014-06-18 17:36:05'),
(202, '24', '2014', 323, '2014-06-18 17:36:05', '2014-06-18 17:36:05'),
(203, '25', '2014', 332, '2014-06-25 14:50:55', '2014-06-25 14:50:55'),
(204, '25', '2014', 333, '2014-06-25 14:50:55', '2014-06-25 14:50:55'),
(205, '25', '2014', 328, '2014-06-25 14:50:55', '2014-06-25 14:50:55'),
(206, '25', '2014', 344, '2014-06-25 14:50:55', '2014-06-25 14:50:55'),
(207, '25', '2014', 317, '2014-06-25 14:50:55', '2014-06-25 14:50:55'),
(208, '25', '2014', 331, '2014-06-25 14:50:55', '2014-06-25 14:50:55'),
(209, '25', '2014', 330, '2014-06-25 14:50:55', '2014-06-25 14:50:55'),
(210, '25', '2014', 342, '2014-06-25 14:50:55', '2014-06-25 14:50:55'),
(211, '26', '2014', 340, '2014-06-30 15:13:21', '2014-06-30 15:13:21'),
(212, '26', '2014', 341, '2014-06-30 15:13:21', '2014-06-30 15:13:21'),
(213, '26', '2014', 350, '2014-06-30 15:13:21', '2014-06-30 15:13:21'),
(214, '26', '2014', 351, '2014-06-30 15:13:21', '2014-06-30 15:13:21'),
(215, '26', '2014', 352, '2014-06-30 15:13:21', '2014-06-30 15:13:21'),
(216, '26', '2014', 346, '2014-06-30 15:13:21', '2014-06-30 15:13:21'),
(217, '26', '2014', 349, '2014-06-30 15:13:21', '2014-06-30 15:13:21'),
(218, '26', '2014', 347, '2014-06-30 15:13:21', '2014-06-30 15:13:21'),
(219, '27', '2014', 358, '2014-07-08 10:15:20', '2014-07-08 10:15:20'),
(220, '27', '2014', 359, '2014-07-08 10:15:20', '2014-07-08 10:15:20'),
(221, '27', '2014', 356, '2014-07-08 10:15:20', '2014-07-08 10:15:20'),
(222, '27', '2014', 361, '2014-07-08 10:15:20', '2014-07-08 10:15:20'),
(223, '27', '2014', 360, '2014-07-08 10:15:20', '2014-07-08 10:15:20'),
(224, '27', '2014', 354, '2014-07-08 10:15:20', '2014-07-08 10:15:20'),
(225, '27', '2014', 362, '2014-07-08 10:15:20', '2014-07-08 10:15:20'),
(226, '28', '2014', 367, '2014-07-14 11:20:09', '2014-07-14 11:20:09'),
(227, '28', '2014', 363, '2014-07-14 11:20:09', '2014-07-14 11:20:09'),
(228, '28', '2014', 366, '2014-07-14 11:20:09', '2014-07-14 11:20:09'),
(229, '28', '2014', 364, '2014-07-14 11:20:09', '2014-07-14 11:20:09'),
(230, '29', '2014', 369, '2014-07-21 16:39:09', '2014-07-21 16:39:09'),
(231, '29', '2014', 373, '2014-07-21 16:39:09', '2014-07-21 16:39:09'),
(232, '29', '2014', 372, '2014-07-21 16:39:09', '2014-07-21 16:39:09'),
(233, '29', '2014', 370, '2014-07-21 16:39:09', '2014-07-21 16:39:09'),
(234, '29', '2014', 371, '2014-07-21 16:39:09', '2014-07-21 16:39:09'),
(235, '30', '2014', 377, '2014-07-28 16:40:17', '2014-07-28 16:40:17'),
(236, '30', '2014', 374, '2014-07-28 16:40:17', '2014-07-28 16:40:17'),
(237, '30', '2014', 376, '2014-07-28 16:40:17', '2014-07-28 16:40:17'),
(238, '30', '2014', 381, '2014-07-28 16:40:17', '2014-07-28 16:40:17'),
(239, '30', '2014', 380, '2014-07-28 16:40:17', '2014-07-28 16:40:17'),
(240, '30', '2014', 378, '2014-07-28 16:40:17', '2014-07-28 16:40:17'),
(241, '30', '2014', 379, '2014-07-28 16:40:17', '2014-07-28 16:40:17'),
(242, '30', '2014', 382, '2014-07-28 16:40:17', '2014-07-28 16:40:17'),
(243, '31', '2014', 386, '2014-08-04 16:36:02', '2014-08-04 16:36:02'),
(244, '31', '2014', 389, '2014-08-04 16:36:02', '2014-08-04 16:36:02'),
(245, '31', '2014', 387, '2014-08-04 16:36:02', '2014-08-04 16:36:02'),
(246, '31', '2014', 394, '2014-08-04 16:36:02', '2014-08-04 16:36:02'),
(247, '31', '2014', 393, '2014-08-04 16:36:02', '2014-08-04 16:36:02'),
(248, '31', '2014', 390, '2014-08-04 16:36:02', '2014-08-04 16:36:02'),
(249, '31', '2014', 391, '2014-08-04 16:36:02', '2014-08-04 16:36:02'),
(250, '31', '2014', 392, '2014-08-04 16:36:02', '2014-08-04 16:36:02'),
(251, '31', '2014', 395, '2014-08-04 16:36:02', '2014-08-04 16:36:02'),
(252, '32', '2014', 402, '2014-08-11 14:49:00', '2014-08-11 14:49:00'),
(253, '32', '2014', 398, '2014-08-11 14:49:00', '2014-08-11 14:49:00'),
(254, '32', '2014', 397, '2014-08-11 14:49:00', '2014-08-11 14:49:00'),
(255, '32', '2014', 407, '2014-08-11 14:49:00', '2014-08-11 14:49:00'),
(256, '32', '2014', 408, '2014-08-11 14:49:00', '2014-08-11 14:49:00'),
(257, '32', '2014', 409, '2014-08-11 14:49:00', '2014-08-11 14:49:00'),
(258, '32', '2014', 410, '2014-08-11 14:49:00', '2014-08-11 14:49:00'),
(259, '32', '2014', 411, '2014-08-11 14:49:00', '2014-08-11 14:49:00'),
(260, '32', '2014', 406, '2014-08-11 14:49:00', '2014-08-11 14:49:00'),
(261, '33', '2014', 415, '2014-08-18 17:34:01', '2014-08-18 17:34:01'),
(262, '33', '2014', 417, '2014-08-18 17:34:01', '2014-08-18 17:34:01'),
(263, '33', '2014', 422, '2014-08-18 17:34:01', '2014-08-18 17:34:01'),
(264, '33', '2014', 424, '2014-08-18 17:34:01', '2014-08-18 17:34:01'),
(265, '33', '2014', 425, '2014-08-18 17:34:01', '2014-08-18 17:34:01'),
(266, '33', '2014', 421, '2014-08-18 17:34:01', '2014-08-18 17:34:01'),
(267, '34', '2014', 430, '2014-08-26 09:05:56', '2014-08-26 09:05:56'),
(268, '34', '2014', 426, '2014-08-26 09:05:56', '2014-08-26 09:05:56'),
(269, '34', '2014', 429, '2014-08-26 09:05:56', '2014-08-26 09:05:56'),
(270, '34', '2014', 432, '2014-08-26 09:05:56', '2014-08-26 09:05:56'),
(271, '34', '2014', 433, '2014-08-26 09:05:56', '2014-08-26 09:05:56'),
(272, '35', '2014', 437, '2014-09-02 10:53:38', '2014-09-02 10:53:38'),
(273, '35', '2014', 441, '2014-09-02 10:53:38', '2014-09-02 10:53:38'),
(274, '35', '2014', 440, '2014-09-02 10:53:38', '2014-09-02 10:53:38'),
(275, '35', '2014', 452, '2014-09-02 10:53:38', '2014-09-02 10:53:38'),
(276, '35', '2014', 454, '2014-09-02 10:53:38', '2014-09-02 10:53:38'),
(277, '35', '2014', 448, '2014-09-02 10:53:38', '2014-09-02 10:53:38'),
(278, '35', '2014', 449, '2014-09-02 10:53:38', '2014-09-02 10:53:38'),
(279, '36', '2014', 457, '2014-09-11 09:08:38', '2014-09-11 09:08:38'),
(280, '36', '2014', 455, '2014-09-11 09:08:38', '2014-09-11 09:08:38'),
(281, '36', '2014', 456, '2014-09-11 09:08:38', '2014-09-11 09:08:38'),
(282, '36', '2014', 450, '2014-09-11 09:08:38', '2014-09-11 09:08:38'),
(283, '37', '2014', 466, '2014-09-15 17:35:30', '2014-09-15 17:35:30'),
(284, '37', '2014', 469, '2014-09-15 17:35:30', '2014-09-15 17:35:30'),
(285, '37', '2014', 461, '2014-09-15 17:35:30', '2014-09-15 17:35:30'),
(286, '37', '2014', 472, '2014-09-15 17:35:30', '2014-09-15 17:35:30'),
(287, '37', '2014', 473, '2014-09-15 17:35:30', '2014-09-15 17:35:30'),
(288, '37', '2014', 459, '2014-09-15 17:35:30', '2014-09-15 17:35:30'),
(289, '37', '2014', 467, '2014-09-15 17:35:30', '2014-09-15 17:35:30'),
(290, '38', '2014', 487, '2014-09-22 11:29:00', '2014-09-22 11:29:00'),
(291, '38', '2014', 489, '2014-09-22 11:29:00', '2014-09-22 11:29:00'),
(292, '38', '2014', 477, '2014-09-22 11:29:00', '2014-09-22 11:29:00'),
(293, '38', '2014', 488, '2014-09-22 11:29:00', '2014-09-22 11:29:00'),
(294, '39', '2014', 500, '2014-09-29 09:03:16', '2014-09-29 09:03:16'),
(295, '39', '2014', 498, '2014-09-29 09:03:16', '2014-09-29 09:03:16'),
(296, '39', '2014', 492, '2014-09-29 09:03:16', '2014-09-29 09:03:16'),
(297, '39', '2014', 496, '2014-09-29 09:03:16', '2014-09-29 09:03:16'),
(298, '39', '2014', 505, '2014-09-29 09:03:16', '2014-09-29 09:03:16'),
(299, '41', '2014', 515, '2014-10-13 15:12:45', '2014-10-13 15:12:45'),
(300, '41', '2014', 514, '2014-10-13 15:12:45', '2014-10-13 15:12:45'),
(301, '41', '2014', 511, '2014-10-13 15:12:45', '2014-10-13 15:12:45'),
(302, '41', '2014', 512, '2014-10-13 15:12:45', '2014-10-13 15:12:45'),
(303, '42', '2014', 520, '2014-10-20 10:06:10', '2014-10-20 10:06:10'),
(304, '42', '2014', 519, '2014-10-20 10:06:10', '2014-10-20 10:06:10'),
(305, '42', '2014', 516, '2014-10-20 10:06:10', '2014-10-20 10:06:10'),
(306, '43', '2014', 529, '2014-10-27 10:43:03', '2014-10-27 10:43:03'),
(307, '43', '2014', 530, '2014-10-27 10:43:03', '2014-10-27 10:43:03'),
(308, '43', '2014', 532, '2014-10-27 10:43:03', '2014-10-27 10:43:03'),
(309, '43', '2014', 533, '2014-10-27 10:43:03', '2014-10-27 10:43:03'),
(310, '43', '2014', 528, '2014-10-27 10:43:03', '2014-10-27 10:43:03'),
(311, '43', '2014', 521, '2014-10-27 10:43:03', '2014-10-27 10:43:03'),
(312, '43', '2014', 531, '2014-10-27 10:43:03', '2014-10-27 10:43:03'),
(313, '44', '2014', 540, '2014-11-04 09:35:37', '2014-11-04 09:35:37'),
(314, '44', '2014', 535, '2014-11-04 09:35:37', '2014-11-04 09:35:37'),
(315, '45', '2014', 548, '2014-11-10 11:35:00', '2014-11-10 11:35:00'),
(316, '45', '2014', 544, '2014-11-10 11:35:00', '2014-11-10 11:35:00'),
(317, '45', '2014', 547, '2014-11-10 11:35:00', '2014-11-10 11:35:00'),
(318, '45', '2014', 553, '2014-11-10 11:35:00', '2014-11-10 11:35:00'),
(319, '45', '2014', 541, '2014-11-10 11:35:00', '2014-11-10 11:35:00'),
(320, '45', '2014', 542, '2014-11-10 11:35:00', '2014-11-10 11:35:00'),
(321, '45', '2014', 550, '2014-11-10 11:35:00', '2014-11-10 11:35:00'),
(322, '45', '2014', 551, '2014-11-10 11:35:00', '2014-11-10 11:35:00'),
(323, '45', '2014', 549, '2014-11-10 11:35:00', '2014-11-10 11:35:00'),
(324, '45', '2014', 554, '2014-11-10 11:35:00', '2014-11-10 11:35:00'),
(325, '46', '2014', 558, '2014-11-19 11:40:55', '2014-11-19 11:40:55'),
(326, '46', '2014', 556, '2014-11-19 11:40:55', '2014-11-19 11:40:55'),
(327, '46', '2014', 562, '2014-11-19 11:40:55', '2014-11-19 11:40:55'),
(328, '47', '2014', 564, '2014-11-24 15:11:04', '2014-11-24 15:11:04'),
(329, '47', '2014', 568, '2014-11-24 15:11:04', '2014-11-24 15:11:04'),
(330, '47', '2014', 567, '2014-11-24 15:11:04', '2014-11-24 15:11:04'),
(331, '47', '2014', 563, '2014-11-24 15:11:04', '2014-11-24 15:11:04'),
(332, '47', '2014', 561, '2014-11-24 15:11:04', '2014-11-24 15:11:04'),
(333, '48', '2014', 573, '2014-12-01 17:25:31', '2014-12-01 17:25:31'),
(334, '48', '2014', 574, '2014-12-01 17:25:31', '2014-12-01 17:25:31'),
(335, '48', '2014', 575, '2014-12-01 17:25:31', '2014-12-01 17:25:31'),
(336, '48', '2014', 576, '2014-12-01 17:25:31', '2014-12-01 17:25:31'),
(337, '48', '2014', 572, '2014-12-01 17:25:31', '2014-12-01 17:25:31'),
(338, '48', '2014', 571, '2014-12-01 17:25:31', '2014-12-01 17:25:31'),
(339, '49', '2014', 578, '2014-12-08 11:00:07', '2014-12-08 11:00:07'),
(340, '49', '2014', 587, '2014-12-08 11:00:07', '2014-12-08 11:00:07'),
(341, '49', '2014', 577, '2014-12-08 11:00:07', '2014-12-08 11:00:07'),
(342, '49', '2014', 580, '2014-12-08 11:00:07', '2014-12-08 11:00:07'),
(343, '49', '2014', 585, '2014-12-08 11:00:07', '2014-12-08 11:00:07'),
(344, '49', '2014', 586, '2014-12-08 11:00:07', '2014-12-08 11:00:07'),
(345, '49', '2014', 584, '2014-12-08 11:00:07', '2014-12-08 11:00:07'),
(346, '49', '2014', 581, '2014-12-08 11:00:07', '2014-12-08 11:00:07'),
(347, '49', '2014', 583, '2014-12-08 11:00:07', '2014-12-08 11:00:07'),
(348, '50', '2014', 589, '2014-12-15 17:30:28', '2014-12-15 17:30:28'),
(349, '52', '2014', 593, '2015-01-04 14:36:49', '2015-01-04 14:36:49'),
(350, '52', '2014', 591, '2015-01-04 14:36:49', '2015-01-04 14:36:49'),
(351, '52', '2014', 592, '2015-01-04 14:36:49', '2015-01-04 14:36:49'),
(352, '02', '2015', 599, '2015-01-12 16:21:11', '2015-01-12 16:21:11'),
(353, '02', '2015', 605, '2015-01-12 16:21:11', '2015-01-12 16:21:11'),
(354, '02', '2015', 602, '2015-01-12 16:21:11', '2015-01-12 16:21:11'),
(355, '02', '2015', 603, '2015-01-12 16:21:11', '2015-01-12 16:21:11'),
(356, '02', '2015', 604, '2015-01-12 16:21:11', '2015-01-12 16:21:11'),
(357, '02', '2015', 606, '2015-01-12 16:21:11', '2015-01-12 16:21:11'),
(358, '02', '2015', 600, '2015-01-12 16:21:11', '2015-01-12 16:21:11'),
(359, '03', '2015', 612, '2015-01-22 09:29:03', '2015-01-22 09:29:03'),
(360, '03', '2015', 610, '2015-01-22 09:29:03', '2015-01-22 09:29:03'),
(361, '03', '2015', 611, '2015-01-22 09:29:03', '2015-01-22 09:29:03'),
(362, '03', '2015', 609, '2015-01-22 09:29:03', '2015-01-22 09:29:03'),
(363, '04', '2015', 618, '2015-01-29 09:21:04', '2015-01-29 09:21:04'),
(364, '04', '2015', 619, '2015-01-29 09:21:04', '2015-01-29 09:21:04'),
(365, '04', '2015', 617, '2015-01-29 09:21:04', '2015-01-29 09:21:04'),
(366, '05', '2015', 623, '2015-02-03 10:35:19', '2015-02-03 10:35:19'),
(367, '05', '2015', 625, '2015-02-03 10:35:19', '2015-02-03 10:35:19'),
(368, '05', '2015', 620, '2015-02-03 10:35:19', '2015-02-03 10:35:19'),
(369, '05', '2015', 626, '2015-02-03 10:35:19', '2015-02-03 10:35:19'),
(370, '05', '2015', 622, '2015-02-03 10:35:19', '2015-02-03 10:35:19'),
(371, '05', '2015', 616, '2015-02-03 10:35:19', '2015-02-03 10:35:19'),
(372, '06', '2015', 627, '2015-02-10 16:30:19', '2015-02-10 16:30:19'),
(373, '06', '2015', 628, '2015-02-10 16:30:19', '2015-02-10 16:30:19'),
(374, '06', '2015', 624, '2015-02-10 16:30:19', '2015-02-10 16:30:19');

-- --------------------------------------------------------

--
-- 表的结构 `cbd_work`
--

CREATE TABLE IF NOT EXISTS `cbd_work` (
  `id` int(11) NOT NULL AUTO_INCREMENT,
  `work_date` date NOT NULL COMMENT '工作日期',
  `record_person` int(11) NOT NULL COMMENT '记录人',
  `content` text NOT NULL COMMENT '工作内容',
  `state` tinyint(1) NOT NULL DEFAULT '0' COMMENT '状态：0正常；1提交；2周报采纳；3月报采纳；4公告',
  `create_time` datetime NOT NULL DEFAULT CURRENT_TIMESTAMP,
  `update_time` datetime NOT NULL DEFAULT CURRENT_TIMESTAMP,
  PRIMARY KEY (`id`),
  KEY `record_person` (`record_person`)
) ENGINE=InnoDB  DEFAULT CHARSET=utf8 COMMENT='工作记录表' AUTO_INCREMENT=629 ;

--
-- 转存表中的数据 `cbd_work`
--

INSERT INTO `cbd_work` (`id`, `work_date`, `record_person`, `content`, `state`, `create_time`, `update_time`) VALUES
(23, '2014-01-01', 3, '2014年1月1日，新年第一天，对处室OA系统做最后的调试，为明天正式上线做准备。主要调整功能：1、欢迎页面的编制；2、CBD每日一言的编制；3、借阅归还功能的完善；4、归档列表的完善', 0, '2014-01-02 09:48:47', '2014-01-02 09:48:47'),
(24, '2014-01-02', 3, '2014年1月2日，新年的第一个工作日，处室OA系统经过一个多月的开发测试，今天正式上线试运行。目前已完善的模块有：档案管理、个人工作、处室共享。接下来继续完善征拆复建、规划设计这2个模块', 0, '2014-01-02 11:19:31', '2014-01-02 11:19:31'),
(25, '2014-01-03', 6, '市交委致函天河区人民政府征求内环路至广深沿江高速公路连接项目的意见，区交通局牵头会区国土房管分局、规划分局等相关单位结合我区实际研究提出相关意见。林道平区长批示请丘卫青常委阅，并征求我委意见。我委根据丘卫青常委的反馈意见正式拟函报区府办，回复关于内环路至广深沿江高速公路连接线高架桥项目规划建设意见情况。', 2, '2014-01-03 10:38:22', '2014-01-03 10:38:22'),
(26, '2014-01-02', 3, '撰写《广州国际金融城“小配套”公共服务设施移交方案》', 0, '2014-01-03 10:42:21', '2014-01-03 10:42:21'),
(27, '2013-12-31', 6, '2、广州市规划局要求我委提供广州国际金融城起步区AT091003地块拟规划设置环卫站和消毒站的补充说明，在征求该公建配套提出单位员村街道办事处意见后，拟函报送相关情况的补充说明。', 0, '2014-01-03 10:45:01', '2014-01-03 10:45:01'),
(28, '2013-12-31', 6, '广州市规划局要求我委提供广州国际金融城起步区AT091003地块拟规划设置环卫站和消毒站的补充说明，在征求该公建配套提出单位员村街道办事处意见后，拟函报送相关情况的补充说明。', 2, '2014-01-03 10:46:34', '2014-01-03 10:46:34'),
(29, '2013-12-30', 6, '收集区相关职能部门12月金融城建设开发工作的最新进展情况，草拟《天河区推进广州国际金融城起步区开发建设工作进展情况汇总表（2013年12月）》，已呈委领导审批并分发至区主要领导。', 2, '2014-01-03 10:52:47', '2014-01-03 10:52:47'),
(30, '2014-01-01', 6, '继续跟进区财政局关于广州国际金融城“小配套”公共服务设施移交管理办法的编制情况，完善、充实相关内容。', 2, '2014-01-03 11:09:05', '2014-01-03 11:09:05'),
(31, '2014-01-03', 3, '完成“小配套”设施移交方案初稿给陈处审阅', 0, '2014-01-06 09:23:54', '2014-01-06 09:23:54'),
(32, '2014-01-06', 3, '整理电脑文件，归档相关文档', 0, '2014-01-06 14:39:42', '2014-01-06 14:39:42'),
(33, '2014-01-06', 3, '帮小何将广州市新型城市化发展2013年100项市重点督办工作落实情况（12月）（第四季度）报表报送区委办信息科', 0, '2014-01-06 14:41:41', '2014-01-06 14:41:41'),
(34, '2014-01-06', 7, '将《广州国际金融城起步区社会投资项目实施计划表》及“建设项目汇总表”发给棠下村(杨思明)、石东村(霍建勇)、车陂村(苏志均)，请他们按要求填报并于明天上午反馈回我处。', 0, '2014-01-06 17:17:12', '2014-01-06 17:17:12'),
(35, '2014-01-06', 4, '草拟《关于召开让-贝纳尔•梅泰先生艺术交流座谈会的通知》。', 0, '2014-01-06 17:26:19', '2014-01-06 17:26:19'),
(36, '2014-01-06', 7, '村民复建工作进展情况：\r\n棠下村，4个设计标分别于1月10、17、21日开标，其中AT091014和AT091016地块两个设计标同时开标；\r\n石东村，已于去年底向市规划局申请村集体物业复建用地《建设用地规划许可证》及规划设计条件(咨询案)，咨询案办理时限20个工作日，完成后，4个工作日可取《建设用地规划许可证》及规划设计条件；\r\n车陂村，已与市规划局联系，咨询村集体物业复建地块规划情况，并获取该地块控规的相关信息，但因该地块用地预审未完成，暂无法申办正式《建设用地规划许可证》及规划设计条件。', 2, '2014-01-06 17:27:29', '2014-01-06 17:27:29'),
(37, '2014-01-06', 4, '办理《关于征求&lt;广州市天河区2013年国民经济和社会发展计划执行情况与2014年计划草案的报告（征求意见稿）&gt;意见的函》，报送修改意见至综合处。', 2, '2014-01-06 17:30:56', '2014-01-06 17:30:56'),
(38, '2014-01-06', 7, '天河区府办转来加急件《广州市电力设施建设协调工作联席会议办公室关于报送2014年电网建设需求计划的通知》，我处需回复意见至区建设和水务局，就有关报表填报事宜咨询区建水局市政设施管理科曹宏彦。', 0, '2014-01-07 11:33:34', '2014-01-07 11:33:34'),
(39, '2014-01-03', 5, '填报《广州市新型城市化发展2013年100项市重点督办工作落实情况》（12月）及（第四季度），已发至区委办信息督办科。', 2, '2014-01-07 11:52:33', '2014-01-07 11:52:33'),
(40, '2014-01-03', 5, '中国石油化工股份有限公司广东广州石油分公司发函至区政府，请求在临江大道建设绿岛加油站。区政府转来此函征求我委意见。已将《天河中央商务区管委会关于对在临江大道建设绿岛加油站意见的复函》发至区府办。', 2, '2014-01-07 11:56:22', '2014-01-07 11:56:22'),
(41, '2013-12-31', 7, '石东村今天向市规划局申办金融城起步区集体物业复建用地《建设用地规划许可证》及规划设计条件咨询案，咨询案办理时限20个工作日，完成后，4个工作日可领证。', 2, '2014-01-07 14:25:59', '2014-01-07 14:25:59'),
(42, '2014-01-07', 7, '经口头请示张主任同意，将我处填报的《2014年变电站建设需求计划表》(电子表格)发至区建水局市政设施管理科曹宏彦(请何碧莹在OA系统发送)，并致电给她说明相关情况。', 2, '2014-01-07 14:56:50', '2014-01-07 14:56:50'),
(43, '2014-01-07', 7, '致电广州联鸿实业投资有限公司(金融城起步区AT090902地块)胡总，该地块内拟规划配套1座110KV变电站，胡总称其公司项目开发建设不会影响该变电站的开工建设，目前其公司项目正在做方案设计，已办理临时施工复函，已完成临水临电设施，预计今年6~7月开工建设。胡总提出几个问题，该公司项目配建的3000㎡平价午餐设施如何作地价补偿？该公司项目地下空间与公共地下空间接口设计如何衔接？', 2, '2014-01-07 15:11:06', '2014-01-07 15:11:06'),
(44, '2014-01-07', 7, '棠下村、车陂村、石东村发来《广州国际金融城起步区社会投资项目实施计划表》及“建设项目汇总表”，汇总后交曾科。', 2, '2014-01-07 15:13:31', '2014-01-07 15:13:31'),
(45, '2014-01-07', 3, '继续完善“小配套”设施移交管理方案，对一些细节进行修改！', 0, '2014-01-07 16:52:32', '2014-01-07 16:52:32'),
(46, '2014-01-07', 3, '整理电脑文件，重新规划文件摆放位置。', 0, '2014-01-07 16:53:13', '2014-01-07 16:53:13'),
(47, '2014-01-08', 5, '发送1月17日召开让-贝纳尔·梅泰先生艺术交流\r\n座谈会的通知至市规划局、天河科技园管委会、区规划分局、区经贸局。', 2, '2014-01-08 16:02:06', '2014-01-08 16:02:06'),
(48, '2014-01-08', 5, '1月8日下午长江集团副总胡萍一行来访，张主任、陈处向其介绍目前金融城开发建设情况，并了解该企业金融城项目进展及存在困难，后让其参观展厅。', 2, '2014-01-08 16:06:06', '2014-01-08 16:06:06'),
(49, '2014-01-08', 7, '调整《金融城起步区集体土地征拆及复建工作需市协调解决问题汇总表》，并发姚科阅。', 2, '2014-01-08 16:28:31', '2014-01-08 16:28:31'),
(50, '2014-01-08', 4, '草拟《关于征求金融城二期土地收储工作实施方案意见的复函》，报送至区国土分局。', 2, '2014-01-08 18:12:49', '2014-01-08 18:12:49'),
(51, '2014-01-09', 5, '区府办发来《关于报送2013年度区政府常务会议和区长办公会议决定事项落实情况的通知》，根据要求，我委为配合单位，已分别向区卫生局、区教育局报送港澳台医疗中心、金融城少年宫的任务完成情况。', 2, '2014-01-09 17:59:53', '2014-01-09 17:59:53'),
(52, '2014-01-09', 7, '下午，管委会全体人员大会：张海波副主任传达今天上午天河区纪委会议精神，庸懒散奢、八项规定、春节前工作注意事项等。', 0, '2014-01-10 09:28:56', '2014-01-10 09:28:56'),
(53, '2014-01-07', 6, '区府办转来《广州市发展改革委关于征求&lt;广州市新型有轨电车线规划&gt;、&lt;广州市新型有轨电车线网规划评估报告&gt;和发展思路意见的函》（穗发改函〔2013〕2330号），我委根据珠江新城现状和广州国际金融城规划情况，提出采用地下敷设方式铺设有轨电车的建议。', 2, '2014-01-10 09:34:38', '2014-01-10 09:34:38'),
(54, '2014-01-09', 6, '根据与区财政局、天河投资管理公司沟通的情况，继续修改完善广州国际金融城“小配套”公共服务设施移交管理办法，进一步明确各类配套设施的移交方式。', 2, '2014-01-10 09:38:16', '2014-01-10 09:38:16'),
(55, '2014-01-10', 5, '在区府2号楼1015参加陈如桂主持召开的就打平台发展平台封闭运行方案等问题的视频会议。', 2, '2014-01-10 14:35:40', '2014-01-10 14:35:40'),
(56, '2014-01-10', 7, '致电石东村：村与市规划局(黄智)协商约定，下周一向其报送员村砧板岗地块项目设计方案，拟重新启动报建报批程序。', 2, '2014-01-13 13:57:26', '2014-01-13 13:57:26'),
(57, '2014-01-13', 7, '(上午)管委会全体工作人员大会：\r\n1、林区要求设立广州国际金融城指示标牌，两个月内完成。张主任要求公共事务协调处牵头负责此项工作，建设开发处派一人协助。\r\n2、张主任解读《天河中央商务区管委会起草区贯彻三中全会意见的部分》。', 0, '2014-01-13 14:03:34', '2014-01-13 14:03:34'),
(58, '2014-01-10', 3, '完善处室OA系统，添加“小配套”数据和功能。', 0, '2014-01-13 14:09:24', '2014-01-13 14:09:24'),
(59, '2014-01-09', 3, '撰写并修改石书记报陈如桂常务副市长有关金融城起步区征拆复建工作有关问题的请示', 0, '2014-01-13 14:14:23', '2014-01-13 14:14:23'),
(60, '2014-01-10', 4, '根据区主要领导指示，修改《关于请予协调解决金融城村民复建工作若干问题的请示》和《金融城集体土地征拆复建工作需协调解决问题汇总表》，全面梳理总结金融城起步区和二期村民复建安置工程有关问题，由区委以石奇珠书记名义报陈如桂常务副市长。', 2, '2014-01-13 14:35:45', '2014-01-13 14:35:45'),
(61, '2014-01-11', 4, '草拟《天河区深化改革拖杆重大问题的决定》系列材料的“金融城平台发展机制”部分，供制作区委全会材料。', 2, '2014-01-13 14:37:37', '2014-01-13 14:37:37'),
(62, '2014-01-10', 4, '与区国土分局联合发文《关于广州国际金融城起步区集体土地征收工作嘉奖的请示》（穗天商管〔2014〕1号），并报送至区政府。', 2, '2014-01-13 14:40:22', '2014-01-13 14:40:22'),
(63, '2014-01-07', 4, '校对珠江新城规划图地块情况。', 2, '2014-01-13 14:42:48', '2014-01-13 14:42:48'),
(64, '2014-01-13', 7, '(下午)建设开发处工作例会', 0, '2014-01-13 17:30:48', '2014-01-13 17:30:48'),
(65, '2014-01-14', 3, '跟金融城领导小组办公室袁皞联系，了解设置金融城路牌事情。了解的情况如下：11月中旬欧阳市长召开的第三批土地出让协调会上明确由金融城领导小组办公室协调市交警处理。市金融城领导小组办公室之前已通过市建委路桥处与市交警对接此事，目前暂时没有下文', 0, '2014-01-14 11:49:48', '2014-01-14 11:49:48'),
(66, '2014-01-14', 3, '田猛完成小配套设施面积差异对比表，提出几点修改意见，已呈陈处阅', 0, '2014-01-14 11:52:38', '2014-01-14 11:52:38'),
(67, '2014-01-13', 3, '召开处室全体人员会议，各人汇报上周工作，明确下一步工作内容', 0, '2014-01-14 11:53:45', '2014-01-14 11:53:45'),
(68, '2014-01-13', 5, '区府办转市国土房管局《关于请协助提供11个战略性发展平台扶持政策意见的函》，征求我委意见。我处无意见，已反馈投资处。', 2, '2014-01-14 15:04:13', '2014-01-14 15:04:13'),
(69, '2014-01-13', 5, '金融城起步区AT090942地块受让方新华保险来访，提出目前该企业金融城项目的进展情况及困难，我处配合企服处向其介绍目前金融城起步区规划建设情况，积极跟进解决企业提出需解决的问题。', 2, '2014-01-14 15:11:38', '2014-01-14 15:11:38'),
(70, '2014-01-14', 3, '2014年1月14日，跟金融城领导小组办公室袁皞联系，了解设置金融城指示路牌事情：11月中旬欧阳市长召开的第三批土地出让协调会上明确由金融城领导小组办公室协调市交警处理。市金融城领导小组办公室之前已通过市建委路桥处与市交警对接此事，目前暂时没有下文。袁皞称有消息第一时间电话我委。', 4, '2014-01-14 16:11:37', '2014-01-14 16:11:37'),
(71, '2014-01-15', 3, '1月15日，系统升级新功能：1、日期时间选择改为中文；2、处室共享上传的文件可以删除（只能删除自己删除的资料）', 4, '2014-01-15 09:46:53', '2014-01-15 09:46:53'),
(72, '2014-01-14', 7, '上午石东村利春锦来电，问该村3宗历史留用地落实到金融城起步区集体复建地块问题的进展情况，知会他区委办(石奇珠书记)已上报请示陈如桂常务副市长；该村喜龙建材市场地块项目设计方案于昨天送市规划局(黄智)，重启审批程序；该村申报金融城起步区集体物业复建地块建设用地规划许可证及规划设计条件一案，市规划局暂无反馈意见。', 2, '2014-01-15 09:58:58', '2014-01-15 09:58:58'),
(73, '2014-01-14', 7, '下午，前往广东省铁投置业发展有限公司，对接工程部杨铭，了解金融城起步区铁投项目(AT090918地块)进展情况：①已办理投资项目备案证、招标核准意见(公开招标)；②已完成方案设计(广东省建筑设计研究院)，已经何镜堂院士审阅，正在做初步设计；③基坑委托市重点办统一开挖，目前正在做基坑支护桩(旋挖桩)；④市规划局定于2014-1-17召开专题会议，审议该设计方案，何镜堂院士将参加；⑤该公司之前向市规划局申报建设用地规划许可证，但被退案，因为金融城起步区控规未正式发布，暂不受理。', 2, '2014-01-15 10:35:27', '2014-01-15 10:35:27'),
(74, '2014-01-15', 7, '2014-1-14，对接省铁投，据了解：该公司金融城起步区项目(AT090918地块)已完成方案设计(广东省建筑设计研究院)，市规划局拟定于2014-1-17召开专题会议，审议该设计方案，何镜堂院士将参加。', 4, '2014-01-15 10:40:22', '2014-01-15 10:40:22'),
(75, '2014-01-15', 6, '2014年1月14日- 23日，广州市规划局征求《广州市社区公共服务设施设置标准（修订）》的意见，近期拟将该标准上报市政府审议。已上传至共享。', 4, '2014-01-15 12:44:37', '2014-01-15 12:44:37'),
(77, '2014-01-15', 3, '【系统升级】“规划设计-&gt;配套情况”功能已开通，可以查询小配套情况，根据小配套情况查询所在地块，建议大家使用，发现问题反馈给我', 4, '2014-01-15 14:16:05', '2014-01-15 14:16:05'),
(78, '2014-01-15', 5, '配合综合处开展2013年公开招聘政府雇员面试工作。（1月15日）', 2, '2014-01-15 16:38:50', '2014-01-15 16:38:50'),
(79, '2014-01-15', 5, '区府办转来《关于征求&lt;关于加快推动我市11个战略性发展平台的若干意见（征求意见稿）&gt;意见的函》征求我委意见。已回复区府办秘书科无意见。', 2, '2014-01-15 17:48:43', '2014-01-15 17:48:43'),
(80, '2014-01-16', 3, '2014年1月15日，就受地企业办理建设用地规划许可证一事咨询市规划局黄智，情况如下：目前控规已经市政府批复，不存在控规未颁布不受理申请的情况。但因控规条件有调整，市规划局正发函请市国土局明确是否需与第一批、第二批受地企业签订补充协议。在市国土局复函明确之前，暂不受理受地企业抵案（村复建项目不受影响）。', 4, '2014-01-16 08:43:06', '2014-01-16 08:43:06'),
(81, '2014-01-16', 3, '【系统升级】2014年1月15日，对系统作如下升级：\r\n1、地块信息添加筛选功能，可根据用地面积、计容总建面、地上计容建筑面积、用地性质、限高等条件进行筛选；\r\n2、添加“企业服务”模块，目前已开通添加机构、添加联系人两个功能\r\n3、修复“收文登记”中，收文时间、办理期限不能使用日期控件的bug', 4, '2014-01-16 08:46:05', '2014-01-16 08:46:05'),
(82, '2014-01-16', 5, '陈处请各位认真学习《关于征求&lt;关于加快推动我市11个战略性发展平台的若干意见（征求意见稿）&gt;意见的函》（穗国房函〔2014〕103号），以后写材料可以用到。', 4, '2014-01-16 11:53:22', '2014-01-16 11:53:22'),
(83, '2014-01-15', 7, '致电广东省铁投置业发展有限公司工程部杨铭：针对金融城起步区铁投项目(AT090918地块)，省铁投集团成立了由集团领导组成的领导小组负责决策，集团一位副总任组长，省铁投置业公司李红副总经理是组员之一，省铁投置业公司负责具体操作，具体事务主要由工程管理部、预算部办理，该两个部门都由李红负责分管。', 2, '2014-01-16 12:01:37', '2014-01-16 12:01:37'),
(84, '2014-01-16', 4, '广州国际金融城2013年投资额缺口5亿元，原因主要包括以下三点：1、车陂水厂未按计划收储；2、起步区征拆成本得到控制；3、市重点办负责的基础设施建设进度滞后。', 4, '2014-01-16 15:14:21', '2014-01-16 15:14:21'),
(85, '2014-01-16', 3, '【系统升级】“投资服务-&gt;项目添加”功能已完成。项目添加是用于添加土地出让信息的，每块土地出让都会建立一个项目。起步区村复建项目已默认添加，不需另外加入', 4, '2014-01-16 17:07:59', '2014-01-16 17:07:59'),
(86, '2014-01-17', 5, '1月17日9:30邀请法国著名城市雕像与公共艺术空间设计大师让-贝纳尔·梅泰先生在管委会会议室举办了《城市雕塑艺术》交流座谈会，广州市规划局、天河科技园管委会、区规划分局、区经贸局参加了座谈会。会后协助协调处报送信息简报。', 2, '2014-01-17 18:12:02', '2014-01-17 18:12:02'),
(87, '2014-01-20', 6, '2014年1月17日下午，在市规划局会议室召开金融城起步区三个地块建筑设计方案专家会，会议建议：A003地块在方案一（方形塔楼）基础上进行优化；A005-1地块在方案三基础上进行优化，顶部方形体量比例适当优化，无柱式骑楼做法不妥；A007-2地块需协调指挥中心体量关系；水街、骑楼的连续性和整体性需再作深化；沿黄埔大道塔楼风格应整体协调。', 4, '2014-01-20 09:08:32', '2014-01-20 09:08:32'),
(88, '2014-01-20', 6, '2014年1月17日下午，在市规划局会议室召开金融城起步区三个地块建筑设计方案专家会，会议建议：A003地块在方案一（方形塔楼）基础上进行优化；A005-1地块在方案三基础上进行优化，顶部方形体量比例适当优化，无柱式骑楼做法不妥；A007-2地块需协调指挥中心体量关系；水街、骑楼的连续性和整体性需再作深化；沿黄埔大道塔楼风格应整体协调。', 0, '2014-01-20 09:13:05', '2014-01-20 09:13:05'),
(89, '2014-01-17', 6, '2014年1月17日下午，何镜堂院士在市规划局会议室主持召开金融城起步区三个地块建筑设计方案专家会。会上八位专家就A003、A005-1、A007-2三个地块的建设设计方案进行了讨论和研究，建议三个方案进一步优化体块之间的体量关系、水街和骑楼的连续性再作深化、沿黄埔大道塔楼风格应一致。陈财新、曾科、田猛参加了会议。', 2, '2014-01-20 09:20:29', '2014-01-20 09:20:29'),
(90, '2014-01-17', 6, '1月17日在CBD管委会大会议室召开了法国著名雕塑家让•贝纳尔•梅泰先生建筑雕塑艺术交流座谈会，市规划局景观处、区规划分局、区静脉局、区智慧城管委会、CBD管委会等相关领导参加会议并与雕塑大师进行了深入交流。', 2, '2014-01-20 09:25:17', '2014-01-20 09:25:17'),
(91, '2014-01-16', 6, '根据与区财政局、天河投资管理公司沟通的情况，继续修改完善广州国际金融城“小配套”公共服务设施移交管理办法，进一步明确各类配套设施的移交方式。', 2, '2014-01-20 09:47:33', '2014-01-20 09:47:33'),
(92, '2014-01-14', 6, '按照张海波主任的布置要求，我处绘制了广州国际金融城起步区对外交通规划路线图，并将其添加至金融城对外招商宣传PPT中。', 2, '2014-01-20 09:50:25', '2014-01-20 09:50:25'),
(93, '2014-01-15', 4, '办理《市政府在市规划纲要办报告件上的批示》，经与区发改局、市领导小组办公室等多方对接，我委无需办理此文。', 0, '2014-01-20 10:07:12', '2014-01-20 10:07:12'),
(94, '2014-01-20', 3, '【系统升级】现在可查询“周报”情况，只需输入要查询那一周某一天的日期，就可查询该周周报。目前该功能可用，但翻页功能上存在bug', 4, '2014-01-20 17:12:15', '2014-01-20 17:12:15'),
(95, '2014-01-21', 7, '金融城起步区村民复建工作进展：\r\n1、车陂村集体物业复建项目：正在办理《建设项目用地预审意见》，原向市国土局申报，现需转由区国土局办理，村里正积极与市国土局协调相关办理手续。\r\n2、棠下村复建项目：4个复建项目完成设计招标工作；计划春节前完成修建性详细规划设计，春节后报审，3~4月做初步设计，5~6月做施工图设计，7~8月出正式施工图、完成工程量清单及施工图预算，9月进行施工总承包招标、确定施工单位。', 2, '2014-01-21 11:49:24', '2014-01-21 11:49:24'),
(96, '2014-01-21', 5, '根据张主任指示，为迎接1月22日下午市编委考察准备有关资料包。搜集整理金融城重大活动照片及注释，完成《天河中央商务区管委会重大活动图片集（金融城部分）》。', 0, '2014-01-21 15:07:08', '2014-01-21 15:07:08'),
(97, '2014-01-22', 7, '将《2014年广州国际金融城工作计划[安置类项目]》表发给棠下村、车陂村、石东村，请他们今天下午前按要求填报复建项目工作计划后发回给我。', 0, '2014-01-22 12:14:49', '2014-01-22 12:14:49'),
(98, '2014-01-21', 7, '(下午)建设开发处工作例会，我处主要业务领域：规划、征拆、工程。曾科传达昨晚天河区关于金融城开发建设工作会议的精神，会议明确了金融城起步区村民复建工作涉及所有相关问题的解决办法。', 0, '2014-01-22 15:25:40', '2014-01-22 15:25:40'),
(99, '2014-01-22', 3, '【复建投资额】根据村自己填报的数据，2014年复建房建设投资额为6.8亿元', 4, '2014-01-22 15:53:05', '2014-01-22 15:53:05'),
(100, '2014-01-22', 7, '下午，石东村、棠下村、车陂村发来填好的《2014年广州国际金融城工作计划[安置类项目]》表，汇总整理后交姚科。', 2, '2014-01-23 09:38:43', '2014-01-23 09:38:43'),
(101, '2014-01-23', 7, '下午，车陂村发来调整后重新填报的《2014年广州国际金融城工作计划[安置类项目]》表，调整汇总表后交姚科。', 0, '2014-01-23 17:18:45', '2014-01-23 17:18:45'),
(102, '2014-01-24', 6, '收集区相关职能部门1月金融城建设开发工作的最新进展情况，草拟《天河区推进广州国际金融城起步区开发建设工作进展情况汇总表（2014年1月）》，已呈至委领导。', 2, '2014-01-24 15:13:41', '2014-01-24 15:13:41'),
(103, '2014-01-23', 6, '2014年1月23日下午，何镜堂院士在市规划局会议室主持召开金融城起步区三个地块建筑设计方案专家会。会上十位专家就AT090940地块、保利金融城项目、坚红化工厂三个地块的建设设计方案进行了讨论和研究，认为金融城项目设计应该遵循城市设计的整体秩序，提出了建筑风格、立面效果等方面的具体要求和进一步优化的意见。陈财新、曾科、田猛参加了会议。', 2, '2014-01-24 15:18:45', '2014-01-24 15:18:45'),
(104, '2014-01-22', 6, '根据市金融城建设开发工作的安排，我委正会同区财政局抓紧制定《广州国际金融城起步区“小配套”公共服务设施移交方案》及其说明，待征求区财政局意见后上报区政府审核。', 2, '2014-01-24 15:20:42', '2014-01-24 15:20:42'),
(105, '2014-01-20', 6, '1月2日，市规划局对外公布实施《广州国际金融城起步区控制性详细规划》（穗规〔2014〕19号），我处将继续跟进起步区控规的最新进展情况。', 2, '2014-01-24 15:22:30', '2014-01-24 15:22:30'),
(106, '2014-01-24', 7, '上午，与何碧莹前往车陂村，对接该村金融城项目小组临时办公室苏志均，跟进该村金融城起步区集体物业复建项目(AT091017地块)推进情况。本项目小组组长：简总(董事长、村长)、麦总(副总经理)。村公司党政领导班子将于今年3月份进行换届选举，本项目重大决策预计需待换届后进行。目前正在办理用地预审手续，原向市国土局申办被退案，现转向区国土局申办。传达2014-1-20天河区关于金融城开发建设工作会议(该村简总、梁总与会)精神，现阶段村应做好建设用地规划许可证申请材料(我处发送申请材料清单供参考)准备工作，待市国土局出具替代用地预审的函件后，即可向市规划局申请《建设用地规划许可证》及规划设计条件。另外已将市隧道公司(本复建地块现实际管理单位)联系方式交苏工，村里根据前期设计工作需要可提请进场进行钻探作业，市隧道公司给予支持配合。', 2, '2014-01-24 16:36:51', '2014-01-24 16:36:51'),
(107, '2014-01-24', 3, '姚科已搜集“三旧改造”有关的三份文件，已上传至处室共享，请负责征拆复建有关工作的同事利用空余时间认真学习有关政策和规定。', 4, '2014-01-24 17:31:16', '2014-01-24 17:31:16'),
(108, '2014-02-12', 5, '下午3点，深圳平安来访我委，张主任带领投资处、建开处接待该企业。参观完展厅后，在大会议室座谈，向其介绍金融城最新动向。', 2, '2014-02-14 10:52:25', '2014-02-14 10:52:25'),
(109, '2014-02-17', 4, '关于石东村各经济社分布情况：一社为程界东村，二三四社为程界西村，五六七社为员村村，八九社为潭村，十社为甲子村。（注：喜龙砧板岗项目为石东村村属唯一物业，其余均为各社属物业）', 4, '2014-02-17 10:24:30', '2014-02-17 10:24:30'),
(110, '2014-02-17', 6, '根据区长办公会议纪要（穗天府区长会纪[2014]1号）和与亚城规划设计院沟通情况，新建区少年宫选址在金融城二期澳联玻璃厂和红砖厂区域，港澳台医疗中心选址在少年宫附近，林区提出的现代艺术馆暂无选址意向（区规划分局贺局表示暂无需考虑）。', 4, '2014-02-17 10:44:17', '2014-02-17 10:44:17'),
(111, '2014-02-14', 6, '2月12日，广州市自来水公司来文征询广州国际金融城起步区AT091003地块内环卫站及消毒站、环卫加水站配套设施的设置需求，我处将市自来水公司来文转给区城管局、员村街道办事处，请求协助提供配套设施的相关设置需求。', 2, '2014-02-17 16:22:14', '2014-02-17 16:22:14'),
(112, '2014-02-13', 6, '根据区长办公会议纪要（穗天府区长会纪[2014]1号）和与亚城规划设计院沟通情况，新建区少年宫选址在金融城二期澳联玻璃厂和红砖厂区域，港澳台医疗中心选址在少年宫附近，林区提出的现代艺术馆暂无选址意向（区规划分局贺局表示暂无需考虑）。', 2, '2014-02-17 16:22:35', '2014-02-17 16:22:35'),
(113, '2014-02-17', 5, '2月17日上午，新华保险华南区域管理中心副总经理来访， 张主任及建开处接待该企业，参观展厅后在大会议室会谈，深入介绍CBD及金融城发展情况，并探讨该企业提出的起步区开工时间、规划情况、成立项目公司等几个问题。', 2, '2014-02-18 10:10:16', '2014-02-18 10:10:16'),
(114, '2014-02-10', 4, '区府办转来《实施珠三角规划纲要2014年主要工作任务》（征求意见稿）（市规划纲要办〔2014〕5号），请我委提出意见。经研究，我委无意见。', 2, '2014-02-18 10:12:32', '2014-02-18 10:12:32'),
(115, '2014-02-14', 4, '区规划分局发来《关于征集天河区增设城市雕塑相关需求意见的函》（穗规天河〔2014〕114号），请我委提出意见。经研究，我委无意见。\r\n', 2, '2014-02-18 10:13:20', '2014-02-18 10:13:20'),
(116, '2014-02-14', 6, '2月14日下午，在区机关大院大会场召开了中国共产党广州市天河区第八届纪律检查委员会第四次全体会议，会议由区委常委、区纪委书记刘瑜梅同志代表区纪委常委会作工作报告，区委副书记、区长林道平同志传达中央、省、市纪委全会主要精神，区委书记、区人大常委会主任石奇珠同志作了重要讲话。', 2, '2014-02-18 11:30:22', '2014-02-18 11:30:22'),
(117, '2014-02-19', 4, '2014年2月19日（星期三）下午14:30分，市金融城开发建设工作领导小组办公室召开金融城开发建设工作例会，研究商讨了金融城路牌指引设置解决方案。', 2, '2014-02-21 10:35:37', '2014-02-21 10:35:37'),
(118, '2014-02-21', 6, '收集区相关职能部门2014年2月金融城建设开发工作的最新进展情况，草拟《天河区推进广州国际金融城起步区开发建设工作进展情况汇总表（2013年12月）》。', 2, '2014-02-24 08:58:15', '2014-02-24 08:58:15'),
(119, '2014-02-19', 6, '我委将与区财政局共同制定的《广州国际金融城起步区“小配套”公共服务设施移交方案》及其说明报送丘常委审阅，丘常委对方案提出修改意见，我委根据丘常委的指示于2月19日再次与区财政局进行沟通，继续修改完善“小配套”移交方案。', 2, '2014-02-24 09:39:22', '2014-02-24 09:39:22'),
(120, '2014-02-21', 6, '经征求区城管局、员村街道办事处意见，我委将广州国际金融城起步区AT091003地块内环卫站及消毒站、环卫加水站配套设施的设置需求情况汇总报送至广州市自来水公司。', 2, '2014-02-24 09:43:10', '2014-02-24 09:43:10'),
(121, '2014-02-20', 6, '区府办发来区领导在《广州市文化广电新闻出版局关于征求&lt;广州市“图书馆之城”建设规划（征求意见稿）&gt;修改意见的函》上的批示，林道平区长提出在金融城二期建图书馆等公共设施，丘常委批示请我处对接协调金融城二期配套时推进落实。', 2, '2014-02-24 09:52:16', '2014-02-24 09:52:16'),
(122, '2014-02-25', 6, '2月25日，金融城起步区控规将于本周内定稿存档；金融城二期正在编制城市设计，制作方案效果图，金融城二期控规由于不确定因素过多而暂停编制。', 4, '2014-02-25 11:08:02', '2014-02-25 11:08:02'),
(123, '2014-02-24', 6, '2月24日下午，中共广州市天河区委组织部举办党的群众路线教育大讲堂，中共中央党校党建教研部副主任、教授戴焰军同志为全区处级以上干部做了关于党的群众路线讲座。', 2, '2014-02-25 15:33:57', '2014-02-25 15:33:57'),
(124, '2014-02-25', 7, '市政务中心计划在今年3月初开始，组织“广州市建设工程项目联合审批办事指引专题培训”，经请示陈处同意，我已将我处全体人员姓名、联系电话、邮箱报至市政务中心，报名参加此项培训。具体培训时间、地点待市政务中心另行通知。', 4, '2014-02-25 15:34:06', '2014-02-25 15:34:06'),
(125, '2014-02-25', 6, '2月25日下午，我处与金融城设计团队沟通了解到金融城起步区控规将于本周内定稿存档；金融城二期正在编制城市设计，制作方案效果图，金融城二期控规由于不确定因素过多而暂停编制；金融城北区羊城创意产业园业主改造意愿强烈，初步确定为一部分改造，一部分保留，具体比例需要再协商确定。', 2, '2014-02-25 15:37:59', '2014-02-25 15:37:59'),
(126, '2014-02-25', 6, '2月25日下午，我处与金融城设计团队沟通了解到金融城北区羊城创意产业园业主改造意愿强烈，初步确定为一部分改造，一部分保留，具体比例需要再协商确定。', 4, '2014-02-25 15:40:45', '2014-02-25 15:40:45'),
(127, '2014-02-25', 6, '2月25日上午，全委召开领导班子和领导干部述职述廉报告会，并对各公务员成员表现情况进行了考核。丘卫青常委在建章立制、制度规范等方面提出了要求。', 2, '2014-02-25 15:47:20', '2014-02-25 15:47:20'),
(128, '2014-02-24', 5, '2月24日绿地营销管理部带客商到我委展厅参观，我处为其介绍金融城的情况。', 2, '2014-02-25 16:34:42', '2014-02-25 16:34:42'),
(129, '2014-02-21', 5, '2月21日区府办发来《关于报送天河区广州国际金融城项目在地综合服务工作小组成员名单的通知》，已报送以下名单至区府办综合科：陈财新处长为副组长，何碧莹为小组成员。', 2, '2014-02-25 16:54:15', '2014-02-25 16:54:15'),
(130, '2014-02-17', 5, '草拟《建设开发处走访已入驻金融城企业的工作方案》。', 2, '2014-02-25 16:58:33', '2014-02-25 16:58:33'),
(131, '2014-02-17', 7, '2014-2-17上午，与张海波副主任、曾科、何碧莹，接待新华人寿(金融城起步区第二批受地企业)黄总、吴经理。客人参观了我委金融城数字化展厅，张主任介绍了我委及金融城的概况，并解答了客人提出的有关金融城的疑问(客人聘请国际顾问公司进行专题调研后提出的问题)。\r\n2012-2-17下午，参加管委会全体人员大会。陶处传达天河区委全会(2014-1-28)精神，张主任传达领导指示、布置相关工作。', 0, '2014-02-25 17:05:38', '2014-02-25 17:05:38'),
(132, '2014-02-25', 5, '2月25日上午，珠江新城B1-3地块项目负责人韩经理（粤海）来访，请我委协调该项目用地批准书延期的问题。', 2, '2014-02-25 17:16:40', '2014-02-25 17:16:40'),
(133, '2014-02-20', 7, '2014-2-20下午，前往广州石东实业有限公司，了解该村金融城起步区复建项目进展情况。今天上午，丘卫青常委、黄国和党组召集该村研讨留用地及复建安置工作问题。关于申办复建用地建设用地规划许可证咨询案，春节前，市规划局已回复了反馈意见(即咨询案已办结)，要求该村提供留用地指标核定意见及天河区政府关于在复建地块统筹解决村留用地的处置意见。建议该村根据市规划局之前批出的关于复建地块规划情况的复函，尽快开展设计邀请招标工作。听取该村对区国土分局《关于石东村经济发展留用地问题的报告》的意见，该村要求喜龙地块项目按原规划容积率3.7建设，不予调整；40.36亩未选址村留地指标不同意落在起步区复建地块，要求在金融城二期选址，在金融城二期征拆时统筹考虑。', 2, '2014-02-25 17:35:24', '2014-02-25 17:35:24'),
(134, '2014-02-25', 4, '2月25日10:00，我处与市重点办沟通，协调区经贸局到金融城起步区推介展厅拍摄我区招商宣传片事宜。', 2, '2014-02-25 17:44:27', '2014-02-25 17:44:27'),
(135, '2014-02-21', 7, '2014-2-21下午，致电广建监理公司杨思明，了解棠下村金融城起步区复建项目进展情况，设计招标已完成，正办理中标通知书、准备签订设计合同、修详规设计，其中村民住宅复建项目预计最快下周报修详规审批；致电市规划局地规处黄智，咨询该局对石东村办理起步区复建项目建设用地规划许可证咨询案反馈意见的相关情况，其中，要求“提供天河区政府对在AT090923地块上统筹解决村留用地的处置意见”的具体要求是，根据市政府相关专题会议精神，天河区政府应提出一揽子统筹解决石东村既有留用地问题的方案(包括但不限于AT090923地块)，并报市政府审议批准。', 2, '2014-02-26 09:15:34', '2014-02-26 09:15:34'),
(136, '2014-02-24', 7, '2014-2-24上午，致电石东村利春锦，通报2014-2-21向市规划局了解到的关于该村办理起步区复建地块建设用地规划许可证咨询案反馈意见的相关情况，建议该村向天河区规划分局反映该反馈意见情况，在天河区规划分局指导下，补充完善报建资料。', 2, '2014-02-26 09:33:18', '2014-02-26 09:33:18'),
(137, '2014-02-25', 7, '2014-2-25上午，经请示陈处同意，将我处全体人员名单报至市政务中心，申请参加广州市建设工程项目联合审批办事指引专题培训，具体培训时间、地点待市政务中心另行通知；下午，建设开发处工作例会，曾科主持，传达上午管委会会议(公务员参加)精神。', 2, '2014-02-26 09:41:10', '2014-02-26 09:41:10'),
(138, '2014-02-26', 5, '2月26日上午，我处配合企服处接待扶元堂、香港兰桂坊等负责人。', 2, '2014-02-27 09:58:58', '2014-02-27 09:58:58'),
(139, '2014-02-27', 4, '《关于广州国际金融城村民复建有关工作的会议纪要（穗府会纪〔2014〕34号）》已上传，该会议纪要全面解决了金融城起步区各村复建工作有关问题，非常重要，请大家下载阅读。', 4, '2014-02-27 09:59:18', '2014-02-27 09:59:18'),
(140, '2014-02-25', 5, '2月25日，区府办发来《关于征求2014年市政府重点工作责任分工意见的函》，我处针对金融城提出以下意见：调整该项工作牵头单位为市建委，天河区政府为配合单位。', 2, '2014-02-27 10:02:13', '2014-02-27 10:02:13'),
(141, '2014-02-27', 5, '继续修改《关于继续聘请广州珠江工程建设监理有限公司为我委咨询服务机构的报告》《广州市天河中央商务区管理委员会建设工程服务简介》。', 2, '2014-02-27 16:17:34', '2014-02-27 16:17:34'),
(142, '2014-02-27', 3, '区府办发来预通知，要求我委牵头报送林道平区长2014年1月20日复建工作会议落实情况，于2014年2月27日17:00前报送。该件经张主任、丘常委、黄党组审定并报送', 0, '2014-02-27 17:23:12', '2014-02-27 17:23:12'),
(143, '2014-02-27', 6, '收集区相关职能部门2014年2月金融城建设开发工作的最新进展情况，拟定《天河区推进广州国际金融城起步区开发建设工作进展情况汇总表（2014年2月）》并送至区指挥部各领导。', 2, '2014-02-27 17:36:50', '2014-02-27 17:36:50'),
(144, '2014-02-27', 5, '根据委领导要求，草拟建设开发处建章立制目录，并提交至综合处。', 0, '2014-02-27 17:39:06', '2014-02-27 17:39:06'),
(145, '2014-02-28', 6, '企业服务处征求《广州市天河中央商务区管理办法(上交市法制办稿)》的意见，我处根据实际情况有针对性地提出增加《广州市天河中央商务区管理办法》中关于建设开发的表述内容。', 0, '2014-02-28 14:19:52', '2014-02-28 14:19:52'),
(146, '2014-02-27', 6, '2月27日，根据天河区党的群众路线有关建章立制工作的要求，我处草拟了与处室职能相关的管理制度（包括岗位职责分工与工作例会制度、档案管理与保密工作制度、信息报送制度等），待委领导审阅后编制更详尽的实施细则。', 2, '2014-02-28 14:23:56', '2014-02-28 14:23:56'),
(147, '2014-02-27', 4, '2月27日，按照林道平区长2014年1月20日召开的金融城起步区村民复建工作会议的部署和安排，根据区政府办2月26日预通知要求，我处牵头整理了金融城起步区复建工作推进情况报告，草拟《关于报送金融城起步区复建工作推进情况报告的函》并报送区政府办。', 2, '2014-03-03 09:16:13', '2014-03-03 09:16:13'),
(148, '2014-02-28', 3, '2月28日，编写林道平区长接受南方日报记者采访金融城有关问题的回答。', 2, '2014-03-03 09:18:20', '2014-03-03 09:18:20'),
(149, '2013-02-28', 4, '2月28日，区府办转来《广州市土地开发中心关于征求广州市轨道交通沿线土地储备开发方案意见的函》（穗土开函〔2014〕117号），请我委提出意见。经研究，我委无意见。', 0, '2014-03-03 09:19:36', '2014-03-03 09:19:36'),
(150, '2014-02-27', 3, '2月27日，根据区政府预通知要求，整理1月20日林区主持金融城复建工作会议布置工作的落实情况，上报区政府。', 0, '2014-03-03 09:20:25', '2014-03-03 09:20:25'),
(151, '2014-02-28', 4, '按照市金融城开发建设工作领导小组办公室要求，我处整理了《广州国际金融城开发建设工作简报（2014年1-2月）》素材，并上报市领导小组办公室。', 2, '2014-03-03 09:29:15', '2014-03-03 09:29:15'),
(152, '2014-02-28', 4, '2月28日，区府办转来《广州市土地开发中心关于征求广州市轨道交通沿线土地储备开发方案意见的函》（穗土开函〔2014〕117号），请我委提出意见。经研究，我委无意见。', 2, '2014-03-03 09:33:22', '2014-03-03 09:33:22'),
(153, '2014-02-27', 7, '2014-2-27，棠下村AT091010、AT091014地块复建项目修详规设计预计下周可报市规划局审核；AT090922地块复建项目因村领导班子外出不在，方案未能确定；村已取得区国土局关于AT091016地块复建项目先行办理建设用地规划许可证的复函，于2014-2-26向市规划局申办《建设用地规划许可证》(咨询案)。车陂村已向区国土局发函申请先行办理AT091017地块建设用地规划许可证，区国土局预计2014-2-28前可出复函。关于车陂村原临江大道东延线和车陂路南延长线道路工程留用地(6.54亩)问题，市国土局已于2014-2-19发函区政府，要求我区将相关征地资料和补偿协议送交该局研究处理。', 2, '2014-03-03 09:37:46', '2014-03-03 09:37:46'),
(154, '2014-02-26', 7, '2014-2-26上午，市国土局、市土地开发中心、虎头电池厂、车陂村开会商定，关于虎头电池厂少征多用争议问题，由虎头电池厂和车陂村共同委托市规划勘测设计院进行实地测量套图，获取虎头电池厂使用争议用地的实际数据，于3月26日再开会研究解决。', 2, '2014-03-03 09:44:53', '2014-03-03 09:44:53'),
(155, '2014-03-03', 3, '【bug修复】工作记录和周报查询不能翻页的bug已修复', 4, '2014-03-03 15:48:08', '2014-03-03 15:48:08'),
(156, '2014-03-04', 6, '3月3日，区府办转来《广州市交通委员会关于再次征求广深沿江高速公路连接线工程项目意见的函》（穗交函[2014]351号）。经研究，我委认为该项目的建设将对城市环境、区域可持续发展和社会和谐等方面产生重大而深远的不利影响，我委对该项目的规划建设持反对意见。', 2, '2014-03-04 14:40:25', '2014-03-04 14:40:25'),
(157, '2014-03-03', 7, '3月3日上午，建设开发处工作例会。', 0, '2014-03-04 15:49:28', '2014-03-04 15:49:28'),
(158, '2014-03-04', 4, '2月26日，区府办发来《关于办理广州市第十四届人民代表大会第四次会议代表建议及广州市政协十二届三次会议委员提案的通知》，请我委作为我区牵头主办单位协助市建委办理市人大代表天河区联组集中视察反映情况所提建议“关于加快解决广州国际金融城路网建设问题的建议”。3月4日，经与市建委路桥建设处廖丽萍对接，市建委已于2月24日正式发文《广州市城乡建设委员会关于市人大代表集中视察反映情况及所提建议的回复》（穗建路桥函〔2014〕501号）回复该建议，因此我区暂无需跟进办理此建议。已反馈区府办督办科钟嘉玲。', 2, '2014-03-04 16:42:01', '2014-03-04 16:42:01'),
(159, '2014-03-04', 5, '3月4日，珠江新城B1-3项目（粤海）来访，请我委协调该地块用地批准书事宜。', 2, '2014-03-04 18:28:52', '2014-03-04 18:28:52'),
(160, '2014-03-04', 3, '更新系统功能，增加项目情况功能，地块详情上添加了项目跟进情况', 0, '2014-03-05 17:03:21', '2014-03-05 17:03:21'),
(161, '2014-03-05', 3, '整理归档2月份文档', 0, '2014-03-05 17:03:52', '2014-03-05 17:03:52'),
(162, '2014-03-07', 6, '3月6日，区府办将《关于提供新建少年宫选址相关资料的函》抄送我委，林区批示：“可以提供一个初步选址图，注明即可。”，经与亚城规划设计团队沟通拿到最新的天河区少年宫选址落实情况，位于核心西区方城外右上角。', 2, '2014-03-10 09:53:34', '2014-03-10 09:53:34'),
(163, '2014-03-06', 6, '3月6日下午2点半，美国AECOM亚洲可持续发展中心石峰董事总经理一行拜访我委介绍该公司最新业务概况以及可持续发展系统整合模型，推广该公司可持续系统规划的理念，寻找潜在的合作伙伴，陈财新处长、曾科、田猛参加了接待交流。', 2, '2014-03-10 09:57:41', '2014-03-10 09:57:41'),
(164, '2014-03-07', 6, '我处根据丘常委的意见修改完善了《广州国际金融城“小配套”公共服务设施移交方案》及其说明，并且经丘常委审阅之后正式发文征求区财政局意见。', 2, '2014-03-10 10:01:25', '2014-03-10 10:01:25'),
(165, '2014-03-07', 4, '3月7日，我委代区政府拟文《关于请予支持石东村复建工作的函》并将由区政府报送至市规划局，市规划局同意据此为石东村先行办理《建设用地规划许可证》，推进起步区复建工作开展。', 2, '2014-03-10 10:16:54', '2014-03-10 10:16:54'),
(166, '2014-03-05', 4, '3月5日，市金融城办黄家添常务副主任召开金融城工作例会，研究金融城起步区路牌指引设置分工。会议议定由市重点办负责组织实施，选定专业单位并编制方案和施工，相关费用在金融城起步区基础设施建设费用中列支，天河区政府做好配合工作。', 2, '2014-03-10 10:21:27', '2014-03-10 10:21:27'),
(167, '2014-03-10', 6, '3月10日，区府办发来《关于为&lt;广州国际金融城起步区开发建设纪实&gt;提供相关素材的通知》，我处根据文件要求将相关资料发至联系人邮箱，以供其参考。', 2, '2014-03-10 15:29:21', '2014-03-10 15:29:21'),
(168, '2014-03-06', 3, '2014年3月6日，市金融办召开会议，协调2014金融白皮书的编制事宜。我区负责金融城建设情况的编写，定于3月25日前交稿', 2, '2014-03-10 16:03:54', '2014-03-10 16:03:54'),
(169, '2014-03-11', 3, '完善系统功能，添加“金融城记事”模块', 0, '2014-03-12 13:55:30', '2014-03-12 13:55:30'),
(170, '2014-03-12', 3, '【系统功能升级】目前，项目跟进功能已开发完毕。村民复建进展跟进可在“征拆复建“各村项目点”详情“进行记录。受地企业进展则在”投资服务-&gt;项目跟进”中进行记录。请各项目跟进人及时记录跟进情况信息', 4, '2014-03-12 14:01:29', '2014-03-12 14:01:29'),
(171, '2014-03-14', 6, '3月14日下午，厦门海沧投资集团有限公司一行6人在太阳新天地工作人员的陪同下前来CBD管委会参观了数字化展厅，了解珠江新城CBD城市建设进度，学习城市建设的先进经验，陈财新处长接待了相关领导，双方就感兴趣的话题进行了友好的交谈。', 2, '2014-03-17 09:25:58', '2014-03-17 09:25:58'),
(172, '2014-03-12', 6, '区政府办转来《广州港务局关于征求&lt;广州港老港区转型升级规划研究（送审稿）意见的函&gt;》，我委无意见，并反馈至区建水局。', 2, '2014-03-17 10:09:31', '2014-03-17 10:09:31'),
(173, '2014-03-11', 6, '区国土房管分局发来《关于征求解决原村办学校校舍产权问题工作方案的意见》，我委认为金融城范围内的土地实施的是全征收政策，今后将不再保留村办学校，只有配套学校。', 2, '2014-03-17 10:11:04', '2014-03-17 10:11:04'),
(174, '2014-03-14', 6, '我委将根据丘常委意见修改完善后的《广州国际金融城“小配套”公共服务设施移交方案》及其说明正式发文征求区财政局意见，区财政局反馈了五点意见，我委初步认为第一点意见不采纳，其余意见均采纳。', 2, '2014-03-17 10:13:54', '2014-03-17 10:13:54'),
(175, '2014-03-14', 6, '我委代区政府草拟了《关于报送请市规划局指导石东村喜龙（粘板岗）地块规划报建问题的函》，请市规划局在金融城二期规划中统筹考虑石东村喜龙地块的规划报建问题，建议适当提高地块建设开发强度。', 2, '2014-03-17 10:17:30', '2014-03-17 10:17:30');
INSERT INTO `cbd_work` (`id`, `work_date`, `record_person`, `content`, `state`, `create_time`, `update_time`) VALUES
(176, '2014-03-11', 6, '3月11日上午，为了配合广州市规划局开展《广州市雕塑总体规划》的编制工作，区府办何穗副主任召集相关部门召开天河区《广州市雕塑总体规划》调研工作座谈会，会议听取了各部门对广州市城市雕塑规划的意见和建议。', 2, '2014-03-17 10:20:18', '2014-03-17 10:20:18'),
(177, '2014-03-12', 6, '3月12日上午，广州市规划局张建中处长主持召开会议协调“首届世广会”两座主题雕像的移交工作，并且汇报了雕塑设置的前期工作情况，共同商议推进雕塑的报批工作。', 2, '2014-03-17 10:23:28', '2014-03-17 10:23:28'),
(178, '2014-03-12', 6, '区政府办转来广府联《关于首届世界广府人恳亲大会永久纪念雕塑&lt;故土的召唤&gt;移交广州市天河区的函》，丘常委批示由区府办告知联谊会请他们同时致函新中轴公司，请管委会配合协调。我处将持续跟进相关情况，并按委领导指示协调好相关事宜。', 2, '2014-03-17 10:28:24', '2014-03-17 10:28:24'),
(179, '2014-03-14', 4, '区府办转来市人社局《关于再次征求&lt;广州市人才资源服务产业园规划建设方案&gt;（征求意见稿）意见的函》（穗人社函〔2014〕499号），请我委认真研究提出意见。无意见，已反馈区人社局。', 2, '2014-03-18 09:22:30', '2014-03-18 09:22:30'),
(180, '2014-03-11', 7, '车陂村起步区复建项目：明确本复建项目的分管村领导是麦总；已取得区规划局关于先行办理建设用地规划许可证的复函，正与相关社沟通协调，以配合建设用地规划许可证申报资料准备工作，并拟近日向市规划局咨询办理程序等事宜。', 2, '2014-03-18 10:52:26', '2014-03-18 10:52:26'),
(181, '2014-03-14', 7, '棠下村复建项目：AT090922地块，设计方案已基本确定，正在做修详规设计；AT091010、AT091014地块，正向市规划局办理修建性详细规划的修详通电子文件审查；AT091016地块，建设用地规划许可证办理进展，市规划局已通知村里取回该申报案，并要求村里提供本项目拆迁复建量的核定文件。', 2, '2014-03-18 10:55:16', '2014-03-18 10:55:16'),
(182, '2014-03-11', 7, '石东村复建项目：关于办理建设用地规划许可证问题，村已向街道、丘常委反映相关情况，丘常委计划本周召开协调会研究解决。', 2, '2014-03-18 11:00:33', '2014-03-18 11:00:33'),
(183, '2014-03-18', 6, '按照林道平区长的指示，区文广新局代区政府行文将天河区图书馆的需求方案报送市金融城领导小组办公室审议。', 4, '2014-03-18 11:33:39', '2014-03-18 11:33:39'),
(184, '2014-03-18', 6, '按照林道平区长的指示，区文广新局代区政府行文将天河区图书馆的需求方案报送市金融城领导小组办公室审议，我委将继续跟进相关事宜。', 2, '2014-03-18 11:35:24', '2014-03-18 11:35:24'),
(185, '2014-03-21', 6, '持续跟进广府人联谊会关于在花城广场设立《故土的召唤》相关事宜，联系广府人联谊会、市规划局、越秀区政府等各单位了解最近工作推进情况。', 2, '2014-03-21 15:37:32', '2014-03-21 15:37:32'),
(186, '2014-03-20', 6, '本周负责接替何碧莹完成日常收文的工作，并完成好文件传阅以及文件归档。', 2, '2014-03-21 15:38:48', '2014-03-21 15:38:48'),
(187, '2014-03-18', 6, '收到林区在《天河区推进广州国际金融城起步区开发建设工作进展情况汇总表》上的批示，金融城二期现代艺术馆改为天河区图书馆，我处将继续跟进亚城规划团队落实相关事宜。', 2, '2014-03-21 15:41:45', '2014-03-21 15:41:45'),
(188, '2014-03-24', 4, '按照林区指示，我处草拟《关于金融城起步区路牌设置问题的报告》并报送至区府办，向林区报告我委在街道开展金融城路牌设置这一工作任务后开展的工作情况，以及该项工作目前的进展情况。', 0, '2014-03-25 10:20:53', '2014-03-25 10:20:53'),
(189, '2014-03-24', 4, '广州市第十四届人民代表大会第四次会议第2037号建议《关于加快解决广州国际金融城路网建设问题的建议》由市建委主办、我区协办，我委为该项工作的区主办单位。经会区交通局、区建水局、区规划分局研究，我委草拟《关于报送广州市第十四届人民代表大会第四次会议第2037号建议办理意见的函》并报送区府办。', 0, '2014-03-25 11:01:51', '2014-03-25 11:01:51'),
(190, '2014-03-24', 4, '区府办转来市金融办约稿函，请我委按来函要求草拟《2013广州国际金融城建设情况与2014年展望》，供制作2013年广州金融白皮书。我处已拟文并报送区府办。\r\n', 0, '2014-03-25 11:03:38', '2014-03-25 11:03:38'),
(191, '2014-03-21', 7, '印刷《广州国际金融城建设工程项目联合审批流程办事指南》(2014年3月版)共30册(第一次印刷)，拟派发给金融城起步区受地企业及拆迁安置村集体参考使用。', 2, '2014-03-25 11:08:45', '2014-03-25 11:08:45'),
(192, '2014-03-21', 7, '车陂村向市规划局咨询办理复建地块建设用地规划许可证事宜，市规划局要求按与石东村类似的方式完善报批材料。', 2, '2014-03-25 11:26:27', '2014-03-25 11:26:27'),
(193, '2014-03-26', 5, '3月26日上午，建设开发处处长带队拜访金融城受地企业广东南粤银行。双方就目前目前进展情况、计划、存在问题、需协调解决的事项、我委创新服务内容等进行交流。本次走访为我委提供进一步服务打下基础。', 2, '2014-03-26 17:22:21', '2014-03-26 17:22:21'),
(194, '2014-03-28', 5, '建设开发处处长带队拜访金融城受地企业万联证券。双方就项目进展情况、存在问题、需协调解决的事项、我委创新服务内容等进行交流。本次走访为我委提供进一步服务打下基础。', 2, '2014-03-28 11:51:12', '2014-03-28 11:51:12'),
(195, '2014-03-26', 3, '陈处指示，请大家认真学习这个月的月报，以后月报要按照本月的模式来概括，突出重要的内容，剔除无关紧要的部分；要体现其它单位的工作（有报的话）；财局的资金使用情况每月都需要有。', 4, '2014-03-28 16:12:17', '2014-03-28 16:12:17'),
(196, '2014-03-24', 6, '按照张主任的要求，绘制了广州国际金融城二期8平方公里土地现状与规划地块叠加图。', 2, '2014-03-31 09:53:58', '2014-03-31 09:53:58'),
(197, '2014-03-28', 6, '本周继续负责接替何碧莹完成日常收文的工作，并完成好文件传阅以及文件归档。', 2, '2014-03-31 09:55:46', '2014-03-31 09:55:46'),
(198, '2014-03-28', 6, '按照天河CBD管委会党的群众路线教育实践活动的要求，第一周由张主任主讲，第二周由建设开发处陈财新主讲“金融城的机遇和挑战”，我处做好讲稿撰写和PPT制作工作。', 2, '2014-03-31 10:00:54', '2014-03-31 10:00:54'),
(199, '2014-03-26', 6, '收集区相关职能部门2014年3月金融城建设开发工作的最新进展情况，拟定《天河区推进广州国际金融城起步区开发建设工作进展情况汇总表（2014年3月）》并送至区指挥部各领导。', 2, '2014-03-31 10:01:58', '2014-03-31 10:01:58'),
(200, '2014-03-27', 6, '天河区教育局发来《关于商请提供广州国际金融城二期规划出台时间的函》，经咨询市规划编制研究中心，目前金融城二期城市设计与控制性详细规划暂无明确完成时间，我处已将相关情况反馈至区教育局。', 2, '2014-03-31 10:04:00', '2014-03-31 10:04:00'),
(201, '2014-03-27', 6, '区政府办转来《广州市城市规划编制研究中心关于征求&lt;广州国际金融城二期城市设计及控制性详细规划历史文化保护规划、公共服务设施规划、旧村拆迁安置规划&gt;意见的函》，请我委牵头会相关单位收集意见并代拟复市文稿，我处正收集相关单位意见，委领导准备于3月31日召开管委会全体委员会议，专题讨论相关事宜。', 2, '2014-03-31 10:10:11', '2014-03-31 10:10:11'),
(202, '2014-03-27', 6, '持续跟进广府人联谊会关于在花城广场设立《故土的召唤》相关事宜，联系广府人联谊会、市规划局、越秀区政府等各单位了解最近工作推进情况。', 2, '2014-03-31 10:11:03', '2014-03-31 10:11:03'),
(203, '2014-03-27', 6, '接待香港岭汇集团负责人一行，并制作了金融城起步区主导功能业态控制表，发至相关企业以作参考。', 2, '2014-03-31 10:13:17', '2014-03-31 10:13:17'),
(204, '2014-04-01', 3, '群众路线教育，下午陈处讲课', 0, '2014-04-02 08:54:47', '2014-04-02 08:54:47'),
(205, '2014-04-01', 3, '陈处群众路线教育讲课PPT的修改', 0, '2014-04-02 08:55:32', '2014-04-02 08:55:32'),
(206, '2014-03-26', 4, '区政府办发来《关于征求&lt;广州市城市更新工作总体方案（2014-2020年）&gt;（征求意见稿）的函》，请我委配合区城改办认真研究提出意见。经研究，我委无意见。', 0, '2014-04-08 09:39:30', '2014-04-08 09:39:30'),
(207, '2014-04-01', 4, '区府办发来《关于报送广州国际金融城建设情况的通知》，请我委梳理广州国际金融城建设进展、存在问题及下一步措施的情况，报电子版至区府办。已发送电子版至区府办信息科。', 0, '2014-04-08 09:41:45', '2014-04-08 09:41:45'),
(208, '2014-03-24', 7, '金融城起步区棠下村复建项目：AT091010、AT091014地块于上周向市规划局报修详规审查(咨询案)，按办理时限，市规划局应于本月底出具反馈意见；AT091016地块办理建设用地规划许可证事宜，市规划局要求，需国土部门出具最终的复建量核定文件后才能办理，村已向区国土局反映；AT090922地块，正在做修详规设计。\r\n', 2, '2014-04-08 10:01:15', '2014-04-08 10:01:15'),
(209, '2014-03-24', 7, '回复区建设和水务局《天河中央商务区管委会关于提供金融城起步区建设计划及相关资料的复函》，关于棠下涌改造工程相关事宜，建议区建水局直接向市水务局、市重点办了解更详细情况。\r\n', 2, '2014-04-08 10:08:02', '2014-04-08 10:08:02'),
(210, '2014-03-25', 7, '车陂村来访管委会：村已向市国土局正式申请核定6.54亩经济发展留用地指标；虎头电池厂征地“少征多用”问题，正在进行测绘套图核查；办理建设用地规划许可证问题，类似石东村处理方式，需先由国土部门核定拆迁复建量，并由村出具承诺书，及签订关于超出拆迁复建量以外建筑面积的建设协议书(村与区土地开发中心签订)；村领导班子换届选举于昨天完成，今天正式宣布了选举结果。', 2, '2014-04-08 10:20:06', '2014-04-08 10:20:06'),
(211, '2014-03-31', 7, '金融城起步区3个旧厂固体废物污染治理项目正在进行公开招标，将于4月9日开标确定中标单位。', 0, '2014-04-08 10:32:12', '2014-04-08 10:32:12'),
(212, '2014-03-31', 7, '管委会委务会审议原则上同意与珠江监理公司续签技术咨询服务合同，待委务会会议纪要明确后再办理下一步合同签订手续。', 2, '2014-04-08 10:37:31', '2014-04-08 10:37:31'),
(213, '2014-04-02', 7, '陪同丘卫青、黄国和等区领导、区国土局、区土地开发中心、员村街道办等到石东村调研：村已完成新一届领导班子换届选举；关于金融城起步区复建地块，需与区土地开发中心签订协议，明确超出拆迁复建面积以外建筑面积的处理方式，并确定7.8亩历史留用地的落地容积率，最终以市核定的容积率计算为准；关于金融城二期安置规划，了解村诉求，征求村意见。', 2, '2014-04-08 10:55:09', '2014-04-08 10:55:09'),
(214, '2014-04-03', 7, '致电金融城起步区受地企业，了解项目目前进展情况：新华人寿、合景泰富、深圳平安、保利、省铁投。', 0, '2014-04-08 11:00:37', '2014-04-08 11:00:37'),
(215, '2014-04-03', 7, '汇总金融城起步区村集体复建项目计划信息，填报《2014年市委市政府重点工作任务分解表》。', 2, '2014-04-08 11:03:23', '2014-04-08 11:03:23'),
(216, '2014-04-04', 7, '建设开发处、企业服务处、投资促进处联合走访金融城起步区受地企业广东省铁投置业发展有限公司：计划2016年底项目建成投入使用；土地出让金及相关税费都已交齐；修详规审查咨询已完成，正在做初步设计；国土部门上个月同意进行土地出让合同变更，明确地块最终规划设计条件、地下空间补交出让金、与守鸿公司分证；关于空军控高问题，希望所有受地企业一起反应解决，由市政府牵头协调。', 2, '2014-04-08 11:33:38', '2014-04-08 11:33:38'),
(217, '2014-04-04', 6, '建设开发处处长带队拜访金融城受地企业广东省铁投置业有限公司。双方就目前进展情况、计划、存在问题、需协调解决的事项、我委创新服务内容等进行交流。本次走访为我委提供进一步服务打下基础。', 0, '2014-04-09 11:11:36', '2014-04-09 11:11:36'),
(218, '2014-04-03', 6, '持续跟进广府人联谊会关于在花城广场设立《故土的召唤》相关事宜，联系广府人联谊会、市规划局、越秀区政府等各单位了解最近工作推进情况。', 2, '2014-04-09 11:12:45', '2014-04-09 11:12:45'),
(219, '2014-03-31', 6, '丘卫青常委召开管委会全体委员会议，研究讨论《广州市城市规划编制研究中心关于征求&lt;广州国际金融城二期城市设计及控制性详细规划历史文化保护规划、公共服务设施规划、旧村拆迁安置规划&gt;意见的函》，我处会后发文征求相关单位收集意见并代拟了复市文稿。', 2, '2014-04-09 11:14:40', '2014-04-09 11:14:40'),
(220, '2014-04-01', 6, '按照天河CBD管委会党的群众路线教育实践活动的要求，第一周由张主任主讲，第二周由建设开发处陈财新主讲“金融城的机遇和挑战”，我处做好讲稿撰写和PPT制作工作。', 2, '2014-04-09 11:21:54', '2014-04-09 11:21:54'),
(221, '2014-04-03', 6, '区府办转来《广州市交通委员会关于征求广州市高快速路衔接及城市主要道路网完善工作方案有关意见的函》，我委认为鉴于这两个道路改造项目位于广州国际金融城二期规划范围，且该区域规划尚未稳定，具体规划事宜建议进一步咨询市规划部门意见。在明确具体改造方案时，建议就方案的环境影响进行详细分析、充分论证和评估。\r\n', 2, '2014-04-09 11:25:13', '2014-04-09 11:25:13'),
(222, '2014-04-04', 6, '区府办转来市府办公厅《广州市交通委员会关于开展BRT网络拓展方案研究后续工作的请示》，我处认为鉴于广州大道毗邻天河中央商务区，建议该项目的规划建设应按照以人为本、科学发展的原则，做好相关环境影响的分析论证和评价工作。该项目在线路的选择、站点的布局和设计、与地铁的有效衔接等方面需符合天河中央商务区的功能定位，不应破坏现有商业氛围和景观环境、增加天河中央商务区范围内的交通压力。\r\n', 2, '2014-04-09 11:26:04', '2014-04-09 11:26:04'),
(223, '2014-04-04', 6, '继续做好《天河中央商务区管委会党的群众路线教育实践活动各处室工作记录单》的信息收集和记录工作。\r\n', 0, '2014-04-09 11:27:03', '2014-04-09 11:27:03'),
(224, '2014-04-08', 3, '丘常委前进村调研：一是祝贺村新领导班子成立；二是就二期规划征求意见工作对村班子作出指示；三是群众路线教育征求村街班子意见', 0, '2014-04-09 14:03:30', '2014-04-09 14:03:30'),
(225, '2014-04-09', 3, '陪同丘常委拜访棠下村：一是对新领导班子表示祝贺；二是就起步区复建有关问题进行了讨论；三是讨论了二期规划问题；四是党的群众路线征求意见', 0, '2014-04-10 11:32:14', '2014-04-10 11:32:14'),
(226, '2014-04-09', 3, '拜访平安不动产，就金融城项目进展情况进行了深入交谈，向其提供了我委编制的报建指南等册子', 0, '2014-04-10 11:45:21', '2014-04-10 11:45:21'),
(227, '2014-04-10', 3, '呈批金融城起步区复建工作会议通知；联系市金融城办、市发改委，沟通解决金融城情况报送问题', 0, '2014-04-10 11:47:40', '2014-04-10 11:47:40'),
(228, '2014-04-08', 6, '继续收集各单位关于征求《广州国际金融城二期城市设计及控制性详细规划历史文化保护规划、公共服务设施规划、旧村拆迁安置规划》的意见，我处将针对各单位提出的意见进行梳理并反馈至市规划编制研究中心。', 2, '2014-04-14 11:20:12', '2014-04-14 11:20:12'),
(229, '2014-04-11', 6, '市规划局张景中处长召开会议协调雕塑设立报批事宜。我处继续跟进广府人联谊会关于在花城广场设立《故土的召唤》相关事宜，联系广府人联谊会、市规划局、市规划院等各单位了解最近工作推进情况。', 2, '2014-04-14 11:22:38', '2014-04-14 11:22:38'),
(230, '2014-04-09', 7, '上午，陪同丘卫青、黄国和等区领导及区国土分局、区规划分局等领导去棠下村调研：与村换届选举的新领导班子见面；调研金融城起步区复建工作存在的相关问题及征求对金融城二期拆迁安置规划的意见；党的群众路线教育实践活动，征求村对区的意见；从下周开始，每两周于周二下午，召集起步区村集体、区各有关职能部门参加，召开起步区复建工作例会，研究解决存在问题。会议由我处组织，会前收集各村问题，村认为无问题需反映的，可不参加例会。', 2, '2014-04-14 16:37:04', '2014-04-14 16:37:04'),
(231, '2014-04-09', 7, '下午，我处走访平安不动产有限公司广州分公司：春节前设计方案报市规划局审查，但方案被否定，现重做方案；已委托市重点办开挖土方及基坑，但因市重点办内部自身原因，基坑开挖工作现停滞，何时启动未有计划，影响本项目推进；公共地下空间设计未稳定(仍在进行设计单位招标)，影响本项目地下空间设计配合。', 2, '2014-04-14 16:48:26', '2014-04-14 16:48:26'),
(232, '2014-04-11', 7, '下午，在市规划局，参加金融城棠下村复建项目修详规审查咨询研讨会，与建管处、棠下村(及设计单位)研究修详规审查过程反馈的存在问题：12m宽规划市政路、绿地率、屋顶绿化率、面宽间距退缩不足等问题。', 2, '2014-04-14 17:09:37', '2014-04-14 17:09:37'),
(233, '2014-04-15', 4, '经向市金融城办袁皞了解，整个起步区基础设施、地下空间、市政绿化、道路建设等项目的投资总额预计为109亿元，目前已完成近4亿元。', 4, '2014-04-15 11:59:40', '2014-04-15 11:59:40'),
(234, '2014-04-15', 3, '丘常委召开起步区村民复建工作例会，明确了例会制度，对村民复建工作当前存在的问题进行了讨论研究', 0, '2014-04-16 14:04:53', '2014-04-16 14:04:53'),
(235, '2014-04-16', 3, '撰写《处室信息资源共享制度》文稿', 0, '2014-04-16 14:05:34', '2014-04-16 14:05:34'),
(236, '2014-04-16', 3, '修改《金融城复建工作会议纪要》', 0, '2014-04-16 14:06:42', '2014-04-16 14:06:42'),
(237, '2014-04-16', 5, '4月16日下午4点，珠江新城B1-1地块项目负责人来访我处，请我委协调该项目基坑支护及土方开挖工程先行施工工作。', 2, '2014-04-16 16:34:39', '2014-04-16 16:34:39'),
(238, '2014-04-17', 5, '4月17日上午，我处走访新华保险送服务上门，对该企业金融城项目的存在问题进行沟通，帮助企业解决难题。', 2, '2014-04-17 15:07:38', '2014-04-17 15:07:38'),
(239, '2014-04-15', 7, '下午，在区府1号楼9006会议室，参加有区委丘卫青常委、区府黄国和专职党组成员主持的《金融城村民住宅和集体物业复建复建工作例会》。会议确定了自本次会议起，每两周的周二下午定期召开例会的会议制度。会议讨论、研究了车陂村6.54亩争议指标核定问题、虎头电池厂历史征地范围争议问题；棠下村增加补偿款项支付问题、临江大道边集体物业复建用地交地问题、减免复建项目市政配套设施建设费问题、复建地块内规划12米宽市政公共道路问题；石东村7.8亩历史留用地落地容积率问题、申领AT090923地块用地许可证问题、砧板岗喜龙地块复建问题。会议决定，就上述问题，以区府名义行文报市规划局、市金融城办及市政府协调解决。', 2, '2014-04-21 10:02:26', '2014-04-21 10:02:26'),
(240, '2014-04-18', 7, '上午，在天河区规划分局，与江伟杰副局长、棠下村、石东村等研讨金融城起步区村集体复建工作相关问题：棠下村复建地块内规划12米宽市政公共道路问题、石东 村申领AT090923地块用地许可证问题、砧板岗喜龙地块复建问题。经研究，请棠下村、石东村进一步完善上述问题的说明材料报区规划分局与我委，以便我们向市规划局沟通、协调。', 2, '2014-04-21 10:14:01', '2014-04-21 10:14:01'),
(241, '2014-04-14', 6, '区府办转来《广州市水务局关于征求广州市生态水城建设规划（2014-2020年）和广州市生态水城建设实施方案（2014-2016年）意见的函》(穗水函〔2014〕402号)。经认真研究，我委无意见。', 2, '2014-04-23 10:42:05', '2014-04-23 10:42:05'),
(242, '2014-04-17', 6, '按照处室分工指定天河中央商务区管委会建设开发处岗位管理制度。', 2, '2014-04-23 10:43:31', '2014-04-23 10:43:31'),
(243, '2014-04-16', 6, '根据与市城投集团、市规划局景观处以及广府人联谊会沟通的情况，我处草拟了《关于协调落实“首届世广会”永久纪念雕塑建设经费的请示》，请求区政府协调解决该项目经费问题。', 2, '2014-04-23 10:45:52', '2014-04-23 10:45:52'),
(244, '2014-04-17', 6, '按照区各职能部门和街道的反馈情况，收集整理了金融城二期城市设计及控制性详细规划的意见，草拟了《关于报送广州国际金融城二期城市设计及控制性详细规划意见的函》，已呈委领导审批。', 2, '2014-04-23 10:51:38', '2014-04-23 10:51:38'),
(245, '2014-04-22', 5, '4月22日上午，黄国和党组成员带队与冼村街、经贸局、CBD管委会走访金逸传媒公司，送服务上门，帮助企业解决难题。', 2, '2014-04-23 17:43:07', '2014-04-23 17:43:07'),
(246, '2014-04-23', 5, '编制2014年金融城专项工作经费使用计划。', 2, '2014-04-23 17:44:11', '2014-04-23 17:44:11'),
(247, '2014-04-23', 4, '在丘常委、张主任带领下，我处配合投资处接待香港特别行政区中央政策组首席顾问邵善波先生一行，陪同参观数字化展厅及到金融城现场实地考察，并协调市重点办对金融城工地进展情况进行讲解。', 0, '2014-04-24 09:22:29', '2014-04-24 09:22:29'),
(248, '2014-04-22', 4, '区府办发来《关于对&lt;广州市土地房屋征收补偿指导意见（试行）&gt;（征求意见稿）意见的函》，请我委认真研究提出意见。无意见，已反馈区国土房管分局。', 0, '2014-04-24 09:25:25', '2014-04-24 09:25:25'),
(249, '2014-04-15', 4, '区府办转来《市国土房管局关于征求&lt;关于广州市国有土地上房屋征收与补偿的实施意见（修订版征求意见稿）&gt;修改意见的函》（穗国房函〔2014〕526号），请我委认真研究提出意见。无意见，已反馈区国土房管分局。', 2, '2014-04-24 09:26:30', '2014-04-24 09:26:30'),
(250, '2014-04-21', 4, '区府办转来《市水投集团关于建议广州国际金融城使用猎德污水处理厂再生水的请示》（穗水投报〔2014〕25号），请我委认真研究提出意见。无意见，已反馈区建水局。', 0, '2014-04-24 09:27:06', '2014-04-24 09:27:06'),
(251, '2014-04-22', 4, '按照4月15日丘卫青常委召开的金融城村民住宅和集体物业复建工作例会会议纪要精神，我处指导石东村草拟《广州市天河区石东村关于AT090923地块5.47万平方米建筑面积的建设承诺书》，作为石东村申报起步区AT090923地块建设用地规划许可证的依据材料之一。', 0, '2014-04-24 09:30:52', '2014-04-24 09:30:52'),
(252, '2014-04-15', 4, '区委丘卫青常委、区政府黄国和专职党组成员主持召开金融城村民住宅和集体物业复建工作例会，研究讨论金融城村民住宅和集体物业复建有关问题。会后我处根据会议决定整理出《金融城村民住宅和集体物业复建工作例会会议纪要》（穗天商管纪〔2014〕2号）。', 2, '2014-04-24 09:33:38', '2014-04-24 09:33:38'),
(253, '2014-04-25', 6, '按照区各职能部门和街道的反馈情况，收集整理了金融城二期城市设计及控制性详细规划的意见，草拟了《关于报送广州国际金融城二期城市设计及控制性详细规划意见的函》，现已报送至区府办。', 2, '2014-04-28 09:22:56', '2014-04-28 09:22:56'),
(254, '2014-04-23', 6, '根据与市城投集团、市规划局景观处以及广府人联谊会沟通的情况，我处草拟了《关于协调落实“首届世广会”永久纪念雕塑建设经费的请示》，请求区政府协调解决该项目经费问题，我处将继续跟进区领导批示。', 2, '2014-04-28 09:24:50', '2014-04-28 09:24:50'),
(255, '2014-04-25', 6, '收集区相关职能部门2014年4月金融城建设开发工作的最新进展情况，拟定《天河区推进广州国际金融城起步区开发建设工作进展情况汇总表（2014年4月）》，已呈送委领导。', 4, '2014-04-28 09:30:12', '2014-04-28 09:30:12'),
(256, '2014-04-24', 6, '收集区相关职能部门2014年4月金融城建设开发工作的最新进展情况，拟定《天河区推进广州国际金融城起步区开发建设工作进展情况汇总表（2014年4月）》，已呈委领导审定。', 2, '2014-04-28 09:34:18', '2014-04-28 09:34:18'),
(257, '2014-04-25', 5, '深圳平安投资部一行来访，与我委对该项目配套问题进行沟通。', 2, '2014-04-28 17:28:05', '2014-04-28 17:28:05'),
(258, '2014-04-21', 7, '金融城起步区棠下村AT091016复建用地申请《建设用地规划许可证》事宜，根据市规划局的反馈意见，该复建项目的安置主体为广州市天河区棠下街棠下股份合作经济联社，本次用地申请单位为广州棠下经济发展有限公司，与核定的安置主体不一致，应按核定的安置主体申请该复建安置用地，或取得区政府书面意见明确广州棠下经济发展有限公司与广州市天河区棠下街棠下股份合作经济联社的关系，并明确广州棠下经济发展有限公司为该复建安置项目的主体后，再向市规划局申请办理建设用地规划许可证手续。拟作为议题报下周金融城村集体复建工作例会研究。', 2, '2014-04-30 15:32:58', '2014-04-30 15:32:58'),
(259, '2014-04-30', 7, '车陂村：6.54亩留用地指标核定问题，市房地产测绘院、区土地开发中心、市土地开发中心已将所有相关资料提交市国土局，待市国土局批复最终意见；虎头电池厂历史征地范围争议问题，村已将区土地开发中心出具的委托函递交市房地产测绘院，待市房地产测绘院出具相关套图结果给村，村将根据该套图结果，开展下一步工作。', 2, '2014-04-30 15:41:17', '2014-04-30 15:41:17'),
(260, '2014-05-06', 6, '5月6日上午，市外办刘保春主任率调研组到天河CBD管委会学习调研，区委常委、区委办主任、天河CBD管委会主任丘卫青首先向客人介绍了天河中央商务区的发展和广州国际金融城的规划情况，并带刘保春主任一行参观了数字化展厅，观看了天河中央商务区和广州国际金融城的宣传短片。随后，双方召开了交流座谈会，就提升天河中央商务区国际化水平、加强对外交流合作等方面作了深入探讨。双方一致认为要充分发挥各自资源优势，搭建国际组织交流平台，全力支持和促进广州建设成国际化大都市。区侨外办主任林奋之、天河CBD管委会常务副主任张海波、韦成波及相关处室领导参加了会见。', 2, '2014-05-06 13:59:25', '2014-05-06 13:59:25'),
(261, '2014-05-04', 6, '收集区相关职能部门2014年4月金融城建设开发工作的最新进展情况，拟定《天河区推进广州国际金融城起步区开发建设工作进展情况汇总表（2014年4月）》，已送至区指挥部各领导。', 2, '2014-05-06 16:21:25', '2014-05-06 16:21:25'),
(262, '2014-05-07', 5, '上午，平安不动产林蕾、王侃来访，我处与其就项目公司问题的解决办法进行探讨，并给予建议。', 0, '2014-05-07 17:31:44', '2014-05-07 17:31:44'),
(263, '2014-05-27', 5, '报送《2014年珠江黄金岸线六大主要任务项目工作进展表》、《2014年珠江黄金岸线六大亮点工程项目工作进展表》至区建水局。', 2, '2014-05-27 14:46:01', '2014-05-27 14:46:01'),
(264, '2014-05-27', 5, '经了解，下周复建例会车陂村暂无需上会的新议题。', 0, '2014-05-27 14:47:05', '2014-05-27 14:47:05'),
(265, '2014-05-27', 5, '经向新华保险了解，多次上报市政府的关于项目公司报告目前仍未收到相关回复。新华保险集团副总一行拟于6月4日拜访我委。', 0, '2014-05-27 14:49:32', '2014-05-27 14:49:32'),
(266, '2014-05-16', 4, '参加区纪委监察局按照林区指示牵头开展的区工程建设领域专题廉政教育活动专题辅导会。', 0, '2014-05-29 10:42:59', '2014-05-29 10:42:59'),
(267, '2014-05-26', 4, '市人大常委会周素勤秘书长带队到天河区珠江新城实地调研《广州市城乡规划条例（草案）》二审有关情况，在CBD管委会召开实地调研座谈会，听取了市规划局郭昊羽副局长的汇报，并参观了CBD管委会的数字化展厅。张海波常务副主任进行了陪同接待。', 2, '2014-05-29 11:13:28', '2014-05-29 11:13:28'),
(268, '2014-05-27', 4, '市委组织部考核我区推进新型城市化发展有关情况，到金融城征拆现场进行实地考察，并听取了我处陈财新处长的金融城开发建设情况汇报。', 2, '2014-05-29 11:18:17', '2014-05-29 11:18:17'),
(269, '2014-05-08', 6, '按照区各职能部门和街道的反馈情况，收集整理了金融城二期城市设计成果的意见，草拟了《关于报送广州国际金融城二期城市设计成果意见的函》。', 2, '2014-05-29 11:20:00', '2014-05-29 11:20:00'),
(270, '2014-05-08', 6, '区府办转来《广州市规划局关于征求金融城起步区AT090924地块规划幼儿园有关意见的函》(穗规〔2014〕1061号)，我委牵头汇总区教育局、规划分局意见，建议从金融城起步区建设大局出发，该地块幼儿园不采取独立用地的形式设置。', 2, '2014-05-29 11:22:05', '2014-05-29 11:22:05'),
(271, '2014-05-09', 6, '区府办发来《关于天河区登记保护文物单位广州南方面粉厂旧仓库及连廊更名和调整保护对象的请示》（穗天文化〔2014〕24号），经认真研究，我委无意见。', 2, '2014-05-29 11:23:39', '2014-05-29 11:23:39'),
(272, '2014-05-07', 6, '区经贸局发来《关于征求&lt;强化天河路商圈西门户(天河体育中心西南角)形象设计&gt;意见的函》，经认真研究，我委无意见。', 2, '2014-05-29 11:24:37', '2014-05-29 11:24:37'),
(273, '2014-05-12', 6, '区府办转来区领导关于《“首届世广会”永久纪念雕像经费的请示》的批示，我委将继续对接区财政局研究落实相关经费的情况。', 2, '2014-05-29 11:27:51', '2014-05-29 11:27:51'),
(274, '2014-05-15', 6, '我委将《广州市规划局关于商请天河区政府明确金融城二期规划拆迁安置、历史文化和公共服务设施等相关材料的函》（穗规〔2014〕1171号）转去区教育局，协助提供金融城二期规划范围内现状中小学和幼儿园位置CAD文件。', 2, '2014-05-29 11:28:50', '2014-05-29 11:28:50'),
(275, '2014-05-23', 6, '在我委会议室，由天河中央商务区管委会建设开发处陈财新处长主持召开金融城起步区AT090940地块配套设施协调会，由深圳平安不动产有限公司介绍该地块配套设施的建筑设计方案，各区职能部门参会并就设计方案提出意见。', 0, '2014-05-29 11:30:44', '2014-05-29 11:30:44'),
(276, '2014-05-16', 6, '在我委会议室，由天河中央商务区管委会建设开发处陈财新处长主持召开金融城起步区AT090940地块配套设施协调会，由深圳平安不动产有限公司介绍该地块配套设施的建筑设计方案，各区职能部门参会并就设计方案提出意见。', 2, '2014-05-29 11:31:30', '2014-05-29 11:31:30'),
(277, '2014-05-16', 6, '区府办转来《广州市规划局关于再次征求&lt;广州市关于提高工业用地土地利用效率和加强监管的意见&gt;意见的函》（穗规〔2014〕1199号），经研究，我委无意见。', 2, '2014-05-29 11:32:28', '2014-05-29 11:32:28'),
(278, '2014-05-19', 6, '区府办转来《广州市城市规划编制研究中心关于征求广州国际金融城二期城市设计成果意见的函》(穗规编〔2014〕15号)，我委结合目前会办的情况，代拟了复市文稿，并报送至区府办。', 2, '2014-05-29 11:34:38', '2014-05-29 11:34:38'),
(279, '2014-05-22', 6, '区教育局发来《广州市天河区教育局关于征求天河区新建少年宫建设工作方案意见的函》（穗天教规〔2014〕187号），经研究，我委无意见。', 2, '2014-05-29 11:35:37', '2014-05-29 11:35:37'),
(280, '2014-05-22', 6, '区府办转来《广州市发展改革委关于征求广州市新型有轨电车线网规划和关于推进新型有轨电车规划建设的意见（征求意见稿）意见的函》（穗发改函〔2014〕860号），经研究，我委建议做好相关可行性研究和评估工作。', 2, '2014-05-29 11:36:33', '2014-05-29 11:36:33'),
(281, '2014-05-29', 6, '区文广新局与市规划局天河分局在天河区政府联合召开广州国际金融城二期规划区域内历史文化保护专项成果专家评审会，各单位就规划区域内历史文化遗存的保护提出了意见。', 2, '2014-05-29 11:38:41', '2014-05-29 11:38:41'),
(282, '2014-05-28', 6, '林道平区长主持召开广州国际金融城二期控制性详细规划成果协调会，市城市规划编制研究中心主任吕传廷出席并就相关问题发表了意见。', 2, '2014-05-29 11:40:40', '2014-05-29 11:40:40'),
(283, '2014-05-05', 7, '我处走访车陂村：村里已取得市房地产测绘院出具的虎头电池厂历史征地套图资料，计划办理65.4亩被征地及白沙浦涌用地套图资料后，一起向区国土分局反映解决该历史遗留问题。', 2, '2014-05-29 11:42:36', '2014-05-29 11:42:36'),
(284, '2014-05-23', 6, '广州市规划局召开金融城起步区项目专家会，与会专家就金融城起步区棠下新墟集体物业复建项目和AT090940地块项目进行了评审。', 2, '2014-05-29 11:43:20', '2014-05-29 11:43:20'),
(285, '2014-05-20', 6, '广州市编研中心吕传廷主任主持召开广州国际金融城二期城市设计和控制性详细规划成果专家评审会，各参会专家和职能部门就二期规划提出了意见和建议。', 2, '2014-05-29 11:47:54', '2014-05-29 11:47:54'),
(286, '2014-05-05', 7, '代区府办拟文《关于请协调解决金融城起步区村集体复建工作有关问题的函》报送区府办秘书科，拟上报市金融城办协调解决：①关于村集体物业复建用地移交问题；②关于石东村7.8亩历史留用地问题；③关于减免复建项目市政配套设施建设费问题。', 2, '2014-05-29 11:50:08', '2014-05-29 11:50:08'),
(287, '2014-05-07', 7, '陪同我委的建设管理技术咨询服务机构广州珠江工程建设监理有限公司，走访万联证券有限责任公司，对该公司金融城起步区项目开发建设有关问题进行交流探讨；该公司正准备选定前期策划单位；拟成立项目开发公司，再办理立项备案等报建手续。', 2, '2014-05-29 12:06:02', '2014-05-29 12:06:02'),
(288, '2014-05-08', 7, '在区府1号楼9006会议室，由丘卫青常委、黄国和专职党组成员主持召开《金融城起步区棠下村复建工作会议》，研讨AT091016地块申请建设用地规划许可证之规划许可申请单位与核定安置主体不一致问题。', 2, '2014-05-29 14:03:14', '2014-05-29 14:03:14'),
(289, '2014-05-15', 7, '《关于再次报送涉铁路建设项目情况的函》报区建水局：我委无涉铁路建设项目情况报送。\r\n关于新华人寿保险股份有限公司金融城起步区项目申请成立项目开发公司进行开发建设事宜，该公司称已经市领导原则同意，市国土房管局将于近日出函答复他们。\r\n', 2, '2014-05-29 14:49:34', '2014-05-29 14:49:34'),
(290, '2014-05-20', 7, '《天河中央商务区管委会关于对将棠下村集体物业安置面积缺口转移到“黄岗头”地块意见的复函》报区府办。\r\n在区机关大院1号楼9006会议室，丘卫青常委、黄国和专职党组成员主持召开金融城村民住宅和集体物业复建工作例会，研讨车陂村涉及办理金融城起步区集体物业复建项目建设用地规划许可证相关问题：由区国土房管分局负责，继续协调市国土房管局，对车陂村6.54亩历史留用地指标核定问题尽快做出批复；由天河CBD管委会和区府办负责，参考石东村模式对超出复建安置面积建设承诺书进行修改，经车陂村同意后，由车陂村正式签署承诺书，并据此向市规划局申请建设用地规划许可证。', 2, '2014-05-29 15:07:19', '2014-05-29 15:07:19'),
(291, '2014-05-22', 7, '陪同企业服务处接待奥雅纳工程顾问公司，该公司来了解天河CBD潜在项目信息，需求项目合作机会。', 2, '2014-05-29 15:25:40', '2014-05-29 15:25:40'),
(292, '2014-05-23', 7, '陪同我委的建设管理技术咨询服务机构广州珠江工程建设监理有限公司，走访广东南粤银行广州分行，对该行金融城起步区项目开发建设有关问题进行交流探讨；该行计划聘请项目管理公司协助进行开发建设管理，近期将开展立项备案、方案设计招标等工作。', 2, '2014-05-29 15:50:26', '2014-05-29 15:50:26'),
(293, '2014-05-22', 7, '根据2014-5-20金融城村民住宅和集体物业复建工作例会精神，我处草拟《广州市天河区车陂村关于AT091017地块的建设承诺书(稿)》经黄国和专职党组成员审阅，并交车陂村征求意见。', 2, '2014-05-29 16:07:01', '2014-05-29 16:07:01'),
(294, '2014-05-26', 7, '金融城起步区车陂村集体物业复建用地交地相关问题：村里已与市金融城办沟通好，由市金融城办对接市土地开发中心协调市规划局提供该地块的坐标数据，以便村里安排测量放线确定地块的具体范围，村里已委托市规划勘测设计院届时进行放线。', 2, '2014-05-29 17:04:01', '2014-05-29 17:04:01'),
(295, '2014-05-27', 7, '关于区府发文请市金融城办协调解决石东村7.8亩留用地指标落地容积率及起步区复建项目减免市政配套设施费事宜，市金融城办已于上周发函征求市规划局、市国土房管局、市“三旧办”、市土地开发中心等部门意见，待上述部门提出意见后，市金融城办再函复我区。', 2, '2014-05-30 09:22:49', '2014-05-30 09:22:49'),
(296, '2014-05-30', 7, '我处走访广州联鸿实业投资有限公司(金融城起步区AT090902地块现场)。本项目已办理立项备案、招标核准、先行开挖土方的批复、地铁公司对基坑方案的审核意见，计划7月份基坑开工。目前准备报修详规设计审查(咨询案)。', 2, '2014-05-30 11:52:14', '2014-05-30 11:52:14'),
(297, '2014-05-29', 5, '根据录音文件整理《关于5月28日林区主持金融城二期控规协调会的报告》。', 0, '2014-05-30 14:38:38', '2014-05-30 14:38:38'),
(298, '2014-05-28', 5, '市水务局发来《关于征求中心城区水更清建设项目及战略性发展平台内污水设施投资主体意见的函》。已发函至区建水局，我委无意见。', 2, '2014-05-30 15:59:59', '2014-05-30 15:59:59'),
(299, '2014-05-27', 7, '与广州珠江工程建设监理有限公司签订《广州国际金融城起步区开发建设管理技术咨询服务合同》(续签)，自2014年6月1日起，合同期一年。', 0, '2014-06-03 09:35:39', '2014-06-03 09:35:39'),
(300, '2014-06-04', 5, '区法制办转来《于广州市建设项目占用水域管理办法（送审稿）》征求我委意见。无意见，已函复区法制办。', 2, '2014-06-04 09:29:09', '2014-06-04 09:29:09'),
(301, '2014-05-30', 6, '省铁投集团发函我委征求广州国际金融城起步区AT909018地块公共服务配套设施的意见，我委根据相关配套设施的建设标准原则同意该地块配套设施的设置情况。', 2, '2014-06-06 09:24:25', '2014-06-06 09:24:25'),
(302, '2014-05-29', 6, '区府办转来《市规划局关于征求《广州市基本生态控制线管理规定征求意见稿》意见的函》，经研究我委无意见。', 2, '2014-06-06 09:25:11', '2014-06-06 09:25:11'),
(303, '2014-06-05', 5, '根据6月3日下午金融城村民住宅和集体物业复建工作例会\r\n整理会议纪要。', 0, '2014-06-06 09:29:02', '2014-06-06 09:29:02'),
(304, '2014-06-06', 6, '深圳平安不动产有限公司发函征求我委关于广州国际金融城起步区AT909040地块公共服务配套设施的意见，我委根据员村街及相关职能部门意见对设计方案提出了修改意见并反馈至该公司。', 2, '2014-06-06 09:30:34', '2014-06-06 09:30:34'),
(305, '2014-06-05', 6, '我委根据5月28日林道平区长召开的金融城二期控规协调会精神草拟了相关会议参会报告，拟呈丘常委阅示。', 2, '2014-06-06 09:31:55', '2014-06-06 09:31:55'),
(306, '2014-06-06', 5, '区法制办发来《天河区法定招标规模以下财政性投资建设工程项目发包暂行管理办法（修订稿）》（送审稿）征求我委意见。已反馈综合处无意见。', 2, '2014-06-09 15:32:57', '2014-06-09 15:32:57'),
(307, '2014-06-09', 5, '区法制办发来《广州市行政机关负责人出庭应诉暂行规定》再次征求意见。无意见，已反馈综合处。', 0, '2014-06-09 15:33:39', '2014-06-09 15:33:39'),
(308, '2014-06-09', 3, '到合景、绿地工地拜访，了解项目进展情况', 0, '2014-06-10 08:58:26', '2014-06-10 08:58:26'),
(309, '2014-06-09', 3, '完成上半年工作总结的撰写', 0, '2014-06-10 08:58:50', '2014-06-10 08:58:50'),
(310, '2014-06-11', 5, '根据区发改局《关于报送“新广州 新商机”重大项目招商推介会签约项目进度的函》要求报送绿地、长江项目进度。', 2, '2014-06-11 16:44:26', '2014-06-11 16:44:26'),
(311, '2014-06-03', 7, '在区机关大院2号楼1015会议室，区政府黄国和专职党组成员主持召开金融城村民住宅和集体物业复建工作例会，研究棠下村以棠下经济联社为金融城起步区复建项目报建主体并委托棠下经济发展公司进行招标及建设问题。', 2, '2014-06-12 11:39:32', '2014-06-12 11:39:32'),
(312, '2014-06-11', 4, '陈如桂常务副市长带队前往广州国际金融城开展实地调研，分别视察了位于员村二横路的小产权房现场和员村五横路的污水管迁改施工现场，并在金融城推介展示中心的会议室召开协调座谈会，市建委、市金融办、市国土房管局、市重点办等市有关部门以及天河区政府、天河中央商务区管委会负责人参加了会议。会上，陈如桂常务副市长听取了天河区委丘卫青常委、市金融城开发建设工作领导小组办公室黄家添常务副主任、市重点办陈加猛主任、市编研中心吕传廷主任等关于金融城开发建设过程中存在问题的汇报，并提出了解决意见和指示。', 2, '2014-06-13 09:17:18', '2014-06-13 09:17:18'),
(313, '2014-06-13', 3, '2014年6月11日，广州市重点办就“广州国际金融城起步区I-a区公共部分地下空间及市政工程”进行勘察设计招标。Ⅰ-a区范围北至黄埔大道，南至花城大道（金融城内的花城大道），东至车陂路，西至科韵路，用地面积约41.3公顷。广州市重点办就“广州国际金融城起步区I-a区公共部分地下空间及市政工程”进行勘察设计招标。Ⅰ-a区范围北至黄埔大道，南至花城大道（金融城内的花城大道），东至车陂路，西至科韵路，用地面积约41.3公顷', 4, '2014-06-13 09:50:30', '2014-06-13 09:50:30'),
(314, '2014-06-13', 3, '花城大道起步区段西起科韵路，东接车陂路，设计时速50公里，道路全长1970米，分为地上道路和隧道两部分，地面部分含机动车道、自行车道、步行道路和绿化带，为1570米，隧道段由敞开式隧道和下穿式隧道两部分组成，敞开式隧道长720米，下穿式隧道长2290米', 4, '2014-06-13 09:51:54', '2014-06-13 09:51:54'),
(315, '2014-06-13', 3, '根据广州市发改委关于广州国际金融城起步区公共部分地下空间工程项目建议书的批复文件显示，地下空间主体工程为地下五层，总建筑面积约37.7万平方米。其中，地下商业面积21万平方米（含公共人行通道面积7万平方米），地下车库面积10.8万平方米，规划停车位2700个。', 4, '2014-06-13 09:54:50', '2014-06-13 09:54:50'),
(316, '2014-06-13', 4, '完善管委会大事记（5月），并报综合处。', 0, '2014-06-13 10:00:05', '2014-06-13 10:00:05'),
(317, '2014-06-17', 6, '6月16日上午，我处在管委会会议室召开金融城起步区“小配套”公共服务设施移交方案专题研讨会。区发改局、区财政局、区建水局、市国土房管局天河分局、市规划局天河分局、区法制办等单位相关负责同志参加了会议。会议就小配套移交方案涉及到的相关问题进行了讨论。', 2, '2014-06-17 09:04:04', '2014-06-17 09:04:04'),
(318, '2014-06-09', 6, '区府办转来区领导在《广州国际金融城开发建设工作领导小组办公室关于广州国际金融城起步区“小配套”公共服务设施移交方案的意见》上的批示，我处拟按照丘常委的指示先召集相关单位初议一次，接下来常委再开会协调相关疑难问题。', 2, '2014-06-17 09:12:15', '2014-06-17 09:12:15'),
(319, '2014-06-10', 6, '亚城规划设计研究院发来金融城二期“小配套”公共服务设施落实情况统计表，我委将根据规划落实配套设施的情况继续与规划团队保持良好的沟通。', 2, '2014-06-17 09:14:49', '2014-06-17 09:14:49'),
(320, '2014-06-11', 6, '我处草拟了《广州市天河中央商务区管理委员会关于请区政府明确广州国际金融城起步区公共服务配套设施建筑面积的请示》上报区政府，拟请区政府明确金融城起步区配套设施的面积为确定数字，各单位应就其他具体设置方式提出意见。', 2, '2014-06-17 09:17:16', '2014-06-17 09:17:16'),
(321, '2014-06-11', 6, '我委召集广府人联谊会、市城投集团研究探讨《故土的召唤》纪念雕像移交事宜，按照区领导的批示精神，我委将继续做好协调工作，跟踪落实好纪念雕像的移交、建设工作。', 2, '2014-06-17 09:34:08', '2014-06-17 09:34:08'),
(322, '2014-06-09', 7, '上午，电话对接金融城起步区第二批受地企业南粤银行、万联证券、新华人寿保险，了解其项目推进情况，南粤银行：已收地，正在协调有关缴纳土地出让金利息问题，因规划调整，市规划局要求该行与市国土局签订补充合同明确后，再申请办理建设用地规划许可证，准备进行方案设计招标；万联证券：拟成立项目公司进行开发建设，已确定前期策划单位，正在物色设计单位；新华人寿保险：已收地，正与市层面协调解决成立项目公司进行开发建设问题。\r\n下午，走访金融城起步区合景项目、绿地项目现场，了解施工进展情况，两个项目都已确定施工总承包单位，正在进行基坑土方开挖工程。', 2, '2014-06-17 11:01:58', '2014-06-17 11:01:58'),
(323, '2014-06-10', 7, '根据委领导关于开展学习培训活动的要求，上午在我委大会议室举办《项目建设报建报批验收指引》专题讲座，由我委聘请的建设管理技术咨询服务单位“广州珠江工程建设监理有限公司”蔡经理等主讲。', 2, '2014-06-17 11:04:16', '2014-06-17 11:04:16'),
(324, '2014-06-17', 3, '【系统更新】增加了小配套设施的需求单位字段，目前在查看地块信息时，在小配套设施里会显示需求部门信息', 4, '2014-06-17 11:35:26', '2014-06-17 11:35:26'),
(325, '2014-06-18', 6, '我已在建设开发处共享中上传了最新修订（6月18日更新）的金融城二期控制性详细规划，各位同事可以下载查看。', 4, '2014-06-18 11:24:27', '2014-06-18 11:24:27');
INSERT INTO `cbd_work` (`id`, `work_date`, `record_person`, `content`, `state`, `create_time`, `update_time`) VALUES
(326, '2014-06-13', 5, '与长江、绿地、保利、新华等企业保持联系，了解项目最新情况。', 2, '2014-06-18 14:14:53', '2014-06-18 14:14:53'),
(327, '2014-06-10', 4, '市金融城开发建设工作领导小组办公室召开会议，组织相关单位做好6月11日上午陈如桂常务副市长调研金融城现场相关工作。', 2, '2014-06-18 17:09:42', '2014-06-18 17:09:42'),
(328, '2014-06-17', 4, '区府办发来《关于做好区八届人大四次会议代表审议政府工作报告意见建议办理工作的通知》，请我委将相关情况报送给提出建议的代表以及区府办。我处承办钟浩华代表提出的34号建议，经征求各协助单位意见，已拟函报送相关情况。', 2, '2014-06-18 17:22:45', '2014-06-18 17:22:45'),
(329, '2014-06-19', 6, '继续收集区各职能部门上报的我委的2014年上半年金融城工作总结，拟将各部门工作情况汇总并上报区领导审阅。', 0, '2014-06-20 14:55:15', '2014-06-20 14:55:15'),
(330, '2014-06-20', 6, '我处就广州国际金融城AT090908地块配套设施情况与合景泰富（广州穗荣房地产开发公司）进行沟通对接，进一步协调配套设施的设计方案。', 2, '2014-06-20 14:58:13', '2014-06-20 14:58:13'),
(331, '2014-06-19', 6, '区府办转来《广州市规划局关于征求广州国际金融城二期控制性详细规划成果意见的函》，我委将按照区府办的要求收集汇总区各职能部门意见后，草拟复市文稿回复市规划局。', 2, '2014-06-20 15:02:23', '2014-06-20 15:02:23'),
(332, '2014-06-20', 5, '编制2015年金融城专项工作经费的预算。', 2, '2014-06-20 15:30:21', '2014-06-20 15:30:21'),
(333, '2014-06-20', 5, '报送珠江黄金岸线月报至区建水局。', 2, '2014-06-20 16:15:00', '2014-06-20 16:15:00'),
(334, '2014-06-20', 5, '配合综合处，报送招商引资中抢占三个制高点企业（项目）。', 0, '2014-06-20 16:16:22', '2014-06-20 16:16:22'),
(335, '2014-06-20', 5, '如需找区国土局具体事项（文件）主办人员，直接联系该局办公室85551718（小段），请他查询，可少走弯路。', 4, '2014-06-20 16:41:30', '2014-06-20 16:41:30'),
(336, '2014-06-24', 6, '最新的金融城二期效果图上传至处室共享中--规划--广州国际金融城二期城市设计及控制性详细规划文件夹', 4, '2014-06-24 09:02:20', '2014-06-24 09:02:20'),
(337, '2014-06-25', 4, '截至目前，起步区已开挖土方50多万立方米，施工面积约14万平方米。', 4, '2014-06-25 09:22:59', '2014-06-25 09:22:59'),
(338, '2014-06-25', 5, '报送《关于2014年第一季度万庆良同志主持召开的市委办公会议决定事项情况表》关于广州金融博物馆资金落实情况至区委办督办科。', 0, '2014-06-25 10:24:57', '2014-06-25 10:24:57'),
(339, '2014-06-23', 5, '经研究，我处对《关于征求&lt;天河区政府投资建设项目规范管理风险防控效能监察实施意见（二次征求意见稿）意见的通知&gt;》无意见，已反馈综合处。', 0, '2014-06-25 10:32:01', '2014-06-25 10:32:01'),
(340, '2014-06-24', 5, '市国资委发来《关于请协助提供在穗重大投资项目情况及存在问题的函》，已将绿地、粤海报送的表格汇总至投资处。', 2, '2014-06-25 10:33:28', '2014-06-25 10:33:28'),
(341, '2014-06-25', 5, '根据区委办发来《决策督查事项办理通知书（穗委督字〔2014〕129号）》，请我委报送关于广州金融博物馆资金落实情况至区委办督办科。', 2, '2014-06-25 10:38:24', '2014-06-25 10:38:24'),
(342, '2014-06-18', 7, '上午，我处走访广东保利房地产开发有限公司，了解该公司在金融城起步区两个项目的建设进展情况及存在问题：A005-2地块项目基坑土方开挖工程由市重点办负责，已出土约7万立方米，基坑交付时间比原计划延误已超过3个月；A007-1地块项目基坑开挖工程，受员村五横路污水管迁移工作未完成影响，暂无法展开。', 2, '2014-06-25 12:05:15', '2014-06-25 12:05:15'),
(343, '2014-06-18', 4, '走访保利集团，就项目推进情况、开发报建面临的问题进行了交流。', 0, '2014-06-25 14:17:04', '2014-06-25 14:17:04'),
(344, '2014-06-17', 4, '为做好广州市“2+3+11”平台建设现场会暨重大项目开工（竣工）动员会筹备工作，报送金融城平台发展简介、石东村复建房、长江集团、绿地集团等项目的进展情况和计划。', 2, '2014-06-25 14:27:26', '2014-06-25 14:27:26'),
(345, '2014-06-25', 9, '综合处修改发文流程，具体为：处室拟稿人签名——处室核稿人签名——处室处长签名——综合处审稿人签名（此处的签名人为邹处或叶处，具体操作这一环节的人是小麦，各处室的文呈送完给处长后就要直接给小麦，由她对文件的格式、字词语句、文种等当面进行把关，并将文呈送给邹处或者叶处签名后，将文件退回所在拟文处室，由拟文处室继续呈送给委领导）——分管委领导签名——常务副主任签名——主任签名。', 4, '2014-06-25 18:18:01', '2014-06-25 18:18:01'),
(346, '2014-06-26', 6, '收集区相关职能部门2014年6月金融城建设开发工作的最新进展情况，拟定《天河区推进广州国际金融城起步区开发建设工作进展情况汇总表（2014年6月）》，已呈送委领导审阅。', 2, '2014-06-30 09:23:54', '2014-06-30 09:23:54'),
(347, '2014-06-27', 6, '继续对接市城投集团落实广府人雕像经费的相关事宜。', 2, '2014-06-30 09:25:47', '2014-06-30 09:25:47'),
(348, '2014-06-25', 6, '协助区府办收集、制作国务院督导组来穗调研相关资料和PPT。', 0, '2014-06-30 09:27:03', '2014-06-30 09:27:03'),
(349, '2014-06-26', 6, '根据区相关职能部门上报的2014年上半年金融城建设开发工作的情况，汇总完成了《广州国际金融城2014年上半年开发建设工作的报告》，已呈委领导审阅。', 2, '2014-06-30 09:28:52', '2014-06-30 09:28:52'),
(350, '2014-06-26', 5, '红橡国际冷热联供有限公司来访，我处向其介绍金融城项目概况。', 2, '2014-06-30 09:36:54', '2014-06-30 09:36:54'),
(351, '2014-06-25', 4, '区府办发来《关于办理区八届人大四次会议人大代表议案、建议和区政协第七届委员会第四次会议政协提案的通知》，请我委根据通知分工做好提案建议办理工作。我处负责第2037号人大代表建议“关于继续加快推进天河区‘三旧’改造工作的建议”，已将2037号建议答复报至综合处。', 2, '2014-06-30 15:00:10', '2014-06-30 15:00:10'),
(352, '2014-06-25', 4, '6月25日，徐少华常务副省长、陈建华市长等省市领导陪同国家住房城乡建设部齐骥副部长带队的国务院第八督察组一行调研广州国际金融中心，在CBD管委会数字化展厅观看了广州天河CBD招商宣传片，并听取了林道平区长关于广州国际金融城开发建设情况的汇报。我处配合草拟了林区汇报稿和金融城开发建设情况简介，并提供了照片、图片等相关素材。', 2, '2014-06-30 15:03:17', '2014-06-30 15:03:17'),
(353, '2014-06-26', 4, '草拟《天河中央商务区管委会深入群众开展优质服务活动》正面材料。', 0, '2014-06-30 15:07:09', '2014-06-30 15:07:09'),
(354, '2014-07-01', 7, '下午，在区机关大院2号楼1015会议室，区政府黄国和专职党组成员主持召开金融城村民住宅和集体物业复建工作例会，研究讨论棠下村集体土地征收补充协议存在问题、棠下村集体土地围蔽工程问题、石东村电话、宽带网、有线电视等费用票据问题、金融城二期工作有关问题。CBD管委会、区法制办、区人力资源社会保障局、区建设水务局、市国土房管局天河区分局、区城市更新改造工作办公室、市规划局天河分局、棠下街道办等单位负责人参加了会议。', 2, '2014-07-02 15:04:16', '2014-07-02 15:04:16'),
(355, '2014-07-02', 3, '为便于事后查阅，大家今后在记录来文办理情况（协办或复函）时，请遵循”3W“原则，即：什么时间（when）、与谁对接沟通（who）、明确什么事情（what）。记录应简洁明了，但要点不能遗漏（记录时间与对接时间为同一天时，可不注明对接时间）。', 4, '2014-07-02 16:09:07', '2014-07-02 16:09:07'),
(356, '2014-07-02', 4, '省编办潘享清主任到天河区开展重大发展战略平台调研，我处配合落实金融城起步区实地调研环节的接待、汇报等有关工作。', 2, '2014-07-03 11:36:01', '2014-07-03 11:36:01'),
(357, '2014-07-03', 5, '区建水局发来《关于征求2014年天河区电网建设工作实施方案及2014年天河区电网建设工作任务书意见的函》，反馈协调处无意见。', 0, '2014-07-04 17:22:48', '2014-07-04 17:22:48'),
(358, '2014-07-02', 5, '报送长江、绿地新广州新商机项目进展至区发改局。', 2, '2014-07-04 17:23:13', '2014-07-04 17:23:13'),
(359, '2014-07-04', 5, '梳理二次装修工程涉及有关审批事项。', 2, '2014-07-04 17:23:45', '2014-07-04 17:23:45'),
(360, '2014-07-04', 6, '收集汇总区各职能部门上报我委的2014年上半年金融城工作总结，形成了天河区金融城开发建设工作总结的报告，现已呈委领导审阅。', 2, '2014-07-07 09:02:28', '2014-07-07 09:02:28'),
(361, '2014-07-03', 6, '继续收集整理天河区各职能部门关于广州国际金融城二期控制性详细规划成果的意见，代区政府拟定了复市文稿。', 2, '2014-07-07 09:05:57', '2014-07-07 09:05:57'),
(362, '2014-07-02', 7, '下午，车陂村代表来访，向我处反映村民对该村金融城起步区集体物业复建工作的诉求，并共同研讨该村签署复建项目建设承诺书相关问题。', 2, '2014-07-08 09:32:06', '2014-07-08 09:32:06'),
(363, '2014-07-07', 4, '我处配合投资处接待香港恒基兆业集团，准备了相关图片等资料，参与座谈会后陪同企业考察金融城现场并作了相关介绍。', 2, '2014-07-08 11:46:30', '2014-07-08 11:46:30'),
(364, '2014-07-09', 7, '上午，陪同张副主任接待来访的佛奥集团有限公司何总、谭总。该公司反映其珠江新城佛奥广场项目包括多种不同类型业态，即将分期竣工，拟申请按不同业态分期办理竣工验收手续，请我委协调区环保局等相关职能部门予以支持。请他们书面来函我委说明情况，并抄送区政府，我委再协助其与区相关职能部门对接。', 2, '2014-07-11 09:36:53', '2014-07-11 09:36:53'),
(365, '2014-07-14', 9, '市规划局7月7日批准了AT090918地块（城际中心）修建性详细规划，并于7月12日在网上进行了公示。', 4, '2014-07-14 09:30:22', '2014-07-14 09:30:22'),
(366, '2014-07-09', 6, '收集汇总区各职能部门上报我委的2014年上半年金融城工作总结，形成了天河区金融城开发建设工作总结的报告，现已呈送区指挥部领导。', 2, '2014-07-14 10:21:14', '2014-07-14 10:21:14'),
(367, '2014-07-07', 5, '编制企业二次装修审批流程图、说明等相关资料。', 2, '2014-07-14 11:16:35', '2014-07-14 11:16:35'),
(368, '2014-07-16', 9, '综合处发来新版请（休）假表格，已上传到处室OA共享上，大家可以按需填写。', 4, '2014-07-16 11:06:16', '2014-07-16 11:06:16'),
(369, '2014-07-17', 4, '按照张主任指示，外出拍摄东塔、绿地中心、汉能集团等CBD范围内重大项目或重点企业实景照片，并发送给区委办。', 2, '2014-07-18 16:31:36', '2014-07-18 16:31:36'),
(370, '2014-07-18', 6, '已收集整理天河区各职能部门关于广州国际金融城二期控制性详细规划成果的意见，代区政府拟定了复市文稿，现已呈委领导审定。', 2, '2014-07-21 09:54:57', '2014-07-21 09:54:57'),
(371, '2014-07-18', 6, '收集区相关职能部门2014年7月金融城建设开发工作的最新进展情况，拟定《天河区推进广州国际金融城起步区开发建设工作进展情况汇总表（2014年7月）》，已呈送委领导审阅。', 2, '2014-07-21 09:56:04', '2014-07-21 09:56:04'),
(372, '2014-07-18', 3, '市金融城建设开发工作领导小组办公室召开会议，就起步区第二批受地企业项目推进及成立项目公司问题进行了讨论协调。会议议定由市金融办进一步完善第二批受地企业成立项目公司实施方案，报市金融城建设开发工作领导小组审定', 2, '2014-07-21 10:12:25', '2014-07-21 10:12:25'),
(373, '2014-07-19', 4, '泰康人寿陈东升董事长一行8人到我委数字化展厅参观金融城沙盘，我处接待并进行了介绍。', 2, '2014-07-21 16:37:20', '2014-07-21 16:37:20'),
(374, '2014-07-22', 4, '草拟《广州国际金融城发展情况介绍》，供区委办制作李贻伟副书记调研天河区石书记汇报材料。', 2, '2014-07-23 11:26:39', '2014-07-23 11:26:39'),
(375, '2014-07-24', 6, '我已在建设开发处共享中上传了最新金融城二期控制性详细规划技术文件（7月23日更新版），欢迎下载学习。', 4, '2014-07-24 11:47:18', '2014-07-24 11:47:18'),
(376, '2014-07-24', 4, '我委配合区府办做好我区2014年上半年经济分析会现场参观活动有关工作，我处落实金融城起步区现场点的参观和讲解，并提供500字背景材料。', 2, '2014-07-24 17:24:15', '2014-07-24 17:24:15'),
(377, '2014-07-21', 5, '向区建水局报送珠江黄金岸线7月月报。', 2, '2014-07-25 14:38:10', '2014-07-25 14:38:10'),
(378, '2014-07-25', 6, '由广州市城市规划编制研究中心吕传廷主任在广东迎宾馆白云厅主持召开广州国际金融城二期控制性详细规划成果终审专家审查会，规划编制团队对金融城二期规划的编制情况作了汇报，与会专家进行了研讨并提出了评审意见。', 2, '2014-07-25 16:12:50', '2014-07-25 16:12:50'),
(379, '2014-07-25', 6, '收集区相关职能部门2014年7月金融城建设开发工作的最新进展情况，拟定《天河区推进广州国际金融城起步区开发建设工作进展情况汇总表（2014年7月）》，已呈送金融城建设开发指挥部各领导。', 2, '2014-07-25 16:13:54', '2014-07-25 16:13:54'),
(380, '2014-07-23', 6, '已收集整理天河区各职能部门关于广州国际金融城二期控制性详细规划成果的意见，代区政府拟定了复市文稿，现已报送至区府办秘书科。', 2, '2014-07-25 16:14:49', '2014-07-25 16:14:49'),
(381, '2014-07-26', 4, '配合公共事务协调处做好首届“声动CBD”海选比赛场务工作。', 2, '2014-07-28 09:43:01', '2014-07-28 09:43:01'),
(382, '2014-07-23', 7, '上午，与我委建设管理技术咨询服务机构广州珠江工程建设监理有限公司一同，走访新华人寿保险股份有限公司广东分公司，了解该公司金融城起步区项目开发建设进展情况，对有关问题进行交流探讨。该公司正在办理项目公司工商注册手续，正在进行招标代理机构的比选确定工作。该公司反映：起步区地下空间规划设计迟迟未稳定，影响本项目方案设计计划；未经该公司同意，地块内被他人堆放大量土方及安放机械设备进行洗沙作业，希望有关行政职能部门协助解决要求责任方尽快清运土方问题并收回场地。', 2, '2014-07-28 14:57:19', '2014-07-28 14:57:19'),
(383, '2014-07-25', 9, '由广州市城市规划编制研究中心吕传廷主任在广东迎宾馆白云厅主持召开广州国际金融城二期控制性详细规划成果终审专家审查会，规划编制团队对金融城二期规划的编制情况作了汇报，与会专家进行了研讨并提出了评审意见。', 0, '2014-07-28 15:22:29', '2014-07-28 15:22:29'),
(384, '2014-07-28', 6, '已上传广州国际金融城规划建设专责小组成员名单，今后如果企业或者相关单位咨询金融城规划建设情况，可以让他们联系相关专责小组的牵头单位。', 4, '2014-07-28 16:47:10', '2014-07-28 16:47:10'),
(385, '2014-07-29', 6, '现已更新金融城二期城市设计、控制性详细规划及效果图的最新版本，请于处室共享--规划--二期规划中下载学习。', 4, '2014-07-29 10:56:44', '2014-07-29 10:56:44'),
(386, '2014-07-29', 5, '报送《2013-2014年珠江黄金岸线六大主要任务项目工作表》（金融城部分）至区发改局。', 2, '2014-07-30 10:51:38', '2014-07-30 10:51:38'),
(387, '2014-07-30', 4, '完成两天四批共225名区退休处级老干部的金融城沙盘参观和讲解工作。', 2, '2014-07-30 11:03:16', '2014-07-30 11:03:16'),
(388, '2014-07-03', 9, '综合处叶姐统一党的群众路线教育实践活动专题不需以工作记录单形式报送，每周仅报红头备忘录即可。', 0, '2014-07-30 17:09:08', '2014-07-30 17:09:08'),
(389, '2014-08-01', 5, '联系长江、绿地，了解最新项目进展。', 2, '2014-08-01 17:40:33', '2014-08-01 17:40:33'),
(390, '2014-07-28', 7, '1、对接广东南粤银行：金融城起步区项目，正进行设计方案征集比选工作及办理项目立项备案手续。\r\n2、对接万联证券有限责任公司：金融城起步区项目，正进行前期策划工作，即将完成；进行设计单位摸查，做方案设计前期准备。', 2, '2014-08-04 10:51:45', '2014-08-04 10:51:45'),
(391, '2014-07-29', 7, '对接广东省铁投置业有限公司：金融城起步区项目，已完成初步设计审查及施工图设计；正在办理环境影响评价文件审批、建设项目设计卫生审查；基坑委托重点办开挖，已挖至-6.5m(最大开挖深度-15.9m)。', 2, '2014-08-04 10:54:26', '2014-08-04 10:54:26'),
(392, '2014-08-01', 7, '上午，在市规划局3楼309会议室，市规划局主持召开《金融城起步区棠下村民住宅复建用地规划道路调整问题协调会》，棠下村提出地块东侧河涌向东整体平移6米的方案。市林业和园林局要求会后建设方提供详细方案研究处理；市水务局要求会后建设方提供详细方案，并提交河涌改道等相关设计计算依据，以供研究处理。会议提请建设方会后尽快按会议要求与市林业和园林局、市水务局对接。', 2, '2014-08-04 11:19:53', '2014-08-04 11:19:53'),
(393, '2014-07-31', 6, '已收集整理天河区各职能部门关于广州国际金融城二期控制性详细规划成果的意见，代区政府拟定了复市文稿，现已经区政府审定并报送至市规划局。', 2, '2014-08-04 16:15:07', '2014-08-04 16:15:07'),
(394, '2014-07-29', 6, '长江企业集团秦经理来我委就AT090902地块配套设施征求意见和与棠下村复建地块连廊衔接问题进行沟通，并收到该地块的建筑设计总平面图。', 2, '2014-08-04 16:29:41', '2014-08-04 16:29:41'),
(395, '2014-08-01', 9, '我处全体人员参加管委会关于抓机关作风和上班纪律的全体人员会，会后结合群众路线教育实践活动，指定专人对处室考勤、上班纪律等进行监督。', 2, '2014-08-04 16:34:33', '2014-08-04 16:34:33'),
(396, '2014-08-06', 3, '合景泰富到访，就其地块内电影院的设计问题咨询我委。我处接待，接受了其设计资料，待研究后给予意见', 0, '2014-08-06 16:13:21', '2014-08-06 16:13:21'),
(397, '2014-08-06', 3, '市水务局就棠下村临江大道码头一事召开协调会议，我处参加。我处转达丘常委指示：大力支持市水务部门对码头的规范，考虑到金融城棠下村复建需要，建议尽量保留棠下村码头，如确需依法取缔，请协调九号码头开放给棠下村使用。', 2, '2014-08-06 16:16:48', '2014-08-06 16:16:48'),
(398, '2014-08-05', 3, '市政府龚海杰副秘书长召开金融城工作会议，就员村五横路污水管迁改、棠下村村民住宅复建用地规划路调整、金融城二期规划编制等问题进行了协调', 2, '2014-08-06 16:18:21', '2014-08-06 16:18:21'),
(399, '2014-08-06', 3, '撰写8月5日龚海杰副秘书长主持召开金融城工作会议的参会报告', 0, '2014-08-06 16:19:13', '2014-08-06 16:19:13'),
(400, '2014-08-06', 3, '张主任召开全体党员会议，布置下周全体党员组织生活会的有关工作', 0, '2014-08-07 13:47:06', '2014-08-07 13:47:06'),
(401, '2014-08-07', 3, '处室审议穗荣房地产提交的AT090908地块电影院设计方案，拟提出3点意见：1、电梯应直通5楼；2、VIP观影房需设置双出入口；3、建议进一步优化卫生间设计', 0, '2014-08-07 13:49:58', '2014-08-07 13:49:58'),
(402, '2014-08-07', 5, '我委牵头各会办单位对《金融机构设立金融城项目公司方案》提出意见，并将《广州市天河中央商务区管理委员会关于金融机构设立金融城项目公司方案意见的函》发至区府办秘书科。', 2, '2014-08-07 17:23:52', '2014-08-07 17:23:52'),
(403, '2014-08-07', 3, '继续更新处室OA系统，更新收文处理模块', 0, '2014-08-08 09:17:33', '2014-08-08 09:17:33'),
(404, '2014-08-08', 3, '讨论《图说金融城》图片的选取和内容，初步确定了图的内容', 0, '2014-08-11 09:14:31', '2014-08-11 09:14:31'),
(405, '2014-08-08', 3, '准备下周金融城复建例会材料：复建工作进展情况和金融城二期工作进展情况', 0, '2014-08-11 09:18:26', '2014-08-11 09:18:26'),
(406, '2014-08-06', 7, '上午，广州穗荣房地产开发有限公司来访，提交金融城起步区AT090908地块项目商业D栋初步设计建筑图纸一套，征求我委对其中的规划配套商业服务设施电影院设计的意见，该电影院拟设置在商业D栋四~五层，建筑面积2000平方米，座位共704个。', 2, '2014-08-11 09:27:17', '2014-08-11 09:27:17'),
(407, '2014-08-04', 6, '区法制办转来《关于征求〈广州市居住区配套公共服务设施管理规定（送审稿）〉意见的函》（穗府法征〔2014〕81号），我处认真组织学习研究并提出了相关意见。', 2, '2014-08-11 14:03:18', '2014-08-11 14:03:18'),
(408, '2014-08-05', 6, '区府办转来金融城领导小组办公室复函，根据2014年4月9日陈建华市长的批示，市规划局建议将太古汇项目内预留建筑面积1万平方米的图书馆作为区图书馆新址。林区及丘常委批示让我区与市文广新局沟通，将太古汇的图书馆及艺术中心划拨给我区。金融城二期原图书馆选址待进一步研究，统筹作为大都会艺术中心或中学。', 2, '2014-08-11 14:06:35', '2014-08-11 14:06:35'),
(409, '2014-08-07', 6, '重庆市江北区商业委员会到我区经贸局考察商贸项目，区经贸局李笑娟局长接待了来访的领导和工作人员，我处派人参加并简要介绍了天河CBD的发展情况。', 2, '2014-08-11 14:10:59', '2014-08-11 14:10:59'),
(410, '2014-08-08', 6, '广州联鸿实业投资有限公司发来《关于申请办理金融城A001地块公共服务设施建设意见的函》，征求我委关于AT090902地块配套设施的意见，我委建议进一步深化建筑设计方案，明确各配套设施的楼层和位置。\r\n', 2, '2014-08-11 14:17:01', '2014-08-11 14:17:01'),
(411, '2014-08-08', 6, '根据委领导的指示，我处对金融城起步区和二期的相关资料图片进行修改完善，拟制作成布制和胶制的展板供区领导使用。', 2, '2014-08-11 14:22:01', '2014-08-11 14:22:01'),
(412, '2014-08-12', 3, '编写《广州国际金融城“小配套”公共服务设施\r\n出具建设指导性意见管理办法》初稿\r\n', 0, '2014-08-12 13:13:35', '2014-08-12 13:13:35'),
(413, '2014-08-11', 3, '党的群众路线教育活动，与党委书记张主任谈话', 0, '2014-08-12 13:16:21', '2014-08-12 13:16:21'),
(414, '2014-08-11', 3, '开发处室OA系统，主要开发了档案详情模块', 0, '2014-08-12 13:17:14', '2014-08-12 13:17:14'),
(415, '2014-08-11', 4, '区国土房管分局发来《关于征求天河区黄埔大道以南、车陂水厂以西地块出让事宜的意见的函》（穗天国房函〔2014〕584号），请我委认真研究提出意见。无意见，已反馈区国土房管分局。\r\n', 2, '2014-08-12 16:07:40', '2014-08-12 16:07:40'),
(416, '2014-08-12', 4, '省开展整治“形象工程”和”政绩工程“专项行动联合检查组第五组听取广州国际金融城规划、建设等有关情况汇报，我处陈财新处长带队参加了会议。', 0, '2014-08-12 16:12:16', '2014-08-12 16:12:16'),
(417, '2014-08-12', 3, '省开展整治“形象工程”与“政绩工程”专项行动联合检查组第五组检查金融城项目规划、用地、审批、征地拆迁、建设、资金等方面工作，我处参会', 2, '2014-08-12 16:41:54', '2014-08-12 16:41:54'),
(418, '2014-08-13', 3, '准备明天上午会议材料', 0, '2014-08-13 13:50:02', '2014-08-13 13:50:02'),
(419, '2014-08-14', 3, '丘卫青常委组织召开金融城复建工作例会，就棠下村民住宅规划路调整问题、车陂村签订补充协议和金融城二期小产权房处理等问题进行了讨论研究并布置下一步工作.', 0, '2014-08-14 14:05:01', '2014-08-14 14:05:01'),
(420, '2014-08-15', 3, '全体人员会议，传达纪律教育月动员、布置近期工作、全体党员会议（自我批评和批评别人）', 0, '2014-08-15 13:49:47', '2014-08-15 13:49:47'),
(421, '2014-08-15', 9, '上午9时，我处全员参加管委会纪律教育学习月活动暨保密法纪宣传教育活动。会后我处积极组织落实好处室内部的自查，将请假和离岗报告、涉密文件资料妥善保管等内容作为一项经常性的工作来抓。', 2, '2014-08-15 16:09:12', '2014-08-15 16:09:12'),
(422, '2014-08-11', 6, '广州联鸿实业投资有限公司发来《关于申请办理金融城A001地块公共服务设施建设意见的函》，征求我委关于AT090902地块配套设施的意见，我委建议进一步深化建筑设计方案，明确各配套设施的楼层和位置。', 2, '2014-08-18 09:02:51', '2014-08-18 09:02:51'),
(423, '2014-08-15', 6, '根据委领导的指示，我处对金融城起步区和二期的相关资料图片进行修改完善，拟制作成布制和胶制的展板供区领导使用。', 0, '2014-08-18 09:04:25', '2014-08-18 09:04:25'),
(424, '2014-08-14', 6, '根据委领导的指示，我处就广州国际金融城“小配套”公共服务设施出具建设性指导意见的工作制定了实施方案，拟进一步修改完善后报委领导，作为今后此类工作的规范。', 2, '2014-08-18 09:06:18', '2014-08-18 09:06:18'),
(425, '2014-08-14', 7, '上午，在区机关大院1号楼9003旁小会议室，区委常委丘卫青主持召开金融城工作例会，研讨金融城阶段性工作进展情况。会上传达了2014年8月5日市政府副秘书长龚海杰主持召开的金融城工作会议有关我区议题的会议精神，通报和研讨了金融城起步区村集体复建、金融城二期征拆安置等有关工作的进展情况及相关问题。CBD管委会、区建设水务局、市国土房管局天河区分局、区城市更新改造工作办公室、市规划局天河分局等单位负责人参加了会议。', 2, '2014-08-18 16:21:20', '2014-08-18 16:21:20'),
(426, '2014-08-19', 6, '下午，湖北省委党校常务副校长陶良虎一行7人来到我委学习考察，参观了数字化展厅并就推进中央商务区的规划、建设交换了意见和看法，陈处、谢处及区规划分局王总工参加了座谈。', 2, '2014-08-19 16:56:32', '2014-08-19 16:56:32'),
(427, '2014-08-19', 3, '研究合景泰富AT090908地块电影院设计电梯布置方案，坚持电梯必须到5层的意见', 0, '2014-08-19 17:24:28', '2014-08-19 17:24:28'),
(428, '2014-08-19', 3, '开发Plan模块，PS、DW切图操作', 0, '2014-08-19 17:24:52', '2014-08-19 17:24:52'),
(429, '2014-08-19', 6, '上午，焦作市委常委、常务副市长姜继鼎一行10人来到我委进行参观考察，学习借鉴天河中央商务区的建设开发经验，并实地到花城广场进行参观，区府办邹学仁主任、陈处、全处参加了座谈环节，并就双方感兴趣的话题交换了意见。', 2, '2014-08-20 09:06:46', '2014-08-20 09:06:46'),
(430, '2014-08-19', 5, '协助企服处对CBD内在建楼宇的验收情况进行摸查。', 2, '2014-08-20 17:02:28', '2014-08-20 17:02:28'),
(431, '2014-08-22', 3, '开发完善“规划设计”和“征拆复建”模块', 0, '2014-08-22 09:09:46', '2014-08-22 09:09:46'),
(432, '2014-08-22', 6, '收集区相关职能部门2014年8月金融城建设开发工作的最新进展情况，拟定《天河区推进广州国际金融城起步区开发建设工作进展情况汇总表（2014年8月）》，已呈送金融城建设开发指挥部各领导。', 2, '2014-08-22 11:16:26', '2014-08-22 11:16:26'),
(433, '2014-08-22', 6, '广州穗荣房地产开发有限公司发来《关于广州国际金融城起步区AT090908地块电影院设计的函》，征求我委关于AT090908地块配套电影院的意见，我委建议进一步优化设计方案，将配建的电梯提升至五层。', 2, '2014-08-22 11:18:42', '2014-08-22 11:18:42'),
(434, '2014-08-25', 3, '网上邻居处室共享新增加了“工程建设”文件夹，这个文件夹用来存放金融城各项目建设时的资料，如设计效果图、相关报建的证件等，请相关同志及时更新。目前我已把棠下村复建地块最新效果图放上去，有需要可看看', 4, '2014-08-25 10:03:21', '2014-08-25 10:03:21'),
(435, '2014-08-25', 3, '市金融城领导小组办公室召开协调会，就棠下村临江集体物业方案设计问题、村民住宅12米规划路调整问题进行了协调，明确解决方案。', 0, '2014-08-25 17:04:45', '2014-08-25 17:04:45'),
(436, '2014-08-25', 9, '将修改好的金融城展示图片送样打印。', 0, '2014-08-26 09:26:38', '2014-08-26 09:26:38'),
(437, '2014-08-26', 5, '报送8月珠江黄金岸线有关项目进展情况至区建水局。', 2, '2014-08-26 15:50:58', '2014-08-26 15:50:58'),
(438, '2014-08-26', 3, '更新系统：完成“投资服务”模块的开发', 0, '2014-08-26 17:39:50', '2014-08-26 17:39:50'),
(439, '2014-08-26', 3, '审议《小配套设施审查办法》，并最终定稿', 0, '2014-08-26 17:40:25', '2014-08-26 17:40:25'),
(440, '2014-08-26', 3, '与棠下村对接，请该村倒排工期计划。根据排出的工期，棠下预计明年2月份基坑动工', 2, '2014-08-26 17:41:09', '2014-08-26 17:41:09'),
(441, '2014-08-27', 4, '区经贸局发来《关于征求2014年天河区领导服务企业第二场座谈会企业问题分工意见的函》（穗天经函〔2014〕191号），请我委对工作分工提出意见。经研究，我委对其中第26项问题提出了修改意见，并反馈区经贸局。', 2, '2014-08-27 16:30:13', '2014-08-27 16:30:13'),
(442, '2014-08-26', 4, '我处陈军、姚科走访石东村，与村公司相关负责人就金融城起步区石东村复建项目、石东村喜龙地块等项目情况进行沟通。', 0, '2014-08-27 16:32:12', '2014-08-27 16:32:12'),
(443, '2014-08-27', 9, '接收并整理金融城起步区及二期展示图片，呈委领导及处室领导阅，并完成打印费用报销手续。', 0, '2014-08-27 17:23:43', '2014-08-27 17:23:43'),
(444, '2014-08-27', 3, '联系对接合景项目，就电影院设置一事进行探讨', 0, '2014-08-28 17:15:39', '2014-08-28 17:15:39'),
(445, '2014-08-27', 3, '完成个人工作模块的修改', 0, '2014-08-28 17:16:02', '2014-08-28 17:16:02'),
(446, '2014-08-28', 3, '继续开发新系统', 0, '2014-08-28 17:16:18', '2014-08-28 17:16:18'),
(447, '2014-08-29', 6, '8月29日，市规划局正式批复守鸿置地（广州）有限公司项目（AT090917地块）修建性详细规划。', 4, '2014-08-29 14:19:16', '2014-08-29 14:19:16'),
(448, '2014-08-25', 7, '下午，在市政府3号楼6楼市建委礼堂，金融城办常务副主任黄家添主持召开金融城工作例会，会议涉及我区议题：南方面粉厂码头移交问题，市隧道公司完成景观工程后(两个月后)，将码头移交市重点办使用；棠下村复建项目建筑方案，还需优化，两周后提交优化方案供控规顾问单位审核，争取9月底组织专题专家会审议；棠下村住宅复建项目12米宽规划路问题，原则同意河涌东移方案，须注意与现状河涌接顺，市重点办认为该河涌在该办实施范围的红线之外，建议该河涌改造工程由天河区负责建设。', 2, '2014-08-29 15:14:27', '2014-08-29 15:14:27'),
(449, '2014-08-26', 7, '上午，走访石东村。金融城起步区征拆安置工作，涉及1000多万元补偿费，需签订补充协议明确，待区府常务会议审议即可签订。村里提出希望区府能协调相关部门，尽快推动喜龙地块项目审批和建设。', 2, '2014-08-29 17:35:20', '2014-08-29 17:35:20'),
(450, '2014-09-01', 9, '下午，我处走访广州市建隆物业管理有限公司，就广府人雕塑《故土的召唤》接收及安装事宜进行了解。', 2, '2014-09-02 10:13:40', '2014-09-02 10:13:40'),
(451, '2014-08-26', 6, '区府办转来《广州市规划局关于征询天河区天河区珠江新城B1-1地块（AT1102规划管理单元）规划修改意见的函》，我委经认真研究，无意见。', 0, '2014-09-02 10:21:33', '2014-09-02 10:21:33'),
(452, '2014-08-27', 6, '已根据委领导指示修改完善了金融城规划展示图片的底稿，打印了6套最终版图片并分别送至投资处与丘常委。', 2, '2014-09-02 10:23:07', '2014-09-02 10:23:07'),
(453, '2014-08-27', 6, '根据丘常委的指示，我处完成了《金融城小配套公共服务设施出具指导性意见管理办法》的编制工作，并且制作了相关配套图示和办事指南。', 0, '2014-09-02 10:24:18', '2014-09-02 10:24:18'),
(454, '2014-08-28', 6, '广州穗荣房地产开发有限公司再次发函征求我委关于配建电影院的相关事宜，鉴于该公司已基本按照我委要求进行修改和完善，我委拟同意该公司配建电影院的建设设计方案。', 2, '2014-09-02 10:27:05', '2014-09-02 10:27:05'),
(455, '2014-09-03', 9, '陪同主任到深圳分别走访跨促会、华林证券、深圳湾游艇会及安联投资有限公司，重点介绍第三批拟出让地块的信息，了解企业意向。', 2, '2014-09-04 14:35:36', '2014-09-04 14:35:36'),
(456, '2014-09-02', 6, '协助委领导赴深圳招商推荐金融城第三批土地出让工作，配合做好相关材料的准备。', 2, '2014-09-09 10:44:00', '2014-09-09 10:44:00'),
(457, '2014-09-05', 6, '协助委领导做好9月11号新加坡总理李显龙来访珠江新城利通广场的接待工作，配合做好相关图片挑选和打印的工作。', 2, '2014-09-09 10:46:20', '2014-09-09 10:46:20'),
(458, '2014-09-09', 4, '区府办发来《关于征求加强我市城市更新统计工作通知意见的函》（穗旧改函〔2014〕428号），请我委认真研究提出意见。无意见，已反馈区城改办。', 0, '2014-09-09 17:18:35', '2014-09-09 17:18:35'),
(459, '2014-09-09', 4, '区人大常委会有关领导将带领城建工委负责人及部分委员于9月12日上午来我委座谈调研金融城起步区建设和二期规划情况，我处准备相关汇报材料并报送综合处。', 2, '2014-09-09 17:29:57', '2014-09-09 17:29:57'),
(460, '2014-09-10', 3, '新系统上线，完成新旧系统切换', 0, '2014-09-11 15:59:55', '2014-09-11 15:59:55'),
(461, '2014-09-11', 3, '市金融城建设开发工作领导小组办公室召开现场工作会议，就金融城起步区围闭和拆除违建羽毛球场事宜进行协调。会议决定对违建羽毛球场进行拆除，并请市重点办尽快研究起步区工地管理方案，报市政府审批后实施。', 2, '2014-09-11 16:19:32', '2014-09-11 16:19:32'),
(462, '2014-09-11', 3, '在我委小会议室接待棠下村，就起步区村民住宅涉及修规报建问题等一系列问题了解情况。', 0, '2014-09-11 16:21:22', '2014-09-11 16:21:22'),
(463, '2014-09-11', 3, '接陈处指示，请各位同志加强对自己档案的管理（包括电子的和纸质的）。每位同志需对自己的档案建立目录，要能够随时从目录里面找到相应的资料。', 4, '2014-09-11 16:28:38', '2014-09-11 16:28:38'),
(464, '2014-09-11', 3, '目前，系统已具备工作提醒功能。为提高工作的计划性，请各位自行添加手头上正在办理的工作（主要是周期性的工作）。', 4, '2014-09-11 16:31:40', '2014-09-11 16:31:40'),
(465, '2014-09-12', 3, '市金融城建设开发工作领导小组办公室召开协调会议，涉及我区议题：1、金融城受地企业成立项目公司问题；2、配套设施由区牵头研究移交及后续管理问题。', 0, '2014-09-12 11:28:52', '2014-09-12 11:28:52'),
(466, '2014-09-12', 6, '上午，在市政府3号楼402会议室，由广州金融城开发建设工作领导小组办公室主持召开金融城开发建设工作例会，会议研究讨论了是金融办草拟的《金融机构设立金融城项目公司的方案》，提出了相关意见；同时还研究讨论了设立一家金融城起步区运营管理机构的问题，与会单位均无异议，由金融城办向市领导发文请示相关事宜。', 2, '2014-09-12 11:41:47', '2014-09-12 11:41:47'),
(467, '2014-09-09', 6, '协助做好9月11日新加坡总理李显龙来访相关材料的准备工作。', 2, '2014-09-12 11:43:26', '2014-09-12 11:43:26'),
(468, '2014-09-12', 6, '协助做好9月12日区人大调研金融城规划建设情况的相关材料准备。', 0, '2014-09-12 11:45:34', '2014-09-12 11:45:34'),
(469, '2014-09-12', 6, '下午，区人大常委会城建工委主任李宝禄同志带队拜访我委调研广州国际金融城起步区建设和二期规划情况，张海波主任及陈财新处长参加了接待并带领调研组参观了数字化展厅，接着双方就感兴趣的话题举行了座谈会。', 2, '2014-09-12 17:23:05', '2014-09-12 17:23:05'),
(470, '2014-09-12', 3, '区人大常委会副主任池柏良带领城建工委委员到我委调研，就金融城相关情况进行了深入的讨论交流。', 0, '2014-09-12 17:32:26', '2014-09-12 17:32:26'),
(471, '2014-09-12', 9, '征订2015年处室杂志。', 0, '2014-09-15 09:17:53', '2014-09-15 09:17:53'),
(472, '2014-09-11', 7, '上午，金融城起步区棠下村复建项目杨思明来访，通报复建工作进展、存在问题等情况。各复建地块项目仍在办理用地预审意见、建设用地规划许可证更名手续、修详规设计审查；村民住宅复建项目正在做基坑支护设计；计划于下月中旬复建项目设计方案报专家会审查(规划)。关于村民住宅复建项目修详规审查过程中遇到的问题(12米宽规划路问题等)，村里希望我委协助该村与市规划部门沟通、协调。', 2, '2014-09-15 11:12:50', '2014-09-15 11:12:50'),
(473, '2014-09-11', 4, '龚海杰副秘书长召开金融城工作协调会议，研究起步区第三批土地出让事宜，我处陈财新、姚科参加会议。', 2, '2014-09-15 16:40:01', '2014-09-15 16:40:01'),
(474, '2014-09-15', 9, '1.收集参加928动员会企业名单及相关资料。2.第一批购买书籍发到，共994.2元，25册。', 0, '2014-09-16 10:08:20', '2014-09-19 08:50:39'),
(475, '2014-09-16', 9, '金融城最新宣传册电子版已发至OA资料手册中。与上一版内容相比，新增第30页专门介绍AT090927地块的位置示意图及主导业态控制表。', 4, '2014-09-16 14:46:40', '2014-09-16 14:46:40'),
(476, '2014-09-17', 6, '按照市发展改革委的要求联系企业并报送筹备召开重大项目开工、竣工动员会的相关资料。', 0, '2014-09-18 10:23:56', '2014-09-18 10:23:56'),
(477, '2014-09-18', 6, '上午，陈财新处长接待了来自广州市国际工程咨询公司发展规划研究中心赵崇一行4人，并参观了我委数字化展厅。', 2, '2014-09-18 10:33:36', '2014-09-18 10:33:36'),
(478, '2014-09-15', 3, '张主任带队赴北京商务中心区参加CBD商务节', 0, '2014-09-18 10:44:59', '2014-09-18 10:44:59'),
(479, '2014-09-16', 3, '参加CBD商务节金融论坛和CBD发展论坛，听取各位专家学者讲座', 0, '2014-09-18 10:45:34', '2014-09-18 10:45:34'),
(480, '2014-09-17', 3, '乘机返回广州', 0, '2014-09-18 10:46:48', '2014-09-18 10:46:48'),
(481, '2014-09-16', 9, '1.报送区重点项目（棠下和石东）。2.第二批购买书籍到货，共14册，总价663.9元。', 0, '2014-09-19 08:47:34', '2014-09-19 08:50:19'),
(482, '2014-09-17', 9, '处理京东售后发票问题。', 0, '2014-09-19 08:49:06', '2014-09-19 08:49:06'),
(483, '2014-09-19', 9, '关于征求天河区政府行政规范性\r\n文件清理结果的函\r\n', 0, '2014-09-19 08:56:33', '2014-09-19 08:56:33'),
(484, '2014-09-18', 9, '关于调整珠江黄金岸线建设具体项目情况的函', 0, '2014-09-19 08:58:56', '2014-09-19 08:58:56'),
(485, '2014-09-19', 4, '筹备9与22日—26日赴贵州、重庆开展泛珠招商、金融城推介和帮扶区对接活动。', 0, '2014-09-19 14:41:20', '2014-09-19 14:41:20'),
(486, '2014-09-17', 4, '草拟我处新建制度编制说明。', 0, '2014-09-19 14:42:00', '2014-09-19 14:42:00'),
(487, '2014-09-19', 4, '配合协调处落实声动CBD决赛邀请人员名单。', 2, '2014-09-19 14:42:58', '2014-09-19 14:42:58'),
(488, '2014-09-18', 4, '配合投资处落实9月28日广州市重大项目开工动员会的企业对接、材料包送、现场视频拍摄等相关工作。', 2, '2014-09-19 14:45:09', '2014-09-19 14:45:09'),
(489, '2014-09-19', 3, '市金融办召开起步区第三批土地出让推介会，重点推介AT090927和AT091002地块。共12家金融机构参加推介会。会上各相关部门对出让有关问题进行了解答', 2, '2014-09-19 14:52:29', '2014-09-19 14:52:29'),
(490, '2014-09-22', 3, '跟建隆物业段总联系，说明丘常委意见。段总提出需书面回复才能向市里反映。', 0, '2014-09-22 09:58:17', '2014-09-22 09:58:17'),
(491, '2014-09-22', 9, '1.办理《关于征求天河区政府行政规范性文件清理结果的函》；2.联系各职能部门报送起步区月报；3.配合协调处进行“声动CBD”决赛工作事宜。', 0, '2014-09-23 09:38:23', '2014-09-23 09:38:23'),
(492, '2014-09-23', 9, '收集区相关职能部门2014年9月金融城建设开发工作的最新进展情况，拟定《天河区推进广州国际金融城起步区开发建设工作进展情况汇总表（2014年9月）》，已呈送金融城建设开发指挥部各领导。 ', 2, '2014-09-23 16:21:49', '2014-09-23 16:21:49'),
(493, '2014-09-23', 3, '对接棠下，12米规划路市水务局已原则同意，市规划局地规处已开展调规事宜。市金融城办定于本周四召开协调会，明确控规调整相关事项。', 0, '2014-09-23 16:33:49', '2014-09-23 16:33:49'),
(494, '2014-09-23', 3, '参加委务会议：一、合理化建议及重点项目情况由陈处回来再议；二、经费调减13万常委批准；三、常委原则同意举办讲座，提出2点要求：1、使用区政府会议室；2、教授不要发表负面言论。', 0, '2014-09-23 16:37:51', '2014-09-23 16:37:51'),
(495, '2014-09-22', 3, '收集重点项目情况，经对接区发改局，享受绿色通道优惠的必须是市重点项目。主任指示尽量争取受地企业报。', 0, '2014-09-23 16:44:32', '2014-09-23 16:44:32'),
(496, '2014-09-23', 3, '市委任雪峰书记国企期间拟到天河转一转，石书记陪同。我处负责准备金融城介绍情况素材。以李贻伟副书记调研汇报稿为基础，更新相关数据后进行报送', 2, '2014-09-23 16:50:45', '2014-09-23 16:50:45'),
(497, '2014-09-23', 3, '陈军和韦薇去提取新车', 0, '2014-09-23 17:13:32', '2014-09-23 17:13:32'),
(498, '2014-09-24', 9, '配合协调处进行“声动·CBD”总决赛事宜。', 2, '2014-09-25 08:54:57', '2014-09-26 16:16:34'),
(499, '2014-09-25', 3, '带宝宝到中山大学附属眼科医院看病', 0, '2014-09-26 08:39:21', '2014-09-26 08:39:21'),
(500, '2014-09-25', 3, '林区接待中兴通讯集团考察团，到金融城起步区工地进行调研', 2, '2014-09-26 08:40:07', '2014-09-26 08:40:07'),
(501, '2014-09-24', 3, '声动CBD十大歌手决赛', 0, '2014-09-26 08:40:26', '2014-09-26 08:40:26'),
(502, '2014-09-24', 3, '给区府办提供金融城资料（林区调研）', 0, '2014-09-26 08:41:22', '2014-09-26 08:41:22'),
(503, '2014-09-25', 9, '1.办理振戎关于申请总部基地建设用地报告；2.草拟珠江黄金岸线月报，待审；3.联系报送928动员会企业。', 0, '2014-09-26 09:01:52', '2014-09-26 09:01:52'),
(504, '2014-09-26', 9, '整理处室新到书籍及报销事宜。', 0, '2014-09-28 09:14:14', '2014-09-28 09:14:14'),
(505, '2014-09-22', 4, '9月22日—26日，我处陈财新处长带队赴贵州、重庆开展城市重要功能区规划建设学习考察及泛珠招商、金融城推介和帮扶区对接活动。', 2, '2014-09-28 09:21:14', '2014-09-28 09:21:14'),
(506, '2014-09-28', 9, '下午，配合猎德街道办至远洋社区，深入一线开展登革热防控工作', 0, '2014-09-28 17:49:57', '2014-09-28 17:49:57'),
(507, '2014-09-29', 9, '市国土房管局发出公告出让金融城起步区AT091002地块。根据出让公告，该宗地块起拍价为157727万元，用地面积为8189.57平方米，起始楼面地价达到1.4万元/平方米。本次国有土地使用权挂牌活动将于2014年11月3日在广州公共资源交易中心进行。', 0, '2014-09-30 14:05:28', '2014-09-30 14:05:28'),
(508, '2014-10-08', 9, '处理9月份处室个人报销事宜。', 0, '2014-10-09 15:11:20', '2014-10-09 15:11:20'),
(509, '2014-10-09', 3, '张主任召开正副处长，明确近期工作，并布置相关工作', 0, '2014-10-10 16:58:36', '2014-10-10 16:58:36'),
(510, '2014-10-09', 3, '对接石东村，了解该村近期复建进程。', 0, '2014-10-10 16:59:13', '2014-10-10 16:59:13'),
(511, '2014-10-09', 6, '根据委领导的指示，我处继续补充制作了起步区地块编码图与现状叠加图和起步区地块编码图（含未出让地块信息），现已打印并分送丘常委、张主任、投资处。', 2, '2014-10-13 14:51:12', '2014-10-13 14:51:12'),
(512, '2014-10-07', 9, '10月1日—10月7日，我处在国庆期间配合猎德街道办，深入远洋社区参加防治登革热整治行动，积极清理茂密灌木从、住宅楼的卫生死角的垃圾，消灭蚊子滋生地。通过防控登革热疫情，大搞爱国卫生运动，加强环境整治。', 2, '2014-10-13 14:52:11', '2014-10-13 15:05:51'),
(513, '2014-10-10', 6, '根据委领导指示，继续沟通协调举办规划讲座相关事宜，考虑到当前形势和状况，暂时将该活动延至明年举行。', 0, '2014-10-13 14:52:43', '2014-10-13 14:52:43'),
(514, '2014-10-10', 6, '市城投集团建隆物业公司来函说明广府人纪念雕塑经费缺口问题，我处根据委领导指示与市规划局、广府人联谊会就相关事宜进行了沟通。', 2, '2014-10-13 14:55:15', '2014-10-13 14:55:15'),
(515, '2014-10-11', 9, '上午，张主任在大会议室主持学习任学锋书记到天河调研时的讲话精神，企业服务处、公共事务协调处及我处全体人员参加。会上，张主任传达任书记布置天河区需要着力抓好的工作，深入分析其中的内涵，并将任务分解到各处室。下午，我处全体人员集中学习任书记讲话精神，拉开处室内部关于“解放思想，求真务实”讨论的序幕。', 2, '2014-10-13 15:00:18', '2014-10-13 15:00:18'),
(516, '2014-10-13', 9, '我处组织全体人员认真学习任学锋书记到天河调研时的讲话精神，积极开展“解放思想，求真务实”大讨论，并将讨论情况整理汇报至综合处。', 2, '2014-10-14 10:00:27', '2014-10-14 10:00:27'),
(517, '2014-10-15', 3, '系统功能升级：2014年以前的旧档案可在系统中查询（档案查询--&gt;旧档案查询）。', 4, '2014-10-15 17:28:53', '2014-10-15 17:28:53'),
(518, '2014-10-15', 9, '整理编排2011-2013年旧档案目录。', 0, '2014-10-15 17:35:00', '2014-10-15 17:35:00'),
(519, '2014-10-15', 6, '上午，陈如桂常务副市长在市政府1号楼312会议室主持召开会议，会议研究讨论了广州国际金融城建筑设计专家审查制度、地下空间实施方案报批程序以及金融城控高等问题，陈财新处长参加了会议。', 2, '2014-10-20 09:32:52', '2014-10-20 09:32:52'),
(520, '2014-10-18', 4, '配合区城改办做好10月20日陈建华市长调研金融城事宜，提供了金融城进展情况介绍和相关图片。', 2, '2014-10-20 10:01:13', '2014-10-20 10:01:13'),
(521, '2014-10-20', 4, '陈建华市长于10月21日上午到金融城棠下新墟村民复建房选址开展“三旧”改造专题调研，我处做好材料报送等相关配合工作。', 2, '2014-10-21 11:59:28', '2014-10-21 11:59:28'),
(522, '2014-10-20', 3, '走访棠下村，了解村复建最新进展，对棠下村后续报建施工提出意见。', 0, '2014-10-21 17:20:29', '2014-10-21 17:20:29'),
(523, '2014-10-21', 9, '办理关于再次征求《广州市天河区国民经济和社会发展第十三个五年规划编制工作方案（征求意见稿）》意见的函。', 0, '2014-10-22 09:20:48', '2014-10-22 09:20:48'),
(524, '2014-10-22', 3, '协助协调处核实CBD区域内300米以上高楼信息', 0, '2014-10-23 14:04:28', '2014-10-23 14:04:28'),
(525, '2014-10-23', 3, '修改常委调研报告和处室工作总结', 0, '2014-10-23 14:04:50', '2014-10-23 14:04:50');
INSERT INTO `cbd_work` (`id`, `work_date`, `record_person`, `content`, `state`, `create_time`, `update_time`) VALUES
(526, '2014-10-23', 9, '报送珠江黄金岸线月报。', 0, '2014-10-24 09:50:02', '2014-10-24 09:50:02'),
(527, '2014-10-24', 3, '根据陈处指示，请各项目经办人员（包括复建地块）务必对各个项目地块信息了如指掌，以应对领导询问。', 4, '2014-10-24 10:03:58', '2014-10-24 10:03:58'),
(528, '2014-10-22', 6, '收集区相关职能部门2014年10月金融城建设开发工作的最新进展情况，拟定《天河区推进广州国际金融城起步区开发建设工作进展情况汇总表（2014年10月）》，已呈送金融城建设开发指挥部各领导。', 2, '2014-10-27 09:29:31', '2014-10-27 09:29:31'),
(529, '2014-10-24', 4, '完成处室全年总结。', 2, '2014-10-27 09:29:41', '2014-10-27 09:29:41'),
(530, '2014-10-24', 6, '根据委领导的指示，完成广州国际金融城调研报告《广州国际金融城发展管理模式初探》，待进一步修改完善后报综合处。', 2, '2014-10-27 09:32:36', '2014-10-27 09:32:36'),
(531, '2014-10-20', 7, '下午，走访棠下村。了解金融城起步区棠下村复建安置工作当前进展情况，与村里探讨加快复建安置工作的方法、措施。棠下村4个复建安置项目的修详规设计方案将于下周提交市规划委员会审议。', 2, '2014-10-27 09:38:25', '2014-10-27 09:38:25'),
(532, '2014-10-24', 9, '下午，我处全体人员参加委内会议，重新学习任书记天河调研时的讲话，布置分解任务；会上传达林区会见香港美国商会访问团后的指示，我委要下力气招大商，在细节方面提升我委的专业性；分配下周二东塔封顶仪式的工作任务，确保仪式的顺利进行。', 2, '2014-10-27 09:48:04', '2014-10-27 09:48:04'),
(533, '2014-10-23', 7, '上午，走访车陂村。了解金融城起步区车陂村复建安置工作进展情况，车陂村已将对征拆安置补偿补充协议(三)(稿)的意见反馈给区土地开发中心，区土地开发中心也已将村里意见提交区政府审核，待区府办回复。', 2, '2014-10-27 10:16:45', '2014-10-27 10:16:45'),
(534, '2014-10-28', 3, '【系统功能更新】新增功能：首页每5分钟自动刷新', 4, '2014-10-28 16:17:07', '2014-10-28 16:17:07'),
(535, '2014-10-27', 7, '下午，走访市重点项目办金融城起步区I-2区基坑及土石方工程现场。因施工许可、余泥运输排放等相关施工手续仍未完备，施工已暂停两周，运泥码头也暂时封闭停用。市重点项目办正提请金融城办协调相关职能部门，加快批复施工许可等手续，以便本工程尽早复工。', 2, '2014-10-31 17:34:33', '2014-10-31 17:34:33'),
(536, '2014-10-29', 6, '新世界主席郑家纯与陈建华市长举行会谈，建议新世界考虑竞买金融城地标事宜，我处协助提供了AT090927地块相关规划资料。', 0, '2014-11-03 10:10:32', '2014-11-03 10:10:32'),
(537, '2014-10-30', 6, '丘卫青常委接待了万达集团一行，就意向购买AT090924地块进行了商谈，并回答了企业关于配套幼儿园、经营方式、拍卖地价等问题。', 0, '2014-11-03 10:15:14', '2014-11-03 10:15:14'),
(538, '2014-11-03', 6, '天河区教育局发来《关于配合做好迎接市公资委调研我区新建少年宫选址工作的通知》，要求我委安排1名工作人员参加并准备好相关资料的报送，经研究，我委无相关资料报送。', 0, '2014-11-03 11:02:24', '2014-11-03 11:02:24'),
(539, '2014-11-03', 6, '我已在处室共享中上传了广州东塔宣传片，欢迎下载。（位置：zengk/建设开发处共享/视频/宣传片）', 4, '2014-11-03 11:27:22', '2014-11-03 11:27:22'),
(540, '2014-10-31', 9, '下午，我处全体人员参加委内会议。会上主要由张主任传达10月30日下午区委常委扩大会议精神及10月31日上午石书记听取区各单位对“解放思想，求真务实”大讨论的汇报情况，进一步强调转变思想、振奋精神、明确任务、按时完成。', 2, '2014-11-04 09:34:25', '2014-11-04 09:34:25'),
(541, '2014-11-06', 3, '在我委展厅接待南昌银行，介绍金融城AT091002地块情况。市土发中心、市金融办、市金融城办参会。', 2, '2014-11-06 16:44:33', '2014-11-06 16:44:33'),
(542, '2014-11-06', 3, '市委政研室、市府政研室调研天河CBD，丘常委亲自接待。介绍了CBD总体情况并到起步区施工现场进行实地调研。', 2, '2014-11-06 16:48:01', '2014-11-06 16:50:07'),
(543, '2014-11-07', 3, '大家跟进对接受地企业和意向企业后，请及时在系统中作相关记录，便于以后查询。', 4, '2014-11-07 16:26:13', '2014-11-07 16:26:13'),
(544, '2014-11-07', 3, '市规划局地规处召集我委、市编研中心、市规划局建管处、万达集团代表召开会议，听取并收集万达集团对AT090924地块的诉求。万达提出配套幼儿园、岑村机场控高、地块功能业态配比等3点诉求，市规划局一一给予初步回应，并将进一步研究解决方案报市领导审定。', 2, '2014-11-07 16:42:31', '2014-11-07 16:42:31'),
(545, '2014-11-07', 3, '今天市规划局与万达集团协调AT090924地块问题的情况，我已记录在“机构对接”里面（包括常委对万达诉求的意见），请大家自行查看。', 4, '2014-11-07 16:44:48', '2014-11-07 16:44:48'),
(546, '2014-11-06', 9, '整理我处工作材料，含金融城简介、处室职责、规划、复建、土地出让建设、企业服务及2015年工作计划，以统一规范处室口径。', 0, '2014-11-07 16:54:02', '2014-11-07 16:54:02'),
(547, '2014-11-07', 9, '上午参加委内全体人员会议，由张主任传达落实丘常委11月6日下午布置全员招商的会议精神。会上有五项内容，重点为建立管委会的“新常态”，鼓励全员招商，做好心理建设和分工安排。', 2, '2014-11-07 16:59:11', '2014-11-07 16:59:11'),
(548, '2014-11-08', 6, '市重大城建项目公众咨询监督委员会调研各区新（扩）建少年宫选址，我委配合区教育局在临江大道红专厂选址现场做好相关接待工作。', 2, '2014-11-10 08:46:08', '2014-11-10 08:46:08'),
(549, '2014-11-05', 6, '市规划局地规处召集区相关部门协调区少年宫项目推进事宜，市规划局相关经办人员介绍了金融城二期规划的最新进展并就加快该项目报建报批提出了建议，区教育局、区规划分局、市编研中心等单位参加了会议。', 2, '2014-11-10 08:48:59', '2014-11-10 08:48:59'),
(550, '2014-11-06', 6, '张海波主任在大会议室接待了新世界广东分公司褚总一行3人，双方就竞拍金融城起步区地标相关事宜进行了商谈，并解答了企业的疑问。', 2, '2014-11-10 08:56:18', '2014-11-10 08:56:18'),
(551, '2014-11-06', 6, '张海波常务副主任接待了招商地产一行5人，双方就竞买AT091002地块相关事宜及报建报批可能遇到的问题进行了交流，全小敏处长、市国土房管局相关经办人员参加了会见。', 2, '2014-11-10 08:59:08', '2014-11-10 08:59:08'),
(552, '2014-11-06', 7, '下午，与丘常委、曾科、市重点项目办李工，陪同市委政研室主任一行调研金融城起步区地下空间工程施工现场。', 0, '2014-11-10 09:00:22', '2014-11-10 09:00:22'),
(553, '2014-11-07', 7, '下午，参加我委与猎德街道办联合进行的街道清洁行动——马场路南国花园侧人行道：清扫垃圾、清洗路面、清除路面污迹(香口胶)。', 2, '2014-11-10 09:12:48', '2014-11-10 09:12:48'),
(554, '2014-11-04', 9, '下午，佛山市禅城区国土城建和水务局常务副局长魏一平率调研组一行29人到我委参观学习，我处配合综合处进行接待。在参观展厅过程中，我处陈财新处长为调研组将接沙盘并介绍天河中央商务区及广州国际金融城的规划建设情况。', 2, '2014-11-10 11:30:42', '2014-11-10 11:30:42'),
(555, '2014-11-10', 9, '办理关于报送2014年“珠江黄金岸线”土地利用专项小组工作落实情况的复函。已交换至区国土房管分局。', 0, '2014-11-11 09:02:51', '2014-11-11 09:02:51'),
(556, '2014-11-11', 9, '根据工作情况，报送区府办星期三杭州市府办考察广州国际金融城的参考材料。\r\n', 2, '2014-11-12 08:57:32', '2014-11-17 11:48:49'),
(557, '2014-11-14', 9, '接陈处指示，今后各位发完短信、微信、邮件或传真之后，要打电话确认一遍，确保对方已接收。', 4, '2014-11-14 14:43:21', '2014-11-14 14:43:21'),
(558, '2014-11-12', 9, '下午，杭州市市长张鸿铭率代表团一行44人到我委展厅考察，了解广州国际金融城规划建设情况。我处陈财新处长参与陪同接待。', 2, '2014-11-17 11:48:25', '2014-11-17 11:48:25'),
(559, '2014-11-17', 3, '市规划局组织召开金融城起步区专家评审会，棠下村所有复建项目，穗荣AT090908项目提交建筑方案供专家审议，会议还讨论了骑楼设计相关问题。', 0, '2014-11-18 08:33:04', '2014-11-18 08:33:04'),
(560, '2014-11-18', 3, '昨日棠下村建筑设计方案专家意见已更新至“征拆复建”棠下村对应项目中，可自行查看', 4, '2014-11-18 09:13:43', '2014-11-18 09:13:43'),
(561, '2014-11-17', 6, '何镜堂院士在市规划局会议室主持召开金融城起步区建筑设计方案专家会。会上十位专家就AT090922地块、AT091010地块、AT090914地块、AT090916地块、AT090908地块的建设设计方案进行了讨论和研究，认为金融城项目设计应该遵循城市设计的整体秩序，提出了建筑风格、立面效果等方面的具体要求和进一步优化的意见。陈财新、曾科、田猛参加了会议。', 2, '2014-11-18 09:56:34', '2014-11-18 09:56:34'),
(562, '2014-11-10', 4, '接待万达集团考察金融城工地现场和CBD管委会展厅。', 2, '2014-11-19 11:17:33', '2014-11-19 11:17:33'),
(563, '2014-11-18', 6, '制作金融城起步区水街相关资料信息，供周四石书记带队拜访香港兰桂坊做准备。', 2, '2014-11-24 09:13:24', '2014-11-24 09:13:24'),
(564, '2014-11-20', 6, '石书记接待了上海复星集团相关负责人，带队参观了CBD管委会的数字化展厅，并实地考察了金融城起步区工地现场，企业负责人表示有意竞买一行三局及金融城管委会所在地块（即AT090955、56、57、58）.', 2, '2014-11-24 09:16:51', '2014-11-24 09:16:51'),
(566, '2014-11-20', 4, '配合做好石书记接待上海复星集团考察金融城相关事宜。', 0, '2014-11-24 09:31:12', '2014-11-24 09:31:12'),
(567, '2014-11-19', 7, '上午，查看珠江新城B1-1地块工地现场。该项目建设单位(粤海地产)称，工地正按市里要求做东侧(珠江西路)围墙改造，因占用现状人行道，被城管局叫停。指导建设单位准备好相关文件资料尽快办理临时占用道路审批手续。', 2, '2014-11-24 10:16:50', '2014-11-24 10:16:50'),
(568, '2014-11-20', 7, '下午，金融城办常务副主任黄家添在棠下村，主持召开专题会议，研究金融城起步区棠下村复建项目建筑方案有关问题，我委、市规划局、棠下村、复建项目设计单位等参会。会议结合11月17日金融城建筑设计方案专家审查会意见，对棠下村复建项目建筑方案的进一步优化和调整问题进行了研究和探讨，要求复建项目各设计单位在此基础上，于下周提交多种优化方案(3个或以上)，由市规划局征求金融城规划设计顾问团队意见。', 2, '2014-11-24 10:56:12', '2014-11-24 10:56:12'),
(569, '2014-11-24', 9, '处理，2015年预算“一下”情况；市委常委会议决定事项督办通知书，报送我处需争取的政策和需要支持的事项并填写汇总表。', 0, '2014-11-25 09:44:42', '2014-11-25 09:44:42'),
(570, '2014-11-28', 9, '梳理我处2014年底需要完成的工作，待曾科修改后报综合处。', 0, '2014-12-01 09:35:15', '2014-12-01 09:35:15'),
(571, '2014-11-24', 6, '收集区相关职能部门2014年11月金融城建设开发工作的最新进展情况，拟定《天河区推进广州国际金融城起步区开发建设工作进展情况汇总表（2014年11月）》，已呈送金融城建设开发指挥部各领导。', 2, '2014-12-01 09:39:16', '2014-12-01 09:39:16'),
(572, '2014-11-25', 6, '根据《广州市招商工作联席会议纪要》（招商联纪要〔2014〕3号）要求，我委收集区教育局、区经贸局、区规划分局等单位对金融城起步区AT090924地块规划幼儿园的意见，并代拟了复市文稿，提出规划幼儿园应按照控规条件予以落实，如有关企业对此有异议，亦可按原控规配套建筑面积不少于2160平方米的独立用地幼儿园。', 2, '2014-12-01 09:45:34', '2014-12-01 09:45:34'),
(573, '2014-11-28', 6, '为对珠江新城规划实施情况进行有效评估，充分总结珠江新城建设发展的经验教训，探究中央商务区运营管理模式，广州市城市规划编制研究中心拟于2014年11月28日至12月4日派工作人员进驻我委，对天河中央商务区开展实地调研。届时，市规划编研中心将与参与珠江新城规划的专家学者、区域内重点企业及我委相关业务处室负责人进行深入访谈，详细了解天河中央商务区建设开发、管理运营及投资服务情况，形成一份具有影响力的规划评估报告，为中央商务区的后续发展及广州市重大发展平台的规划编制提供指导。', 2, '2014-12-01 09:46:38', '2014-12-01 09:46:38'),
(574, '2014-11-28', 6, '根据《天河区推进广州国际金融城起步区开发建设工作总体方案》（穗天府办函[2012]65号）的工作布署，为做好广州国际金融城（含起步区及二期）2014年全年总结工作，我委发文请区经贸局、天河区公安分局、区城改办、区发改局、区财政局、市国土房管局天河区分局、市规划局天河分局牵头汇总本组金融城2014年全年工作进展情况报送我委。\r\n', 2, '2014-12-01 09:48:38', '2014-12-01 09:48:38'),
(575, '2014-11-27', 7, '对接金融城起步区部分第二批受地企业，了解项目进展情况。新华人寿：已办理完成投资项目备案(立项)；万联证券：无明显进展；南粤银行：已办理完成投资项目备案(立项)及招标核准意见(公开招标)，已入案申请建设用地批准书及建设用地规划许可证。', 2, '2014-12-01 10:15:07', '2014-12-01 10:15:07'),
(576, '2014-11-27', 4, '陪同接待香港信合集团参观展厅和座谈，并考察金融城车陂水厂和基坑工地现场。', 2, '2014-12-01 15:42:59', '2014-12-01 15:42:59'),
(577, '2014-12-03', 4, '接待杭州市萧山钱江世纪城管委会并开展座谈，介绍了天河CBD的规划建设情况。', 2, '2014-12-04 16:40:37', '2014-12-04 16:40:37'),
(578, '2014-12-04', 3, '接待杭州钱江新城管委会一行，参观展厅并作金融城部分讲解。', 2, '2014-12-05 11:17:04', '2014-12-05 11:17:04'),
(579, '2014-12-04', 3, '接待市妇幼中心及淡马锡公司一行，参观展厅，并就国际儿童医院选址进行深入探讨。', 0, '2014-12-05 11:17:46', '2014-12-05 11:17:46'),
(580, '2014-12-03', 3, '参加区政务办调研工作会议，就区政务系统建设开展讨论', 2, '2014-12-05 11:19:04', '2014-12-05 11:19:04'),
(581, '2014-12-01', 3, '召开全体公务员会议，对田猛、小温、陈卉转正进行民主测评，同时开展投资处、建开处副处长候选人推荐工作。', 2, '2014-12-05 11:21:40', '2014-12-05 11:21:40'),
(582, '2014-12-08', 6, '继续配合市编研中心做好珠江新城规划评估调研的工作，跟进对接管委会各处室。', 0, '2014-12-08 09:22:14', '2014-12-08 09:22:14'),
(583, '2014-12-01', 6, '根据《天河区推进广州国际金融城起步区开发建设工作总体方案》的工作步署，请区金融城建设开发领导小组各成员做好2014年年度工作总结的工作。', 2, '2014-12-08 09:34:52', '2014-12-08 09:34:52'),
(584, '2014-12-02', 6, '继续配合市编研中心做好珠江新城规划评估调研的工作，跟进对接管委会各处室。', 2, '2014-12-08 09:35:02', '2014-12-08 09:35:02'),
(585, '2014-12-03', 6, '牵头收集区教育局、区规划分局、区经贸局关于万达金融总部拟选址地块规划意见的复函，并代区政府代拟了复市文稿，我区考虑到金融城控规已稳定，建议相关单位按照控规条件严格执行建设。', 2, '2014-12-08 09:39:18', '2014-12-08 09:39:18'),
(586, '2014-12-03', 6, '市规划局在309会议室召开粤剧红船项目选址金融城二期南方面粉厂地块工作的协调会，相关单位就拟选址地块的情况提出了意见。', 2, '2014-12-08 09:44:50', '2014-12-08 09:44:50'),
(587, '2014-12-04', 6, '市妇女儿童医疗中心与新加坡淡马锡咨询公司相关负责人拜访我委，就国际儿童医院选址金融城二期的相关事宜进行了交流。', 2, '2014-12-08 09:56:42', '2014-12-08 09:56:42'),
(588, '2014-12-09', 3, '开发全委OA系统——日程模块', 0, '2014-12-10 09:29:19', '2014-12-10 09:29:19'),
(589, '2014-12-10', 4, '陪同接待阿里巴巴集团考察金融城工地现场。', 2, '2014-12-15 17:01:39', '2014-12-15 17:01:39'),
(590, '2014-12-22', 6, '广州市天河区交通发展规划（2013-2030）最终成果电子版已上传至处室共享-规划文件夹内，欢迎下载学习。', 4, '2014-12-22 14:08:04', '2014-12-22 14:08:04'),
(591, '2014-12-24', 7, '参加天河区党的十八届四中全会精神“进企业”宣讲活动(中国农业银行广东省分行二楼会议室[珠江东路])。', 2, '2014-12-29 09:52:02', '2014-12-29 09:52:02'),
(592, '2014-12-24', 9, '上午，中国保监会副主席陈文辉一行4人到我委考察，参观数字化展厅并听取广州国际金融城规划建设情况介绍。', 2, '2014-12-29 10:55:47', '2014-12-29 10:55:47'),
(593, '2014-12-26', 9, '广州市城市规划编制研究中心王峰副主任一行4人到我委进行座谈，了解天河CBD地区，特别是珠江新城地区的运营管理理念、模式与政策，分析目前存在的不足之处并探讨未来发展的目标。我委张海波常务副主任、企业服务处陶小民处长及建设开发处陈财新处长参与座谈。', 2, '2014-12-30 13:54:18', '2014-12-30 13:54:18'),
(594, '2014-12-29', 3, '整理准备提供给广发银行的资料', 0, '2015-01-04 10:48:25', '2015-01-04 10:48:25'),
(595, '2014-12-30', 3, '根据石书记、林区长指示，重新收集整理广发银行感兴趣地块的资料', 0, '2015-01-04 10:49:08', '2015-01-04 10:49:08'),
(596, '2014-12-31', 3, '到中山三院看病', 0, '2015-01-04 10:49:25', '2015-01-04 10:49:25'),
(597, '2014-12-30', 4, '陪同接待省质监局翁永卫副局长一行到金融城工地现场调研考察。', 0, '2015-01-04 14:41:08', '2015-01-04 14:41:46'),
(598, '2014-12-29', 4, '按照委领导指示，为区主要领导梳理珠江新城未出让地块相关信息。', 0, '2015-01-04 14:43:42', '2015-01-04 14:43:42'),
(599, '2015-01-09', 4, '配合区委办做好省委巡视组巡视回访工作，具体落实广州国际金融城平台相关材料和档案的报送工作。', 2, '2015-01-12 11:11:16', '2015-01-12 11:11:16'),
(600, '2015-01-05', 4, '走访石东村，了解村复建项目进展及问题，并进行了报建指导。', 2, '2015-01-12 11:12:34', '2015-01-12 11:12:34'),
(601, '2015-01-08', 9, '配合区委办做好省委巡视组巡视回访工作，具体落实广州国际金融城平台相关材料和档案的报送工作。', 0, '2015-01-12 11:13:38', '2015-01-12 11:13:38'),
(602, '2015-01-06', 6, '我处就AT090940地块配套设施情况与平安不动产相关负责人进行沟通，并与第二天出具了该地块配套设施的意见，通知企业经办人员领取意见。', 2, '2015-01-12 15:25:18', '2015-01-12 15:25:18'),
(603, '2015-01-06', 6, '收集区相关职能部门2014年12月金融城建设开发工作的最新进展情况，拟定《天河区推进广州国际金融城起步区开发建设工作进展情况汇总表（2014年12月）》，已呈送金融城建设开发指挥部各领导。', 2, '2015-01-12 15:34:44', '2015-01-12 15:34:44'),
(604, '2015-01-06', 6, '收集区相关职能部门2014年全年金融城建设开发工作的总结，拟定《广州市天河中央商务区管理委员会关于报送广州国际金融城2014年全年工作总结的报告》，已呈送金融城建设开发指挥部各领导。', 2, '2015-01-12 15:35:23', '2015-01-12 15:35:23'),
(605, '2015-01-09', 6, '已根据冼村、猎德、潭村三个村更新改造的最新修建性详细规划资料修改完善了《珠江新城规划图》，并添加了水印、修正了小错误。', 2, '2015-01-12 15:36:58', '2015-01-12 15:36:58'),
(606, '2015-01-06', 6, '根据天河区党的群众路线教育实践活动的安排，草拟并完成了广州国际金融城专题调研报告，形成《广州国际金融城发展管理模式初探》，已呈送区委办。', 2, '2015-01-12 15:41:00', '2015-01-12 15:41:00'),
(607, '2015-01-13', 9, '整理2014年天河区雇员考核登记表', 0, '2015-01-14 17:42:36', '2015-01-14 17:42:36'),
(608, '2015-01-16', 9, '整理2014年会议情况。', 0, '2015-01-19 09:31:58', '2015-01-19 09:31:58'),
(609, '2015-01-14', 7, '走访车陂村。关于金融城起步区车陂村拆迁安置补偿补充协议签订问题，区土地开发中心已将村里意见等专题报告区政府，待区政府答复，区政府仍未有回复意见。', 2, '2015-01-19 10:00:59', '2015-01-19 10:00:59'),
(610, '2015-01-15', 7, '参加企业服务处主持召开的金融城统计工作会议，区发改局、区经贸局、区国土局、区统计局、金融城起步区长江集团、省铁投、南粤银行、万联证券、平安不动产、新华人寿等单位代表与会。企业反映项目普遍存在报建、政府职能部门配合方面助力大、多头管理、标准不协调、土方开挖出土手续无法办理及土地转入项目开发公司受阻等问题，希望政府相关职能部门提高效率、加快审批进度，营造便利、顺畅的项目开发环境。', 2, '2015-01-19 10:27:05', '2015-01-19 10:27:05'),
(611, '2015-01-15', 6, '上午，市编研中心吕传廷主任主持召开工作会议，研究讨论金融城二期内人才大厦、省安装公司员村一横路地块、鹰金钱地块三个重点项目地块规划工作，并就顺利推进重点项目规划建设、保证规划成果实施可行进行研究讨论。', 2, '2015-01-20 09:30:45', '2015-01-20 09:30:45'),
(612, '2015-01-16', 6, '制作广州国际金融城整体8平方公里范围各地块项目信息图示。', 2, '2015-01-20 09:32:34', '2015-01-20 09:32:34'),
(614, '2015-01-19', 9, '整理处室书籍标签。', 0, '2015-01-20 11:55:43', '2015-01-20 11:55:43'),
(615, '2015-01-27', 9, '查找统计珠江新城主要楼宇的建筑面积及投入使用时间。', 0, '2015-01-28 11:45:21', '2015-01-28 11:45:21'),
(616, '2015-01-27', 6, '收集区相关职能部门2015年1月金融城建设开发工作的最新进展情况，拟定《天河区推进广州国际金融城起步区开发建设工作进展情况汇总表（2015年1月）》，已呈送金融城建设开发指挥部各领导。', 2, '2015-01-28 16:33:22', '2015-01-28 16:33:22'),
(617, '2015-01-21', 6, '团市委召开区新建少年宫督办工作会议，协调解决项目推进过程中遇到的问题。规划部门建议区教育局参照人才大厦地块控规修改程序开展区少年宫地块的控规修改手续，以加快项目建设进度。', 2, '2015-01-28 16:34:50', '2015-01-28 16:34:50'),
(618, '2015-01-23', 6, '制作完成广州国际金融城控制性详细规划各地块信息示意图。', 2, '2015-01-28 16:37:02', '2015-01-28 16:37:02'),
(619, '2015-01-23', 9, '根据丘常委在《金融城二期重点项目地块规划工作协调会会议纪要》上的批示，我处初步梳理了金融城二期相关问题和工作任务，待修改审定后报丘常委。', 2, '2015-01-29 09:18:16', '2015-01-29 09:18:16'),
(620, '2015-01-29', 6, '根据张主任的要求制作了广州国际金融城在一江两岸的区位图。', 2, '2015-01-29 15:07:36', '2015-01-29 15:07:36'),
(622, '2015-01-28', 7, '下午，去金融城起步区绿地中心项目工地踩点，本周五下午丘常委计划到本工地现场协调解决绿地中心申请在黄埔大道边开设施工临时路口并占用部分绿化带问题。绿地中心反映，工地原使用的南向出临江大道的施工便道(位于规划春融路路位)因市重点办正在开挖进行地下工程施工，他们已难以通行，故只能在黄埔大道一侧开设出口。经现场查勘，绿地中心反映情况基本属实。', 2, '2015-02-02 11:35:53', '2015-02-02 11:35:53'),
(623, '2015-01-30', 6, '根据林区在《广州国际金融城土地出让工作情况的报告》上的批示，对金融城起步区土地出让情况进行了梳理，并且将相关信息列表制作了PPT以便上区府常务会议汇报。', 2, '2015-02-03 09:05:31', '2015-02-03 09:05:31'),
(624, '2015-02-02', 6, '棠下村民在金融城起步区村民复建房选址处举办棠下新墟复建房奠基仪式，黄家添副主任、丘卫青常委、黄国和专职党组成员及街道、经济联社等相关部门负责人参加了仪式。', 2, '2015-02-03 09:07:55', '2015-02-03 09:07:55'),
(625, '2015-01-30', 9, '下午，在绿地中心项目工地现场，丘常委召集我处、区农园局、市重点办、绿地公司，协调解决绿地中心北侧道路临时开口问题：同意绿地中心按施工需求在地块北侧道路开设新的出入口，同时必须封闭北侧的原有出入口，且新出入口只作为工地材料设备运输的入口，不得作为出口；工地余泥、材料设备应经起步区内部由临江大道运出，请市重点办配合，做好起步区内部的交通组织；工地北侧围蔽整治应按市重点办标准实施，若需占用绿化带的，须办理相关审批手续；新开设的路口须经区农园局、区建水局确认同意后，方可使用。我处已将上述情况知会区农园局、区建水局等相关单位。', 2, '2015-02-03 09:46:20', '2015-02-03 09:46:20'),
(626, '2015-01-29', 9, '焦作市规划局党组书记、局长田晋源，焦作市解放区区长陈泓一行6人来访天河CBD管委会，张海波主任及陈财新处长陪同参观了管委会数字化展厅及花城广场并进行座谈，双方就天河CBD在城区规划、项目建设及管理等方面进行了交流。', 2, '2015-02-03 10:07:24', '2015-02-03 10:07:24'),
(627, '2015-02-04', 6, '我委根据市编研中心1月15日会议纪要的精神，代区政府草拟了《广州市天河中央商务区管理委员会关于广州国际金融城二期鹰金钱地块重点项目意见的复函》，已呈送至区政府办。', 2, '2015-02-04 10:10:14', '2015-02-04 10:10:14'),
(628, '2015-02-04', 7, '珠江新城B1-1地块项目(广州三诚经济发展公司)项目经理赖经理来访我委。赖经理反映，随着该项目基坑工程进展，现急需出土，应先办理前置的临时施工复函及余泥排放证，但申办基坑工程临时施工复函时受阻，办理部门称缺绿色通道章不予受理，请求我委协助。该基坑工程已完成基坑设计、技术评审及监理、施工招标等法定程序，建议其加强与市建委对口职能部门沟通，完善加盖绿色通道章手续，需要对接市建委职能部门时，我委可予以支持协助。 ', 2, '2015-02-09 14:23:06', '2015-02-09 14:23:06');

-- --------------------------------------------------------

--
-- 表的结构 `cbd_work_user`
--

CREATE TABLE IF NOT EXISTS `cbd_work_user` (
  `usr_id` int(11) NOT NULL,
  `work_id` int(11) NOT NULL,
  `is_read` tinyint(1) NOT NULL DEFAULT '0',
  `create_time` datetime NOT NULL DEFAULT CURRENT_TIMESTAMP,
  `update_time` datetime NOT NULL DEFAULT CURRENT_TIMESTAMP,
  PRIMARY KEY (`usr_id`,`work_id`)
) ENGINE=InnoDB DEFAULT CHARSET=utf8 COMMENT='信息阅读记录';

--
-- 转存表中的数据 `cbd_work_user`
--

INSERT INTO `cbd_work_user` (`usr_id`, `work_id`, `is_read`, `create_time`, `update_time`) VALUES
(3, 74, 1, '2014-01-15 10:40:23', '2014-01-20 10:01:20'),
(3, 75, 1, '2014-01-15 12:44:37', '2014-01-15 14:01:15'),
(3, 82, 1, '2014-01-16 11:53:22', '2014-01-16 15:01:16'),
(3, 84, 1, '2014-01-16 15:14:21', '2014-01-16 15:01:16'),
(3, 87, 1, '2014-01-20 09:08:32', '2014-01-21 09:01:21'),
(3, 109, 1, '2014-02-17 10:24:30', '2014-03-04 13:03:04'),
(3, 110, 1, '2014-02-17 10:44:17', '2014-03-04 13:03:04'),
(3, 122, 1, '2014-02-25 11:08:03', '2014-03-03 09:03:03'),
(3, 124, 1, '2014-02-25 15:34:06', '2014-02-25 16:02:25'),
(3, 126, 1, '2014-02-25 15:40:45', '2014-03-04 13:03:04'),
(3, 139, 1, '2014-02-27 09:59:18', '2014-03-04 13:03:04'),
(3, 183, 1, '2014-03-18 11:33:39', '2014-03-21 14:03:21'),
(3, 233, 1, '2014-04-15 11:59:40', '2014-04-17 15:04:17'),
(3, 255, 1, '2014-04-28 09:30:12', '2014-05-04 08:05:04'),
(3, 325, 1, '2014-06-18 11:24:27', '2014-06-20 15:06:20'),
(3, 335, 1, '2014-06-20 16:41:30', '2014-06-24 09:06:24'),
(3, 336, 1, '2014-06-24 09:02:20', '2014-06-26 15:06:26'),
(3, 337, 1, '2014-06-25 09:22:59', '2014-07-15 15:07:15'),
(3, 345, 1, '2014-06-25 18:18:01', '2014-07-15 15:07:15'),
(3, 365, 1, '2014-07-14 09:30:22', '2014-07-15 15:07:15'),
(3, 368, 1, '2014-07-16 11:06:16', '2014-08-15 13:08:15'),
(3, 375, 1, '2014-07-24 11:47:19', '2014-08-15 13:08:15'),
(3, 384, 1, '2014-07-28 16:47:10', '2014-08-25 10:08:25'),
(3, 385, 1, '2014-07-29 10:56:44', '2014-07-29 10:56:44'),
(3, 447, 1, '2014-08-29 14:19:16', '2014-08-29 14:19:16'),
(3, 475, 1, '2014-09-16 14:46:40', '2014-09-16 14:46:40'),
(3, 539, 1, '2014-11-03 11:27:22', '2014-11-03 11:27:22'),
(3, 557, 1, '2014-11-14 14:43:21', '2014-11-14 14:43:21'),
(3, 590, 1, '2014-12-22 14:08:04', '2014-12-22 14:08:04'),
(4, 70, 1, '2014-01-14 16:11:37', '2014-01-14 16:11:37'),
(4, 71, 1, '2014-01-15 09:46:53', '2014-01-15 09:01:15'),
(4, 74, 1, '2014-01-15 10:40:23', '2014-01-15 11:01:15'),
(4, 75, 1, '2014-01-15 12:44:37', '2014-01-15 14:01:15'),
(4, 77, 1, '2014-01-15 14:16:05', '2014-01-16 09:01:16'),
(4, 80, 1, '2014-01-16 08:43:06', '2014-01-16 09:01:16'),
(4, 81, 1, '2014-01-16 08:46:05', '2014-01-16 09:01:16'),
(4, 82, 1, '2014-01-16 11:53:22', '2014-01-16 15:01:16'),
(4, 85, 1, '2014-01-16 17:07:59', '2014-01-20 09:01:20'),
(4, 87, 1, '2014-01-20 09:08:32', '2014-01-20 10:01:20'),
(4, 94, 1, '2014-01-20 17:12:15', '2014-01-21 15:01:21'),
(4, 99, 1, '2014-01-22 15:53:05', '2014-01-24 10:01:24'),
(4, 107, 1, '2014-01-24 17:31:16', '2014-02-19 11:02:19'),
(4, 110, 1, '2014-02-17 10:44:17', '2014-03-05 10:03:05'),
(4, 122, 1, '2014-02-25 11:08:03', '2014-03-03 11:03:03'),
(4, 124, 1, '2014-02-25 15:34:06', '2014-03-05 10:03:05'),
(4, 126, 1, '2014-02-25 15:40:45', '2014-02-26 09:02:26'),
(4, 155, 1, '2014-03-03 15:48:09', '2014-03-05 10:03:05'),
(4, 170, 1, '2014-03-12 14:01:29', '2014-03-12 16:03:12'),
(4, 183, 1, '2014-03-18 11:33:39', '2014-03-18 14:03:18'),
(4, 195, 1, '2014-03-28 16:12:17', '2014-04-04 14:04:04'),
(4, 255, 1, '2014-04-28 09:30:12', '2014-05-04 10:05:04'),
(4, 313, 1, '2014-06-13 09:50:30', '2014-06-30 08:06:30'),
(4, 314, 1, '2014-06-13 09:51:54', '2014-06-30 08:06:30'),
(4, 315, 1, '2014-06-13 09:54:50', '2014-06-30 08:06:30'),
(4, 324, 1, '2014-06-17 11:35:26', '2014-06-25 09:06:25'),
(4, 325, 1, '2014-06-18 11:24:27', '2014-06-25 09:06:25'),
(4, 335, 1, '2014-06-20 16:41:30', '2014-06-23 11:06:23'),
(4, 336, 1, '2014-06-24 09:02:20', '2014-06-25 09:06:25'),
(4, 345, 1, '2014-06-25 18:18:01', '2014-06-30 08:06:30'),
(4, 355, 0, '2014-07-02 16:09:07', '2014-07-02 16:09:07'),
(4, 365, 1, '2014-07-14 09:30:22', '2014-07-14 11:07:14'),
(4, 368, 1, '2014-07-16 11:06:16', '2014-07-18 16:07:18'),
(4, 375, 1, '2014-07-24 11:47:19', '2014-08-04 14:08:04'),
(4, 384, 1, '2014-07-28 16:47:10', '2014-07-30 11:07:30'),
(4, 385, 1, '2014-07-29 10:56:44', '2014-08-04 14:08:04'),
(4, 434, 1, '2014-08-25 10:03:21', '2014-08-25 10:08:25'),
(4, 447, 1, '2014-08-29 14:19:16', '2014-09-01 10:09:01'),
(4, 463, 1, '2014-09-11 16:28:38', '2014-09-11 16:28:38'),
(4, 464, 1, '2014-09-11 16:31:40', '2014-09-11 16:31:40'),
(4, 475, 1, '2014-09-16 14:46:40', '2014-09-16 14:46:40'),
(4, 517, 1, '2014-10-15 17:28:53', '2014-10-15 17:28:53'),
(4, 527, 1, '2014-10-24 10:03:58', '2014-10-24 10:03:58'),
(4, 534, 1, '2014-10-28 16:17:07', '2014-10-28 16:17:07'),
(4, 539, 1, '2014-11-03 11:27:22', '2014-11-03 11:27:22'),
(4, 543, 1, '2014-11-07 16:26:13', '2014-11-07 16:26:13'),
(4, 545, 1, '2014-11-07 16:44:48', '2014-11-07 16:44:48'),
(4, 557, 1, '2014-11-14 14:43:21', '2014-11-14 14:43:21'),
(4, 560, 1, '2014-11-18 09:13:43', '2014-11-18 09:13:43'),
(4, 590, 1, '2014-12-22 14:08:04', '2014-12-22 14:08:04'),
(5, 70, 1, '2014-01-14 16:11:37', '2014-01-14 16:11:37'),
(5, 71, 1, '2014-01-15 09:46:53', '2014-01-15 16:01:15'),
(5, 74, 1, '2014-01-15 10:40:23', '2014-01-15 16:01:15'),
(5, 75, 1, '2014-01-15 12:44:37', '2014-01-15 16:01:15'),
(5, 77, 1, '2014-01-15 14:16:05', '2014-01-15 16:01:15'),
(5, 80, 1, '2014-01-16 08:43:06', '2014-01-17 16:01:17'),
(5, 81, 1, '2014-01-16 08:46:05', '2014-01-20 14:01:20'),
(5, 84, 1, '2014-01-16 15:14:21', '2014-01-17 15:01:17'),
(5, 85, 1, '2014-01-16 17:07:59', '2014-01-17 15:01:17'),
(5, 87, 1, '2014-01-20 09:08:32', '2014-01-20 14:01:20'),
(5, 94, 1, '2014-01-20 17:12:15', '2014-01-21 08:01:21'),
(5, 99, 1, '2014-01-22 15:53:05', '2014-02-10 15:02:10'),
(5, 107, 1, '2014-01-24 17:31:16', '2014-01-26 14:01:26'),
(5, 109, 1, '2014-02-17 10:24:30', '2014-06-30 10:06:30'),
(5, 110, 1, '2014-02-17 10:44:17', '2014-02-25 16:02:25'),
(5, 122, 1, '2014-02-25 11:08:03', '2014-02-25 16:02:25'),
(5, 124, 1, '2014-02-25 15:34:06', '2014-02-27 09:02:27'),
(5, 126, 1, '2014-02-25 15:40:45', '2014-02-25 16:02:25'),
(5, 139, 1, '2014-02-27 09:59:18', '2014-02-27 15:02:27'),
(5, 155, 1, '2014-03-03 15:48:09', '2014-03-04 16:03:04'),
(5, 170, 1, '2014-03-12 14:01:29', '2014-03-26 11:03:26'),
(5, 183, 1, '2014-03-18 11:33:39', '2014-03-26 11:03:26'),
(5, 195, 1, '2014-03-28 16:12:17', '2014-06-12 10:06:12'),
(5, 233, 1, '2014-04-15 11:59:40', '2014-04-16 09:04:16'),
(5, 255, 1, '2014-04-28 09:30:12', '2014-04-28 09:04:28'),
(5, 313, 1, '2014-06-13 09:50:30', '2014-06-16 15:06:16'),
(5, 314, 1, '2014-06-13 09:51:54', '2014-07-01 09:07:01'),
(5, 315, 1, '2014-06-13 09:54:50', '2014-06-13 09:54:50'),
(5, 324, 1, '2014-06-17 11:35:26', '2014-06-19 09:06:19'),
(5, 325, 1, '2014-06-18 11:24:27', '2014-06-19 09:06:19'),
(5, 336, 1, '2014-06-24 09:02:20', '2014-06-24 14:06:24'),
(5, 337, 1, '2014-06-25 09:22:59', '2014-08-20 09:08:20'),
(5, 345, 1, '2014-06-25 18:18:01', '2014-06-26 11:06:26'),
(5, 355, 1, '2014-07-02 16:09:07', '2014-07-04 14:07:04'),
(5, 365, 1, '2014-07-14 09:30:22', '2014-07-14 11:07:14'),
(5, 368, 1, '2014-07-16 11:06:16', '2014-07-22 09:07:22'),
(5, 375, 1, '2014-07-24 11:47:19', '2014-07-29 16:07:29'),
(5, 384, 1, '2014-07-28 16:47:10', '2014-09-01 15:09:01'),
(5, 385, 1, '2014-07-29 10:56:44', '2014-07-30 10:07:30'),
(5, 434, 1, '2014-08-25 10:03:21', '2014-09-10 09:09:10'),
(5, 447, 1, '2014-08-29 14:19:16', '2014-09-01 15:09:01'),
(5, 463, 0, '2014-09-11 16:28:38', '2014-09-11 16:28:38'),
(5, 464, 0, '2014-09-11 16:31:40', '2014-09-11 16:31:40'),
(5, 475, 0, '2014-09-16 14:46:40', '2014-09-16 14:46:40'),
(5, 517, 0, '2014-10-15 17:28:53', '2014-10-15 17:28:53'),
(5, 527, 0, '2014-10-24 10:03:58', '2014-10-24 10:03:58'),
(5, 534, 0, '2014-10-28 16:17:07', '2014-10-28 16:17:07'),
(5, 539, 0, '2014-11-03 11:27:22', '2014-11-03 11:27:22'),
(5, 543, 0, '2014-11-07 16:26:13', '2014-11-07 16:26:13'),
(5, 545, 0, '2014-11-07 16:44:48', '2014-11-07 16:44:48'),
(5, 557, 0, '2014-11-14 14:43:21', '2014-11-14 14:43:21'),
(5, 560, 0, '2014-11-18 09:13:43', '2014-11-18 09:13:43'),
(5, 590, 0, '2014-12-22 14:08:04', '2014-12-22 14:08:04'),
(6, 70, 1, '2014-01-14 16:11:37', '2014-02-24 09:02:24'),
(6, 71, 1, '2014-01-15 09:46:53', '2014-01-16 09:01:16'),
(6, 74, 1, '2014-01-15 10:40:23', '2014-01-22 14:01:22'),
(6, 77, 1, '2014-01-15 14:16:05', '2014-01-16 09:01:16'),
(6, 80, 1, '2014-01-16 08:43:06', '2014-03-31 10:03:31'),
(6, 81, 1, '2014-01-16 08:46:05', '2014-01-16 16:01:16'),
(6, 82, 1, '2014-01-16 11:53:22', '2014-01-22 14:01:22'),
(6, 84, 1, '2014-01-16 15:14:21', '2014-03-31 10:03:31'),
(6, 85, 1, '2014-01-16 17:07:59', '2014-01-20 09:01:20'),
(6, 94, 1, '2014-01-20 17:12:15', '2014-01-21 09:01:21'),
(6, 99, 1, '2014-01-22 15:53:05', '2014-03-31 10:03:31'),
(6, 107, 1, '2014-01-24 17:31:16', '2014-01-26 10:01:26'),
(6, 109, 1, '2014-02-17 10:24:30', '2014-03-31 10:03:31'),
(6, 124, 1, '2014-02-25 15:34:06', '2014-02-25 15:02:25'),
(6, 139, 1, '2014-02-27 09:59:18', '2014-02-27 15:02:27'),
(6, 155, 1, '2014-03-03 15:48:09', '2014-03-03 15:03:03'),
(6, 170, 1, '2014-03-12 14:01:29', '2014-03-14 10:03:14'),
(6, 195, 1, '2014-03-28 16:12:17', '2014-03-31 10:03:31'),
(6, 233, 1, '2014-04-15 11:59:40', '2014-06-17 15:06:17'),
(6, 313, 1, '2014-06-13 09:50:30', '2014-06-25 17:06:25'),
(6, 314, 1, '2014-06-13 09:51:54', '2014-06-25 17:06:25'),
(6, 315, 1, '2014-06-13 09:54:50', '2014-06-13 09:54:50'),
(6, 324, 1, '2014-06-17 11:35:26', '2014-06-17 11:06:17'),
(6, 335, 1, '2014-06-20 16:41:30', '2014-06-20 16:41:30'),
(6, 337, 1, '2014-06-25 09:22:59', '2014-06-25 09:22:59'),
(6, 345, 1, '2014-06-25 18:18:01', '2014-06-27 14:06:27'),
(6, 355, 1, '2014-07-02 16:09:07', '2014-07-02 16:07:02'),
(6, 365, 1, '2014-07-14 09:30:22', '2014-07-14 11:07:14'),
(6, 368, 1, '2014-07-16 11:06:16', '2014-07-23 11:07:23'),
(6, 434, 1, '2014-08-25 10:03:21', '2014-08-25 10:08:25'),
(6, 463, 1, '2014-09-11 16:28:38', '2014-09-11 16:28:38'),
(6, 464, 1, '2014-09-11 16:31:40', '2014-09-11 16:31:40'),
(6, 475, 1, '2014-09-16 14:46:40', '2014-09-16 14:46:40'),
(6, 517, 1, '2014-10-15 17:28:53', '2014-10-15 17:28:53'),
(6, 527, 1, '2014-10-24 10:03:58', '2014-10-24 10:03:58'),
(6, 534, 1, '2014-10-28 16:17:07', '2014-10-28 16:17:07'),
(6, 543, 1, '2014-11-07 16:26:13', '2014-11-07 16:26:13'),
(6, 545, 1, '2014-11-07 16:44:48', '2014-11-07 16:44:48'),
(6, 557, 1, '2014-11-14 14:43:21', '2014-11-14 14:43:21'),
(6, 560, 1, '2014-11-18 09:13:43', '2014-11-18 09:13:43'),
(7, 70, 1, '2014-01-14 16:11:37', '2014-01-14 17:01:14'),
(7, 71, 1, '2014-01-15 09:46:53', '2014-01-15 10:01:15'),
(7, 75, 1, '2014-01-15 12:44:37', '2014-01-15 13:01:15'),
(7, 77, 1, '2014-01-15 14:16:05', '2014-01-15 14:01:15'),
(7, 80, 1, '2014-01-16 08:43:06', '2014-01-16 09:01:16'),
(7, 81, 1, '2014-01-16 08:46:05', '2014-01-16 09:01:16'),
(7, 82, 1, '2014-01-16 11:53:22', '2014-01-16 12:01:16'),
(7, 84, 1, '2014-01-16 15:14:21', '2014-01-16 15:01:16'),
(7, 85, 1, '2014-01-16 17:07:59', '2014-01-20 09:01:20'),
(7, 87, 1, '2014-01-20 09:08:32', '2014-01-20 09:01:20'),
(7, 94, 1, '2014-01-20 17:12:15', '2014-01-21 10:01:21'),
(7, 99, 1, '2014-01-22 15:53:05', '2014-01-22 17:01:22'),
(7, 107, 1, '2014-01-24 17:31:16', '2014-01-26 09:01:26'),
(7, 109, 1, '2014-02-17 10:24:30', '2014-02-17 12:02:17'),
(7, 110, 1, '2014-02-17 10:44:17', '2014-02-17 12:02:17'),
(7, 122, 1, '2014-02-25 11:08:03', '2014-02-25 11:02:25'),
(7, 126, 1, '2014-02-25 15:40:45', '2014-02-25 17:02:25'),
(7, 139, 1, '2014-02-27 09:59:18', '2014-02-27 12:02:27'),
(7, 155, 1, '2014-03-03 15:48:09', '2014-03-03 16:03:03'),
(7, 170, 1, '2014-03-12 14:01:29', '2014-03-13 15:03:13'),
(7, 183, 1, '2014-03-18 11:33:39', '2014-03-18 14:03:18'),
(7, 195, 1, '2014-03-28 16:12:17', '2014-03-31 15:03:31'),
(7, 233, 1, '2014-04-15 11:59:40', '2014-04-17 11:04:17'),
(7, 255, 1, '2014-04-28 09:30:12', '2014-04-29 13:04:29'),
(7, 313, 1, '2014-06-13 09:50:30', '2014-06-13 14:06:13'),
(7, 314, 1, '2014-06-13 09:51:54', '2014-06-13 14:06:13'),
(7, 315, 1, '2014-06-13 09:54:50', '2014-06-13 14:06:13'),
(7, 324, 1, '2014-06-17 11:35:26', '2014-06-17 13:06:17'),
(7, 325, 1, '2014-06-18 11:24:27', '2014-06-23 09:06:23'),
(7, 335, 0, '2014-06-20 16:41:30', '2014-06-20 16:41:30'),
(7, 336, 1, '2014-06-24 09:02:20', '2014-06-24 14:06:24'),
(7, 337, 1, '2014-06-25 09:22:59', '2014-06-25 09:22:59'),
(7, 345, 1, '2014-06-25 18:18:01', '2014-06-26 09:06:26'),
(7, 355, 0, '2014-07-02 16:09:07', '2014-07-02 16:09:07'),
(7, 365, 1, '2014-07-14 09:30:22', '2014-07-14 10:07:14'),
(7, 368, 1, '2014-07-16 11:06:16', '2014-07-16 15:07:16'),
(7, 375, 1, '2014-07-24 11:47:19', '2014-07-25 14:07:25'),
(7, 384, 1, '2014-07-28 16:47:10', '2014-07-29 11:07:29'),
(7, 385, 1, '2014-07-29 10:56:44', '2014-07-29 14:07:29'),
(7, 434, 1, '2014-08-25 10:03:21', '2014-08-25 10:08:25'),
(7, 447, 1, '2014-08-29 14:19:16', '2014-09-09 11:09:09'),
(7, 463, 1, '2014-09-11 16:28:38', '2014-09-11 16:28:38'),
(7, 464, 1, '2014-09-11 16:31:40', '2014-09-11 16:31:40'),
(7, 475, 1, '2014-09-16 14:46:40', '2014-09-16 14:46:40'),
(7, 517, 1, '2014-10-15 17:28:53', '2014-10-15 17:28:53'),
(7, 527, 1, '2014-10-24 10:03:58', '2014-10-24 10:03:58'),
(7, 534, 1, '2014-10-28 16:17:07', '2014-10-28 16:17:07'),
(7, 539, 1, '2014-11-03 11:27:22', '2014-11-03 11:27:22'),
(7, 543, 1, '2014-11-07 16:26:13', '2014-11-07 16:26:13'),
(7, 545, 1, '2014-11-07 16:44:48', '2014-11-07 16:44:48'),
(7, 557, 1, '2014-11-14 14:43:21', '2014-11-14 14:43:21'),
(7, 560, 1, '2014-11-18 09:13:43', '2014-11-18 09:13:43'),
(7, 590, 1, '2014-12-22 14:08:04', '2014-12-22 14:08:04'),
(9, 313, 1, '2014-06-13 09:50:30', '2014-06-13 16:06:13'),
(9, 314, 1, '2014-06-13 09:51:54', '2014-06-13 16:06:13'),
(9, 315, 1, '2014-06-13 09:54:50', '2014-06-16 16:06:16'),
(9, 324, 1, '2014-06-17 11:35:26', '2014-06-17 11:06:17'),
(9, 325, 1, '2014-06-18 11:24:27', '2014-06-18 13:06:18'),
(9, 335, 1, '2014-06-20 16:41:30', '2014-06-20 17:06:20'),
(9, 336, 1, '2014-06-24 09:02:20', '2014-06-30 14:06:30'),
(9, 337, 1, '2014-06-25 09:22:59', '2014-06-25 10:06:25'),
(9, 355, 1, '2014-07-02 16:09:07', '2014-07-03 08:07:03'),
(9, 375, 1, '2014-07-24 11:47:19', '2014-07-28 17:07:28'),
(9, 384, 1, '2014-07-28 16:47:10', '2014-07-28 17:07:28'),
(9, 385, 1, '2014-07-29 10:56:44', '2014-07-30 13:07:30'),
(9, 434, 1, '2014-08-25 10:03:21', '2014-08-25 10:03:21'),
(9, 447, 1, '2014-08-29 14:19:16', '2014-08-29 14:08:29'),
(9, 463, 1, '2014-09-11 16:28:38', '2014-09-11 16:28:38'),
(9, 464, 1, '2014-09-11 16:31:40', '2014-09-11 16:31:40'),
(9, 517, 1, '2014-10-15 17:28:53', '2014-10-15 17:28:53'),
(9, 527, 1, '2014-10-24 10:03:58', '2014-10-24 10:03:58'),
(9, 534, 1, '2014-10-28 16:17:07', '2014-10-28 16:17:07'),
(9, 539, 1, '2014-11-03 11:27:22', '2014-11-03 11:27:22'),
(9, 543, 1, '2014-11-07 16:26:13', '2014-11-07 16:26:13'),
(9, 545, 1, '2014-11-07 16:44:48', '2014-11-07 16:44:48'),
(9, 560, 1, '2014-11-18 09:13:43', '2014-11-18 09:13:43'),
(9, 590, 1, '2014-12-22 14:08:04', '2014-12-22 14:08:04');

-- --------------------------------------------------------

--
-- 表的结构 `cbd_write`
--

CREATE TABLE IF NOT EXISTS `cbd_write` (
  `id` int(11) NOT NULL AUTO_INCREMENT,
  `write_no` char(12) NOT NULL COMMENT '发文的档案编号，格式：JF201311-021',
  `title` varchar(100) NOT NULL COMMENT '发文标题',
  `article_no` varchar(30) NOT NULL COMMENT '发文文号',
  `pub_date` date NOT NULL COMMENT '发文日期',
  `send_to` varchar(50) NOT NULL COMMENT '主送部门',
  `copy_to` varchar(50) DEFAULT NULL COMMENT '抄送部门',
  `summary` varchar(255) NOT NULL COMMENT '内容摘要',
  `writer` int(11) NOT NULL COMMENT '作者',
  `rec_id` int(11) DEFAULT NULL COMMENT '主动发文收到的复函id',
  `state` tinyint(4) NOT NULL DEFAULT '2' COMMENT '发文状态：2待归档；0：归档',
  `is_reply` tinyint(1) DEFAULT '1' COMMENT '是否复函',
  `download_name` varchar(200) DEFAULT NULL,
  `file_name` varchar(150) DEFAULT NULL,
  `create_time` datetime NOT NULL DEFAULT CURRENT_TIMESTAMP COMMENT '记录生成时间',
  `update_time` datetime NOT NULL DEFAULT CURRENT_TIMESTAMP COMMENT '记录修改时间',
  PRIMARY KEY (`id`),
  KEY `usr_id` (`writer`)
) ENGINE=InnoDB  DEFAULT CHARSET=utf8 COMMENT='发文表格' AUTO_INCREMENT=168 ;

--
-- 转存表中的数据 `cbd_write`
--

INSERT INTO `cbd_write` (`id`, `write_no`, `title`, `article_no`, `pub_date`, `send_to`, `copy_to`, `summary`, `writer`, `rec_id`, `state`, `is_reply`, `download_name`, `file_name`, `create_time`, `update_time`) VALUES
(1, 'JW201401-001', '天河中央商务区管委会关于对在临江大道建设绿岛加油站意见的复函', '穗天商管建〔2014〕1号', '2014-01-03', '区府办', '无', '我委提出两点意见：1.拟建“绿岛加油站”应符合珠江新城区域规划要求、确保安全且不影响周边景观为宜；2.广州国际金融城整体8平方公里规划尚未稳定，建议临江大道金融城路段暂不宜设置“绿岛加油站”。', 5, NULL, 0, 1, '', '', '2014-01-03 15:24:12', '2014-01-06 09:01:21'),
(2, 'JW201401-002', '广州市新型城市化发展2013年100项市重点督办工作落实情况（12月）（第四季度）', '无', '2014-01-06', '区委办', '', '每月定期报送。报送12月份和第四季度表格电子版', 5, NULL, 0, 0, '', '', '2014-01-06 14:47:10', '2014-01-06 14:01:19'),
(4, 'JW201401-003', '2014年变电站建设需求计划表', '〔无〕电子表格', '2014-01-07', '区建水局', '', '据了解，广州国际金融城起步区AT090902地块拟规划配套一座110KV变电站，该地块已于2013年2月公开出让，由广州联鸿实业投资有限公司竞得。该公司已办理临时施工复函，正进行设计方案报审，预计今年6~7月份正式开工，详细情况可与该公司胡总联系13380057788。', 7, NULL, 0, 1, './App/Public/Write/52cb7a1b37f71.xls', '2014年变电站建设需求计划.xls', '2014-01-07 11:52:59', '2014-01-07 16:01:30'),
(5, 'JW201401-004', '关于对内环路至广深沿江高速公路连接线项目规划建设意见的复函', '穗天商管建〔2014〕2号', '2014-01-07', '区府办', '', '我委认为内环路至广深沿江高速公路连接线项目持反对意见。', 6, NULL, 0, 1, './App/Public/Write/52cba8770fac5.doc', '1.6天河中央商务区关于内环路至广深沿江高速公路连接项目的意见.doc', '2014-01-07 15:10:47', '2014-01-07 16:01:30'),
(6, 'JW201401-005', '关于对广州市新型有轨电车线网规划及其评估报告和发展思路意见的复函', '穗天商管建〔2014〕3号', '2014-01-07', '区发改局', '', '建议DH10、DH11、DH5三条线路在具体规划建设实施时采用地下敷设方式。', 6, NULL, 0, 1, './App/Public/Write/52cbae95d60cd.doc', '1.6关于征求《广州市新型有轨电车线网规划》、《广州市新型有轨电车线网规划评估报告》和发展思路意见的复函.doc', '2014-01-07 15:36:53', '2014-01-07 16:01:15'),
(7, 'JW201401-006', '关于召开让-贝纳尔·梅泰先生艺术交流 座谈会的通知', '无', '2014-01-07', '市规划局、天河科技园管委会、区规划分局、区经贸局', '', '1月17日（星期五）上午9:30在天河CBD管委会举行让-贝纳尔·梅泰先生艺术交流座谈会。', 5, NULL, 0, 0, './App/Public/Write/52ccc8aeb3d61.doc', '140107关于召开让-贝纳尔•梅泰先生艺术交流座谈会的通知.doc', '2014-01-08 11:40:30', '2014-01-08 11:01:39'),
(8, 'JW201401-007', '关于征求金融城二期土地收储工作实施方案意见的复函', '穗天商管建〔2014〕4号', '2014-01-09', '区国土分局', '', '我委提出我区只负责二期村集体土地征拆工作、建议尽快开展二期村集体土地前期测算摸查工作、二期村集体土地补偿单价涨幅不低于二期国有土地征收补偿单价涨幅等3条意见。', 4, NULL, 0, 1, './App/Public/Write/52ce3a3ee9a1c.doc', '140108关于征求金融城二期土地收储工作实施方案意见的复函.doc', '2014-01-09 13:57:18', '2014-01-09 15:01:02'),
(9, 'JW201401-008', '2013年度区长办公会议决定事项汇总表(补充319-354号)（1-12月）', '无正式发文', '2014-01-09', '区教育局、区卫生局', '', '电子表格', 5, NULL, 0, 1, './App/Public/Write/52cf93bff0c7c.rar', '130109区.rar', '2014-01-10 14:31:28', '2014-01-13 09:01:43'),
(10, 'JW201401-009', '关于广州国际金融城起步区集体土地征收工作嘉奖的请示', '穗天商管〔2014〕1号', '2014-01-10', '区政府', '', '与区国土分局联合发文，对起步区集体土地征收工作优秀集体和个人进行嘉奖。', 4, NULL, 0, 0, './App/Public/Write/52d49e4a65472.doc', '关于广州国际金融城起步区集体土地征收工作嘉奖的请示（CBD发文）.doc', '2014-01-14 10:17:46', '2014-01-14 10:01:25'),
(12, 'JW201401-011', '关于《关于加快推动我市11个战略性发展平台的若干意见（征求意见稿）》意见的复函', '穗天商管建〔2014〕5号', '2014-01-15', '区府办', '无', '无修改意见。', 5, NULL, 0, 1, './App/Public/Write/52d7344c21992.doc', '20140115关于《关于加快推动我市11个战略性发展平台的若干意见（征求意见稿）》意见的复函.doc', '2014-01-16 09:22:20', '2014-01-16 16:01:37'),
(13, 'JW201401-012', '关于征求《广州国际金融城起步区“小配套”公共服务设施移交方案》及其说明意见的函', '穗天商管建〔2014〕6号', '2014-01-23', '区财政局', '', '征求区财政局关于《广州国际金融城起步区“小配套”公共服务设施移交方案》及其说明意见的函', 6, NULL, 0, 0, './App/Public/Write/52e1dd4356ec2.zip', '关于征求《广州国际金融城起步区“小配套”公共服务设施移交方案》及其说明意见的函.zip', '2014-01-24 11:25:55', '2014-01-24 14:01:48'),
(14, 'JW201401-013', '关于报送2014年金融城开发建设工作 计划的复函', '穗天商管建〔2014〕7号', '2014-01-24', '区府办', '', '根据林区和丘常委批示，经与市金融城开发建设工作领导小组办公室沟通，报送了金融城起步区村民复建房建设计划和二期土地征拆收储计划。', 4, NULL, 0, 1, './App/Public/Write/52e479578094c.doc', '140124关于报送2014年金融城开发建设工作计划的复函.doc', '2014-01-26 10:56:23', '2014-01-26 11:01:04'),
(15, 'JW201401-014', '天河区推进广州国际金融城起步区开发建设工作进展情况汇总表（2014年1月）', '穗天商管建〔2014〕', '2014-01-28', '区指挥部领导', '', '天河区推进广州国际金融城起步区开发建设工作进展情况汇总表（2014年1月）', 6, NULL, 0, 0, './App/Public/Write/52e89ceb118cd.doc', '1.27天河区推进广州国际金融城起步区开发建设工作进展情况汇总表（2014年1月）.doc', '2014-01-29 14:17:15', '2014-01-29 14:01:47'),
(16, 'JW201402-001', '2014年广州市第一次经营性用地出让介绍会图文素材', '无（电子版）', '2014-02-10', '区府办、区经贸局', '无', '市国土房管局发函邀请我区主要领导参加2月24日举办的土地出让介绍会，区府办要求我委报送制作展板图文资料和区领导讲话材料。经请示张主任后，已电子版形式分别报送区府办和区经贸局', 3, NULL, 0, 0, './App/Public/Write/52f8776a9433a.rar', '2014第一次土地出让介绍会素材.rar', '2014-02-10 14:53:30', '2014-02-10 14:02:33'),
(17, 'JW201402-002', '天河中央商务区管理委员会关于协助提供广州国际金融城起步区AT091003地块配套设施设置需求的函', '穗天商管建〔2014〕9号', '2014-02-14', '区城管局、员村街道办事处', '', '天河中央商务区管理委员会关于协助提供广州国际金融城起步区AT091003地块配套设施设置需求的函（转发自来水公司函）', 6, NULL, 0, 0, './App/Public/Write/53016524d4c7f.doc', '2.14天河中央商务区管理委员会关于协助提供广州国际金融城起步区AT091003地块配套设施设置需求的函.doc', '2014-02-17 09:25:56', '2014-02-28 16:02:03'),
(18, 'JW201402-003', '林道平区长接受南方日报采访金融城部分问题回答', '无', '2014-02-28', '综合处', '', '综合处汇总，根据张主任指示，我处负责金融城部分问题回答。', 3, NULL, 0, 1, './App/Public/Write/531034c0d4223.docx', '20140228林区接受南方日报采访金融城部分问题回答.docx', '2014-02-28 15:03:28', '2014-02-28 15:02:17'),
(19, 'JW201402-004', '关于对实施珠三角规划纲要2014年主要工作任务意见的复函', '穗天商管建〔2014〕8号', '2014-02-10', '区规划纲要办', '', '我委无意见。', 4, NULL, 0, 1, './App/Public/Write/53169d8b03808.doc', '140207关于对实施珠三角规划纲要2014年主要工作任务意见的复函.doc', '2014-03-05 11:44:11', '2014-03-05 11:03:46'),
(20, 'JW201402-005', '关于对征集天河区增设城市雕塑相关需求意见的复函', '穗天商管建〔2014〕10号', '2014-02-14', '区规划分局', '', '经研究，我委无意见', 4, NULL, 0, 1, './App/Public/Write/5316d237b291d.doc', '140214关于对征集天河区增设城市雕塑相关需求意见的复函.doc', '2014-03-05 15:28:55', '2014-03-05 15:03:33'),
(21, 'JW201402-006', '广州市天河中央商务区管理委员会关于广州国际金融城起步区AT091003地块配套设施设置需求的复函', '穗天商管建〔2014〕11号', '2014-02-21', '广州市自来水公司', '', '广州市天河中央商务区管理委员会关于广州国际金融城起步区AT091003地块配套设施设置需求的复函', 6, NULL, 0, 1, './App/Public/Write/5316d4232cb2d.doc', '2.21广州市天河中央商务区管理委员会关于广州国际金融城起步区AT091003地块配套设施设置需求的复函.doc', '2014-03-05 15:37:07', '2014-03-05 15:03:32'),
(22, 'JW201402-007', '区长办公会议决定事项、区府常务会议决定事项落实情况汇总表（电子版）', '无（电子版）', '2014-02-18', '综合处', '', '修改了港澳台医疗中心、区少年宫的最新进展', 5, NULL, 0, 1, './App/Public/Write/5316dceab7e5b.rar', '报小麦表格.rar', '2014-03-05 16:14:34', '2014-03-05 16:03:58'),
(23, 'JW201402-008', '天河区广州国际金融城在地项目综合服务工作小组成员名单报送表', '无（电子版）', '2014-02-21', '区府办', '', '报送陈财新处长为副组长、何碧莹为组员', 5, NULL, 0, 1, './App/Public/Write/5317e35e9dee4.doc', '20140221[CBD]天河区广州国际金融城在地项目综合服务工作小组成员名单报送表.doc', '2014-03-06 10:54:22', '2014-03-06 10:03:06'),
(24, 'JW201402-009', '对2014年市政府重点工作责任分工意见表', '无', '2014-02-25', '区府办', '', '根据市金融城开发建设方案，建议将我区改为配合单位', 5, NULL, 0, 1, './App/Public/Write/5317e5d89aa36.doc', '【CBD】140225对2014年市政府重点工作责任分工意见采纳情况一览表.doc', '2014-03-06 11:04:56', '2014-03-06 11:03:02'),
(25, 'JW201402-010', '天河区推进广州国际金融城起步区开发建设工作进展情况汇总表（2014年2月）', '无', '2014-02-26', '区指挥部领导', '', '天河区推进广州国际金融城起步区开发建设工作进展情况汇总表（2014年2月）', 6, NULL, 0, 0, './App/Public/Write/5317e70a6df16.doc', '2.27天河区推进广州国际金融城起步区开发建设工作进展情况汇总表（2014年2月）.doc', '2014-03-06 11:10:02', '2014-03-06 11:03:17'),
(26, 'JW201403-001', '关于广深沿江高速公路连接线工程项目意见的复函', '穗天商管建〔2014〕14号', '2014-03-03', '区交通局', '', '我委认为内环路至广深沿江高速公路连接线项目规划建设方案对城市环境、区域可持续发展和社会和谐产生不利影响，持反对意见。', 6, NULL, 0, 1, './App/Public/Write/5317f280091af.doc', '3.3关于广深沿江高速公路连接线工程项目意见的复函.doc', '2014-03-06 11:58:56', '2014-03-07 10:03:05'),
(27, 'JW201403-002', '关于对广州市轨道交通沿线土地储备开发方案意见的复函', '穗天商管建〔2014〕13号', '2014-03-03', '区国土房管分局', '', '经研究，我委无意见。', 4, NULL, 0, 1, './App/Public/Write/53192c338c29d.doc', '140303关于对广州市轨道交通沿线土地储备开发方案意见的复函.doc', '2014-03-07 10:17:23', '2014-03-07 10:03:40'),
(29, 'JW201403-003', '关于报送金融城起步区复建工作推进情况报告的函', '穗天商管建〔2014〕12号', '2014-02-27', '区政府办', '', '根据区府办预通知要求，我委牵头整理了金融城起步区复建项目推进情况、需进一步协调问题及下一步工作计划，并予以报送。', 4, NULL, 0, 1, './App/Public/Write/5319401a793f2.doc', '20140227关于报送金融城起步区复建工作推进情况报告的函.doc', '2014-03-07 11:42:18', '2014-03-07 11:03:32'),
(30, 'JW201403-004', '天河中央商务区管委会关于对广州市分布式光伏发电推广应用工作方案意见的复函', '穗天商管建〔2014〕15号', '2014-03-07', '区发改局', '', '无意见。', 7, NULL, 0, 1, './App/Public/Write/53196de4c1c12.doc', '关于《征求广州市分布式光伏发电推广应用工作方案意见》的复函.doc', '2014-03-07 14:57:40', '2014-03-07 15:03:08'),
(31, 'JW201403-005', '关于再次征求《广州国际金融城起步区“小配套”公共服务设施移交方案及其说明意见的函》', '穗天商管建〔2014〕17号', '2014-03-10', '区财政局', '', '关于再次征求《广州国际金融城起步区“小配套”公共服务设施移交方案及其说明意见的函》', 6, NULL, 0, 0, './App/Public/Write/531d17df76e8e.zip', '3.7关于再次征求《广州国际金融城起步区“小配套”公共服务设施移交方案》及其说明意见的函.zip', '2014-03-10 09:39:43', '2014-03-10 09:03:15'),
(32, 'JW201403-006', '关于请报送加快解决石东村复建问题的函', '穗天商管建〔2014〕16号', '2014-03-07', '区府办', '', '经多方协调，我委代区政府拟文《关于请予支持石东村复建工作的函》并由区政府报送至市规划局，市规划局同意据此为石东村先行办理《建设用地规划许可证》，推进起步区复建工作开展。', 4, NULL, 0, 0, './App/Public/Write/531d1806325f2.doc', '140306关于提请加快解决石东村复建问题的函.doc', '2014-03-10 09:40:22', '2014-03-10 09:03:37'),
(33, 'JW201403-007', '天河中央商务区管委会关于对金融城起步区棠下复建房项目合并招标意见的复函', '穗天商管建〔2014〕18号', '2014-03-10', '区府办', '', '在不违反相关法律法规及有关规定的情况下，我委支持棠下村按照经核准的招标方式，结合复建项目的特点，自主确定招标方案。', 7, NULL, 0, 1, './App/Public/Write/531d35cb73908.doc', '关于《金融城起步区棠下复建房项目合并招标的请示》的复函.doc', '2014-03-10 11:47:23', '2014-03-10 15:03:56'),
(34, 'JW201403-008', '关于对解决原村办学校校舍产权问题工作方案意见的复函', '穗天商管建〔2014〕19号', '2014-03-13', '区国土房管分局', '', '关于对解决原村办学校校舍产权问题工作方案意见的复函，我委认为广州国际金融城区域范围内的土地实施的是全征收政策，今后将不再保留村办学校，只有配套学校。', 6, NULL, 0, 1, './App/Public/Write/53216ed782888.doc', '3.13关于对解决原村办学校校舍产权问题工作方案意见的复函.doc', '2014-03-13 16:39:51', '2014-03-13 17:03:02'),
(35, 'JW201403-009', '关于对广州港老港区转型升级规划研究意见的复函', '穗天商管建〔2014〕20号', '2014-03-13', '区建水局', '', '关于对广州港老港区转型升级规划研究意见的复函，我委无意间。', 6, NULL, 0, 1, './App/Public/Write/5321712e691b4.doc', '3.13关于对广州港老港区转型升级规划研究意见的复函.doc', '2014-03-13 16:49:50', '2014-03-13 17:03:18'),
(36, 'JW201403-010', '关于对《广州市人力资源服务产业园规划建设方案（征求意见稿）》意见的复函', '穗天商管建〔2014〕21号', '2014-03-14', '区人社局', '', '经研究，我委无意见。', 4, NULL, 0, 1, './App/Public/Write/5322b3338a0fc.doc', '140314关于对《广州市人力资源服务产业园规划建设方案（征求意见稿）》意见的复函.doc', '2014-03-14 15:43:47', '2014-03-14 15:03:37'),
(37, 'JW201403-011', '区领导接受《粤港直通》采访有关金融城问题的回答', '无', '2014-03-12', '投资处', '', '《Let''s go粤港直通》杂志拟对金融城作一期专题报道，我区负责准备小配套有关情况问题的回答。由投资处主办，我处配合', 3, NULL, 0, 0, './App/Public/Write/5326621e5c3ca.docx', '20140311粤港直通车金融城专访问题回答.docx', '2014-03-17 10:46:54', '2014-03-17 13:03:30'),
(38, 'JW201403-012', '关于报送请市规划局指导石东村喜龙（粘板岗）地块规划报建问题的函', '穗天商管建〔2014〕22号', '2014-03-19', '区府办', '', '我委代区政府拟定了《关于报送请市规划局指导石东村喜龙（粘板岗）地块规划报建问题的函》，支持喜龙地块尽快启动建设，建议适当提高地块开发强度。', 6, NULL, 0, 0, './App/Public/Write/5328f2481ffc2.doc', '3.14关于报送请市规划局指导石东村喜龙（粘板岗）地块规划报建问题的函.doc', '2014-03-19 09:26:32', '2014-03-19 09:03:31'),
(39, 'JW201403-013', '关于报送《广州国际金融城起步区“小配套”公共服务设施移交方案》的函', '穗天商管建〔2014〕23号', '2014-03-19', '区府办', '', '我委会同区财政局共同拟定了《广州国际金融城起步区“小配套”公共服务设施移交方案》及其说明，并代拟了复市文稿，报送市金融城开发建设工作领导小组办公室。', 6, NULL, 0, 0, './App/Public/Write/5328f3400ea56.zip', '3.14关于报送《广州国际金融城起步区“小配套”公共服务设施移交方案》的函.zip', '2014-03-19 09:30:40', '2014-03-19 09:03:01'),
(40, 'JW201403-014', '关于报送《广州国际金融城起步区“小配套”公共服务设施移交方案》的请示', '穗天商管〔2014〕6号', '2014-03-21', '区政府', '', '关于报送《广州国际金融城起步区“小配套”公共服务设施移交方案》的请示，按区府办办文人员要求，由之前的函改成请示。', 6, NULL, 0, 0, './App/Public/Write/532ba995d8c2d.doc', '关于报送《广州国际金融城起步区“小配套”公共服务设施移交方案》的请示.doc', '2014-03-21 10:53:09', '2014-03-21 10:03:25'),
(41, 'JW201403-015', '关于报送广州市第十四届人民代表大会第四次会议第2037号建议办理意见的函', '穗天商管建〔2014〕25号', '2014-03-24', '区府办', '', '广州市第十四届人民代表大会第四次会议第2037号建议《关于加快解决广州国际金融城路网建设问题的建议》由市建委主办、我区协办，我委为该项工作的区主办单位。经会区交通局、区建水局、区规划分局研究，我委草拟办理意见并报送区府办。', 4, NULL, 0, 1, './App/Public/Write/532fa11004b9f.doc', '140321关于广州市第十四届人民代表大会第四次会议第2037号建议的办理意见.doc', '2014-03-24 11:05:52', '2014-03-24 14:03:41'),
(42, 'JW201403-016', '关于报送《2013广州国际金融城建设情况与2014年展望》的函', '穗天商管建〔2014〕24号', '2014-03-24', '区府办', '', '区府办转来市金融办约稿函，请我委按来函要求草拟《2013广州国际金融城建设情况与2014年展望》。', 4, NULL, 0, 1, './App/Public/Write/532fa628288a1.doc', '2013年广州国际金融城建设情况与2014年展望（140324市金融办约稿）.doc', '2014-03-24 11:27:36', '2014-03-24 14:03:37'),
(43, 'JW201403-017', '关于金融城起步区路牌设置问题的报告', '穗天商管〔2014〕7号', '2014-03-24', '林道平区长', '', '我委向林区报告我委在接到开展金融城路牌设置这一工作任务后开展的工作情况，以及目前该项工作的进展情况。', 4, NULL, 0, 0, './App/Public/Write/532fa8161f08e.doc', '140319关于金融城起步区路牌设置问题的报告.doc', '2014-03-24 11:35:50', '2014-03-24 12:03:12'),
(44, 'JW201403-018', '天河中央商务区管委会关于提供金融城起步区建设计划及相关资料的复函', '穗天商管建〔2014〕26号', '2014-03-24', '区建水局', '', '经咨询市金融城开发建设工作领导小组办公室，关于棠下涌改造工程相关事宜，市重点办正与市水务局对接协调，目前尚无明确计划。如需了解更详细情况，建议可直接向市水务局、市重点办咨询。', 7, NULL, 0, 1, './App/Public/Write/5330de873a732.doc', '关于提供金融城起步区建设计划及相关资料的复函.doc', '2014-03-25 09:40:23', '2014-03-25 09:03:07'),
(45, 'JW201403-019', '关于对广州市城市更新工作总体方案意见的复函', '穗天商管建〔2014〕27号', '2014-03-26', '区城改办', '', '经研究，我委无意见。', 4, NULL, 0, 1, './App/Public/Write/5332a23b2259d.doc', '140326关于对广州市城市更新工作总体方案意见的复函.doc', '2014-03-26 17:47:39', '2014-03-31 11:03:43'),
(46, 'JW201403-020', '关于提供广州国际金融城二期出台时间的复函', '穗天商管建〔2014〕28号', '2014-03-28', '区教育局', '', '金融城二期城市设计及控制性详细规划目前尚无明确完成时间。', 6, NULL, 0, 1, './App/Public/Write/533511f9c0544.doc', '3.27关于提供广州国际金融城二期出台时间的复函.doc', '2014-03-28 14:08:57', '2014-03-28 14:03:56'),
(47, 'JW201403-021', '天河区推进广州国际金融城起步区开发建设工作进展情况汇总表（2014年3月）', '无', '2014-03-28', '区指挥部领导', '', '天河区推进广州国际金融城起步区开发建设工作进展情况汇总表（2014年3月）', 6, NULL, 0, 0, './App/Public/Write/53352c3855daf.doc', '3.27天河区推进广州国际金融城起步区开发建设工作进展情况汇总表（2014年3月）.doc', '2014-03-28 16:00:56', '2014-03-28 16:03:01'),
(48, 'JW201404-001', '天河区关于广州国际金融城开发建设工作的报告', '无', '2014-04-01', '区府办', '', '广州国际金融城开发建设天河区开展工作的报告。', 4, NULL, 0, 1, './App/Public/Write/533b60cf17938.doc', '140331天河区关于广州国际金融城开发建设工作的报告.doc', '2014-04-02 08:58:55', '2014-04-02 09:04:24'),
(49, 'JW201404-002', '关于对广州市高快速路衔接及城市主要道路网完善工作方案有关意见的复函', '穗天商管建〔2014〕30号', '2014-04-04', '区交通局', '', '关于对广州市高快速路衔接及城市主要道路网完善工作方案有关意见的复函，建议进一步咨询市规划部门意见，就方案的环境影响进行详细分析、充分论证和评估。', 6, NULL, 0, 1, './App/Public/Write/533e0b99cd3c0.doc', '4.3关于对广州市高快速路衔接及城市主要道路网完善工作方案有关意见的复函.doc', '2014-04-04 09:32:09', '2014-04-04 09:04:10'),
(50, 'JW201404-003', '关于征求广州国际金融城二期城市设计及控制性详细规划意见的函', '穗天商管建〔2014〕29号', '2014-04-02', '各有关单位', '', '关于征求广州国际金融城二期城市设计及控制性详细规划意见的函', 6, NULL, 0, 0, './App/Public/Write/533e0e5f065ed.doc', '1、关于征求广州国际金融城二期城市设计及控制性详细规划意见的函.doc', '2014-04-04 09:43:59', '2014-04-04 09:04:25'),
(51, 'JW201404-004', '关于对广州市BRT网络拓展方案研究意见的复函', '穗天商管建〔2014〕31号', '2014-04-04', '区交通局', '', '关于对广州市BRT网络拓展方案研究意见的复函，应做好环境影响评价，不应破坏天河CBD商业氛围和景观环境。', 6, NULL, 0, 1, './App/Public/Write/533e4fab2211d.doc', '4.4关于对广州市BRT网络拓展方案研究意见的复函.doc', '2014-04-04 14:22:35', '2014-04-04 14:04:27'),
(52, 'JW201404-005', '会议纪要', '穗天商管纪〔2014〕1号', '2014-04-08', '广东三诚经济发展有限公司', '广东新中轴建设有限公司', '协调新中轴公司借用三诚公司珠江新城B1-1地块用于市政地下停车场建设事宜', 3, NULL, 0, 0, './App/Public/Write/534360f6b2374.doc', '关于珠江新城B1-1地块借地协调会议的纪要（穗天商管纪〔2014〕1号）.doc', '2014-04-08 10:37:42', '2014-04-08 10:04:14'),
(53, 'JW201404-006', '关于对广州市生态水城建设规划与实施方案意见的复函', '穗天商管建〔2014〕32号', '2014-04-14', '区建水局', '', '我委无意见', 6, NULL, 0, 1, './App/Public/Write/534b48238f8d2.doc', '4.14关于对广州市生态水城建设规划与实施方案意见的复函.doc', '2014-04-14 10:29:55', '2014-04-14 10:04:18'),
(54, 'JW201404-007', '关于广州市国有土地上房屋征收与补偿意见的函', '穗天商管建〔2014〕33号', '2014-04-16', '区国土房管分局', '', '我委无意见。', 4, NULL, 0, 1, './App/Public/Write/534df3b592509.doc', '140415关于广州市国有土地上房屋征收与补偿意见的函.doc', '2014-04-16 11:06:29', '2014-04-16 11:04:27'),
(55, 'JW201404-008', '会议通知(金融城起步区复建工作会议)', '无', '2014-04-11', '天河CBD管委会、区国土分局、街道、村等12家单位', '', '会议于2014年4月15日下午，在区机关大院1号楼9006会议室，由区委丘卫青常委、区府黄国和专职党组成员主持召开，天河中央商务区管委会、市国土房管局天河区分局、市规划局天河分局、区城市更新改造工作办公室、区发展和改革局、区建设和水务局、员村街、棠下街、车陂街、棠下经济发展有限公司、车陂经济发展有限公司、石东实业股份有限公司等12家单位参加。', 7, NULL, 0, 0, './App/Public/Write/5354befb83735.doc', '金融城起步区复建工作会议通知2014-04-10.doc', '2014-04-21 14:47:23', '2014-04-21 16:04:11'),
(56, 'JW201404-009', '关于广州国际金融城使用猎德污水处理厂再生水意见的函', '穗天商管建〔2014〕34号', '2014-04-21', '区建水局', '', '经研究，我委无意见。', 4, NULL, 0, 1, './App/Public/Write/5354c8bcb789c.doc', '140421关于广州国际金融城使用猎德污水处理厂再生水的意见的函.doc', '2014-04-21 15:29:00', '2014-04-21 16:04:03'),
(57, 'JW201404-010', '金融城村民住宅和集体物业复建工作例会会议纪要', '穗天商管纪〔2014〕2号', '2014-04-18', '区领导、各有关部门和街道', '', '议题：1、明确会议制度；2、车陂村6.54亩争议指标核定问题和虎头电池厂历史征地范围争议问题；3、棠下村部分补偿款项支付问题、集体物业复建用地交地问题、见面复建项目市政配套设施建设费问题和12米规划路问题；4、石东村7.8亩历史留用地问题、AT090923地块用地许可证问题和砧板岗喜龙地块复建问题。', 4, NULL, 0, 0, './App/Public/Write/5354d26347831.doc', '140415金融城村民住宅和集体物业复建工作例会会议纪要.doc', '2014-04-21 16:10:11', '2014-04-21 16:04:37'),
(58, 'JW201404-011', '关于对《广州市土地房屋征收补偿指导意见（试行）》（征求意见稿）意见的函', '穗天商管建〔2014〕35号', '2014-04-23', '区国土房管分局', '', '经研究，我委无意见。', 4, NULL, 0, 1, './App/Public/Write/535724f39e804.doc', '140423关于对《广州市土地房屋征收补偿指导意见（试行）》（征求意见稿）意见的函.doc', '2014-04-23 10:26:59', '2014-04-23 14:04:59'),
(59, 'JW201404-012', '关于协调落实“首届世广会”永久纪念雕塑建设经费的请示', '穗天商管〔2014〕13号', '2014-04-23', '区政府', '', '关于协调落实“首届世广会”永久纪念雕塑建设经费的请示', 6, NULL, 0, 0, './App/Public/Write/5357300768e31.doc', '4.18关于协调落实“首届世广会”永久纪念雕塑建设经费的请示.doc', '2014-04-23 11:14:15', '2014-04-23 14:04:24'),
(60, 'JW201404-013', '关于报送广州国际金融城二期城市设计及控制性详细规划意见的函', '穗天商管建〔2014〕36号', '2014-04-23', '区府办', '', '关于报送广州国际金融城二期城市设计及控制性详细规划意见的函', 6, NULL, 0, 1, './App/Public/Write/535738275a9f2.doc', '4.22关于报送广州国际金融城二期城市设计及控制性详细规划意见的函.doc', '2014-04-23 11:48:55', '2014-04-28 09:04:54'),
(61, 'JW201404-014', '关于对《广州市绿色建筑行动实施方案》（征求意见稿）意见的函', '穗天商管建〔2014〕37号', '2014-04-28', '区建水局', '无', '无意见。', 5, NULL, 0, 1, './App/Public/Write/535daeed61ff4.doc', '140424关于对《广州市绿色建筑行动实施方案》（征求意见稿）意见的函.doc', '2014-04-28 09:29:17', '2014-05-04 10:05:26'),
(62, 'JW201405-001', '关于报送涉铁路建设项目情况的函', '穗天商管建〔2014〕38号', '2014-04-30', '区建水局', '', '无涉铁路建设项目情况报送。', 5, NULL, 0, 1, './App/Public/Write/5365a67594e2b.doc', '140430关于报送涉铁路建设项目情况的函.doc', '2014-05-04 10:31:17', '2014-05-04 10:05:34'),
(63, 'JW201405-002', '天河区推进广州国际金融城起步区开发建设工作进展情况表（2014年4月）', '穗天商管建〔2014〕', '2014-05-05', '区指挥部领导', '', '4.28天河区推进广州国际金融城起步区开发建设工作进展情况表（2014年4月）', 6, NULL, 0, 0, './App/Public/Write/5366ee1039c18.doc', '4.28天河区推进广州国际金融城起步区开发建设工作进展情况汇总表（2014年4月）.doc', '2014-05-05 09:49:04', '2014-05-05 13:05:53'),
(64, 'JW201405-003', '天河中央商务区管委会关于征拆花城大道东延线（首期）工程怡景花园六层楼意见的函', '穗天商管建〔2014〕40号', '2014-05-09', '区府办', '', '经研究，我委无意见。', 4, NULL, 0, 1, './App/Public/Write/536c37394afcd.doc', '140507天河中央商务区管委会关于征拆花城大道东延线（首期）工程怡景花园六层楼意见的函.doc', '2014-05-09 10:02:33', '2014-05-09 14:05:36'),
(65, 'JW201405-004', '关于报送金融城起步区村集体复建工作有关事项的函', '穗天商管建〔2014〕39号', '2014-05-05', '区府办', '', '代拟《关于请协调解决金融城起步区村集体复建工作有关问题的函》报区府办，以区政府名义报送市金融城办协调解决：村集体物业复建用地移交问题；石东村7.8亩历史留用地问题；减免复建项目市政配套设施建设费问题。', 7, NULL, 0, 0, './App/Public/Write/536c7b3d6a757.doc', '关于报送金融城起步区村集体复建安置有关事项的请示2014-05-05(最终版).doc', '2014-05-09 14:52:45', '2014-05-09 14:05:42'),
(66, 'JW201405-005', '关于广州南方面粉厂旧仓库及连廊更名和调整保护对象的意见', '穗天商管建〔2014〕42号', '2014-05-09', '区府办', '', '我委无意见。', 6, NULL, 0, 1, './App/Public/Write/536c9cb3bcbf7.doc', '5.9关于广州南方面粉厂旧仓库及连廊更名和调整保护对象的意见.doc', '2014-05-09 17:15:31', '2014-05-12 09:05:17'),
(67, 'JW201405-006', '关于强化天河路商圈西门户形象设计意见的复函', '穗天商管建〔2014〕41号', '2014-05-09', '区经贸局', '', '我委无意见。', 6, NULL, 0, 1, './App/Public/Write/536c9d8bc04ea.doc', '5.7关于强化天河路商圈西门户形象设计意见的复函.doc', '2014-05-09 17:19:07', '2014-05-12 09:05:08'),
(68, 'JW201405-007', '关于对广州国际金融城意见建议落实情况的说明', '无', '2014-05-12', '综合处', '', '对列明的4点建议整改落实情况进行了说明', 3, NULL, 0, 1, './App/Public/Write/537193a72aba6.rar', '关于对广州国际金融城意见建议落实整改情况的说明.rar', '2014-05-13 11:38:15', '2014-05-13 14:05:03'),
(69, 'JW201405-008', '天河中央商务区管委会关于市土地管理委员会2014年第六次会议议题意见的函', '穗天商管建〔2014〕43号', '2014-05-13', '区国土房管分局', '', '经研究，我委无议题上报。', 4, NULL, 0, 1, './App/Public/Write/53719593c5821.doc', '140513关于市土地管理委员会2014年第六次会议议题意见的函.doc', '2014-05-13 11:46:27', '2014-05-13 11:05:04'),
(70, 'JW201405-009', '广东三诚经济发展有限公司请我委在《关于珠江新城B1-1地块借地的情况说明》上出具意见', '无', '2014-05-09', '区国土房管分局', '', '广东三诚经济发展有限公司请我委在报区国土房管分局的《关于珠江新城B1-1地块借地的情况说明》上出具意见，我委出具“情况属实”意见并加盖公章。', 4, NULL, 0, 0, '', NULL, '2014-05-13 14:29:28', '2014-05-13 14:05:38'),
(71, 'JW201405-010', '关于对《广州市人才资源服务产业园规划建设方案》（第四次征求意见稿）意见的函', '穗天商管建〔2014〕44号', '2014-05-14', '区人社局', '', '经研究，我委无意见。', 4, NULL, 0, 1, './App/Public/Write/5372e8f147167.doc', '140514关于对《广州市人才资源服务产业园规划建设方案》（第四次征求意见稿）意见的函.doc', '2014-05-14 11:54:25', '2014-05-14 11:05:41'),
(72, 'JW201405-011', '关于再次报送涉铁路建设项目情况的函', '穗天商管建〔2014〕45号', '2014-05-14', '区建水局', '', '我委无涉铁路建设项目情况报送', 7, NULL, 0, 1, './App/Public/Write/537415bedbb85.doc', '关于再次报送涉铁路建设项目情况的函.doc', '2014-05-15 09:17:50', '2014-05-15 09:05:15'),
(73, 'JW201405-012', '关于报送金融城起步区AT090924地块规划幼儿园有关意见的函', '穗天商管建〔2014〕46号', '2014-05-15', '区府办', '', '关于报送金融城起步区AT090924地块规划幼儿园有关意见的函', 6, NULL, 0, 1, './App/Public/Write/537565ae3c854.doc', '5.14关于报送金融城起步区AT090924地块规划幼儿园有关意见的函.doc', '2014-05-16 09:11:10', '2014-05-19 09:05:34'),
(74, 'JW201405-013', '关于征求金融城起步区AT090940地块配套设施设计方案意见的函', '穗天商管建〔2014〕47号', '2014-05-16', '市公安局天河分局、市城管执法局天河分局、区财政局、区城管局、员村街道办事处', '', '关于征求金融城起步区AT090940地块配套设施设计方案意见的函', 6, NULL, 0, 0, './App/Public/Write/5375ae8d144f8.doc', '5.16关于征求金融城起步区AT090940地块配套设施设计方案意见的函.doc', '2014-05-16 14:22:05', '2014-05-19 09:05:42'),
(75, 'JW201405-014', '关于请协助提供金融城二期规划范围教育设施相关资料的函', '穗天商管建〔2014〕48号', '2014-05-16', '区教育局', '', '关于请协助提供金融城二期规划范围教育设施相关资料的函', 6, NULL, 0, 0, './App/Public/Write/5375aec430a65.doc', '5.15关于请协助提供金融城二期教育设施相关资料的函.doc', '2014-05-16 14:23:00', '2014-05-19 09:05:51'),
(76, 'JW201405-015', '关于对提高工业用地土地利用效率和加强监管意见的函', '穗天商管建〔2014〕50号', '2014-05-19', '规划分局', '', '关于对提高工业用地土地利用效率和加强监管意见的函', 6, NULL, 0, 1, './App/Public/Write/537962323efe2.doc', '5.16关于对提高工业用地土地利用效率和加强监管意见的函.doc', '2014-05-19 09:45:22', '2014-05-20 10:05:00'),
(77, 'JW201405-016', '关于报送广州国际金融城二期城市设计成果意见的函', '穗天商管建〔2014〕49号', '2014-05-16', '区府办', '', '关于报送广州国际金融城二期城市设计成果意见的函', 6, NULL, 0, 1, './App/Public/Write/53796f403a619.doc', '5.13关于报送广州国际金融城二期城市设计成果意见的函.doc', '2014-05-19 10:41:04', '2014-05-20 09:05:49'),
(78, 'JW201405-017', '天河中央商务区管委会关于对将棠下村集体物业安置面积缺口转移到“黄岗头”地块意见的复函', '穗天商管建〔2014〕51号', '2014-05-19', '区府办', '', '建议协调市规划部门对提高棠下村“黄岗头”地块开发强度予以支持。', 7, NULL, 0, 1, './App/Public/Write/537ab7c39f425.doc', '关于对将棠下村集体物业安置面积缺口转移到“黄岗头”地块意见的复函2014-05-19(最终版).doc', '2014-05-20 10:02:43', '2014-05-20 10:05:00'),
(79, 'JW201405-018', '关于对广州市新型有轨电车线网规划及建设意见的函', '穗天商管建〔2014〕53号', '2014-05-22', '区发改局', '', '关于对广州市新型有轨电车线网规划及建设意见的函', 6, NULL, 0, 1, './App/Public/Write/537d9795a5d44.doc', '5.21关于对广州市新型有轨电车线网规划及建设意见的复函.doc', '2014-05-22 14:22:13', '2014-05-23 09:05:26'),
(80, 'JW201405-019', '关于对天河区新建少年宫建设工作方案意见的复函', '穗天商管建〔2014〕54号', '2014-05-22', '区教育局', '', '关于对天河区新建少年宫建设工作方案意见的复函，我委无意见。', 6, NULL, 0, 1, './App/Public/Write/537d9811244ad.doc', '5.22关于对天河区新建少年宫建设工作方案意见的复函.doc', '2014-05-22 14:24:17', '2014-05-23 09:05:17'),
(81, 'JW201405-020', '关于报送棠下村“黄岗头”地块有关问题的函', '穗天商管建〔2014〕52号', '2014-05-22', '区府办', '', '根据区领导指示，对于棠下街道办事处《关于将金融城起步区棠下村集体物业安置面积缺口转移到“黄岗头”地块的请示》(穗天棠〔2014〕13号)，我委草拟了《关于请适当提高棠下村“黄岗头”地块开发强度的函（代拟稿）》，拟报送市规划局。', 7, NULL, 0, 0, './App/Public/Write/53829d9c26ec1.doc', '关于报送棠下村“黄岗头”地块有关问题的函2014-05-22(最终版).doc', '2014-05-26 09:49:16', '2014-05-26 14:05:01'),
(82, 'JW201405-021', '天河区推进广州国际金融城起步区开发建设工作进展情况汇总表（2014年5月）', '无', '2014-05-27', '区指挥部领导', '', '天河区推进广州国际金融城起步区开发建设工作进展情况汇总表（2014年5月）', 6, NULL, 0, 0, './App/Public/Write/5384310e1ecf6.doc', '5.28天河区推进广州国际金融城起步区开发建设工作进展情况汇总表（2014年5月）.doc', '2014-05-27 14:30:38', '2014-05-27 17:05:42'),
(83, 'JW201405-022', '2014年珠江黄金岸线六大主要任务项目工作进展表、2014年珠江黄金岸线六大亮点工程项目工作进展表', '无', '2014-05-27', '区建水局', '', '报送金融城规划、海心沙等三个项目2014年1--5月进展情况。', 5, NULL, 2, 1, './App/Public/Write/538433450b6ca.rar', '5月珠江黄金岸线.rar', '2014-05-27 14:40:05', '2014-05-27 14:40:05'),
(84, 'JW201405-023', '2014年珠江黄金岸线六大主要任务项目工作进展表、2014年珠江黄金岸线六大亮点工程项目工作进展表', '无', '2014-05-27', '区建水局', '', '报送金融城规划、海心沙等三个项目1—5月进展情况。', 5, NULL, 0, 1, './App/Public/Write/5384341d79617.rar', '5月珠江黄金岸线.rar', '2014-05-27 14:43:41', '2014-05-27 17:05:17'),
(85, 'JW201405-024', '天河中央商务区管委会关于中心城区水更清建设项目及战略性发展平台内污水设施投资主体意见的函', '穗天商管建〔2014〕55号', '2014-05-28', '区建水局', '', '无意见。', 5, NULL, 0, 1, './App/Public/Write/53857ff79e770.doc', '140528天河中央商务区管委会关于中心城区水更清建设项目及战略性发展平台内污水设施投资主体意见的函.doc', '2014-05-28 14:19:35', '2014-05-28 14:05:58'),
(86, 'JW201405-025', '天河中央商务区管委会关于对全市“三旧”改造调研反映问题汇总及解决措施意见的函', '穗天商管建〔2014〕56号', '2014-05-28', '区城改办', '', '经研究，我委无意见。', 4, NULL, 0, 1, './App/Public/Write/538582ca6b7b3.doc', '140528关于对全市“三旧”改造调研反映问题汇总及解决措施意见的函.doc', '2014-05-28 14:31:38', '2014-05-28 14:05:05'),
(87, 'JW201405-026', '广州市天河中央商务区管理委员会关于广州国际金融城起步区AT909018地块公共服务配套设施的意见', '穗天商管建〔2014〕57号', '2014-05-30', '广东省铁路建设投资集团有限公司', '', '广州市天河中央商务区管理委员会关于广州国际金融城起步区AT909018地块公共服务配套设施的意见，我委原则同意相关配套设施的设置。', 6, NULL, 0, 1, './App/Public/Write/53882b4acc5d8.doc', '6.3广州市天河中央商务区管理委员会关于广州国际金融城起步区AT090918地块公共服务配套设施的意见.doc', '2014-05-30 14:55:06', '2014-05-30 14:05:23'),
(88, 'JW201405-027', '广州市天河中央商务区管理委员会关于做好广州国际金融城2014年半年工作总结的函', '穗天商管建〔2014〕58号', '2014-05-30', '区发改局、区经贸局、区财政局、区文广新局、天河区公安分局、市国土房管局天河区分局、区城改办、市规划局', '', '广州市天河中央商务区管理委员会关于做好广州国际金融城2014年半年工作总结的函', 6, NULL, 0, 0, './App/Public/Write/53882bfeb7a44.doc', '5.30广州市天河中央商务区管理委员会关于做好广州国际金融城2014年半年工作总结的函.doc', '2014-05-30 14:58:06', '2014-05-30 14:05:30'),
(89, 'JW201406-001', '广州市天河中央商务区管理委员会关于基本生态控制线管理规定意见的复函', '穗天商管建〔2014〕59号', '2014-06-03', '区规划分局', '', '广州市天河中央商务区管理委员会关于基本生态控制线管理规定意见的复函，我委无意见。', 6, NULL, 0, 1, './App/Public/Write/538d81d07bc3e.doc', '6.3广州市天河中央商务区管理委员会关于基本生态控制线管理规定意见的复函.doc', '2014-06-03 16:05:36', '2014-06-03 16:06:43'),
(90, 'JW201406-002', '天河中央商务区管委会关于广州市建设项目 占用水域管理办法（送审稿）意见的复函', '穗天商管建〔2014〕60号', '2014-06-04', '区法制办', '', '我委无意见。', 5, NULL, 0, 1, './App/Public/Write/538e75413d0b2.doc', '140603天河中央商务区管委会关于广州市建设项目占用水域管理办法（送审稿）意见的复函.doc', '2014-06-04 09:24:17', '2014-06-04 09:06:52'),
(91, 'JW201406-003', '会议通知(金融城村民住宅和集体物业复建工作会议)', '无', '2014-05-29', '区发改局、区监察局、区财政局、区建水局、区农园局、区审计局、区国土分局、区城改办、区规划分局、区法制', '', '定于6月3日(星期二)下午14∶30，在区机关大院2号楼1015会议室，由黄国和专职党组成员主持召开金融城村民住宅和集体物业复建工作例会，研究棠下村以棠下经济联社为金融城起步区复建项目报建主体并委托棠下经济发展公司进行招标及建设等问题。', 7, NULL, 0, 0, './App/Public/Write/5396a4db10a00.doc', '金融城复建工作会议通知2014-05-29(最终版).doc', '2014-06-10 14:25:31', '2014-06-10 17:06:51'),
(92, 'JW201406-004', '会议通知', '无', '2014-06-13', '区发改局、区财政局、区建水局、市国土房管局天河区分局、市规划局天河分局、区法制办', '', '根据丘卫青常委的指示，现定于6月16日（星期一）上午9∶00在我委会议室（珠江新城珠江西路5号广州国际金融中心主塔9楼）召开会议，研究讨论金融城起步区“小配套”公共服务设施移交方案修改事宜，请贵单位派相关负责同志参会。', 6, NULL, 0, 0, './App/Public/Write/539a521b512a4.doc', '金融城配套设施协调会会议通知.doc', '2014-06-13 09:21:31', '2014-06-13 09:06:52'),
(93, 'JW201406-005', '广州市天河中央商务区管理委员会关于请明确广州国际金融城起步区“小配套”公共服务设施相关事项的请示', '穗天商管〔2014〕20号', '2014-06-13', '区政府', '', '广州市天河中央商务区管理委员会关于请明确广州国际金融城起步区“小配套”公共服务设施相关事项的请示', 6, NULL, 0, 0, './App/Public/Write/539a5dc2e8def.doc', '6.12广州市天河中央商务区管理委员会关于请明确广州国际金融城起步区“小配套”公共服务配套设施相关事宜的请示（陈处）.doc', '2014-06-13 10:11:14', '2014-06-13 14:06:07'),
(94, 'JW201406-006', '天河中央商务区管委会关于对区八届人大四次会议钟浩华代表提出建议的答复', '穗天商管函〔2014〕82号', '2014-06-17', '钟浩华代表', '区府办', '就钟浩华代表提出的“积极协调有关职能部门加快广州国际金融城起步区二期工程建设进度，提升棠下地区整体发展水平”的建议作出书面函复。', 4, NULL, 0, 1, './App/Public/Write/53a79b65208c4.doc', '140617天河中央商务区管委会关于对区八届人大四次会议钟浩华代表提出建议的答复.doc', '2014-06-23 11:13:41', '2014-06-25 10:06:10'),
(95, 'JW201406-007', '2014年珠江黄金岸线六大主要任务项目工作进展表、2014年珠江黄金岸线六大亮点工程项目工作进展表', '无', '2014-06-20', '区建水局', '', '报送金融城规划、海心沙项目6月进展。', 5, NULL, 0, 1, './App/Public/Write/53a7d854b071e.rar', '珠江黄金岸线.rar', '2014-06-23 15:33:40', '2014-06-23 15:06:50'),
(96, 'JW201406-008', '广州市天河中央商务区管理委员会关于广州国际金融城起步区AT090940地块公共服务设施意见的函', '穗天商管建〔2014〕61号', '2014-06-25', '广州平安投资管理有限公司', '市规划局', '经认真研究，地块内的各类市政配套设施宜结合地块所处金融“方城”区域人流、车流的交通组织特点以及楼宇自身的功能设计综合考虑，合理设置。', 6, NULL, 0, 1, './App/Public/Write/53aa2f64990c6.doc', '6.3广州市天河中央商务区管理委员会关于广州国际金融城起步区AT090940地块公共服务配套设施的意见.doc', '2014-06-25 10:09:40', '2014-06-25 10:06:35'),
(97, 'JW201406-009', '关于2014年第一季度万庆良同志主持召开的市委办公会议决定事项情况表', '无', '2014-06-24', '区委办督办科', '', '区委办督办科表示关于广州金融博物馆资金落实，以市财局为主，我区配合上报了解掌握的有关情况即可。', 5, NULL, 0, 1, './App/Public/Write/53aa3211e2bb3.xls', '【CBD】（广州金融博物馆）关于2014年第一季度万庆良同志主持召开的市委办公会议决定事项情况表.xls', '2014-06-25 10:21:05', '2014-06-25 10:06:02'),
(98, 'JW201406-010', '广州市天河中央商务区管理委员会关于广州国际金融城起步区AT090908地块公共服务配套设施的复函', '穗天商管建〔2014〕62号', '2014-06-25', '广州穗荣房地产开发有限公司', '', '广州市天河中央商务区管理委员会关于广州国际金融城起步区AT090908地块公共服务配套设施的复函', 6, NULL, 0, 1, './App/Public/Write/53aaa1e1540e2.doc', '6.23广州市天河中央商务区管理委员会关于广州国际金融城起步区AT090908地块公共服务配套设施的复函.doc', '2014-06-25 18:18:09', '2014-06-26 09:06:39'),
(99, 'JW201407-001', '天河区推进广州国际金融城起步区开发建设工作进展情况汇总表（2014年6月）', '无', '2014-07-01', '区指挥部领导', '', '6.27天河区推进广州国际金融城起步区开发建设工作进展情况汇总表（2014年6月）', 6, NULL, 0, 0, './App/Public/Write/53b273f82d5c2.doc', '6.27天河区推进广州国际金融城起步区开发建设工作进展情况汇总表（2014年6月）.doc', '2014-07-01 16:40:24', '2014-07-01 16:07:31'),
(100, 'JW201407-002', '广州市天河中央商务区管理委员会关于广州市城际轨道交通项目红线外TOD开发工作方案意见的复函', '穗天商管建〔2014〕63号', '2014-07-01', '区发改局', '', '6.30广州市天河中央商务区管理委员会关于广州市城际轨道交通项目红线外TOD开发工作方案意见的复函，我委无意见。', 6, NULL, 0, 1, './App/Public/Write/53b274871ba5d.doc', '6.30广州市天河中央商务区管理委员会关于广州市城际轨道交通项目红线外TOD开发工作方案意见的复函.doc', '2014-07-01 16:42:47', '2014-07-01 16:07:44'),
(101, 'JW201407-003', '广州市天河中央商务区管理委员会关于报送广州国际金融城2014年上半年工作总结的报告', '穗天商管〔2014〕23号', '2014-07-09', '区金融城开发建设指挥部', '', '广州市天河中央商务区管理委员会关于报送广州国际金融城2014年上半年工作总结的报告', 6, NULL, 0, 0, './App/Public/Write/53bc9ac97e2ef.doc', '6.26广州市天河中央商务区管理委员会关于广州国际金融城2014年上半年建设开发工作的报告（陈处3）.doc', '2014-07-09 09:28:41', '2014-07-09 09:07:18'),
(102, 'JW201407-004', '（七月）2014年珠江黄金岸线六大主要任务项目工作进展表、2014年珠江黄金岸线六大亮点工程项目工作进展表', '无（表格）', '2014-07-21', '区建水局', '', '七月月报', 5, NULL, 0, 0, './App/Public/Write/53ccdf666ed52.rar', '珠江黄金岸线.rar', '2014-07-21 17:37:42', '2014-07-21 17:07:24');
INSERT INTO `cbd_write` (`id`, `write_no`, `title`, `article_no`, `pub_date`, `send_to`, `copy_to`, `summary`, `writer`, `rec_id`, `state`, `is_reply`, `download_name`, `file_name`, `create_time`, `update_time`) VALUES
(103, 'JW201407-005', '天河区推进广州国际金融城起步区开发建设工作进展情况汇总表（2014年7月）', '无', '2014-07-23', '区金融城建设开发指挥部', '', '天河区推进广州国际金融城起步区开发建设工作进展情况汇总表（2014年7月）', 6, NULL, 0, 0, './App/Public/Write/53cf0d7ee0c3a.doc', '7.21天河区推进广州国际金融城起步区开发建设工作进展情况汇总表（2014年7月）.doc', '2014-07-23 09:18:54', '2014-07-23 09:07:46'),
(104, 'JW201407-006', '广州市天河中央商务区管理委员会关于报送广州国际金融城二期控制性详细规划成果意见的函', '穗天商管建〔2014〕66号', '2014-07-23', '区府办', '', '广州市天河中央商务区管理委员会关于报送广州国际金融城二期控制性详细规划成果意见的函', 6, NULL, 0, 1, './App/Public/Write/53cf0e671b352.doc', '7.18广州市天河中央商务区管理委员会关于报送广州国际金融城二期控制性详细规划成果意见的函.doc', '2014-07-23 09:22:47', '2014-07-23 16:07:05'),
(105, 'JW201407-007', '2013-2014年珠江黄金岸线六大主要任务项目工作表', '无（表格）', '2014-07-29', '区发改局', '', '2014年上半年已完成工作及下半年实施计划', 5, NULL, 0, 1, './App/Public/Write/53d85d3067df6.xls', '（CBD管委会）黄金岸线六大主要任务项目工作表7.29.xls', '2014-07-30 10:49:20', '2014-07-30 10:07:51'),
(106, 'JW201408-001', '广州市天河中央商务区管理委员会关于征求《广州市居住区配套公共服务设施管理规定（送审稿）》意见的复函', '穗天商管建〔2014〕67号', '2014-08-04', '区法制办', '', '广州市天河中央商务区管理委员会关于征求《广州市居住区配套公共服务设施管理规定（送审稿）》意见的复函', 6, NULL, 0, 1, './App/Public/Write/53df3c9cc28cf.doc', '8.4广州市天河中央商务区管理委员会关于《广州市居住区配套公共服务设施管理规定（送审稿）》意见的复函.doc', '2014-08-04 15:56:12', '2014-08-07 10:08:12'),
(107, 'JW201408-002', '广州市天河中央商务区管理委员会关于天河区潭村地块规划方案意见的复函', '穗天商管建〔2014〕68号', '2014-08-06', '区规划分局', '', '广州市天河中央商务区管理委员会关于天河区潭村地块规划方案意见的复函', 6, NULL, 0, 1, './App/Public/Write/53e1de1b72513.doc', '8.6广州市天河中央商务区管理委员会关于天河区谭村地块规划方案意见的复函.doc', '2014-08-06 15:49:47', '2014-08-07 10:08:52'),
(108, 'JW201408-003', '广州市天河中央商务区管理委员会关于金融 机构设立金融城项目公司方案意见的函', '穗天商管建〔2014〕69号', '2014-08-07', '区府办', '', '提出以下意见：一、根据6月13日陈建华市长召开的会议精神（穗市长会纪〔2014〕64号），建议删除方案第一条“为保证金融城的金融产业属性和功能，不鼓励金融机构设立金融城项目公司”。二、为进一步做好企业服务工作，利于推进项目建设，建议将方案第二条第（一）项第3点“金融城项目公司注册地应在广州市天河区”修改为“金融城项目公司法人注册地及实际生产经营（办公）所在地应在广州市天河区”。', 5, NULL, 0, 1, './App/Public/Write/53e3403469a9f.rar', '140807关于《广州国际金融城开发建设工作领导小组办公室关于征求金融机构设立金融城项目公司的方案（稿）意见的函》回复意见的函.rar', '2014-08-07 17:00:36', '2014-08-08 09:08:05'),
(109, 'JW201408-004', '广州市天河中央商务区管理委员会关于广州国际金融城起步区AT090902地块公共服务配套设施的复函', '穗天商管建〔2014〕71号', '2014-08-11', '广州联鸿实业投资有限公司', '市规划局', '广州市天河中央商务区管理委员会关于广州国际金融城起步区AT090902地块公共服务配套设施的复函，建议贵司进一步深化建筑设计方案，明确配套设施所在楼层和位置。', 6, NULL, 0, 1, './App/Public/Write/53e868781d275.doc', '8.11广州市天河中央商务区管理委员会关于广州国际金融城起步区AT090902地块公共服务配套设施的复函.doc', '2014-08-11 14:53:44', '2014-08-11 16:08:05'),
(110, 'JW201408-005', '关于天河区黄埔大道以南、车陂水厂以西地块出让事宜意见的复函', '穗天商管建〔2014〕70号', '2014-08-11', '区国土房管分局', '', '经研究，我委无意见。', 4, NULL, 0, 1, './App/Public/Write/53e87651246ba.doc', '140806关于天河区黄埔大道以南、车陂水厂以西地块出让事宜意见的复函.doc', '2014-08-11 15:52:49', '2014-08-11 15:08:50'),
(111, 'JW201408-006', '会议通知(金融城工作例会)', '无', '2014-08-13', '区建设水务局、市国土房管局天河区分局、区城市更新改造工作办公室、市规划局天河分局', '', '2014年8月14日(星期四)上午9∶30，在区机关大院1号楼9003旁小会议室，由丘卫青常委主持召开金融城工作例会，研讨金融城阶段性工作进展情况。', 7, NULL, 0, 0, './App/Public/Write/53ec6a9541ad3.doc', '金融城复建工作会议通知(最终版).doc', '2014-08-14 15:51:49', '2014-08-14 15:08:32'),
(112, 'JW201408-007', '天河区民生重点建设项目列表', '无', '2014-08-14', '区政府办', '', '天河区民生重点建设项目列表', 6, NULL, 0, 1, './App/Public/Write/53ec6f91f1460.xls', '天河区民生重点建设项目汇总表.xls', '2014-08-14 16:13:05', '2014-08-14 16:08:27'),
(113, 'JW201408-008', '2014年第31次市委常委会会议决定事项落实情况汇总表', '无', '2014-08-18', '区委办', '', '2014年7月18日十届〔2014〕第31次市委常委会议需落实事项“要加快国际金融城、天河智慧城等平台起步区、核心区的公建配套项目建设，抓紧引导重大项目落地”初步进展情况。', 4, NULL, 0, 1, './App/Public/Write/53f1526934936.xls', '2014年第31次市委常委会会议决定事项落实情况汇总表.xls', '2014-08-18 09:10:01', '2014-08-18 09:08:01'),
(114, 'JW201408-009', '广州市天河中央商务区管理委员会关于广州国际金融城起步区AT090908地块公共服务配套设施的复函', '穗天商管建〔2014〕72号', '2014-08-22', '广州穗荣房地产开发有限公司', '市规划局', '8.19广州市天河中央商务区管理委员会关于广州国际金融城起步区AT090908地块公共服务配套设施的复函', 6, NULL, 0, 1, './App/Public/Write/53f6a2c25732a.doc', '8.19广州市天河中央商务区管理委员会关于广州国际金融城起步区AT090908地块配套公共服务设施意见的复函.doc', '2014-08-22 09:54:10', '2014-08-22 09:54:52'),
(115, 'JW201408-010', '天河区推进广州国际金融城起步区开发建设工作进展情况汇总表（2014年8月）', '无', '2014-08-22', '区金融城开发建设指挥部', '', '8.20天河区推进广州国际金融城起步区开发建设工作进展情况汇总表（2014年8月）', 6, NULL, 0, 0, './App/Public/Write/53f6f9c9ab5cc.doc', '8.20天河区推进广州国际金融城起步区开发建设工作进展情况汇总表（2014年8月）.doc', '2014-08-22 16:05:29', '2014-08-25 09:00:44'),
(116, 'JW201408-011', '区委石奇珠书记听取村改制公司和社区干部意见办理情况汇总表', '无', '2014-08-25', '区委办信息督办科', '', '汇总表内关于前进置业发展有限公司希望加快金融城东区征地和建设工作方面内容，我委将继续协助市有关部门尽快稳定二期规划，使建设工作尽早落实。', 9, NULL, 0, 1, './App/Public/Write/53fa9f34d0cb4.docx', '20140819关于对广州国际金融城意见建议落实整改情况的说明（报区委办）.docx', '2014-08-25 10:28:04', '2014-08-25 10:31:00'),
(117, 'JW201408-012', '2014年珠江黄金岸线六大主要任务项目工作进展表、2014年珠江黄金岸线六大亮点工程项目工作进展表 （8月）', '无（表格）', '2014-08-26', '区建水局', '', '金融城及海心沙项目8月进展情况。', 5, NULL, 0, 1, './App/Public/Write/53fc38ee753db.rar', '珠江黄金岸线8月.rar', '2014-08-26 15:36:14', '2014-08-26 15:45:30'),
(118, 'JW201408-013', '8.27广州市天河中央商务区管理委员会关于天河区珠江新城B1-1地块规划修改意见的复函', '穗天商管建〔2014〕73号', '2014-08-26', '区规划分局', '', '8.27广州市天河中央商务区管理委员会关于天河区珠江新城B1-1地块规划修改意见的复函，我委无意见。', 6, NULL, 0, 1, './App/Public/Write/53fc3c3fdd8f7.doc', '8.27广州市天河中央商务区管理委员会关于天河区珠江新城B1-1地块规划修改意见的复函.doc', '2014-08-26 15:50:23', '2014-08-26 15:54:11'),
(119, 'JW201408-014', '关于征求2014年天河区领导服务企业第二场座谈会企业问题分工意见的复函', '穗天商管建〔2014〕74号', '2014-08-27', '区经贸局', '', '经研究，我委根据企业诉求对序号14广东振戎能源有限公司提出的第26号问题提出了修改意见。', 4, NULL, 0, 1, './App/Public/Write/53fd780ff062f.doc', '140827关于征求2014年天河区领导服务企业第二场座谈会企业问题分工意见的复函.doc', '2014-08-27 14:17:52', '2014-08-27 14:20:22'),
(120, 'JW201409-001', '广州市天河中央商务区管理委员会关于广州市雕塑总体规划意见的复函', '穗天商管建〔2014〕77号', '2014-09-02', '区规划分局', '', '9.2广州市天河中央商务区管理委员会关于广州市雕塑总体规划意见的复函', 6, NULL, 0, 1, './App/Public/Write/54057ca38fff5.doc', '9.2广州市天河中央商务区管理委员会关于广州市雕塑总体规划意见的复函.doc', '2014-09-02 16:15:31', '2014-09-02 17:15:06'),
(121, 'JW201409-002', '8.29广州市天河中央商务区管理委员会关于广州国际金融城起步区AT090908地块公共服务配套设施的复函', '穗天商管建〔2014〕76号', '2014-09-02', '广州穗荣房地产开发有限公司', '市规划局', '8.29广州市天河中央商务区管理委员会关于广州国际金融城起步区AT090908地块公共服务配套设施的复函，我委原则同意电议院的建筑设计方案。', 6, NULL, 0, 1, './App/Public/Write/54057d16a3300.doc', '8.29广州市天河中央商务区管理委员会关于广州国际金融城起步区AT090908地块配套公共服务设施意见的复函.doc', '2014-09-02 16:17:26', '2014-09-02 16:45:57'),
(122, 'JW201409-003', '天河中央商务区管委会关于珠三角城际轨道 交通调度指挥中心项目社会稳定风险 评估有关问题意见的函', '穗天商管建〔2014〕75号', '2014-09-02', '区发改局', '', '我委无意见。', 5, NULL, 0, 1, './App/Public/Write/5405876f7ee1d.doc', '140901天河中央商务区管委会关于珠三角城际轨道交通调度指挥中心项目社会稳定风险评估有关问题意见的函.doc', '2014-09-02 17:01:35', '2014-09-02 17:12:01'),
(123, 'JW201409-004', '天河中央商务区管委会关于棠下新墟村民住宅复建安置房东侧市政道路及河涌 实施主体意见的函', '穗天商管建〔2014〕78号', '2014-09-05', '区建水局', '', '我委建议采用方案一，即由市重点办统一实施上述市政道路和河涌的建设', 3, NULL, 0, 1, './App/Public/Write/540e6853a5439.docx', '20140904关于棠下新墟村民住宅复建安置房东侧市政道路及河涌实施主体意见的函.docx', '2014-09-09 10:39:15', '2014-09-09 11:47:03'),
(124, 'JW201409-005', '关于征求加强我市城市更新统计工作通知意见的函', '穗天商管建〔2014〕79号', '2014-09-09', '区城改办', '', '经研究，我委无意见。', 4, NULL, 0, 1, './App/Public/Write/540ec541078b8.doc', '140909关于征求加强我市城市更新统计工作通知意见的函.doc', '2014-09-09 17:15:45', '2014-09-10 09:19:05'),
(125, 'JW201409-006', '广州市天河中央商务区管理委员会关于《空军岑村机场迁建框架协议》意见的复函', '穗天商管建〔2014〕80号', '2014-09-15', '区政府办', '', '广州市天河中央商务区管理委员会关于《空军岑村机场迁建框架协议》意见的复函，我委无意见。', 6, NULL, 0, 1, './App/Public/Write/2014-09-15/5416ac57814bd.doc', '9.12关于《空军岑村机场迁建框架协议》意见的复函.doc', '2014-09-15 17:07:35', '2014-09-15 17:10:50'),
(126, 'JW201409-007', '广州市天河中央商务区管理委员会关于征求调整珠江黄金岸线建设具体项目情况意见的复函', '穗天商管建〔2014〕81号', '2014-09-18', '区建水局', '', '我委无意见。', 7, NULL, 0, 1, './App/Public/Write/2014-09-19/541b841da47f2.doc', '广州市天河中央商务区管理委员会关于征求调整珠江黄金岸线建设具体项目情况意见的复函.doc', '2014-09-19 09:17:17', '2014-09-19 09:32:32'),
(127, 'JW201409-008', '天河区重大项目用电情况摸查表(只报表格)', '-', '2014-09-23', '区经贸局', '', '填报“天河区重大项目用电情况摸查表”，包括金融城起步区村集体复建及第一、第二批受地企业共16个项目。', 7, NULL, 0, 1, './App/Public/Write/2014-09-24/542219d567d4d.xls', '天河区重大项目情况摸查表2014-09-23.xls', '2014-09-24 09:09:41', '2014-09-24 09:33:29'),
(128, 'JW201409-009', '天河区推进广州国际金融城起步区开发建设工作进展情况汇总表（2014年9月）', '', '2014-09-23', '区金融城开发建设指挥部', '', '天河区推进广州国际金融城起步区开发建设工作进展情况汇总表（2014年9月）', 9, NULL, 0, 0, './App/Public/Write/2014-09-24/54222075477a5.doc', '9.22天河区推进广州国际金融城起步区开发建设工作进展情况汇总表（2014年9月）.doc', '2014-09-24 09:37:57', '2014-09-24 09:39:30'),
(130, 'JW201409-010', '报送2015年市重点建设项目', '无', '2014-09-25', '无', '无', '资料已由陈军发至投资处。', 9, NULL, 0, 1, './App/Public/Write/2014-09-26/5424c842b6942.rar', '市重点项目申报表.rar', '2014-09-26 09:58:26', '2014-09-26 09:59:35'),
(131, 'JW201410-001', '天河中央商务区管委会关于赴贵州、重庆开展泛珠招商、金融城推介和帮扶区对接活动的相关函', '穗天商管函〔2014〕118号', '2014-09-18', '中建四局、贵州省惠水县委办、重庆两江新区管委会、重庆市江北嘴中央商务区投资集团有限公司', '', '为学习先进经验，由陈处带队前往贵州、重庆开展泛珠招商、金融城推介和帮扶区对接活动。', 4, NULL, 0, 0, './App/Public/Write/2014-10-08/54349f462eee2.rar', '各单位发函.rar', '2014-10-08 10:19:50', '2014-10-08 10:53:28'),
(132, 'JW201410-002', '广州市2015年保障性安居工程建设计划表（金融城起步区）', '无', '2014-10-11', '区国土分局', '', '广州市2015年保障性安居工程建设计划表（金融城起步区棠下村村民住宅复建工程）', 4, NULL, 0, 1, './App/Public/Write/2014-10-10/54379b1e90e38.xls', '广州市2015年保障性安居工程建设计划表（金融城起步区）.xls', '2014-10-10 16:38:54', '2014-10-13 14:36:22'),
(133, 'JW201410-003', '关于征求广州市天然气利用工程四期工程项目社会稳定风险评估意见的复函', '穗天商管建〔2014〕82号', '2014-10-14', '区发改局', '', '经研究，我委无意见。', 4, NULL, 0, 1, './App/Public/Write/2014-10-14/543c809d861e5.doc', '141013关于征求广州市天然气利用工程四期工程项目社会稳定风险评估意见的复函.doc', '2014-10-14 09:47:09', '2014-10-15 10:01:24'),
(134, 'JW201410-004', '广州市天河中央商务区管理委员会关于广州通用航空发展规划研究报告意见的复函', '穗天商管建〔2014〕83号', '2014-10-14', '区发改局', '', '广州市天河中央商务区管理委员会关于广州通用航空发展规划研究报告意见的复函', 6, NULL, 0, 1, './App/Public/Write/2014-10-14/543cc139a5707.doc', '10.14广州市天河中央商务区管理委员会关于广州通用航空发展规划研究报告意见的复函.doc', '2014-10-14 14:22:49', '2014-10-14 15:46:20'),
(135, 'JW201410-005', '广州市天河中央商务区管理委员会关于广州综合交通枢纽总体规划意见的复函', '穗天商管建〔2014〕84号', '2014-10-22', '区发改局', '', '我委无意见。', 6, NULL, 0, 1, './App/Public/Write/2014-10-22/5447496b1f9cb.doc', '10.21广州市天河中央商务区管理委员会关于广州综合交通枢纽总体规划意见的复函.doc', '2014-10-22 14:06:35', '2014-10-22 14:41:57'),
(137, 'JW201410-006', '2014年珠江黄金岸线六大主要任务项目工作进展表', '无', '2014-10-23', '区建水局', '', '', 9, NULL, 0, 1, './App/Public/Write/2014-10-23/5448c01757527.rar', '10月.rar', '2014-10-23 16:45:11', '2014-10-23 17:09:46'),
(138, 'JW201410-007', '天河区2015年重点建设项目表、天河区2015年重点建设预备项目表', '', '2014-10-24', '区发改局', '', '仅报送表格。重点建设项目报送10个项目，重点建设预备项目报送2个项目。', 7, NULL, 0, 1, './App/Public/Write/2014-10-24/5449b8e219841.xls', '年重点建设项目计划表2014-10-21.xls', '2014-10-24 10:26:42', '2014-10-24 10:36:20'),
(139, 'JW201410-008', '广州市“十三五”重大建设项目申报表(天河区）', '', '2014-10-24', '区发改局', '', '仅报送表格。我委任牵头责任单位的项目共10个，其中6个拟报送为广州市“十三五”重大建设项目。', 7, NULL, 0, 1, './App/Public/Write/2014-10-24/5449babac50db.xls', '市“十三五”重大建设项目申报表2014-10-20.xls', '2014-10-24 10:34:34', '2014-10-24 10:37:12'),
(140, 'JW201410-009', '天河区推进广州国际金融城起步区开发建设工作进展情况汇总表（2014年10月）', '无', '2014-10-27', '区金融城开发建设指挥部', '', '10.20天河区推进广州国际金融城起步区开发建设工作进展情况汇总表（2014年10月）', 6, NULL, 0, 0, './App/Public/Write/2014-10-27/544e10219be58.doc', '10.20天河区推进广州国际金融城起步区开发建设工作进展情况汇总表（2014年10月）.doc', '2014-10-27 17:28:01', '2014-10-27 17:35:11'),
(141, 'JW201410-010', '关于开展2015年土地储备计划编制工作的复函', '穗天商管建〔2014〕85号', '2014-10-28', '区国土房管分局', '', '经研究，我委无相关项目报送。', 4, NULL, 0, 1, './App/Public/Write/2014-10-28/544f5f4bc17e9.doc', '141024关于开展2015年土地储备计划编制工作的复函.doc', '2014-10-28 17:18:03', '2014-10-28 17:25:19'),
(142, 'JW201411-001', '广州市天河中央商务区管理委员会关于天河区新建少年宫现场讲解稿意见的复函', '穗天商管建〔2014〕86号', '2014-11-03', '区教育局', '', '我委无意见，无相关资料报送。', 6, NULL, 0, 1, './App/Public/Write/2014-11-03/5456ef935c8d3.doc', '11.3广州市天河中央商务区管理委员会关于天河区新建少年宫现场讲解稿意见的复函.doc', '2014-11-03 10:59:31', '2014-11-03 11:24:04'),
(143, 'JW201411-002', '广州市天河中央商务区管理委员会关于 报送2014年“珠江黄金岸线”土地 利用专项小组工作落实情况的复函', '穗天商管建〔2014〕87号', '2014-11-10', '区国土房管分局', '', '根据要求报送规划设计、土地出让、征拆复建、招商引资及下一步工作计划。', 9, NULL, 0, 1, './App/Public/Write/2014-11-10/5460746a119bc.docx', '关于报送2014年“珠江黄金岸线”土地利用专项小组工作落实情况的复函.docx', '2014-11-10 16:16:42', '2014-11-10 16:56:44'),
(144, 'JW201411-003', '关于报送市土地管理委员会2014年第十三次会议议题的复函', '穗天商管建〔2014〕88号', '2014-11-17', '区国土房管分局', '', '经研究，我委无议题上报。', 4, NULL, 0, 1, './App/Public/Write/2014-11-18/546a9ec25d67c.doc', '141117天河中央商务区管委会关于报送市土地管理委员会2014年第十三次会议议题的复函.doc', '2014-11-18 09:20:02', '2014-11-18 09:59:11'),
(145, 'JW201411-004', '2014年珠江黄金岸线六大主要任务项目工作进展表', '无', '2014-11-21', '区建水局', '', '（11月）2014年珠江黄金岸线六大主要任务项目工作进展表/六大亮点工程项目工作进展表。', 9, NULL, 0, 0, './App/Public/Write/2014-11-21/546ee986cd298.rar', '11月.rar', '2014-11-21 15:28:06', '2014-11-21 15:32:26'),
(146, 'JW201411-005', '天河区推进广州国际金融城起步区开发建设工作进展情况汇总表（2014年11月）', '无', '2014-11-27', '区金融城开发建设指挥部', '', '11.24天河区推进广州国际金融城起步区开发建设工作进展情况汇总表（2014年11月）', 6, NULL, 0, 0, './App/Public/Write/2014-11-27/5476765ac56d6.doc', '11.24天河区推进广州国际金融城起步区开发建设工作进展情况汇总表（2014年11月）.doc', '2014-11-27 08:54:50', '2014-11-27 09:12:16'),
(147, 'JW201411-006', '广州市天河中央商务区管理委员会关于报送万达金融总部拟选址地块规划幼儿园意见的函', '穗天商管建〔2014〕90号', '2014-11-27', '区政府办', '', '11.26广州市天河中央商务区管理委员会关于报送万达金融总部拟选址地块规划幼儿园意见的函', 6, NULL, 0, 1, './App/Public/Write/2014-11-27/5476e94eb2693.doc', '11.26广州市天河中央商务区管理委员会关于报送万达金融总部拟选址地块规划幼儿园意见的函.doc', '2014-11-27 17:05:18', '2014-11-28 11:18:04'),
(148, 'JW201411-007', '广州市天河中央商务区管理委员会关于天河区2014规划梳理及实施评估中期成果意见的复函', '穗天商管建〔2014〕89号', '2014-11-27', '区规划分局', '', '11.26广州市天河中央商务区管理委员会关于天河区2014规划梳理及实施评估中期成果意见的复函', 6, NULL, 0, 1, './App/Public/Write/2014-11-27/5476e98caf204.doc', '11.26广州市天河中央商务区管理委员会关于天河区2014规划梳理及实施评估中期成果意见的复函.doc', '2014-11-27 17:06:20', '2014-11-27 17:13:40'),
(149, 'JW201411-008', '广州市天河中央商务区管理委员会关于协助广州市规划编制研究中心做好珠江新城规划评估调研的报告', '穗天商管〔2014〕26号', '2014-11-28', '区政府', '', '11.27广州市天河中央商务区管理委员会关于协助广州市规划编制研究中心做好珠江新城规划评估调研的报告', 6, NULL, 0, 0, './App/Public/Write/2014-11-28/54780f3533c55.doc', '11.27广州市天河中央商务区管理委员会关于协助广州市城市规划编制研究中心做好珠江新城规划评估调研的报告.doc', '2014-11-28 13:59:17', '2014-11-28 14:06:36'),
(150, 'JW201411-009', '广州市天河中央商务区管理委员会关于做好广州国际金融城2014年全年工作总结的函', '穗天商管建〔2014〕91号', '2014-11-28', '区发改局、区经贸局、区财政局、天河区公安分局、市国土房管局天河区分局、区城改办、市规划局天河分局', '', '11.28广州市天河中央商务区管理委员会关于做好广州国际金融城2014年全年工作总结的函', 6, NULL, 0, 0, './App/Public/Write/2014-11-28/54783ed1b995b.doc', '11.28广州市天河中央商务区管理委员会关于做好广州国际金融城2014年全年工作总结的函.doc', '2014-11-28 17:22:25', '2014-11-28 17:27:01'),
(151, 'JW201411-010', '关于金融城起步区市土发中心已收储地块范围内违建情况意见的函', '穗天商管建〔2014〕92号', '2014-11-28', '区城管执法分局', '', '建议相关情况以该局和街道意见为准，我委予以积极协助配合。', 4, NULL, 0, 1, './App/Public/Write/2014-11-28/547843b74eff3.docx', '141128关于金融城起步区市土发中心已收储地块范围内违建情况意见的函.docx', '2014-11-28 17:43:19', '2014-11-28 17:43:40'),
(152, 'JW201412-001', '广州市天河中央商务区管理委员会关于征求广州国际金融城起步区AT090940地块配套设施意见的函', '穗天商管建〔2014〕93号', '2014-12-22', '市公安局天河分局、员村街道办事处', '', '广州市天河中央商务区管理委员会关于征求广州国际金融城起步区AT090940地块配套设施意见的函', 6, NULL, 0, 0, './App/Public/Write/2014-12-22/5497d4c5a8992.zip', '12.22广州市天河中央商务区管理委员会关于征求广州国际金融城起步区AT090940地块配套设施意见的函.zip', '2014-12-22 16:22:29', '2014-12-23 09:26:58'),
(153, 'JW201412-002', '关于《广州市2015年建设用地供应计划（征求意见稿）》意见的函', '穗天商管建〔2014〕94号', '2014-12-23', '区国土房管分局', '', '经研究，我委无意见。', 4, NULL, 0, 1, './App/Public/Write/2014-12-23/549918175ff60.docx', '141223关于《广州市2015年建设用地供应计划（征求意见稿）》意见的函.docx', '2014-12-23 15:21:59', '2014-12-23 15:22:33'),
(154, 'JW201412-003', '广州国际金融城发展管理模式初探', '无', '2014-12-26', '区委办', '', '广州国际金融城发展管理模式初探。', 4, NULL, 0, 0, './App/Public/Write/2014-12-29/54a0a998050a5.doc', '141226广州国际金融城发展管理模式初探.doc', '2014-12-29 09:08:40', '2014-12-29 09:09:08'),
(155, 'JW201412-004', '关于报送珠江黄金岸线2014年工作总结和2015年工作计划的函', '穗天商管建〔2014〕95号', '2014-12-29', '区建水局', '', '关于报送珠江黄金岸线2014年工作总结和2015年工作计划的函', 9, NULL, 0, 1, './App/Public/Write/2014-12-29/54a0a9a99edb4.rar', '珠江黄金岸线2014年总结.rar', '2014-12-29 09:08:57', '2014-12-29 09:13:09'),
(156, 'JW201412-005', '关于报送广州国际金融城2014年全年工作总结的报告', '穗天商管〔2014〕28号', '2014-12-26', '区金融城开发建设指挥部', '', '2014年金融城工作总结，已报送区领导和相关部门。', 4, NULL, 0, 0, './App/Public/Write/2014-12-29/54a0aaa40f823.doc', '141226广州市天河中央商务区管理委员会关于报送广州国际金融城2014年全年工作总结的报告.doc', '2014-12-29 09:13:08', '2014-12-29 09:13:32'),
(157, 'JW201412-006', '天河中央商务区管委会关于美领馆警卫 地块（天河区AT1109规划管理单元） 控制性详细规划修改意见的复函', '穗天商管建〔2014〕96号', '2014-12-29', '区规划分局', '', '我委无意见', 3, NULL, 0, 0, './App/Public/Write/2014-12-29/54a0ca9ebb5b7.docx', '20141229关于美领馆警卫地块控制性详细规划修改意见的复函.docx', '2014-12-29 11:29:34', '2014-12-29 11:30:03'),
(158, 'JW201412-007', '天河区推进广州国际金融城起步区开发建设工作进展情况汇总表（2014年12月）', '无', '2014-12-31', '区金融城开发建设指挥部', '', '12.29天河区推进广州国际金融城起步区开发建设工作进展情况汇总表（2014年12月）', 4, NULL, 0, 0, './App/Public/Write/2014-12-31/54a35a329e1b6.doc', '12.29天河区推进广州国际金融城起步区开发建设工作进展情况汇总表（2014年12月）.doc', '2014-12-31 10:06:42', '2014-12-31 10:06:51'),
(159, 'JW201501-001', '关于《广州市南方人才大厦地块（AT0808规划管理单元）控制性详细规划修改》意见的复函', '穗天商管建〔2015〕97号', '2014-12-31', '区规划分局', '', '经研究，我委无意见。', 4, NULL, 0, 1, './App/Public/Write/2015-01-04/54a895a8d4856.docx', '141231关于《广州市南方人才大厦地块（AT0808规划管理单元）控制性详细规划修改》意见的复函.docx', '2015-01-04 09:21:44', '2015-01-04 09:24:26'),
(160, 'JW201501-002', '广州市天河中央商务区管理委员会关于广州国际金融城起步区AT090940地块配套公共服务设施意见的复函', '穗天商管建〔2015〕1号', '2015-01-07', '平安不动产有限公司', '市规划局', '1.6广州市天河中央商务区管理委员会关于广州国际金融城起步区AT090940地块配套公共服务设施意见', 6, NULL, 0, 1, './App/Public/Write/2015-01-07/54ac9db1cb8a7.doc', '1.6广州市天河中央商务区管理委员会关于广州国际金融城起步区AT090940地块配套公共服务设施意见的复函.doc', '2015-01-07 10:45:05', '2015-01-07 11:54:13'),
(161, 'JW201501-003', '关于开展员村地块花城大道东延线路位土地征收工作意见的复函', '穗天商管建〔2015〕2号', '2015-01-12', '区政府办', '', '经研究，我委无意见。', 4, NULL, 0, 1, './App/Public/Write/2015-01-12/54b38b9c7d8c5.docx', '150112关于开展员村地块花城大道东延线路位土地征收工作意见的复函.docx', '2015-01-12 16:53:48', '2015-01-12 16:54:05'),
(163, 'JW201501-004', '关于广州国际金融城土地出让情况的报告', '穗天商管〔2015〕1号', '2015-01-27', '区政府', '林道平区长', '汇报金融城土地出让模式、出让进展情况及出让计划。', 4, NULL, 0, 0, './App/Public/Write/2015-01-27/54c6f1c3922f7.docx', '150126关于金融城土地出让情况的报告.docx', '2015-01-27 10:02:43', '2015-01-27 10:05:40'),
(164, 'JW201501-005', '天河区推进广州国际金融城起步区开发建设工作进展情况汇总表（2015年1月）', '无', '2015-01-27', '区金融城开发建设指挥部', '', '天河区推进广州国际金融城起步区开发建设工作进展情况汇总表（2015年1月）', 9, NULL, 0, 0, './App/Public/Write/2015-01-27/54c6f23fde23e.doc', '1.26天河区推进广州国际金融城起步区开发建设工作进展情况汇总表（2015年1月）.doc', '2015-01-27 10:04:47', '2015-01-27 10:06:47'),
(165, 'JW201501-006', '广州市天河中央商务区管理委员会关于报送珠江黄金岸线2014年资金投入情况和2015年资金投入计划的复函', '穗天商管建〔2015〕3号', '2015-01-30', '区建水局', '', '无相关内容需报送。', 9, NULL, 0, 1, './App/Public/Write/2015-01-30/54cae0d3b80f5.doc', '20150129关于提供广州国际金融城建设资金情况的函.doc', '2015-01-30 09:39:31', '2015-01-30 09:39:43'),
(166, 'JW201502-001', '广州市天河中央商务区管理委员会关于粤剧红船码头地块规划方案意见的复函', '穗天商管建〔2015〕4号', '2015-02-02', '区规划分局', '', '1.30广州市天河中央商务区管理委员会关于粤剧红船码头地块规划方案意见的复函', 6, NULL, 0, 1, './App/Public/Write/2015-02-02/54cf36d786ed7.doc', '1.30广州市天河中央商务区管理委员会关于粤剧红船码头地块规划方案意见的复函.doc', '2015-02-02 16:35:35', '2015-02-02 16:46:55'),
(167, 'JW201502-002', '2.2广州市天河中央商务区管理委员会关于广州国际金融城二期鹰金钱地块重点项目意见的复函', '穗天商管〔2015〕2号', '2015-02-04', '区政府', '', '2.2广州市天河中央商务区管理委员会关于广州国际金融城二期鹰金钱地块重点项目意见的复函', 6, NULL, 0, 1, './App/Public/Write/2015-02-04/54d17f0fad1f5.doc', '2.3广州市天河中央商务区管理委员会关于报送广州国际金融城二期鹰金钱地块项目意见的请示.doc', '2015-02-04 10:08:15', '2015-02-05 14:25:33');

--
-- 限制导出的表
--

--
-- 限制表 `cbd_accessory`
--
ALTER TABLE `cbd_accessory`
  ADD CONSTRAINT `cbd_accessory_ibfk_1` FOREIGN KEY (`land_id`) REFERENCES `cbd_land` (`id`) ON DELETE CASCADE ON UPDATE CASCADE;

--
-- 限制表 `cbd_bigcase`
--
ALTER TABLE `cbd_bigcase`
  ADD CONSTRAINT `cbd_bigcase_ibfk_1` FOREIGN KEY (`record_person`) REFERENCES `cbd_user` (`id`);

--
-- 限制表 `cbd_borrow`
--
ALTER TABLE `cbd_borrow`
  ADD CONSTRAINT `cbd_borrow_ibfk_2` FOREIGN KEY (`usr_id`) REFERENCES `cbd_user` (`id`),
  ADD CONSTRAINT `cbd_borrow_ibfk_3` FOREIGN KEY (`file_id`) REFERENCES `cbd_file` (`id`);

--
-- 限制表 `cbd_contact`
--
ALTER TABLE `cbd_contact`
  ADD CONSTRAINT `cbd_contact_ibfk_1` FOREIGN KEY (`org_id`) REFERENCES `cbd_org` (`id`) ON DELETE CASCADE ON UPDATE CASCADE;

--
-- 限制表 `cbd_file`
--
ALTER TABLE `cbd_file`
  ADD CONSTRAINT `cbd_file_ibfk_1` FOREIGN KEY (`binding_person`) REFERENCES `cbd_user` (`id`);

--
-- 限制表 `cbd_org`
--
ALTER TABLE `cbd_org`
  ADD CONSTRAINT `cbd_org_ibfk_1` FOREIGN KEY (`s_id`) REFERENCES `cbd_org_series` (`id`);

--
-- 限制表 `cbd_paper`
--
ALTER TABLE `cbd_paper`
  ADD CONSTRAINT `cbd_paper_ibfk_1` FOREIGN KEY (`uploader`) REFERENCES `cbd_user` (`id`),
  ADD CONSTRAINT `cbd_paper_ibfk_2` FOREIGN KEY (`series`) REFERENCES `cbd_series` (`id`);

--
-- 限制表 `cbd_paper_user`
--
ALTER TABLE `cbd_paper_user`
  ADD CONSTRAINT `cbd_paper_user_ibfk_1` FOREIGN KEY (`paper_id`) REFERENCES `cbd_paper` (`id`) ON DELETE CASCADE ON UPDATE CASCADE;

--
-- 限制表 `cbd_protrack`
--
ALTER TABLE `cbd_protrack`
  ADD CONSTRAINT `cbd_protrack_ibfk_1` FOREIGN KEY (`pro_id`) REFERENCES `cbd_project` (`id`) ON DELETE CASCADE ON UPDATE CASCADE,
  ADD CONSTRAINT `cbd_protrack_ibfk_2` FOREIGN KEY (`user_id`) REFERENCES `cbd_user` (`id`) ON DELETE CASCADE ON UPDATE CASCADE;

--
-- 限制表 `cbd_receive`
--
ALTER TABLE `cbd_receive`
  ADD CONSTRAINT `rec_usr` FOREIGN KEY (`rec_person`) REFERENCES `cbd_user` (`id`);

--
-- 限制表 `cbd_receive_user`
--
ALTER TABLE `cbd_receive_user`
  ADD CONSTRAINT `cbd_receive_user_ibfk_1` FOREIGN KEY (`usr_id`) REFERENCES `cbd_user` (`id`) ON DELETE CASCADE ON UPDATE CASCADE,
  ADD CONSTRAINT `cbd_receive_user_ibfk_2` FOREIGN KEY (`rec_id`) REFERENCES `cbd_receive` (`id`) ON DELETE CASCADE ON UPDATE CASCADE;

--
-- 限制表 `cbd_weekreport`
--
ALTER TABLE `cbd_weekreport`
  ADD CONSTRAINT `cbd_weekreport_ibfk_1` FOREIGN KEY (`work_id`) REFERENCES `cbd_work` (`id`);

--
-- 限制表 `cbd_work`
--
ALTER TABLE `cbd_work`
  ADD CONSTRAINT `cbd_work_ibfk_1` FOREIGN KEY (`record_person`) REFERENCES `cbd_user` (`id`);

--
-- 限制表 `cbd_write`
--
ALTER TABLE `cbd_write`
  ADD CONSTRAINT `write_usr` FOREIGN KEY (`writer`) REFERENCES `cbd_user` (`id`);
--
-- Database: `oa`
--

-- --------------------------------------------------------

--
-- 表的结构 `oa_department`
--

CREATE TABLE IF NOT EXISTS `oa_department` (
  `id` int(11) NOT NULL AUTO_INCREMENT,
  `name` varchar(10) NOT NULL COMMENT '部门名称',
  `short_name` varchar(10) NOT NULL,
  `leader_id` int(11) DEFAULT NULL COMMENT '部门负责人id',
  `create_time` datetime NOT NULL DEFAULT CURRENT_TIMESTAMP,
  `update_time` datetime NOT NULL DEFAULT CURRENT_TIMESTAMP,
  PRIMARY KEY (`id`)
) ENGINE=InnoDB  DEFAULT CHARSET=utf8 COMMENT='处室表' AUTO_INCREMENT=7 ;

--
-- 转存表中的数据 `oa_department`
--

INSERT INTO `oa_department` (`id`, `name`, `short_name`, `leader_id`, `create_time`, `update_time`) VALUES
(1, '委领导', '委领导', 1, '2014-12-04 10:05:45', '2014-12-04 10:05:45'),
(2, '综合处', '综合处', 3, '2014-12-04 10:05:45', '2014-12-04 10:05:45'),
(3, '投资促进处', '投资处', 9, '2014-12-04 10:06:06', '2014-12-04 10:06:06'),
(4, '公共事务协调处', '协调处', 8, '2014-12-04 10:06:06', '2014-12-04 10:06:06'),
(5, '建设开发处', '建开处', 4, '2014-12-04 10:06:20', '2014-12-04 10:06:20'),
(6, '企业服务处', '企服处', 5, '2014-12-04 10:20:47', '2014-12-04 10:20:47');

-- --------------------------------------------------------

--
-- 表的结构 `oa_duty`
--

CREATE TABLE IF NOT EXISTS `oa_duty` (
  `id` int(11) NOT NULL AUTO_INCREMENT,
  `name` varchar(15) NOT NULL,
  PRIMARY KEY (`id`)
) ENGINE=InnoDB  DEFAULT CHARSET=utf8 COMMENT='职务表格' AUTO_INCREMENT=7 ;

--
-- 转存表中的数据 `oa_duty`
--

INSERT INTO `oa_duty` (`id`, `name`) VALUES
(1, '主任'),
(2, '常务副主任'),
(3, '副主任'),
(4, '处长'),
(5, '副处长'),
(6, '无');

-- --------------------------------------------------------

--
-- 表的结构 `oa_group`
--

CREATE TABLE IF NOT EXISTS `oa_group` (
  `id` mediumint(8) unsigned NOT NULL AUTO_INCREMENT,
  `title` char(100) NOT NULL DEFAULT '',
  `status` tinyint(1) NOT NULL DEFAULT '1',
  `rules` char(80) NOT NULL DEFAULT '',
  `description` varchar(30) NOT NULL COMMENT '备注',
  PRIMARY KEY (`id`)
) ENGINE=InnoDB  DEFAULT CHARSET=utf8 AUTO_INCREMENT=5 ;

--
-- 转存表中的数据 `oa_group`
--

INSERT INTO `oa_group` (`id`, `title`, `status`, `rules`, `description`) VALUES
(1, '委领导组', 1, '1', '管委会委领导'),
(2, '处室领导组', 1, '1', '各处室副处长以上领导'),
(3, '处室联系人', 1, '3', '各处室联系人'),
(4, '综合处联系人', 1, '2', '');

-- --------------------------------------------------------

--
-- 表的结构 `oa_group_access`
--

CREATE TABLE IF NOT EXISTS `oa_group_access` (
  `uid` mediumint(8) unsigned NOT NULL,
  `group_id` mediumint(8) unsigned NOT NULL,
  UNIQUE KEY `uid_group_id` (`uid`,`group_id`),
  KEY `uid` (`uid`),
  KEY `group_id` (`group_id`)
) ENGINE=InnoDB DEFAULT CHARSET=utf8;

--
-- 转存表中的数据 `oa_group_access`
--

INSERT INTO `oa_group_access` (`uid`, `group_id`) VALUES
(1, 1),
(2, 1),
(3, 2),
(4, 2),
(5, 2),
(8, 2),
(9, 2),
(10, 2),
(11, 2),
(12, 2),
(13, 2),
(13, 4);

-- --------------------------------------------------------

--
-- 表的结构 `oa_level`
--

CREATE TABLE IF NOT EXISTS `oa_level` (
  `id` int(11) NOT NULL AUTO_INCREMENT,
  `name` varchar(15) NOT NULL,
  PRIMARY KEY (`id`)
) ENGINE=InnoDB  DEFAULT CHARSET=utf8 COMMENT='级别表' AUTO_INCREMENT=14 ;

--
-- 转存表中的数据 `oa_level`
--

INSERT INTO `oa_level` (`id`, `name`) VALUES
(1, '副局级'),
(2, '正处级'),
(3, '副处级'),
(4, '正科级'),
(5, '主任科员'),
(6, '副主任科员'),
(7, '科员'),
(8, '高级雇员'),
(9, '中级雇员'),
(10, '初级雇员'),
(11, '文员'),
(12, '挂职干部'),
(13, '实习生');

-- --------------------------------------------------------

--
-- 表的结构 `oa_meeting`
--

CREATE TABLE IF NOT EXISTS `oa_meeting` (
  `id` int(11) NOT NULL AUTO_INCREMENT,
  `type` char(1) NOT NULL COMMENT '会议类型：F—外出开会；L—内部会议',
  `content` varchar(100) NOT NULL COMMENT '会议内容',
  `begin_time` datetime NOT NULL COMMENT '会议时间',
  `end_time` datetime DEFAULT NULL COMMENT '结束时间',
  `place` varchar(100) NOT NULL COMMENT '会议地点',
  `host` varchar(10) DEFAULT NULL COMMENT '主持人',
  `departments` varchar(20) NOT NULL COMMENT '参会处室',
  `participants` varchar(20) NOT NULL COMMENT '参加人员',
  `recorder_id` int(11) NOT NULL COMMENT '记录人员',
  `create_time` datetime NOT NULL DEFAULT CURRENT_TIMESTAMP,
  `update_time` datetime NOT NULL DEFAULT CURRENT_TIMESTAMP,
  PRIMARY KEY (`id`)
) ENGINE=InnoDB  DEFAULT CHARSET=utf8 COMMENT='会议情况表' AUTO_INCREMENT=3 ;

--
-- 转存表中的数据 `oa_meeting`
--

INSERT INTO `oa_meeting` (`id`, `type`, `content`, `begin_time`, `end_time`, `place`, `host`, `departments`, `participants`, `recorder_id`, `create_time`, `update_time`) VALUES
(2, 'L', '建开处内部讨论会议', '2015-02-10 14:00:00', '2015-02-10 16:00:00', '大会议室', '5', '5', '5,13', 13, '2015-02-10 15:33:58', '2015-02-10 15:33:58');

-- --------------------------------------------------------

--
-- 表的结构 `oa_reception`
--

CREATE TABLE IF NOT EXISTS `oa_reception` (
  `id` int(11) NOT NULL AUTO_INCREMENT,
  `vistor` varchar(30) NOT NULL COMMENT '到访团队',
  `visit_content` varchar(100) NOT NULL COMMENT '来访内容',
  `visit_leader` varchar(30) DEFAULT NULL COMMENT '带队领导',
  `contact` varchar(10) DEFAULT NULL COMMENT '联系人',
  `phone` varchar(13) DEFAULT NULL COMMENT '联系方式',
  `visitor_count` smallint(4) NOT NULL COMMENT '来访人数',
  `visit_places` varchar(50) NOT NULL COMMENT '参观地点',
  `reception_leader` varchar(20) NOT NULL COMMENT '陪同领导',
  `major_department` varchar(10) NOT NULL COMMENT '牵头处室',
  `assist_department` varchar(10) DEFAULT NULL COMMENT '配合处室',
  `receptionist` varchar(20) DEFAULT NULL COMMENT '接待人员',
  `comments` varchar(50) DEFAULT NULL COMMENT '备注',
  `begin_time` datetime NOT NULL COMMENT '接待时间',
  `end_time` datetime DEFAULT NULL COMMENT '结束时间',
  `is_meal` tinyint(1) NOT NULL DEFAULT '0' COMMENT '是否用餐',
  `recorder_id` int(11) NOT NULL COMMENT '记录人员',
  `create_time` datetime NOT NULL DEFAULT CURRENT_TIMESTAMP,
  `update_time` datetime NOT NULL DEFAULT CURRENT_TIMESTAMP,
  PRIMARY KEY (`id`)
) ENGINE=InnoDB  DEFAULT CHARSET=utf8 COMMENT='接待表' AUTO_INCREMENT=2 ;

--
-- 转存表中的数据 `oa_reception`
--

INSERT INTO `oa_reception` (`id`, `vistor`, `visit_content`, `visit_leader`, `contact`, `phone`, `visitor_count`, `visit_places`, `reception_leader`, `major_department`, `assist_department`, `receptionist`, `comments`, `begin_time`, `end_time`, `is_meal`, `recorder_id`, `create_time`, `update_time`) VALUES
(1, '第一太平戴维斯到访', '商谈合作事宜', 'Mr. Smith', NULL, NULL, 5, '4,5', '2,3', '2', NULL, NULL, NULL, '2015-02-10 09:30:00', '2015-02-10 10:30:00', 0, 13, '2015-02-10 10:36:33', '2015-02-10 10:36:33');

-- --------------------------------------------------------

--
-- 表的结构 `oa_room`
--

CREATE TABLE IF NOT EXISTS `oa_room` (
  `id` int(11) NOT NULL AUTO_INCREMENT,
  `name` varchar(10) NOT NULL COMMENT '名称',
  PRIMARY KEY (`id`)
) ENGINE=InnoDB  DEFAULT CHARSET=utf8 COMMENT='管委会房间表' AUTO_INCREMENT=4 ;

--
-- 转存表中的数据 `oa_room`
--

INSERT INTO `oa_room` (`id`, `name`) VALUES
(1, '展厅'),
(2, '会议室1（大）'),
(3, '会议室2（小）');

-- --------------------------------------------------------

--
-- 表的结构 `oa_room_booking`
--

CREATE TABLE IF NOT EXISTS `oa_room_booking` (
  `id` int(11) NOT NULL AUTO_INCREMENT,
  `room_id` int(11) NOT NULL COMMENT '房间ID',
  `event_type` char(1) NOT NULL COMMENT '事件类型：M—会议；R—接待',
  `event_id` int(11) NOT NULL COMMENT '会议Id或者接待Id',
  `begin_time` datetime NOT NULL COMMENT '开始时间',
  `end_time` datetime NOT NULL COMMENT '结束时间',
  `book_person` int(11) NOT NULL COMMENT '预订人',
  `create_time` datetime NOT NULL DEFAULT CURRENT_TIMESTAMP,
  `update_time` datetime NOT NULL DEFAULT CURRENT_TIMESTAMP,
  PRIMARY KEY (`id`),
  KEY `room_id` (`room_id`),
  KEY `book_person` (`book_person`)
) ENGINE=InnoDB  DEFAULT CHARSET=utf8 COMMENT='房间预订表' AUTO_INCREMENT=3 ;

--
-- 转存表中的数据 `oa_room_booking`
--

INSERT INTO `oa_room_booking` (`id`, `room_id`, `event_type`, `event_id`, `begin_time`, `end_time`, `book_person`, `create_time`, `update_time`) VALUES
(1, 1, 'R', 1, '2015-02-10 09:30:00', '2015-02-10 10:00:00', 13, '2015-02-10 10:37:54', '2015-02-10 10:37:54'),
(2, 2, 'M', 2, '2015-02-10 14:30:00', '2015-02-10 16:00:00', 13, '2015-02-10 15:36:11', '2015-02-10 15:36:11');

-- --------------------------------------------------------

--
-- 表的结构 `oa_rule`
--

CREATE TABLE IF NOT EXISTS `oa_rule` (
  `id` mediumint(8) unsigned NOT NULL AUTO_INCREMENT,
  `name` char(80) NOT NULL DEFAULT '',
  `title` char(20) NOT NULL DEFAULT '',
  `type` tinyint(1) NOT NULL DEFAULT '1',
  `status` tinyint(1) NOT NULL DEFAULT '1',
  `condition` char(100) NOT NULL DEFAULT '',
  PRIMARY KEY (`id`),
  UNIQUE KEY `name` (`name`)
) ENGINE=InnoDB  DEFAULT CHARSET=utf8 AUTO_INCREMENT=4 ;

--
-- 转存表中的数据 `oa_rule`
--

INSERT INTO `oa_rule` (`id`, `name`, `title`, `type`, `status`, `condition`) VALUES
(1, 'CAN_VIEW_LEADER_CALENDAR', '查看领导日程', 1, 1, ''),
(2, 'CAN_ADD_ALL_LEADER_CALENDAR', '添加所有领导日程', 1, 1, ''),
(3, 'CAN_ADD_DEPART_LEADER_CALENDAR', '添加处室领导日程', 1, 1, '');

-- --------------------------------------------------------

--
-- 表的结构 `oa_saying`
--

CREATE TABLE IF NOT EXISTS `oa_saying` (
  `id` int(11) NOT NULL AUTO_INCREMENT,
  `content` varchar(255) NOT NULL COMMENT '内容',
  `writer` varchar(20) DEFAULT NULL COMMENT '作者',
  `create_time` datetime NOT NULL DEFAULT CURRENT_TIMESTAMP,
  PRIMARY KEY (`id`)
) ENGINE=InnoDB  DEFAULT CHARSET=utf8 AUTO_INCREMENT=45 ;

--
-- 转存表中的数据 `oa_saying`
--

INSERT INTO `oa_saying` (`id`, `content`, `writer`, `create_time`) VALUES
(1, '生活是一面镜子。你对它笑，它就对你笑；你对它哭，它也对你哭。', '拉伯雷', '2014-01-01 21:38:44'),
(2, '命运掌握在自己手中。要么你驾驭生命，要么生命驾驭你，你的心态决定你是坐骑还是骑手。', NULL, '2014-01-01 21:41:13'),
(3, '不要拿小人的错误来惩罚自己，不要在这些微不足道的事情上折磨浪费自己的宝贵时间。', NULL, '2014-01-01 21:41:13'),
(4, '学的到东西的事情是锻炼，学不到的是磨练。', NULL, '2014-01-01 21:42:07'),
(5, '过错是暂时的遗憾，而错过则是永远的遗憾！', NULL, '2014-01-01 21:42:07'),
(6, '还能冲动，表示你还对生活有激情，总是冲动，表示你还不懂生活。', NULL, '2014-01-01 21:42:50'),
(7, '人一生下就会哭，笑是后来才学会的。所以忧伤是一种低级的本能，而快乐是一种更高级的能力。', NULL, '2014-01-01 21:42:50'),
(8, '放弃该放弃的是无奈，放弃不该放弃的是无能，不放弃该放弃的是无知，不放弃不该放弃的是执著！', NULL, '2014-01-01 21:43:34'),
(9, '行动是治愈恐惧的良药，而犹豫、拖延将不断滋养恐惧。', NULL, '2014-01-01 21:43:34'),
(10, '你把周围的人看作魔鬼，你就生活在地狱；你把周围的人看作天使，你就生活在天堂。', NULL, '2014-01-01 21:44:07'),
(11, '与其说是别人让你痛苦，不如说自己的修养不够。', NULL, '2014-01-01 21:44:07'),
(12, '如果你不给自己烦恼，别人也永远不可能给你烦恼，烦恼都是自己内心制造的。', NULL, '2014-01-01 21:44:48'),
(13, '一杯清水因滴入一滴污水而变污浊，一杯污水却不会因一滴清水的存在而变清澈。', NULL, '2014-01-01 21:44:48'),
(14, '做一个决定，并不难，难的是付诸行动，并且坚持到底。', NULL, '2014-01-01 21:45:23'),
(15, '无论你觉得自己多么的了不起，也永远有人比你更强；无论你觉得自己多么的不幸，永远有人比你更加不幸。', NULL, '2014-01-01 21:46:24'),
(16, '我们总是对陌生人太客气，而对亲密的人太苛刻。', NULL, '2014-01-01 21:46:24'),
(17, '虽然我们无法改变人生，但可以改变人生观。虽然我们无法改变环境，但我们可以改变心境。', NULL, '2014-01-01 21:47:10'),
(18, '人生最大的错误是不断担心会犯错。', NULL, '2014-01-01 21:47:10'),
(19, '再长的路，一步步也能走完，再短的路，不迈开双脚也无法到达。', NULL, '2014-01-01 21:48:16'),
(20, '人生就像钟表，可以回到起点，却已不是昨天！', NULL, '2014-01-01 21:48:16'),
(21, '你不能左右天气，但可以改变心情。你不能改变容貌，但可以掌握自己。你不能预见明天，但可以珍惜今天。', NULL, '2014-01-01 21:49:01'),
(22, '你不要一直不满他人，你应该一直检讨自己才对。', NULL, '2014-01-01 21:49:01'),
(23, '人的缺点就像花园里的杂草，如果不及时清理，很快就会占领整座花园。', NULL, '2014-01-01 21:49:58'),
(24, '感谢伤害你的人，因为他磨练了你的心志；感谢欺骗你的人，因为他增进了你的智慧；感谢中伤你的人，因为他砥砺了你的人格；感谢鞭打你的人，因为他激发了你的斗志；感谢遗弃你的人，因为他教导了你该独立；感谢绊倒你的人，因为他强化了你的能力；感谢斥责你的人，因为他提醒了你的缺点。怀着一颗感恩的心，感激一切使你成长的人！', NULL, '2014-01-01 21:49:58'),
(25, '人之所以有一张嘴，而有两只耳朵，原因是听的要比说的多一倍。', NULL, '2014-01-01 21:57:59'),
(26, '泪水和汗水的化学成分相似，但前者只能为你换来同情，后者却可以为你赢的成功。', NULL, '2014-01-01 21:57:59'),
(27, '人生有几件绝对不能失去的东西：自制的力量，冷静的头脑，希望和信心。', NULL, '2014-01-01 21:59:50'),
(28, '自己要先看得起自己，别人才会看得起你。', NULL, '2014-01-01 21:59:50'),
(29, '一千个人就有一千种生存方式和生活道路，要想改变一些事情，首先得把自己给找回来。', NULL, '2014-01-01 22:02:02'),
(30, '假如我不能，我一定要；假如我一定要，我就一定能。', NULL, '2014-01-01 22:02:02'),
(31, '含泪播种的人一定能含笑收获。', NULL, '2014-01-01 22:08:29'),
(32, '肯低头的人，永远不会撞到矮门。', NULL, '2014-01-01 22:08:29'),
(33, '你今天发愁的很多事情可能都不去发生，所以不要为没有发生的事情发愁。', NULL, '2014-01-01 22:17:14'),
(34, '发光不是太阳的专利，玻璃也可以发光。我们也可以发出耀眼的光芒。', NULL, '2014-01-01 22:17:14'),
(35, '你今天发愁的很多事情可能都不去发生，所以不要为没有发生的事情发愁。', NULL, '2014-01-01 22:18:13'),
(36, '上帝从不抱怨人们的自私，人们却总埋怨上帝的不公平。', NULL, '2014-01-01 22:19:11'),
(37, '低头要有勇气，抬头要有底气。', NULL, '2014-01-01 22:19:11'),
(38, '背对太阳，阴影一片；迎着太阳，霞光万丈。', NULL, '2014-01-01 22:19:39'),
(39, '绊脚石乃是进身之阶。', NULL, '2014-01-01 22:19:39'),
(40, '想想自己的错，会忘却别人的过。', NULL, '2014-01-01 22:20:21'),
(41, '不宽恕众生，不原谅众生，是苦了你自己。', NULL, '2014-01-01 22:20:21'),
(42, '一无所有是一种财富，它让穷人产生改变命运的行动。', NULL, '2014-01-01 22:20:52'),
(43, '不管在什么时候开始，一旦开始了就不要结束；不管在什么时候结束，结束了就不要后悔。', NULL, '2014-01-01 22:20:52'),
(44, '得不到的，就不重要——姚科', NULL, '2014-01-16 15:17:32');

-- --------------------------------------------------------

--
-- 表的结构 `oa_schedule`
--

CREATE TABLE IF NOT EXISTS `oa_schedule` (
  `id` int(11) NOT NULL AUTO_INCREMENT,
  `title` varchar(50) NOT NULL COMMENT '日程名称',
  `description` varchar(200) DEFAULT NULL COMMENT '备注',
  `begin_time` datetime NOT NULL,
  `end_time` datetime DEFAULT NULL,
  `is_allday` tinyint(1) NOT NULL DEFAULT '0' COMMENT '是否全天事件',
  `user_id` int(11) NOT NULL,
  `recorder_id` int(11) NOT NULL COMMENT '日程记录者ID',
  `create_time` datetime NOT NULL DEFAULT CURRENT_TIMESTAMP,
  `update_time` datetime NOT NULL DEFAULT CURRENT_TIMESTAMP,
  PRIMARY KEY (`id`),
  KEY `user_id` (`user_id`)
) ENGINE=InnoDB  DEFAULT CHARSET=utf8 COMMENT='日程表' AUTO_INCREMENT=31 ;

--
-- 转存表中的数据 `oa_schedule`
--

INSERT INTO `oa_schedule` (`id`, `title`, `description`, `begin_time`, `end_time`, `is_allday`, `user_id`, `recorder_id`, `create_time`, `update_time`) VALUES
(1, '早班机飞往韩国', '', '2014-12-16 08:15:00', '2014-12-16 09:00:00', 0, 1, 1, '2014-12-16 15:35:03', '2014-12-16 15:35:03'),
(2, '韩国调研考察', '', '2014-12-16 00:00:00', '2014-12-20 00:00:00', 1, 1, 1, '2014-12-16 15:35:18', '2014-12-16 15:35:18'),
(3, '早班机飞往北京', '陪同：张梦娥', '2014-12-16 07:30:00', '2014-12-16 09:15:00', 0, 2, 2, '2014-12-16 15:35:57', '2014-12-16 15:35:57'),
(4, '北京开会', '', '2014-12-16 00:00:00', '2014-12-18 00:00:00', 1, 2, 2, '2014-12-16 15:36:11', '2014-12-16 15:36:11'),
(5, '早班机飞往昆明', '带队考察', '2014-12-17 08:05:00', '2014-12-17 08:45:00', 0, 3, 3, '2014-12-16 15:36:58', '2014-12-16 15:36:58'),
(6, '昆明调研考察', '带队考察', '2014-12-17 00:00:00', '2014-12-21 00:00:00', 1, 3, 3, '2014-12-16 15:37:17', '2014-12-16 15:37:17'),
(7, '飞机飞往福州', '带队招商', '2014-12-16 08:00:00', '2014-12-16 09:15:00', 0, 8, 8, '2014-12-16 15:37:54', '2014-12-16 15:37:54'),
(8, '福州招商', '全小敏处长一起', '2014-12-16 00:00:00', '2014-12-20 00:00:00', 1, 8, 8, '2014-12-16 15:38:08', '2014-12-16 15:38:08'),
(9, '早班机飞往福州', '招商', '2014-12-16 08:00:00', '2014-12-16 09:15:00', 0, 9, 9, '2014-12-16 15:38:35', '2014-12-16 15:38:35'),
(10, '福建招商', '泛珠三角招商', '2014-12-16 00:00:00', '2014-12-20 00:00:00', 1, 9, 9, '2014-12-16 15:39:07', '2014-12-16 15:39:07'),
(11, '接待中国保监会副主席一行', '陈财新处长陪同', '2014-12-24 09:00:00', '2014-12-24 10:00:00', 0, 2, 2, '2014-12-24 14:39:47', '2014-12-24 14:39:47'),
(12, '番禺区改革办调研', '区改革办王主任陪同', '2014-12-24 10:00:00', '2014-12-24 11:30:00', 0, 2, 2, '2014-12-24 14:41:13', '2014-12-24 14:41:13'),
(13, '华润万家到访', '2人', '2014-12-24 14:30:00', '2014-12-24 15:45:00', 0, 2, 2, '2014-12-24 14:41:34', '2014-12-24 14:43:59'),
(16, '重点督办内容', '', '2014-12-26 00:00:00', '2014-12-27 00:00:00', 1, 4, 4, '2014-12-26 11:40:13', '2014-12-26 11:40:13'),
(17, '公积金问题', '', '2014-12-26 09:00:00', '2014-12-26 10:00:00', 0, 4, 4, '2014-12-26 11:40:32', '2014-12-26 11:40:40'),
(18, '休年假', '', '2014-12-20 00:00:00', '2014-12-26 00:00:00', 1, 8, 8, '2014-12-26 11:42:51', '2014-12-26 11:42:51'),
(19, '休年假', '', '2014-12-26 00:00:00', '2014-12-27 00:00:00', 1, 8, 8, '2014-12-26 11:43:05', '2014-12-26 11:43:05'),
(20, '测试添加', '', '2014-12-27 08:00:00', '2014-12-27 11:15:00', 0, 13, 13, '2014-12-26 11:45:14', '2014-12-26 16:07:28'),
(22, '测试添加', '', '2014-12-26 10:00:00', '2014-12-26 11:30:00', 0, 5, 5, '2014-12-26 11:55:40', '2014-12-26 11:56:18'),
(24, '测试', '', '2014-12-26 07:45:00', '2014-12-26 09:15:00', 0, 5, 5, '2014-12-26 11:59:48', '2014-12-26 11:59:48'),
(25, '测试数据', '', '2014-12-26 08:30:00', '2014-12-26 10:00:00', 0, 9, 9, '2014-12-26 16:15:26', '2014-12-26 16:15:36'),
(26, '干休假', '', '2014-12-29 00:00:00', '2014-12-31 00:00:00', 1, 9, 9, '2014-12-26 16:19:04', '2014-12-26 16:19:04'),
(27, '干休假', '', '2014-12-31 00:00:00', '2015-01-01 00:00:00', 1, 9, 9, '2014-12-26 16:19:32', '2014-12-26 16:19:32'),
(28, '补休', '', '2015-01-04 00:00:00', '2015-01-05 00:00:00', 1, 9, 9, '2014-12-26 16:20:40', '2014-12-26 16:20:40'),
(30, '第二件事情', '', '2015-02-05 07:45:00', '2015-02-05 08:45:00', 0, 13, 13, '2015-02-06 17:24:02', '2015-02-06 17:24:02');

-- --------------------------------------------------------

--
-- 表的结构 `oa_user`
--

CREATE TABLE IF NOT EXISTS `oa_user` (
  `id` int(11) NOT NULL AUTO_INCREMENT,
  `username` varchar(10) NOT NULL,
  `password` char(32) NOT NULL,
  `first_name` varchar(5) NOT NULL COMMENT '姓',
  `last_name` varchar(10) NOT NULL COMMENT '名',
  `gender` char(1) NOT NULL COMMENT '性别',
  `birthday` date NOT NULL COMMENT '出生日期',
  `begin_work_date` date NOT NULL COMMENT '参加工作时间',
  `enter_date` date NOT NULL COMMENT '进入单位时间',
  `email` varchar(75) NOT NULL COMMENT '电子邮件（QQ邮箱）',
  `image_url` varchar(100) NOT NULL COMMENT '头像url',
  `last_login` datetime NOT NULL COMMENT '上次登录时间',
  `login_count` mediumint(9) NOT NULL DEFAULT '0' COMMENT '登录次数',
  `calendar_color` char(7) NOT NULL COMMENT '日历显示颜色',
  `is_login` tinyint(1) NOT NULL DEFAULT '0' COMMENT '是否登录',
  `is_active` tinyint(1) NOT NULL DEFAULT '1' COMMENT '是否活跃账户',
  `is_super` tinyint(1) NOT NULL DEFAULT '0' COMMENT '是否超级用户',
  `department_id` int(11) NOT NULL COMMENT '部门ID',
  `duty_id` int(11) NOT NULL COMMENT '职务ID',
  `level_id` int(11) NOT NULL COMMENT '级别ID',
  `create_time` datetime NOT NULL DEFAULT CURRENT_TIMESTAMP,
  `update_time` datetime NOT NULL DEFAULT CURRENT_TIMESTAMP ON UPDATE CURRENT_TIMESTAMP,
  PRIMARY KEY (`id`),
  KEY `department_id` (`department_id`),
  KEY `duty_id` (`duty_id`),
  KEY `level_id` (`level_id`)
) ENGINE=InnoDB  DEFAULT CHARSET=utf8 COMMENT='用户表' AUTO_INCREMENT=17 ;

--
-- 转存表中的数据 `oa_user`
--

INSERT INTO `oa_user` (`id`, `username`, `password`, `first_name`, `last_name`, `gender`, `birthday`, `begin_work_date`, `enter_date`, `email`, `image_url`, `last_login`, `login_count`, `calendar_color`, `is_login`, `is_active`, `is_super`, `department_id`, `duty_id`, `level_id`, `create_time`, `update_time`) VALUES
(1, 'qiuwq', '81dc9bdb52d04dc20036dbd8313ed055', '丘', '卫青', 'M', '1980-01-01', '1985-01-01', '2011-03-22', 'qiuwq@qq.com', '/public/headimage', '2014-12-16 15:34:43', 35, '#FF0000', 0, 1, 0, 1, 1, 1, '2014-12-04 10:20:07', '2014-12-08 09:15:24'),
(2, 'zhanghb', '81dc9bdb52d04dc20036dbd8313ed055', '张', '海波', 'M', '1980-01-01', '1985-01-01', '2011-03-22', 'zhanghb@qq.com', '/public/headimage', '2014-12-24 14:39:12', 8, '#F75000', 0, 1, 0, 1, 2, 2, '2014-12-04 10:22:19', '2014-12-08 09:15:59'),
(3, 'zouxp', '81dc9bdb52d04dc20036dbd8313ed055', '邹', '学飘', 'M', '1980-01-01', '1985-01-01', '2011-03-22', 'zouxp@qq.com', '/public', '2014-12-16 15:36:26', 9, '#FFC125', 0, 1, 0, 2, 4, 3, '2014-12-04 10:24:43', '2014-12-09 10:44:17'),
(4, 'chencx', '81dc9bdb52d04dc20036dbd8313ed055', '陈', '财新', 'M', '1980-01-01', '1985-01-01', '2011-03-22', 'chencx@qq.com', '/public', '2015-02-06 17:27:26', 14, '#006000', 0, 1, 0, 5, 4, 3, '2014-12-04 10:28:20', '2014-12-08 09:17:05'),
(5, 'taoxm', '81dc9bdb52d04dc20036dbd8313ed055', '陶', '小民', 'M', '1980-01-01', '1985-01-01', '2011-03-22', 'taoxm@qq.com', '/public/', '2014-12-26 11:58:40', 15, '#00EC00', 1, 1, 0, 6, 4, 3, '2014-12-04 10:32:51', '2014-12-08 09:17:40'),
(8, 'xiexx', '81dc9bdb52d04dc20036dbd8313ed055', '谢', '锡雄', 'M', '1980-01-01', '1985-01-01', '2011-03-22', 'xiexx@qq.com', '/public', '2015-02-06 17:21:56', 10, '#0066CC', 0, 1, 0, 4, 4, 3, '2014-12-04 10:36:16', '2014-12-08 09:18:20'),
(9, 'quanxm', '81dc9bdb52d04dc20036dbd8313ed055', '全', '小敏', 'F', '1980-01-01', '1985-01-01', '2011-03-22', 'quanxm@qq.com', '/public', '2015-01-09 14:11:22', 14, '#FF99FF', 1, 1, 0, 3, 4, 3, '2014-12-04 10:37:21', '2014-12-26 16:25:08'),
(10, 'yeym', '81dc9bdb52d04dc20036dbd8313ed055', '叶', '育梅', 'F', '1980-01-01', '1985-01-01', '2011-03-22', 'yeym@qq.com', '/public', '2014-12-04 00:00:00', 0, '', 0, 1, 0, 2, 5, 4, '2014-12-04 10:41:22', '2014-12-04 10:41:22'),
(11, 'linss', '81dc9bdb52d04dc20036dbd8313ed055', '林', '穗生', 'M', '1980-01-01', '1985-01-01', '2011-03-22', 'linss@qq.com', 'public', '2015-01-05 17:16:41', 1, '', 1, 1, 0, 6, 5, 4, '2014-12-04 10:42:29', '2014-12-04 10:42:29'),
(12, 'zhangh', '81dc9bdb52d04dc20036dbd8313ed055', '张', '皓', 'M', '1980-01-01', '1985-01-01', '2011-03-22', 'zhangh@qq.com', 'public', '2014-12-04 00:00:00', 0, '', 0, 1, 0, 3, 5, 4, '2014-12-04 10:43:19', '2014-12-04 10:43:19'),
(13, 'zengk', 'c4ca4238a0b923820dcc509a6f75849b', '曾', '科', 'M', '1981-01-08', '2006-07-01', '2013-04-23', '38170508@qq.com', 'public', '2015-02-10 09:08:01', 71, '', 0, 1, 1, 5, 5, 4, '2014-12-04 10:44:27', '2014-12-04 10:52:21'),
(16, 'chenh', '81dc9bdb52d04dc20036dbd8313ed055', '陈', '卉', 'F', '1980-01-01', '2003-07-01', '2012-08-01', '624664816@qq.com', '/upload/', '2014-12-25 00:00:00', 0, '#6F00D2', 0, 1, 0, 4, 5, 4, '2014-12-25 17:09:32', '2014-12-25 17:09:32');

-- --------------------------------------------------------

--
-- 表的结构 `oa_viewplace`
--

CREATE TABLE IF NOT EXISTS `oa_viewplace` (
  `id` int(11) NOT NULL AUTO_INCREMENT,
  `name` varchar(10) NOT NULL COMMENT '名称',
  PRIMARY KEY (`id`)
) ENGINE=InnoDB  DEFAULT CHARSET=utf8 COMMENT='参观地点' AUTO_INCREMENT=9 ;

--
-- 转存表中的数据 `oa_viewplace`
--

INSERT INTO `oa_viewplace` (`id`, `name`) VALUES
(3, '展厅'),
(4, '花城广场'),
(5, '西塔62楼'),
(6, '西塔70楼'),
(7, '金融城热电厂沙盘'),
(8, '金融城起步区现场');

--
-- 限制导出的表
--

--
-- 限制表 `oa_room_booking`
--
ALTER TABLE `oa_room_booking`
  ADD CONSTRAINT `oa_room_booking_ibfk_1` FOREIGN KEY (`room_id`) REFERENCES `oa_room` (`id`),
  ADD CONSTRAINT `oa_room_booking_ibfk_2` FOREIGN KEY (`book_person`) REFERENCES `oa_user` (`id`);

--
-- 限制表 `oa_schedule`
--
ALTER TABLE `oa_schedule`
  ADD CONSTRAINT `oa_schedule_ibfk_1` FOREIGN KEY (`user_id`) REFERENCES `oa_user` (`id`);

--
-- 限制表 `oa_user`
--
ALTER TABLE `oa_user`
  ADD CONSTRAINT `oa_user_ibfk_1` FOREIGN KEY (`department_id`) REFERENCES `oa_department` (`id`),
  ADD CONSTRAINT `oa_user_ibfk_2` FOREIGN KEY (`duty_id`) REFERENCES `oa_duty` (`id`),
  ADD CONSTRAINT `oa_user_ibfk_3` FOREIGN KEY (`level_id`) REFERENCES `oa_level` (`id`);
--
-- Database: `test`
--

/*!40101 SET CHARACTER_SET_CLIENT=@OLD_CHARACTER_SET_CLIENT */;
/*!40101 SET CHARACTER_SET_RESULTS=@OLD_CHARACTER_SET_RESULTS */;
/*!40101 SET COLLATION_CONNECTION=@OLD_COLLATION_CONNECTION */;
